{
  "type": "FeatureCollection",
  "generator": "overpass-turbo",
  "copyright": "The data included in this document is from www.openstreetmap.org. The data is made available under ODbL.",
  "timestamp": "2026-09-18T09:48:25Z",
  "features": [
    {
      "type": "Feature",
      "properties": {
        "@id": "way/36222906",
        "highway": "living_street",
        "name": "명륜5길",
        "name:en": "Myeongnyun 5-gil",
        "name:ko": "명륜5길"
      },
      "geometry": {
        "type": "LineString",
        "coordinates": [
          [
            127.1249736,
            35.8429359
          ],
          [
            127.1250532,
            35.8430086
          ],
          [
            127.1254515,
            35.8435414
          ],
          [
            127.1257925,
            35.8439859
          ],
          [
            127.1260411,
            35.8443115
          ],
          [
            127.1263882,
            35.8447073
          ],
          [
            127.1264402,
            35.8447666
          ]
        ]
      },
      "id": "way/36222906"
    },
    {
      "type": "Feature",
      "properties": {
        "@id": "way/36222914",
        "highway": "living_street",
        "name": "명륜2길",
        "name:en": "Myeongnyun 2-gil",
        "name:ko": "명륜2길"
      },
      "geometry": {
        "type": "LineString",
        "coordinates": [
          [
            127.1286581,
            35.8416047
          ],
          [
            127.1291152,
            35.8411627
          ]
        ]
      },
      "id": "way/36222914"
    },
    {
      "type": "Feature",
      "properties": {
        "@id": "way/36222916",
        "highway": "living_street",
        "name": "명륜3길",
        "name:en": "Myeongnyun 3-gil",
        "name:ko": "명륜3길"
      },
      "geometry": {
        "type": "LineString",
        "coordinates": [
          [
            127.1279844,
            35.8420035
          ],
          [
            127.1274521,
            35.842288
          ],
          [
            127.1265082,
            35.842759
          ],
          [
            127.1264848,
            35.8427707
          ]
        ]
      },
      "id": "way/36222916"
    },
    {
      "type": "Feature",
      "properties": {
        "@id": "way/36222918",
        "highway": "living_street",
        "name": "명륜1길",
        "name:en": "Myeongnyun 1-gil",
        "name:ko": "명륜1길"
      },
      "geometry": {
        "type": "LineString",
        "coordinates": [
          [
            127.1295656,
            35.8411775
          ],
          [
            127.130587,
            35.8417296
          ],
          [
            127.1306443,
            35.8417765
          ]
        ]
      },
      "id": "way/36222918"
    },
    {
      "type": "Feature",
      "properties": {
        "@id": "way/36813784",
        "highway": "living_street",
        "name": "삼송5길",
        "name:en": "Samsong 5-gil",
        "name:ko": "삼송5길"
      },
      "geometry": {
        "type": "LineString",
        "coordinates": [
          [
            127.1359868,
            35.8430301
          ],
          [
            127.1367018,
            35.8432249
          ],
          [
            127.1378848,
            35.8435787
          ],
          [
            127.1384762,
            35.8437522
          ],
          [
            127.1385554,
            35.8437754
          ],
          [
            127.1386411,
            35.8437968
          ]
        ]
      },
      "id": "way/36813784"
    },
    {
      "type": "Feature",
      "properties": {
        "@id": "way/36813790",
        "highway": "living_street",
        "name": "삼송3길",
        "name:en": "Samsong 3-gil",
        "name:ko": "삼송3길"
      },
      "geometry": {
        "type": "LineString",
        "coordinates": [
          [
            127.1365272,
            35.8436492
          ],
          [
            127.1359868,
            35.8430301
          ],
          [
            127.1357039,
            35.8427298
          ],
          [
            127.1353825,
            35.8423885
          ],
          [
            127.1352606,
            35.8422761
          ],
          [
            127.1350845,
            35.842132
          ],
          [
            127.1345178,
            35.841582
          ]
        ]
      },
      "id": "way/36813790"
    },
    {
      "type": "Feature",
      "properties": {
        "@id": "way/36813792",
        "highway": "living_street"
      },
      "geometry": {
        "type": "LineString",
        "coordinates": [
          [
            127.13281,
            35.8416172
          ],
          [
            127.1335228,
            35.8411433
          ],
          [
            127.1335488,
            35.841126
          ],
          [
            127.1336638,
            35.8410495
          ]
        ]
      },
      "id": "way/36813792"
    },
    {
      "type": "Feature",
      "properties": {
        "@id": "way/36813793",
        "highway": "living_street",
        "name": "삼송1길",
        "name:en": "Samsong 1-gil",
        "name:ko": "삼송1길"
      },
      "geometry": {
        "type": "LineString",
        "coordinates": [
          [
            127.1327966,
            35.8407865
          ],
          [
            127.1327819,
            35.84089
          ],
          [
            127.1327781,
            35.8409168
          ],
          [
            127.1326894,
            35.8415414
          ],
          [
            127.13281,
            35.8416172
          ],
          [
            127.1335113,
            35.8421385
          ],
          [
            127.1338212,
            35.8423732
          ],
          [
            127.1338492,
            35.8423894
          ],
          [
            127.1341496,
            35.8425629
          ],
          [
            127.1347365,
            35.8429002
          ],
          [
            127.1348159,
            35.8429147
          ]
        ]
      },
      "id": "way/36813793"
    },
    {
      "type": "Feature",
      "properties": {
        "@id": "way/36813794",
        "highway": "living_street",
        "name": "삼송3길",
        "name:en": "Samsong 3-gil",
        "name:ko": "삼송3길"
      },
      "geometry": {
        "type": "LineString",
        "coordinates": [
          [
            127.1365272,
            35.8436492
          ],
          [
            127.1365259,
            35.8440087
          ],
          [
            127.1371269,
            35.8442457
          ],
          [
            127.1373701,
            35.8439476
          ]
        ]
      },
      "id": "way/36813794"
    },
    {
      "type": "Feature",
      "properties": {
        "@id": "way/36813795",
        "highway": "living_street",
        "name": "금암3길",
        "name:en": "Geumam 3-gil",
        "name:ko": "금암3길"
      },
      "geometry": {
        "type": "LineString",
        "coordinates": [
          [
            127.1359559,
            35.8415958
          ],
          [
            127.1361599,
            35.8410966
          ],
          [
            127.1363144,
            35.8407065
          ]
        ]
      },
      "id": "way/36813795"
    },
    {
      "type": "Feature",
      "properties": {
        "@id": "way/36813796",
        "highway": "living_street",
        "name": "삼송5길",
        "name:en": "Samsong 5-gil",
        "name:ko": "삼송5길"
      },
      "geometry": {
        "type": "LineString",
        "coordinates": [
          [
            127.1367018,
            35.8432249
          ],
          [
            127.1368845,
            35.8427564
          ],
          [
            127.1371313,
            35.8422382
          ],
          [
            127.137146,
            35.8422073
          ],
          [
            127.1371944,
            35.8421058
          ]
        ]
      },
      "id": "way/36813796"
    },
    {
      "type": "Feature",
      "properties": {
        "@id": "way/36813797",
        "highway": "living_street",
        "name": "백제대로",
        "name:en": "Baekje-daero",
        "name:ko": "백제대로"
      },
      "geometry": {
        "type": "LineString",
        "coordinates": [
          [
            127.1376348,
            35.8429845
          ],
          [
            127.1378763,
            35.842452
          ],
          [
            127.1378859,
            35.8424308
          ],
          [
            127.1379344,
            35.8423239
          ]
        ]
      },
      "id": "way/36813797"
    },
    {
      "type": "Feature",
      "properties": {
        "@id": "way/36813808",
        "highway": "living_street"
      },
      "geometry": {
        "type": "LineString",
        "coordinates": [
          [
            127.1374649,
            35.8415602
          ],
          [
            127.1383112,
            35.8417921
          ]
        ]
      },
      "id": "way/36813808"
    },
    {
      "type": "Feature",
      "properties": {
        "@id": "way/36963731",
        "highway": "footway"
      },
      "geometry": {
        "type": "LineString",
        "coordinates": [
          [
            127.1282274,
            35.8449027
          ],
          [
            127.1282669,
            35.8449022
          ],
          [
            127.1288772,
            35.8448577
          ],
          [
            127.1291999,
            35.8448372
          ],
          [
            127.1299597,
            35.8446688
          ],
          [
            127.1302339,
            35.8446979
          ]
        ]
      },
      "id": "way/36963731"
    },
    {
      "type": "Feature",
      "properties": {
        "@id": "way/69025476",
        "highway": "living_street",
        "name": "삼송5길",
        "name:en": "Samsong 5-gil",
        "name:ko": "삼송5길"
      },
      "geometry": {
        "type": "LineString",
        "coordinates": [
          [
            127.1355498,
            35.8423491
          ],
          [
            127.1368845,
            35.8427564
          ],
          [
            127.1376348,
            35.8429845
          ],
          [
            127.1386992,
            35.8432855
          ],
          [
            127.1387679,
            35.8433056
          ]
        ]
      },
      "id": "way/69025476"
    },
    {
      "type": "Feature",
      "properties": {
        "@id": "way/115952691",
        "highway": "footway",
        "motor_vehicle": "no"
      },
      "geometry": {
        "type": "LineString",
        "coordinates": [
          [
            127.1363884,
            35.8446535
          ],
          [
            127.1368632,
            35.8445726
          ],
          [
            127.137,
            35.8445093
          ],
          [
            127.1370149,
            35.8444817
          ],
          [
            127.1370454,
            35.8444255
          ]
        ]
      },
      "id": "way/115952691"
    },
    {
      "type": "Feature",
      "properties": {
        "@id": "way/115952710",
        "highway": "footway"
      },
      "geometry": {
        "type": "LineString",
        "coordinates": [
          [
            127.1288772,
            35.8448577
          ],
          [
            127.1288904,
            35.8449692
          ]
        ]
      },
      "id": "way/115952710"
    },
    {
      "type": "Feature",
      "properties": {
        "@id": "way/116056072",
        "highway": "footway"
      },
      "geometry": {
        "type": "LineString",
        "coordinates": [
          [
            127.1348559,
            35.8528867
          ],
          [
            127.1349652,
            35.8526874
          ],
          [
            127.1349508,
            35.8524304
          ],
          [
            127.1349499,
            35.8524206
          ],
          [
            127.1349263,
            35.8521613
          ],
          [
            127.1349114,
            35.8519556
          ],
          [
            127.1349109,
            35.8519416
          ],
          [
            127.1349101,
            35.8519208
          ],
          [
            127.1349156,
            35.8518722
          ],
          [
            127.1350041,
            35.8515972
          ],
          [
            127.1351451,
            35.8512258
          ],
          [
            127.1352327,
            35.8511697
          ],
          [
            127.1355249,
            35.8509926
          ],
          [
            127.1356076,
            35.8507557
          ],
          [
            127.1356669,
            35.8505601
          ],
          [
            127.1356562,
            35.850464
          ],
          [
            127.1356504,
            35.8503657
          ],
          [
            127.1356532,
            35.8503102
          ],
          [
            127.1356505,
            35.8502912
          ]
        ]
      },
      "id": "way/116056072"
    },
    {
      "type": "Feature",
      "properties": {
        "@id": "way/116056114",
        "highway": "path"
      },
      "geometry": {
        "type": "LineString",
        "coordinates": [
          [
            127.1361759,
            35.8504113
          ],
          [
            127.1364686,
            35.8502329
          ],
          [
            127.1366158,
            35.8500655
          ],
          [
            127.1366753,
            35.8499053
          ],
          [
            127.1367609,
            35.8498025
          ],
          [
            127.1369087,
            35.8497116
          ],
          [
            127.137123,
            35.8496568
          ],
          [
            127.1374109,
            35.8496406
          ],
          [
            127.1374233,
            35.8496422
          ],
          [
            127.1377938,
            35.8496896
          ],
          [
            127.1381338,
            35.8497126
          ],
          [
            127.1383843,
            35.8498436
          ],
          [
            127.1386734,
            35.8499041
          ],
          [
            127.1387793,
            35.8499525
          ],
          [
            127.1388443,
            35.8500352
          ],
          [
            127.1388989,
            35.8501616
          ],
          [
            127.1389318,
            35.8501934
          ],
          [
            127.1392943,
            35.8504527
          ],
          [
            127.1396466,
            35.8504995
          ],
          [
            127.139698,
            35.8504857
          ],
          [
            127.1397309,
            35.8504526
          ],
          [
            127.1398737,
            35.8504411
          ],
          [
            127.1399492,
            35.850448
          ],
          [
            127.1401313,
            35.8504142
          ],
          [
            127.1403786,
            35.8503242
          ],
          [
            127.140732,
            35.8501927
          ],
          [
            127.1410116,
            35.8500592
          ],
          [
            127.141363,
            35.8499051
          ],
          [
            127.1416088,
            35.8497974
          ],
          [
            127.141942,
            35.8496893
          ],
          [
            127.1422729,
            35.8496318
          ],
          [
            127.1425063,
            35.8495214
          ],
          [
            127.1425166,
            35.8494968
          ],
          [
            127.1425076,
            35.8494774
          ],
          [
            127.1425632,
            35.8493091
          ],
          [
            127.1425125,
            35.8491189
          ],
          [
            127.1425917,
            35.8489621
          ],
          [
            127.1427534,
            35.8488079
          ],
          [
            127.1427725,
            35.8486794
          ],
          [
            127.1427503,
            35.8485972
          ],
          [
            127.1426802,
            35.8485364
          ],
          [
            127.1426699,
            35.8484812
          ]
        ]
      },
      "id": "way/116056114"
    },
    {
      "type": "Feature",
      "properties": {
        "@id": "way/124702971",
        "highway": "living_street",
        "name": "명륜3길",
        "name:en": "Myeongnyun 3-gil",
        "name:ko": "명륜3길"
      },
      "geometry": {
        "type": "LineString",
        "coordinates": [
          [
            127.126724,
            35.8416494
          ],
          [
            127.1268087,
            35.8417236
          ],
          [
            127.1274521,
            35.842288
          ],
          [
            127.1280031,
            35.842763
          ],
          [
            127.1283561,
            35.8429994
          ],
          [
            127.1286211,
            35.8431958
          ],
          [
            127.1287013,
            35.8432553
          ]
        ]
      },
      "id": "way/124702971"
    },
    {
      "type": "Feature",
      "properties": {
        "@id": "way/470940568",
        "footway": "sidewalk",
        "highway": "footway"
      },
      "geometry": {
        "type": "LineString",
        "coordinates": [
          [
            127.1270974,
            35.8498011
          ],
          [
            127.1270948,
            35.8497668
          ],
          [
            127.1270907,
            35.8497134
          ],
          [
            127.1272185,
            35.8492446
          ],
          [
            127.1274278,
            35.8485982
          ],
          [
            127.1274215,
            35.8485482
          ],
          [
            127.1274162,
            35.8485363
          ],
          [
            127.127406,
            35.8485135
          ],
          [
            127.1272682,
            35.8484634
          ],
          [
            127.1270536,
            35.8483688
          ],
          [
            127.1269222,
            35.8482666
          ],
          [
            127.1267988,
            35.8481133
          ],
          [
            127.1267398,
            35.8479666
          ],
          [
            127.1267009,
            35.8479361
          ],
          [
            127.1266714,
            35.8479329
          ]
        ]
      },
      "id": "way/470940568"
    },
    {
      "type": "Feature",
      "properties": {
        "@id": "way/471373628",
        "highway": "steps"
      },
      "geometry": {
        "type": "LineString",
        "coordinates": [
          [
            127.1309456,
            35.8464955
          ],
          [
            127.1310719,
            35.8464806
          ]
        ]
      },
      "id": "way/471373628"
    },
    {
      "type": "Feature",
      "properties": {
        "@id": "way/471373633",
        "highway": "footway"
      },
      "geometry": {
        "type": "LineString",
        "coordinates": [
          [
            127.1312425,
            35.8464766
          ],
          [
            127.1313572,
            35.8464793
          ]
        ]
      },
      "id": "way/471373633"
    },
    {
      "type": "Feature",
      "properties": {
        "@id": "way/471373639",
        "highway": "footway"
      },
      "geometry": {
        "type": "LineString",
        "coordinates": [
          [
            127.131979,
            35.8464135
          ],
          [
            127.1319853,
            35.8463622
          ],
          [
            127.1319861,
            35.8463514
          ],
          [
            127.1319946,
            35.8462311
          ],
          [
            127.1319955,
            35.8460607
          ],
          [
            127.1319832,
            35.8458917
          ],
          [
            127.1311538,
            35.845928
          ]
        ]
      },
      "id": "way/471373639"
    },
    {
      "type": "Feature",
      "properties": {
        "@id": "way/471373642",
        "highway": "footway"
      },
      "geometry": {
        "type": "LineString",
        "coordinates": [
          [
            127.1319832,
            35.8458917
          ],
          [
            127.1319938,
            35.8457996
          ]
        ]
      },
      "id": "way/471373642"
    },
    {
      "type": "Feature",
      "properties": {
        "@id": "way/471373646",
        "highway": "footway"
      },
      "geometry": {
        "type": "LineString",
        "coordinates": [
          [
            127.1312425,
            35.8464766
          ],
          [
            127.1311538,
            35.845928
          ],
          [
            127.1311342,
            35.845803
          ]
        ]
      },
      "id": "way/471373646"
    },
    {
      "type": "Feature",
      "properties": {
        "@id": "way/471394501",
        "highway": "steps"
      },
      "geometry": {
        "type": "LineString",
        "coordinates": [
          [
            127.1313572,
            35.8464793
          ],
          [
            127.1314567,
            35.8464804
          ],
          [
            127.1314804,
            35.8464806
          ]
        ]
      },
      "id": "way/471394501"
    },
    {
      "type": "Feature",
      "properties": {
        "@id": "way/471394503",
        "highway": "footway"
      },
      "geometry": {
        "type": "LineString",
        "coordinates": [
          [
            127.1310719,
            35.8464806
          ],
          [
            127.1312425,
            35.8464766
          ]
        ]
      },
      "id": "way/471394503"
    },
    {
      "type": "Feature",
      "properties": {
        "@id": "way/471394508",
        "highway": "footway"
      },
      "geometry": {
        "type": "LineString",
        "coordinates": [
          [
            127.1344861,
            35.8459061
          ],
          [
            127.1344885,
            35.8458506
          ]
        ]
      },
      "id": "way/471394508"
    },
    {
      "type": "Feature",
      "properties": {
        "@id": "way/471394509",
        "highway": "steps"
      },
      "geometry": {
        "type": "LineString",
        "coordinates": [
          [
            127.1344885,
            35.8458506
          ],
          [
            127.1344986,
            35.8456574
          ]
        ]
      },
      "id": "way/471394509"
    },
    {
      "type": "Feature",
      "properties": {
        "@id": "way/471394514",
        "highway": "footway"
      },
      "geometry": {
        "type": "LineString",
        "coordinates": [
          [
            127.1332854,
            35.8473662
          ],
          [
            127.1332794,
            35.8474284
          ]
        ]
      },
      "id": "way/471394514"
    },
    {
      "type": "Feature",
      "properties": {
        "@id": "way/471394516",
        "highway": "steps"
      },
      "geometry": {
        "type": "LineString",
        "coordinates": [
          [
            127.1332794,
            35.8474284
          ],
          [
            127.1332752,
            35.8474989
          ]
        ]
      },
      "id": "way/471394516"
    },
    {
      "type": "Feature",
      "properties": {
        "@id": "way/471394517",
        "highway": "footway"
      },
      "geometry": {
        "type": "LineString",
        "coordinates": [
          [
            127.1332752,
            35.8474989
          ],
          [
            127.1332737,
            35.8475421
          ],
          [
            127.1332724,
            35.8475808
          ],
          [
            127.1332677,
            35.84765
          ],
          [
            127.1332572,
            35.8478025
          ]
        ]
      },
      "id": "way/471394517"
    },
    {
      "type": "Feature",
      "properties": {
        "@id": "way/471394534",
        "highway": "footway"
      },
      "geometry": {
        "type": "LineString",
        "coordinates": [
          [
            127.1328301,
            35.8454373
          ],
          [
            127.132912,
            35.8453692
          ],
          [
            127.1334823,
            35.8454877
          ]
        ]
      },
      "id": "way/471394534"
    },
    {
      "type": "Feature",
      "properties": {
        "@id": "way/471394536",
        "highway": "steps"
      },
      "geometry": {
        "type": "LineString",
        "coordinates": [
          [
            127.1334823,
            35.8454877
          ],
          [
            127.1336986,
            35.8455279
          ]
        ]
      },
      "id": "way/471394536"
    },
    {
      "type": "Feature",
      "properties": {
        "@id": "way/471394537",
        "highway": "footway"
      },
      "geometry": {
        "type": "LineString",
        "coordinates": [
          [
            127.1336986,
            35.8455279
          ],
          [
            127.1338706,
            35.845581
          ]
        ]
      },
      "id": "way/471394537"
    },
    {
      "type": "Feature",
      "properties": {
        "@id": "way/471464137",
        "highway": "footway"
      },
      "geometry": {
        "type": "LineString",
        "coordinates": [
          [
            127.1265996,
            35.8500513
          ],
          [
            127.1267607,
            35.8500492
          ],
          [
            127.1269002,
            35.8500129
          ],
          [
            127.1270825,
            35.8499393
          ],
          [
            127.1272908,
            35.8499153
          ],
          [
            127.127459,
            35.8498401
          ],
          [
            127.1276648,
            35.8498099
          ],
          [
            127.1278801,
            35.8498273
          ]
        ]
      },
      "id": "way/471464137"
    },
    {
      "type": "Feature",
      "properties": {
        "@id": "way/471464139",
        "highway": "footway"
      },
      "geometry": {
        "type": "LineString",
        "coordinates": [
          [
            127.1270825,
            35.8499393
          ],
          [
            127.1270974,
            35.8498011
          ]
        ]
      },
      "id": "way/471464139"
    },
    {
      "type": "Feature",
      "properties": {
        "@id": "way/471464141",
        "highway": "footway"
      },
      "geometry": {
        "type": "LineString",
        "coordinates": [
          [
            127.1278801,
            35.8498273
          ],
          [
            127.1280725,
            35.8498698
          ]
        ]
      },
      "id": "way/471464141"
    },
    {
      "type": "Feature",
      "properties": {
        "@id": "way/471464143",
        "crossing": "uncontrolled",
        "crossing:markings": "yes",
        "footway": "crossing",
        "highway": "footway"
      },
      "geometry": {
        "type": "LineString",
        "coordinates": [
          [
            127.1280725,
            35.8498698
          ],
          [
            127.1281481,
            35.8498917
          ],
          [
            127.1282184,
            35.8499079
          ]
        ]
      },
      "id": "way/471464143"
    },
    {
      "type": "Feature",
      "properties": {
        "@id": "way/471464146",
        "footway": "sidewalk",
        "highway": "footway",
        "surface": "paving_stones"
      },
      "geometry": {
        "type": "LineString",
        "coordinates": [
          [
            127.1282184,
            35.8499079
          ],
          [
            127.1290612,
            35.8507059
          ],
          [
            127.129631,
            35.8512409
          ],
          [
            127.1298883,
            35.8514279
          ],
          [
            127.1301002,
            35.8515268
          ],
          [
            127.1304318,
            35.8517154
          ],
          [
            127.130588,
            35.8518096
          ],
          [
            127.130606,
            35.8518204
          ],
          [
            127.130661,
            35.8518535
          ]
        ]
      },
      "id": "way/471464146"
    },
    {
      "type": "Feature",
      "properties": {
        "@id": "way/471464150",
        "footway": "sidewalk",
        "highway": "footway",
        "surface": "paving_stones"
      },
      "geometry": {
        "type": "LineString",
        "coordinates": [
          [
            127.130661,
            35.8518535
          ],
          [
            127.1308649,
            35.8517917
          ],
          [
            127.1326311,
            35.8512566
          ],
          [
            127.1330198,
            35.8511388
          ],
          [
            127.1345829,
            35.8507413
          ],
          [
            127.1348496,
            35.8506324
          ],
          [
            127.1350799,
            35.850485
          ],
          [
            127.1352697,
            35.8503063
          ],
          [
            127.1353288,
            35.8502365
          ],
          [
            127.1354287,
            35.8501331
          ],
          [
            127.1355261,
            35.8499852
          ],
          [
            127.1357458,
            35.8494421
          ]
        ]
      },
      "id": "way/471464150"
    },
    {
      "type": "Feature",
      "properties": {
        "@id": "way/471464161",
        "crossing": "marked",
        "crossing:markings": "zebra",
        "footway": "crossing",
        "highway": "footway"
      },
      "geometry": {
        "type": "LineString",
        "coordinates": [
          [
            127.1365871,
            35.8481077
          ],
          [
            127.13653,
            35.8480952
          ],
          [
            127.1364597,
            35.8480799
          ]
        ]
      },
      "id": "way/471464161"
    },
    {
      "type": "Feature",
      "properties": {
        "@id": "way/471464164",
        "footway": "sidewalk",
        "highway": "footway"
      },
      "geometry": {
        "type": "LineString",
        "coordinates": [
          [
            127.1364597,
            35.8480799
          ],
          [
            127.1360353,
            35.8479441
          ]
        ]
      },
      "id": "way/471464164"
    },
    {
      "type": "Feature",
      "properties": {
        "@id": "way/471464179",
        "footway": "sidewalk",
        "highway": "footway"
      },
      "geometry": {
        "type": "LineString",
        "coordinates": [
          [
            127.136154,
            35.8495981
          ],
          [
            127.1360732,
            35.8497527
          ],
          [
            127.1358392,
            35.8500754
          ],
          [
            127.1356505,
            35.8502912
          ]
        ]
      },
      "id": "way/471464179"
    },
    {
      "type": "Feature",
      "properties": {
        "@id": "way/471464181",
        "footway": "sidewalk",
        "highway": "footway"
      },
      "geometry": {
        "type": "LineString",
        "coordinates": [
          [
            127.1356505,
            35.8502912
          ],
          [
            127.1354217,
            35.850517
          ],
          [
            127.135156,
            35.8507138
          ],
          [
            127.134872,
            35.8508697
          ],
          [
            127.1342932,
            35.8510301
          ],
          [
            127.134244,
            35.8510437
          ],
          [
            127.1337921,
            35.8511592
          ],
          [
            127.1335999,
            35.8512295
          ],
          [
            127.1334434,
            35.8513241
          ],
          [
            127.1333701,
            35.851415
          ],
          [
            127.1333281,
            35.8514911
          ],
          [
            127.1333055,
            35.851532
          ],
          [
            127.1332708,
            35.8516974
          ],
          [
            127.133264,
            35.851861
          ],
          [
            127.1332826,
            35.8519819
          ],
          [
            127.1333271,
            35.8521342
          ],
          [
            127.1333964,
            35.8522839
          ],
          [
            127.1335044,
            35.8524197
          ],
          [
            127.1336133,
            35.8525337
          ],
          [
            127.1337534,
            35.8526581
          ],
          [
            127.1339932,
            35.852816
          ],
          [
            127.1341637,
            35.8529045
          ],
          [
            127.1342113,
            35.8529289
          ]
        ]
      },
      "id": "way/471464181"
    },
    {
      "type": "Feature",
      "properties": {
        "@id": "way/471478384",
        "highway": "footway"
      },
      "geometry": {
        "type": "LineString",
        "coordinates": [
          [
            127.1265996,
            35.8500513
          ],
          [
            127.1265184,
            35.8500371
          ],
          [
            127.1264429,
            35.8500239
          ],
          [
            127.1262657,
            35.8500385
          ],
          [
            127.1260543,
            35.8500079
          ],
          [
            127.1259872,
            35.8499816
          ],
          [
            127.1258653,
            35.8499915
          ],
          [
            127.1257921,
            35.8500079
          ],
          [
            127.1257047,
            35.8499948
          ],
          [
            127.125662,
            35.8499799
          ],
          [
            127.1255969,
            35.8499618
          ],
          [
            127.1255177,
            35.8499536
          ],
          [
            127.1254933,
            35.8499618
          ],
          [
            127.1254284,
            35.849978
          ]
        ]
      },
      "id": "way/471478384"
    },
    {
      "type": "Feature",
      "properties": {
        "@id": "way/471483933",
        "highway": "path"
      },
      "geometry": {
        "type": "LineString",
        "coordinates": [
          [
            127.1349109,
            35.8519416
          ],
          [
            127.1349131,
            35.8519443
          ],
          [
            127.1349251,
            35.8519485
          ],
          [
            127.1352556,
            35.8520391
          ],
          [
            127.1355217,
            35.8520489
          ],
          [
            127.1358041,
            35.8520592
          ],
          [
            127.136112,
            35.8520592
          ],
          [
            127.1362923,
            35.8520354
          ],
          [
            127.1366995,
            35.8519818
          ],
          [
            127.1367739,
            35.8519072
          ],
          [
            127.1369013,
            35.85191
          ],
          [
            127.1370287,
            35.851801
          ],
          [
            127.1370605,
            35.8516662
          ],
          [
            127.1372233,
            35.8515916
          ],
          [
            127.1372701,
            35.8514295
          ],
          [
            127.1370853,
            35.8513793
          ],
          [
            127.1367349,
            35.8513306
          ],
          [
            127.1364501,
            35.8513759
          ],
          [
            127.1362288,
            35.8513966
          ],
          [
            127.1351957,
            35.8512166
          ],
          [
            127.1351451,
            35.8512258
          ]
        ]
      },
      "id": "way/471483933"
    },
    {
      "type": "Feature",
      "properties": {
        "@id": "way/472625474",
        "highway": "footway"
      },
      "geometry": {
        "type": "LineString",
        "coordinates": [
          [
            127.1354951,
            35.8467972
          ],
          [
            127.1360439,
            35.8469268
          ],
          [
            127.1363222,
            35.8469925
          ],
          [
            127.1369293,
            35.8471451
          ]
        ]
      },
      "id": "way/472625474"
    },
    {
      "type": "Feature",
      "properties": {
        "@id": "way/472625476",
        "crossing": "marked",
        "crossing:markings": "zebra",
        "footway": "crossing",
        "highway": "footway"
      },
      "geometry": {
        "type": "LineString",
        "coordinates": [
          [
            127.1369293,
            35.8471451
          ],
          [
            127.1369655,
            35.8471563
          ],
          [
            127.1370002,
            35.8471676
          ]
        ]
      },
      "id": "way/472625476"
    },
    {
      "type": "Feature",
      "properties": {
        "@id": "way/472625479",
        "highway": "footway"
      },
      "geometry": {
        "type": "LineString",
        "coordinates": [
          [
            127.1371182,
            35.8471992
          ],
          [
            127.1378421,
            35.8457167
          ]
        ]
      },
      "id": "way/472625479"
    },
    {
      "type": "Feature",
      "properties": {
        "@id": "way/472625480",
        "highway": "footway"
      },
      "geometry": {
        "type": "LineString",
        "coordinates": [
          [
            127.1378421,
            35.8457167
          ],
          [
            127.1376718,
            35.8456641
          ],
          [
            127.137628,
            35.8456498
          ],
          [
            127.1380174,
            35.8447839
          ]
        ]
      },
      "id": "way/472625480"
    },
    {
      "type": "Feature",
      "properties": {
        "@id": "way/472625483",
        "highway": "footway"
      },
      "geometry": {
        "type": "LineString",
        "coordinates": [
          [
            127.1371182,
            35.8471992
          ],
          [
            127.1366783,
            35.8481356
          ]
        ]
      },
      "id": "way/472625483"
    },
    {
      "type": "Feature",
      "properties": {
        "@id": "way/472635974",
        "highway": "footway"
      },
      "geometry": {
        "type": "LineString",
        "coordinates": [
          [
            127.1272175,
            35.8460961
          ],
          [
            127.1275738,
            35.8461611
          ],
          [
            127.1277144,
            35.8461259
          ],
          [
            127.1278216,
            35.8460811
          ],
          [
            127.1279504,
            35.8460269
          ],
          [
            127.1282575,
            35.8460627
          ],
          [
            127.1284943,
            35.8460861
          ],
          [
            127.128704,
            35.845983
          ],
          [
            127.128688,
            35.8459558
          ]
        ]
      },
      "id": "way/472635974"
    },
    {
      "type": "Feature",
      "properties": {
        "@id": "way/474157091",
        "highway": "living_street",
        "name": "삼송4길",
        "name:en": "Samsong 4-gil",
        "name:ko": "삼송4길"
      },
      "geometry": {
        "type": "LineString",
        "coordinates": [
          [
            127.1352606,
            35.8422761
          ],
          [
            127.1355498,
            35.8423491
          ]
        ]
      },
      "id": "way/474157091"
    },
    {
      "type": "Feature",
      "properties": {
        "@id": "way/474157092",
        "highway": "living_street",
        "name": "삼송3길",
        "name:en": "Samsong 3-gil",
        "name:ko": "삼송3길"
      },
      "geometry": {
        "type": "LineString",
        "coordinates": [
          [
            127.1378848,
            35.8435787
          ],
          [
            127.1373701,
            35.8439476
          ],
          [
            127.1365272,
            35.8436492
          ]
        ]
      },
      "id": "way/474157092"
    },
    {
      "type": "Feature",
      "properties": {
        "@id": "way/474157093",
        "highway": "living_street",
        "name": "삼송2길",
        "name:en": "Samsong 2-gil",
        "name:ko": "삼송2길"
      },
      "geometry": {
        "type": "LineString",
        "coordinates": [
          [
            127.134676,
            35.8412103
          ],
          [
            127.1346196,
            35.8413382
          ],
          [
            127.1345735,
            35.8414487
          ],
          [
            127.1345648,
            35.8414695
          ],
          [
            127.1345178,
            35.841582
          ],
          [
            127.1341496,
            35.8425629
          ]
        ]
      },
      "id": "way/474157093"
    },
    {
      "type": "Feature",
      "properties": {
        "@id": "way/474618534",
        "highway": "footway"
      },
      "geometry": {
        "type": "LineString",
        "coordinates": [
          [
            127.1312748,
            35.8440345
          ],
          [
            127.1319967,
            35.8439587
          ],
          [
            127.1322084,
            35.8439364
          ]
        ]
      },
      "id": "way/474618534"
    },
    {
      "type": "Feature",
      "properties": {
        "@id": "way/474618535",
        "highway": "footway"
      },
      "geometry": {
        "type": "LineString",
        "coordinates": [
          [
            127.1320671,
            35.8443921
          ],
          [
            127.1319967,
            35.8439587
          ]
        ]
      },
      "id": "way/474618535"
    },
    {
      "type": "Feature",
      "properties": {
        "@id": "way/474618538",
        "highway": "footway"
      },
      "geometry": {
        "type": "LineString",
        "coordinates": [
          [
            127.131693,
            35.8444356
          ],
          [
            127.1320671,
            35.8443921
          ],
          [
            127.1322902,
            35.8443661
          ],
          [
            127.1327563,
            35.8443119
          ],
          [
            127.1332857,
            35.8442504
          ],
          [
            127.1337524,
            35.8441961
          ],
          [
            127.1340012,
            35.8441672
          ]
        ]
      },
      "id": "way/474618538"
    },
    {
      "type": "Feature",
      "properties": {
        "@id": "way/699211820",
        "highway": "living_street",
        "name": "명륜5길",
        "name:en": "Myeongnyun 5-gil",
        "name:ko": "명륜5길"
      },
      "geometry": {
        "type": "LineString",
        "coordinates": [
          [
            127.1248363,
            35.8443223
          ],
          [
            127.1249115,
            35.8442958
          ],
          [
            127.1257925,
            35.8439859
          ],
          [
            127.126904,
            35.8435052
          ],
          [
            127.1269678,
            35.8434776
          ]
        ]
      },
      "id": "way/699211820"
    },
    {
      "type": "Feature",
      "properties": {
        "@id": "way/702333104",
        "highway": "living_street",
        "name": "삼송4길",
        "name:en": "Samsong 4-gil",
        "name:ko": "삼송4길"
      },
      "geometry": {
        "type": "LineString",
        "coordinates": [
          [
            127.1355498,
            35.8423491
          ],
          [
            127.135777,
            35.8418231
          ],
          [
            127.135787,
            35.8418
          ],
          [
            127.135827,
            35.8417074
          ]
        ]
      },
      "id": "way/702333104"
    },
    {
      "type": "Feature",
      "properties": {
        "@id": "way/702333105",
        "highway": "living_street",
        "name": "금암3길",
        "name:en": "Geumam 3-gil",
        "name:ko": "금암3길"
      },
      "geometry": {
        "type": "LineString",
        "coordinates": [
          [
            127.137313,
            35.8420034
          ],
          [
            127.1374649,
            35.8415602
          ],
          [
            127.1376533,
            35.8410993
          ]
        ]
      },
      "id": "way/702333105"
    },
    {
      "type": "Feature",
      "properties": {
        "@id": "way/702353194",
        "highway": "living_street",
        "name": "명륜2길",
        "name:en": "Myeongnyun 2-gil",
        "name:ko": "명륜2길"
      },
      "geometry": {
        "type": "LineString",
        "coordinates": [
          [
            127.127789,
            35.8408737
          ],
          [
            127.1278771,
            35.8409478
          ],
          [
            127.1286581,
            35.8416047
          ],
          [
            127.1289717,
            35.8418443
          ]
        ]
      },
      "id": "way/702353194"
    },
    {
      "type": "Feature",
      "properties": {
        "@id": "way/702980879",
        "highway": "living_street",
        "name": "명륜5길",
        "name:en": "Myeongnyun 5-gil",
        "name:ko": "명륜5길"
      },
      "geometry": {
        "type": "LineString",
        "coordinates": [
          [
            127.1260411,
            35.8443115
          ],
          [
            127.1251349,
            35.8448479
          ],
          [
            127.1251028,
            35.8448669
          ]
        ]
      },
      "id": "way/702980879"
    },
    {
      "type": "Feature",
      "properties": {
        "@id": "way/702980880",
        "highway": "living_street",
        "name": "명륜4길",
        "name:en": "Myeongnyun 4-gil",
        "name:ko": "명륜4길"
      },
      "geometry": {
        "type": "LineString",
        "coordinates": [
          [
            127.1271174,
            35.8436881
          ],
          [
            127.1270777,
            35.8437111
          ],
          [
            127.1260411,
            35.8443115
          ]
        ]
      },
      "id": "way/702980880"
    },
    {
      "type": "Feature",
      "properties": {
        "@id": "way/702980882",
        "highway": "living_street",
        "name": "명륜2길",
        "name:en": "Myeongnyun 2-gil",
        "name:ko": "명륜2길"
      },
      "geometry": {
        "type": "LineString",
        "coordinates": [
          [
            127.1286581,
            35.8416047
          ],
          [
            127.1279844,
            35.8420035
          ]
        ]
      },
      "id": "way/702980882"
    },
    {
      "type": "Feature",
      "properties": {
        "@id": "way/702980883",
        "highway": "living_street",
        "name": "명륜3길",
        "name:en": "Myeongnyun 3-gil",
        "name:ko": "명륜3길"
      },
      "geometry": {
        "type": "LineString",
        "coordinates": [
          [
            127.1271869,
            35.8433694
          ],
          [
            127.1280031,
            35.842763
          ],
          [
            127.1287165,
            35.8421007
          ]
        ]
      },
      "id": "way/702980883"
    },
    {
      "type": "Feature",
      "properties": {
        "@id": "way/702980884",
        "highway": "living_street",
        "name": "명륜2길",
        "name:en": "Myeongnyun 2-gil",
        "name:ko": "명륜2길"
      },
      "geometry": {
        "type": "LineString",
        "coordinates": [
          [
            127.1287165,
            35.8421007
          ],
          [
            127.1289717,
            35.8418443
          ],
          [
            127.1295656,
            35.8411775
          ]
        ]
      },
      "id": "way/702980884"
    },
    {
      "type": "Feature",
      "properties": {
        "@id": "way/702980890",
        "highway": "living_street"
      },
      "geometry": {
        "type": "LineString",
        "coordinates": [
          [
            127.1348159,
            35.8429147
          ],
          [
            127.1353825,
            35.8423885
          ]
        ]
      },
      "id": "way/702980890"
    },
    {
      "type": "Feature",
      "properties": {
        "@id": "way/714966393",
        "highway": "living_street",
        "name": "명륜4길",
        "name:en": "Myeongnyun 4-gil",
        "name:ko": "명륜4길"
      },
      "geometry": {
        "type": "LineString",
        "coordinates": [
          [
            127.1254515,
            35.8435414
          ],
          [
            127.1262847,
            35.8431315
          ],
          [
            127.1265466,
            35.8429688
          ],
          [
            127.1265704,
            35.842954
          ]
        ]
      },
      "id": "way/714966393"
    },
    {
      "type": "Feature",
      "properties": {
        "@id": "way/743824970",
        "highway": "footway"
      },
      "geometry": {
        "type": "LineString",
        "coordinates": [
          [
            127.1363884,
            35.8446535
          ],
          [
            127.1361292,
            35.8447276
          ],
          [
            127.1353215,
            35.8450559
          ]
        ]
      },
      "id": "way/743824970"
    },
    {
      "type": "Feature",
      "properties": {
        "@id": "way/743824976",
        "highway": "footway"
      },
      "geometry": {
        "type": "LineString",
        "coordinates": [
          [
            127.1302339,
            35.8446979
          ],
          [
            127.1304507,
            35.8447192
          ]
        ]
      },
      "id": "way/743824976"
    },
    {
      "type": "Feature",
      "properties": {
        "@id": "way/743824979",
        "highway": "steps"
      },
      "geometry": {
        "type": "LineString",
        "coordinates": [
          [
            127.1317752,
            35.8476902
          ],
          [
            127.1317712,
            35.8477305
          ]
        ]
      },
      "id": "way/743824979"
    },
    {
      "type": "Feature",
      "properties": {
        "@id": "way/743824981",
        "bridge": "yes",
        "highway": "footway",
        "layer": "1"
      },
      "geometry": {
        "type": "LineString",
        "coordinates": [
          [
            127.131618,
            35.847328
          ],
          [
            127.1316129,
            35.8474741
          ]
        ]
      },
      "id": "way/743824981"
    },
    {
      "type": "Feature",
      "properties": {
        "@id": "way/744058689",
        "highway": "steps"
      },
      "geometry": {
        "type": "LineString",
        "coordinates": [
          [
            127.1341831,
            35.843874
          ],
          [
            127.134333,
            35.8438546
          ]
        ]
      },
      "id": "way/744058689"
    },
    {
      "type": "Feature",
      "properties": {
        "@id": "way/744058690",
        "footway": "sidewalk",
        "highway": "footway"
      },
      "geometry": {
        "type": "LineString",
        "coordinates": [
          [
            127.1316167,
            35.8445383
          ],
          [
            127.1316606,
            35.8445341
          ],
          [
            127.1321104,
            35.8444902
          ],
          [
            127.1322964,
            35.8444715
          ],
          [
            127.1327659,
            35.844414
          ],
          [
            127.133272,
            35.8443662
          ],
          [
            127.1333065,
            35.8443605
          ],
          [
            127.133762,
            35.8443127
          ],
          [
            127.1338901,
            35.8442996
          ],
          [
            127.1340254,
            35.8442837
          ],
          [
            127.1344732,
            35.8442445
          ],
          [
            127.1345167,
            35.8442254
          ]
        ]
      },
      "id": "way/744058690"
    },
    {
      "type": "Feature",
      "properties": {
        "@id": "way/744058691",
        "highway": "steps"
      },
      "geometry": {
        "type": "LineString",
        "coordinates": [
          [
            127.1340012,
            35.8441672
          ],
          [
            127.1340254,
            35.8442837
          ]
        ]
      },
      "id": "way/744058691"
    },
    {
      "type": "Feature",
      "properties": {
        "@id": "way/744058692",
        "highway": "footway"
      },
      "geometry": {
        "type": "LineString",
        "coordinates": [
          [
            127.1316167,
            35.8445383
          ],
          [
            127.1316081,
            35.8444657
          ],
          [
            127.1316958,
            35.8444557
          ],
          [
            127.131693,
            35.8444356
          ]
        ]
      },
      "id": "way/744058692"
    },
    {
      "type": "Feature",
      "properties": {
        "@id": "way/744058693",
        "highway": "steps"
      },
      "geometry": {
        "type": "LineString",
        "coordinates": [
          [
            127.133762,
            35.8443127
          ],
          [
            127.1337524,
            35.8441961
          ]
        ]
      },
      "id": "way/744058693"
    },
    {
      "type": "Feature",
      "properties": {
        "@id": "way/744058694",
        "highway": "steps"
      },
      "geometry": {
        "type": "LineString",
        "coordinates": [
          [
            127.1333065,
            35.8443605
          ],
          [
            127.1332857,
            35.8442504
          ]
        ]
      },
      "id": "way/744058694"
    },
    {
      "type": "Feature",
      "properties": {
        "@id": "way/744058695",
        "highway": "steps"
      },
      "geometry": {
        "type": "LineString",
        "coordinates": [
          [
            127.1327659,
            35.844414
          ],
          [
            127.1327563,
            35.8443119
          ]
        ]
      },
      "id": "way/744058695"
    },
    {
      "type": "Feature",
      "properties": {
        "@id": "way/744058696",
        "highway": "steps"
      },
      "geometry": {
        "type": "LineString",
        "coordinates": [
          [
            127.1322964,
            35.8444715
          ],
          [
            127.1322902,
            35.8443661
          ]
        ]
      },
      "id": "way/744058696"
    },
    {
      "type": "Feature",
      "properties": {
        "@id": "way/744058703",
        "highway": "footway"
      },
      "geometry": {
        "type": "LineString",
        "coordinates": [
          [
            127.1305008,
            35.8453937
          ],
          [
            127.1310297,
            35.8453193
          ],
          [
            127.1311592,
            35.8453011
          ],
          [
            127.1311603,
            35.8453171
          ]
        ]
      },
      "id": "way/744058703"
    },
    {
      "type": "Feature",
      "properties": {
        "@id": "way/744058704",
        "highway": "steps"
      },
      "geometry": {
        "type": "LineString",
        "coordinates": [
          [
            127.1312056,
            35.8455483
          ],
          [
            127.1312352,
            35.845669
          ]
        ]
      },
      "id": "way/744058704"
    },
    {
      "type": "Feature",
      "properties": {
        "@id": "way/744058705",
        "highway": "footway",
        "layer": "-1",
        "tunnel": "yes"
      },
      "geometry": {
        "type": "LineString",
        "coordinates": [
          [
            127.1311603,
            35.8453171
          ],
          [
            127.1312056,
            35.8455483
          ]
        ]
      },
      "id": "way/744058705"
    },
    {
      "type": "Feature",
      "properties": {
        "@id": "way/744058711",
        "highway": "footway",
        "surface": "paved"
      },
      "geometry": {
        "type": "LineString",
        "coordinates": [
          [
            127.1305482,
            35.8484364
          ],
          [
            127.1306148,
            35.8484173
          ],
          [
            127.1307282,
            35.8483761
          ],
          [
            127.1309184,
            35.8483796
          ],
          [
            127.1310007,
            35.8483454
          ],
          [
            127.1311018,
            35.8483373
          ],
          [
            127.1311993,
            35.8483119
          ],
          [
            127.1313428,
            35.8483049
          ],
          [
            127.1314183,
            35.8483079
          ],
          [
            127.1314616,
            35.8483157
          ]
        ]
      },
      "id": "way/744058711"
    },
    {
      "type": "Feature",
      "properties": {
        "@id": "way/744058712",
        "footway": "sidewalk",
        "highway": "footway"
      },
      "geometry": {
        "type": "LineString",
        "coordinates": [
          [
            127.131475,
            35.8478989
          ],
          [
            127.1316516,
            35.8479043
          ],
          [
            127.1318178,
            35.8479087
          ],
          [
            127.1318223,
            35.8478555
          ],
          [
            127.1320195,
            35.8478622
          ],
          [
            127.1320561,
            35.8478618
          ],
          [
            127.1324592,
            35.8478773
          ],
          [
            127.1324984,
            35.8479081
          ],
          [
            127.1325058,
            35.8479503
          ]
        ]
      },
      "id": "way/744058712"
    },
    {
      "type": "Feature",
      "properties": {
        "@id": "way/744058713",
        "footway": "sidewalk",
        "highway": "footway"
      },
      "geometry": {
        "type": "LineString",
        "coordinates": [
          [
            127.131475,
            35.8478989
          ],
          [
            127.1312186,
            35.8478987
          ],
          [
            127.1303178,
            35.847866
          ]
        ]
      },
      "id": "way/744058713"
    },
    {
      "type": "Feature",
      "properties": {
        "@id": "way/744069034",
        "highway": "footway"
      },
      "geometry": {
        "type": "LineString",
        "coordinates": [
          [
            127.1278623,
            35.8455876
          ],
          [
            127.1278587,
            35.845631
          ],
          [
            127.1278216,
            35.8460811
          ]
        ]
      },
      "id": "way/744069034"
    },
    {
      "type": "Feature",
      "properties": {
        "@id": "way/744069037",
        "highway": "footway"
      },
      "geometry": {
        "type": "LineString",
        "coordinates": [
          [
            127.1349188,
            35.8451357
          ],
          [
            127.1347805,
            35.8452271
          ],
          [
            127.1339927,
            35.8455154
          ]
        ]
      },
      "id": "way/744069037"
    },
    {
      "type": "Feature",
      "properties": {
        "@id": "way/744069038",
        "highway": "footway"
      },
      "geometry": {
        "type": "LineString",
        "coordinates": [
          [
            127.1347805,
            35.8452271
          ],
          [
            127.1347129,
            35.8453687
          ],
          [
            127.1346767,
            35.8454415
          ],
          [
            127.1346199,
            35.8455307
          ]
        ]
      },
      "id": "way/744069038"
    },
    {
      "type": "Feature",
      "properties": {
        "@id": "way/744069039",
        "highway": "steps"
      },
      "geometry": {
        "type": "LineString",
        "coordinates": [
          [
            127.1345214,
            35.8450889
          ],
          [
            127.1346284,
            35.8450767
          ],
          [
            127.1346888,
            35.8450828
          ],
          [
            127.1349188,
            35.8451357
          ]
        ]
      },
      "id": "way/744069039"
    },
    {
      "type": "Feature",
      "properties": {
        "@id": "way/744069040",
        "highway": "steps"
      },
      "geometry": {
        "type": "LineString",
        "coordinates": [
          [
            127.1339198,
            35.8455208
          ],
          [
            127.1340472,
            35.8453254
          ]
        ]
      },
      "id": "way/744069040"
    },
    {
      "type": "Feature",
      "properties": {
        "@id": "way/744069042",
        "highway": "steps"
      },
      "geometry": {
        "type": "LineString",
        "coordinates": [
          [
            127.1334066,
            35.8448753
          ],
          [
            127.133404,
            35.8450056
          ]
        ]
      },
      "id": "way/744069042"
    },
    {
      "type": "Feature",
      "properties": {
        "@id": "way/744069043",
        "highway": "footway"
      },
      "geometry": {
        "type": "LineString",
        "coordinates": [
          [
            127.133404,
            35.8450056
          ],
          [
            127.1333923,
            35.8450655
          ]
        ]
      },
      "id": "way/744069043"
    },
    {
      "type": "Feature",
      "properties": {
        "@id": "way/744069044",
        "highway": "footway"
      },
      "geometry": {
        "type": "LineString",
        "coordinates": [
          [
            127.1344464,
            35.8443378
          ],
          [
            127.1345906,
            35.8446566
          ],
          [
            127.1346072,
            35.8446944
          ],
          [
            127.1346871,
            35.8448815
          ]
        ]
      },
      "id": "way/744069044"
    },
    {
      "type": "Feature",
      "properties": {
        "@id": "way/744069045",
        "highway": "steps"
      },
      "geometry": {
        "type": "LineString",
        "coordinates": [
          [
            127.1345906,
            35.8446566
          ],
          [
            127.134397,
            35.8446699
          ]
        ]
      },
      "id": "way/744069045"
    },
    {
      "type": "Feature",
      "properties": {
        "@id": "way/744069046",
        "highway": "steps"
      },
      "geometry": {
        "type": "LineString",
        "coordinates": [
          [
            127.1346072,
            35.8446944
          ],
          [
            127.1347211,
            35.8446658
          ]
        ]
      },
      "id": "way/744069046"
    },
    {
      "type": "Feature",
      "properties": {
        "@id": "way/744069047",
        "footway": "sidewalk",
        "highway": "footway"
      },
      "geometry": {
        "type": "LineString",
        "coordinates": [
          [
            127.1339198,
            35.8455208
          ],
          [
            127.1339927,
            35.8455154
          ],
          [
            127.1345127,
            35.8455281
          ],
          [
            127.1346199,
            35.8455307
          ],
          [
            127.1349967,
            35.8455385
          ],
          [
            127.1350238,
            35.8455223
          ],
          [
            127.1349188,
            35.8451357
          ],
          [
            127.134872,
            35.8450021
          ],
          [
            127.1347211,
            35.8446658
          ],
          [
            127.1345675,
            35.8443341
          ],
          [
            127.1345009,
            35.8443361
          ],
          [
            127.1344464,
            35.8443378
          ],
          [
            127.1341182,
            35.8443843
          ]
        ]
      },
      "id": "way/744069047"
    },
    {
      "type": "Feature",
      "properties": {
        "@id": "way/744069048",
        "highway": "footway"
      },
      "geometry": {
        "type": "LineString",
        "coordinates": [
          [
            127.1339198,
            35.8455208
          ],
          [
            127.1338706,
            35.845581
          ]
        ]
      },
      "id": "way/744069048"
    },
    {
      "type": "Feature",
      "properties": {
        "@id": "way/744071233",
        "highway": "footway"
      },
      "geometry": {
        "type": "LineString",
        "coordinates": [
          [
            127.1281765,
            35.8500916
          ],
          [
            127.1280535,
            35.8504054
          ],
          [
            127.1281037,
            35.8504238
          ],
          [
            127.1283986,
            35.850662
          ]
        ]
      },
      "id": "way/744071233"
    },
    {
      "type": "Feature",
      "properties": {
        "@id": "way/744071234",
        "highway": "steps"
      },
      "geometry": {
        "type": "LineString",
        "coordinates": [
          [
            127.1283986,
            35.850662
          ],
          [
            127.128561,
            35.850779
          ],
          [
            127.1285502,
            35.850866
          ]
        ]
      },
      "id": "way/744071234"
    },
    {
      "type": "Feature",
      "properties": {
        "@id": "way/744071235",
        "highway": "footway"
      },
      "geometry": {
        "type": "LineString",
        "coordinates": [
          [
            127.1285502,
            35.850866
          ],
          [
            127.1284821,
            35.8510993
          ],
          [
            127.1288185,
            35.8511682
          ]
        ]
      },
      "id": "way/744071235"
    },
    {
      "type": "Feature",
      "properties": {
        "@id": "way/746161968",
        "highway": "steps",
        "layer": "-1",
        "name": "덕진지하보도"
      },
      "geometry": {
        "type": "LineString",
        "coordinates": [
          [
            127.1266284,
            35.841847
          ],
          [
            127.1264214,
            35.8420003
          ],
          [
            127.1262616,
            35.8421185
          ]
        ]
      },
      "id": "way/746161968"
    },
    {
      "type": "Feature",
      "properties": {
        "@id": "way/746161969",
        "highway": "steps",
        "layer": "-1",
        "name": "덕진지하보도"
      },
      "geometry": {
        "type": "LineString",
        "coordinates": [
          [
            127.1264107,
            35.8416663
          ],
          [
            127.1262104,
            35.8418158
          ],
          [
            127.1260518,
            35.8419337
          ]
        ]
      },
      "id": "way/746161969"
    },
    {
      "type": "Feature",
      "properties": {
        "@id": "way/746161970",
        "highway": "path",
        "layer": "-5",
        "name": "덕진지하보도",
        "tunnel": "yes"
      },
      "geometry": {
        "type": "LineString",
        "coordinates": [
          [
            127.1264214,
            35.8420003
          ],
          [
            127.1262104,
            35.8418158
          ]
        ]
      },
      "id": "way/746161970"
    },
    {
      "type": "Feature",
      "properties": {
        "@id": "way/1070833166",
        "crossing": "marked",
        "crossing:markings": "yes",
        "footway": "crossing",
        "highway": "footway"
      },
      "geometry": {
        "type": "LineString",
        "coordinates": [
          [
            127.1303178,
            35.847866
          ],
          [
            127.1302789,
            35.8477347
          ],
          [
            127.1302146,
            35.8476246
          ]
        ]
      },
      "id": "way/1070833166"
    },
    {
      "type": "Feature",
      "properties": {
        "@id": "way/1070842069",
        "crossing": "marked",
        "crossing:markings": "yes",
        "footway": "crossing",
        "highway": "footway"
      },
      "geometry": {
        "type": "LineString",
        "coordinates": [
          [
            127.1341182,
            35.8443843
          ],
          [
            127.1340119,
            35.8443975
          ],
          [
            127.1339242,
            35.8444084
          ]
        ]
      },
      "id": "way/1070842069"
    },
    {
      "type": "Feature",
      "properties": {
        "@id": "way/1070843058",
        "footway": "sidewalk",
        "highway": "footway"
      },
      "geometry": {
        "type": "LineString",
        "coordinates": [
          [
            127.1305911,
            35.8441
          ],
          [
            127.1304507,
            35.8447192
          ],
          [
            127.1304338,
            35.8448023
          ],
          [
            127.1303331,
            35.8452484
          ],
          [
            127.1303325,
            35.845251
          ],
          [
            127.1303099,
            35.8452684
          ],
          [
            127.1300873,
            35.84528
          ]
        ]
      },
      "id": "way/1070843058"
    },
    {
      "type": "Feature",
      "properties": {
        "@id": "way/1070843059",
        "crossing": "uncontrolled",
        "crossing:markings": "no",
        "footway": "crossing",
        "highway": "footway"
      },
      "geometry": {
        "type": "LineString",
        "coordinates": [
          [
            127.1300873,
            35.84528
          ],
          [
            127.1300423,
            35.8452824
          ],
          [
            127.1298663,
            35.8452917
          ],
          [
            127.129756,
            35.8452976
          ]
        ]
      },
      "id": "way/1070843059"
    },
    {
      "type": "Feature",
      "properties": {
        "@id": "way/1070843060",
        "footway": "sidewalk",
        "highway": "footway"
      },
      "geometry": {
        "type": "LineString",
        "coordinates": [
          [
            127.129756,
            35.8452976
          ],
          [
            127.1297157,
            35.8452996
          ],
          [
            127.1294674,
            35.8453153
          ]
        ]
      },
      "id": "way/1070843060"
    },
    {
      "type": "Feature",
      "properties": {
        "@id": "way/1070843061",
        "crossing": "uncontrolled",
        "crossing:markings": "no",
        "footway": "crossing",
        "highway": "footway"
      },
      "geometry": {
        "type": "LineString",
        "coordinates": [
          [
            127.1294674,
            35.8453153
          ],
          [
            127.1293701,
            35.8453204
          ],
          [
            127.1293261,
            35.8453226
          ]
        ]
      },
      "id": "way/1070843061"
    },
    {
      "type": "Feature",
      "properties": {
        "@id": "way/1070843062",
        "footway": "sidewalk",
        "highway": "footway"
      },
      "geometry": {
        "type": "LineString",
        "coordinates": [
          [
            127.1293261,
            35.8453226
          ],
          [
            127.1290063,
            35.8453435
          ]
        ]
      },
      "id": "way/1070843062"
    },
    {
      "type": "Feature",
      "properties": {
        "@id": "way/1070843063",
        "footway": "sidewalk",
        "highway": "footway"
      },
      "geometry": {
        "type": "LineString",
        "coordinates": [
          [
            127.1279577,
            35.8455239
          ],
          [
            127.1279485,
            35.8455305
          ],
          [
            127.1279305,
            35.8455434
          ],
          [
            127.1278619,
            35.8455453
          ],
          [
            127.1276246,
            35.8455386
          ],
          [
            127.1274317,
            35.8455256
          ],
          [
            127.1269161,
            35.8454777
          ]
        ]
      },
      "id": "way/1070843063"
    },
    {
      "type": "Feature",
      "properties": {
        "@id": "way/1070843064",
        "crossing": "uncontrolled",
        "crossing:markings": "no",
        "footway": "crossing",
        "highway": "footway"
      },
      "geometry": {
        "type": "LineString",
        "coordinates": [
          [
            127.1290063,
            35.8453435
          ],
          [
            127.1288983,
            35.8453507
          ],
          [
            127.1287595,
            35.84536
          ]
        ]
      },
      "id": "way/1070843064"
    },
    {
      "type": "Feature",
      "properties": {
        "@id": "way/1070843065",
        "highway": "footway"
      },
      "geometry": {
        "type": "LineString",
        "coordinates": [
          [
            127.1312199,
            35.8437155
          ],
          [
            127.1312748,
            35.8440345
          ]
        ]
      },
      "id": "way/1070843065"
    },
    {
      "type": "Feature",
      "properties": {
        "@id": "way/1070843067",
        "crossing": "uncontrolled",
        "crossing:markings": "no",
        "footway": "crossing",
        "highway": "footway"
      },
      "geometry": {
        "type": "LineString",
        "coordinates": [
          [
            127.129534,
            35.8454074
          ],
          [
            127.1296329,
            35.8454017
          ],
          [
            127.129723,
            35.8453964
          ]
        ]
      },
      "id": "way/1070843067"
    },
    {
      "type": "Feature",
      "properties": {
        "@id": "way/1070843071",
        "crossing": "marked",
        "crossing:markings": "yes",
        "footway": "crossing",
        "highway": "footway"
      },
      "geometry": {
        "type": "LineString",
        "coordinates": [
          [
            127.1309945,
            35.844738
          ],
          [
            127.1310572,
            35.844731
          ],
          [
            127.1311273,
            35.8447233
          ]
        ]
      },
      "id": "way/1070843071"
    },
    {
      "type": "Feature",
      "properties": {
        "@id": "way/1070843072",
        "footway": "sidewalk",
        "highway": "footway"
      },
      "geometry": {
        "type": "LineString",
        "coordinates": [
          [
            127.1311273,
            35.8447233
          ],
          [
            127.131674,
            35.8446539
          ]
        ]
      },
      "id": "way/1070843072"
    },
    {
      "type": "Feature",
      "properties": {
        "@id": "way/1070843073",
        "crossing": "uncontrolled",
        "crossing:markings": "yes",
        "footway": "crossing",
        "highway": "footway"
      },
      "geometry": {
        "type": "LineString",
        "coordinates": [
          [
            127.131674,
            35.8446539
          ],
          [
            127.1317686,
            35.844639
          ],
          [
            127.1318253,
            35.84463
          ]
        ]
      },
      "id": "way/1070843073"
    },
    {
      "type": "Feature",
      "properties": {
        "@id": "way/1070843074",
        "footway": "sidewalk",
        "highway": "footway"
      },
      "geometry": {
        "type": "LineString",
        "coordinates": [
          [
            127.1318253,
            35.84463
          ],
          [
            127.1319467,
            35.8446126
          ]
        ]
      },
      "id": "way/1070843074"
    },
    {
      "type": "Feature",
      "properties": {
        "@id": "way/1070843075",
        "crossing": "uncontrolled",
        "crossing:markings": "yes",
        "footway": "crossing",
        "highway": "footway"
      },
      "geometry": {
        "type": "LineString",
        "coordinates": [
          [
            127.1319467,
            35.8446126
          ],
          [
            127.1320192,
            35.8446078
          ],
          [
            127.1320812,
            35.8446037
          ]
        ]
      },
      "id": "way/1070843075"
    },
    {
      "type": "Feature",
      "properties": {
        "@id": "way/1070843076",
        "footway": "sidewalk",
        "highway": "footway"
      },
      "geometry": {
        "type": "LineString",
        "coordinates": [
          [
            127.1320812,
            35.8446037
          ],
          [
            127.1321248,
            35.8445969
          ],
          [
            127.1332979,
            35.8444814
          ]
        ]
      },
      "id": "way/1070843076"
    },
    {
      "type": "Feature",
      "properties": {
        "@id": "way/1070843077",
        "crossing": "marked",
        "crossing:markings": "yes",
        "footway": "crossing",
        "highway": "footway"
      },
      "geometry": {
        "type": "LineString",
        "coordinates": [
          [
            127.1332979,
            35.8444814
          ],
          [
            127.1333452,
            35.8444762
          ],
          [
            127.1333748,
            35.844473
          ]
        ]
      },
      "id": "way/1070843077"
    },
    {
      "type": "Feature",
      "properties": {
        "@id": "way/1070843078",
        "footway": "sidewalk",
        "highway": "footway"
      },
      "geometry": {
        "type": "LineString",
        "coordinates": [
          [
            127.1333748,
            35.844473
          ],
          [
            127.1339017,
            35.844411
          ],
          [
            127.1339242,
            35.8444084
          ]
        ]
      },
      "id": "way/1070843078"
    },
    {
      "type": "Feature",
      "properties": {
        "@id": "way/1070843079",
        "footway": "sidewalk",
        "highway": "footway"
      },
      "geometry": {
        "type": "LineString",
        "coordinates": [
          [
            127.1321562,
            35.8436392
          ],
          [
            127.1325842,
            35.8435977
          ]
        ]
      },
      "id": "way/1070843079"
    },
    {
      "type": "Feature",
      "properties": {
        "@id": "way/1070843080",
        "crossing": "marked",
        "crossing:markings": "yes",
        "footway": "crossing",
        "highway": "footway"
      },
      "geometry": {
        "type": "LineString",
        "coordinates": [
          [
            127.1325842,
            35.8435977
          ],
          [
            127.1326837,
            35.8435884
          ],
          [
            127.1327564,
            35.8435816
          ]
        ]
      },
      "id": "way/1070843080"
    },
    {
      "type": "Feature",
      "properties": {
        "@id": "way/1070843081",
        "footway": "sidewalk",
        "highway": "footway"
      },
      "geometry": {
        "type": "LineString",
        "coordinates": [
          [
            127.1327564,
            35.8435816
          ],
          [
            127.1330251,
            35.8435549
          ],
          [
            127.1335053,
            35.8435071
          ]
        ]
      },
      "id": "way/1070843081"
    },
    {
      "type": "Feature",
      "properties": {
        "@id": "way/1070843082",
        "crossing": "marked",
        "crossing:markings": "yes",
        "footway": "crossing",
        "highway": "footway"
      },
      "geometry": {
        "type": "LineString",
        "coordinates": [
          [
            127.1335053,
            35.8435071
          ],
          [
            127.133606,
            35.8434965
          ],
          [
            127.1337481,
            35.8434815
          ]
        ]
      },
      "id": "way/1070843082"
    },
    {
      "type": "Feature",
      "properties": {
        "@id": "way/1070843083",
        "footway": "sidewalk",
        "highway": "footway"
      },
      "geometry": {
        "type": "LineString",
        "coordinates": [
          [
            127.1337481,
            35.8434815
          ],
          [
            127.1340769,
            35.8434533
          ],
          [
            127.1341293,
            35.8434585
          ],
          [
            127.1341509,
            35.8434823
          ],
          [
            127.134317,
            35.8438229
          ],
          [
            127.134333,
            35.8438546
          ],
          [
            127.1343986,
            35.8439879
          ],
          [
            127.1345167,
            35.8442254
          ]
        ]
      },
      "id": "way/1070843083"
    },
    {
      "type": "Feature",
      "properties": {
        "@id": "way/1070844326",
        "crossing": "uncontrolled",
        "crossing:island": "yes",
        "crossing:markings": "yes",
        "footway": "crossing",
        "highway": "footway",
        "tactile_paving": "yes"
      },
      "geometry": {
        "type": "LineString",
        "coordinates": [
          [
            127.1306976,
            35.8447718
          ],
          [
            127.1307046,
            35.8447263
          ],
          [
            127.1307096,
            35.8447043
          ],
          [
            127.1307174,
            35.8446495
          ]
        ]
      },
      "id": "way/1070844326"
    },
    {
      "type": "Feature",
      "properties": {
        "@id": "way/1070844327",
        "crossing": "marked",
        "crossing:markings": "yes",
        "footway": "crossing",
        "highway": "footway"
      },
      "geometry": {
        "type": "LineString",
        "coordinates": [
          [
            127.1304338,
            35.8448023
          ],
          [
            127.1305293,
            35.8448148
          ],
          [
            127.1306194,
            35.8448279
          ]
        ]
      },
      "id": "way/1070844327"
    },
    {
      "type": "Feature",
      "properties": {
        "@id": "way/1070844328",
        "crossing": "marked",
        "crossing:markings": "yes",
        "footway": "crossing",
        "highway": "footway"
      },
      "geometry": {
        "type": "LineString",
        "coordinates": [
          [
            127.1305911,
            35.8441
          ],
          [
            127.1307125,
            35.8441185
          ],
          [
            127.1308193,
            35.8441308
          ]
        ]
      },
      "id": "way/1070844328"
    },
    {
      "type": "Feature",
      "properties": {
        "@id": "way/1070844329",
        "footway": "sidewalk",
        "highway": "footway"
      },
      "geometry": {
        "type": "LineString",
        "coordinates": [
          [
            127.1302644,
            35.8440585
          ],
          [
            127.1303526,
            35.8440348
          ],
          [
            127.1305429,
            35.8438473
          ],
          [
            127.1306109,
            35.8438141
          ],
          [
            127.13066,
            35.8438312
          ],
          [
            127.1305911,
            35.8441
          ]
        ]
      },
      "id": "way/1070844329"
    },
    {
      "type": "Feature",
      "properties": {
        "@id": "way/1070844330",
        "crossing": "uncontrolled",
        "crossing:markings": "yes",
        "footway": "crossing",
        "highway": "footway"
      },
      "geometry": {
        "type": "LineString",
        "coordinates": [
          [
            127.13066,
            35.8438312
          ],
          [
            127.1307801,
            35.8438401
          ],
          [
            127.1308872,
            35.8438589
          ]
        ]
      },
      "id": "way/1070844330"
    },
    {
      "type": "Feature",
      "properties": {
        "@id": "way/1070844331",
        "crossing": "uncontrolled",
        "crossing:markings": "no",
        "footway": "crossing",
        "highway": "footway"
      },
      "geometry": {
        "type": "LineString",
        "coordinates": [
          [
            127.1285,
            35.8453743
          ],
          [
            127.128551,
            35.8454288
          ],
          [
            127.1285965,
            35.8454715
          ]
        ]
      },
      "id": "way/1070844331"
    },
    {
      "type": "Feature",
      "properties": {
        "@id": "way/1070844334",
        "footway": "sidewalk",
        "highway": "footway"
      },
      "geometry": {
        "type": "LineString",
        "coordinates": [
          [
            127.1290116,
            35.8463077
          ],
          [
            127.1289969,
            35.8463182
          ],
          [
            127.1289846,
            35.8463331
          ],
          [
            127.1289609,
            35.8463628
          ],
          [
            127.1288749,
            35.846454
          ],
          [
            127.1288154,
            35.8465367
          ],
          [
            127.1287781,
            35.8466049
          ]
        ]
      },
      "id": "way/1070844334"
    },
    {
      "type": "Feature",
      "properties": {
        "@id": "way/1070844335",
        "footway": "sidewalk",
        "highway": "footway"
      },
      "geometry": {
        "type": "LineString",
        "coordinates": [
          [
            127.1287649,
            35.8468568
          ],
          [
            127.1287844,
            35.8469214
          ],
          [
            127.1288123,
            35.8469954
          ]
        ]
      },
      "id": "way/1070844335"
    },
    {
      "type": "Feature",
      "properties": {
        "@id": "way/1070844336",
        "footway": "sidewalk",
        "highway": "footway"
      },
      "geometry": {
        "type": "LineString",
        "coordinates": [
          [
            127.1288123,
            35.8469954
          ],
          [
            127.1288421,
            35.8470301
          ],
          [
            127.1288798,
            35.847074
          ],
          [
            127.1289478,
            35.8471336
          ],
          [
            127.1290231,
            35.8471863
          ],
          [
            127.1291098,
            35.8472267
          ],
          [
            127.129189,
            35.8472577
          ],
          [
            127.1292362,
            35.847291
          ]
        ]
      },
      "id": "way/1070844336"
    },
    {
      "type": "Feature",
      "properties": {
        "@id": "way/1070844337",
        "crossing": "uncontrolled",
        "crossing:markings": "yes",
        "footway": "crossing",
        "highway": "footway"
      },
      "geometry": {
        "type": "LineString",
        "coordinates": [
          [
            127.1292362,
            35.847291
          ],
          [
            127.1293249,
            35.8472962
          ],
          [
            127.129488,
            35.8473046
          ],
          [
            127.1295416,
            35.8473074
          ]
        ]
      },
      "id": "way/1070844337"
    },
    {
      "type": "Feature",
      "properties": {
        "@id": "way/1070844338",
        "footway": "sidewalk",
        "highway": "footway"
      },
      "geometry": {
        "type": "LineString",
        "coordinates": [
          [
            127.1295416,
            35.8473074
          ],
          [
            127.1296297,
            35.8472776
          ],
          [
            127.1297106,
            35.8472351
          ]
        ]
      },
      "id": "way/1070844338"
    },
    {
      "type": "Feature",
      "properties": {
        "@id": "way/1070844339",
        "crossing": "uncontrolled",
        "crossing:markings": "yes",
        "footway": "crossing",
        "highway": "footway"
      },
      "geometry": {
        "type": "LineString",
        "coordinates": [
          [
            127.1297106,
            35.8472351
          ],
          [
            127.129737,
            35.847216
          ],
          [
            127.1297661,
            35.8471948
          ],
          [
            127.1299198,
            35.8470818
          ],
          [
            127.1299578,
            35.847058
          ]
        ]
      },
      "id": "way/1070844339"
    },
    {
      "type": "Feature",
      "properties": {
        "@id": "way/1070844340",
        "footway": "sidewalk",
        "highway": "footway"
      },
      "geometry": {
        "type": "LineString",
        "coordinates": [
          [
            127.1299578,
            35.847058
          ],
          [
            127.1299941,
            35.8469219
          ],
          [
            127.1300593,
            35.8468736
          ]
        ]
      },
      "id": "way/1070844340"
    },
    {
      "type": "Feature",
      "properties": {
        "@id": "way/1070844341",
        "crossing": "uncontrolled",
        "crossing:markings": "yes",
        "footway": "crossing",
        "highway": "footway"
      },
      "geometry": {
        "type": "LineString",
        "coordinates": [
          [
            127.1300593,
            35.8468736
          ],
          [
            127.1300667,
            35.8468354
          ],
          [
            127.1300748,
            35.8468035
          ]
        ]
      },
      "id": "way/1070844341"
    },
    {
      "type": "Feature",
      "properties": {
        "@id": "way/1070844342",
        "footway": "sidewalk",
        "highway": "footway"
      },
      "geometry": {
        "type": "LineString",
        "coordinates": [
          [
            127.1300748,
            35.8468035
          ],
          [
            127.130033,
            35.8467604
          ],
          [
            127.1300262,
            35.8466436
          ],
          [
            127.1300638,
            35.846544
          ],
          [
            127.1301575,
            35.8464531
          ],
          [
            127.1302087,
            35.8464441
          ]
        ]
      },
      "id": "way/1070844342"
    },
    {
      "type": "Feature",
      "properties": {
        "@id": "way/1070844343",
        "crossing": "marked",
        "crossing:markings": "yes",
        "footway": "crossing",
        "highway": "footway"
      },
      "geometry": {
        "type": "LineString",
        "coordinates": [
          [
            127.1302087,
            35.8464441
          ],
          [
            127.1302256,
            35.8463992
          ],
          [
            127.1302552,
            35.8463516
          ]
        ]
      },
      "id": "way/1070844343"
    },
    {
      "type": "Feature",
      "properties": {
        "@id": "way/1070844344",
        "footway": "sidewalk",
        "highway": "footway"
      },
      "geometry": {
        "type": "LineString",
        "coordinates": [
          [
            127.1302552,
            35.8463516
          ],
          [
            127.1303097,
            35.8462085
          ],
          [
            127.1303371,
            35.8461243
          ],
          [
            127.1303576,
            35.8460611
          ],
          [
            127.1304057,
            35.8459526
          ],
          [
            127.1304439,
            35.8459041
          ],
          [
            127.1304626,
            35.845899
          ],
          [
            127.1305217,
            35.845881
          ]
        ]
      },
      "id": "way/1070844344"
    },
    {
      "type": "Feature",
      "properties": {
        "@id": "way/1070844346",
        "crossing": "marked",
        "crossing:markings": "yes",
        "footway": "crossing",
        "highway": "footway"
      },
      "geometry": {
        "type": "LineString",
        "coordinates": [
          [
            127.13029,
            35.8454088
          ],
          [
            127.130393,
            35.8454234
          ],
          [
            127.1304904,
            35.8454407
          ]
        ]
      },
      "id": "way/1070844346"
    },
    {
      "type": "Feature",
      "properties": {
        "@id": "way/1070844347",
        "crossing": "marked",
        "crossing:markings": "yes",
        "footway": "crossing",
        "highway": "footway"
      },
      "geometry": {
        "type": "LineString",
        "coordinates": [
          [
            127.1297942,
            35.8462695
          ],
          [
            127.1298054,
            35.8463177
          ],
          [
            127.1298152,
            35.8463541
          ]
        ]
      },
      "id": "way/1070844347"
    },
    {
      "type": "Feature",
      "properties": {
        "@id": "way/1070844348",
        "footway": "sidewalk",
        "highway": "footway"
      },
      "geometry": {
        "type": "LineString",
        "coordinates": [
          [
            127.1298152,
            35.8463541
          ],
          [
            127.1299285,
            35.8464513
          ],
          [
            127.1299438,
            35.846469
          ],
          [
            127.1299737,
            35.8465035
          ]
        ]
      },
      "id": "way/1070844348"
    },
    {
      "type": "Feature",
      "properties": {
        "@id": "way/1070844349",
        "crossing": "marked",
        "crossing:markings": "yes",
        "footway": "crossing",
        "highway": "footway"
      },
      "geometry": {
        "type": "LineString",
        "coordinates": [
          [
            127.1299737,
            35.8465035
          ],
          [
            127.1300309,
            35.8465307
          ],
          [
            127.1300638,
            35.846544
          ]
        ]
      },
      "id": "way/1070844349"
    },
    {
      "type": "Feature",
      "properties": {
        "@id": "way/1070844350",
        "crossing": "marked",
        "crossing:markings": "yes",
        "footway": "crossing",
        "highway": "footway"
      },
      "geometry": {
        "type": "LineString",
        "coordinates": [
          [
            127.1290116,
            35.8463077
          ],
          [
            127.1290631,
            35.8462868
          ],
          [
            127.1290828,
            35.8462788
          ],
          [
            127.129117,
            35.8462639
          ]
        ]
      },
      "id": "way/1070844350"
    },
    {
      "type": "Feature",
      "properties": {
        "@id": "way/1070844589",
        "footway": "sidewalk",
        "highway": "footway"
      },
      "geometry": {
        "type": "LineString",
        "coordinates": [
          [
            127.1299578,
            35.847058
          ],
          [
            127.1299787,
            35.8470844
          ],
          [
            127.1300222,
            35.8471394
          ],
          [
            127.1300403,
            35.8472111
          ]
        ]
      },
      "id": "way/1070844589"
    },
    {
      "type": "Feature",
      "properties": {
        "@id": "way/1070844590",
        "crossing": "marked",
        "crossing:markings": "yes",
        "footway": "crossing",
        "highway": "footway"
      },
      "geometry": {
        "type": "LineString",
        "coordinates": [
          [
            127.1300403,
            35.8472111
          ],
          [
            127.1300456,
            35.8472443
          ],
          [
            127.1300502,
            35.8472901
          ]
        ]
      },
      "id": "way/1070844590"
    },
    {
      "type": "Feature",
      "properties": {
        "@id": "way/1070844591",
        "footway": "sidewalk",
        "highway": "footway"
      },
      "geometry": {
        "type": "LineString",
        "coordinates": [
          [
            127.1300502,
            35.8472901
          ],
          [
            127.1300586,
            35.8473072
          ],
          [
            127.1302146,
            35.8476246
          ]
        ]
      },
      "id": "way/1070844591"
    },
    {
      "type": "Feature",
      "properties": {
        "@id": "way/1072200543",
        "highway": "footway"
      },
      "geometry": {
        "type": "LineString",
        "coordinates": [
          [
            127.1348159,
            35.8429147
          ],
          [
            127.1347706,
            35.8429728
          ],
          [
            127.1346669,
            35.8429629
          ],
          [
            127.134613,
            35.8430519
          ],
          [
            127.1345886,
            35.8431746
          ]
        ]
      },
      "id": "way/1072200543"
    },
    {
      "type": "Feature",
      "properties": {
        "@id": "way/1072200544",
        "highway": "steps"
      },
      "geometry": {
        "type": "LineString",
        "coordinates": [
          [
            127.1345886,
            35.8431746
          ],
          [
            127.1345856,
            35.843271
          ]
        ]
      },
      "id": "way/1072200544"
    },
    {
      "type": "Feature",
      "properties": {
        "@id": "way/1072200545",
        "highway": "footway"
      },
      "geometry": {
        "type": "LineString",
        "coordinates": [
          [
            127.1344266,
            35.8433448
          ],
          [
            127.1345406,
            35.8433237
          ],
          [
            127.1345856,
            35.843271
          ]
        ]
      },
      "id": "way/1072200545"
    },
    {
      "type": "Feature",
      "properties": {
        "@id": "way/1072200546",
        "footway": "sidewalk",
        "highway": "footway"
      },
      "geometry": {
        "type": "LineString",
        "coordinates": [
          [
            127.1344266,
            35.8433448
          ],
          [
            127.1342187,
            35.8433567
          ],
          [
            127.133743,
            35.843393
          ]
        ]
      },
      "id": "way/1072200546"
    },
    {
      "type": "Feature",
      "properties": {
        "@id": "way/1072200547",
        "crossing": "marked",
        "crossing:markings": "yes",
        "footway": "crossing",
        "highway": "footway"
      },
      "geometry": {
        "type": "LineString",
        "coordinates": [
          [
            127.133743,
            35.843393
          ],
          [
            127.1337458,
            35.8434424
          ],
          [
            127.1337481,
            35.8434815
          ]
        ]
      },
      "id": "way/1072200547"
    },
    {
      "type": "Feature",
      "properties": {
        "@id": "way/1072200548",
        "crossing": "marked",
        "crossing:markings": "yes",
        "footway": "crossing",
        "highway": "footway"
      },
      "geometry": {
        "type": "LineString",
        "coordinates": [
          [
            127.1342187,
            35.8433567
          ],
          [
            127.1342295,
            35.8433934
          ],
          [
            127.1342473,
            35.8434413
          ]
        ]
      },
      "id": "way/1072200548"
    },
    {
      "type": "Feature",
      "properties": {
        "@id": "way/1072200549",
        "crossing": "marked",
        "crossing:markings": "yes",
        "footway": "crossing",
        "highway": "footway"
      },
      "geometry": {
        "type": "LineString",
        "coordinates": [
          [
            127.1341293,
            35.8434585
          ],
          [
            127.1341957,
            35.8434481
          ],
          [
            127.1342473,
            35.8434413
          ]
        ]
      },
      "id": "way/1072200549"
    },
    {
      "type": "Feature",
      "properties": {
        "@id": "way/1072200550",
        "footway": "sidewalk",
        "highway": "footway"
      },
      "geometry": {
        "type": "LineString",
        "coordinates": [
          [
            127.1342473,
            35.8434413
          ],
          [
            127.1344262,
            35.8437956
          ]
        ]
      },
      "id": "way/1072200550"
    },
    {
      "type": "Feature",
      "properties": {
        "@id": "way/1072200551",
        "crossing": "marked",
        "crossing:markings": "yes",
        "footway": "crossing",
        "highway": "footway"
      },
      "geometry": {
        "type": "LineString",
        "coordinates": [
          [
            127.134317,
            35.8438229
          ],
          [
            127.1343814,
            35.8438068
          ],
          [
            127.1344262,
            35.8437956
          ]
        ]
      },
      "id": "way/1072200551"
    },
    {
      "type": "Feature",
      "properties": {
        "@id": "way/1072200552",
        "crossing": "marked",
        "crossing:markings": "yes",
        "footway": "crossing",
        "highway": "footway"
      },
      "geometry": {
        "type": "LineString",
        "coordinates": [
          [
            127.1344262,
            35.8437956
          ],
          [
            127.1344527,
            35.8438479
          ],
          [
            127.1344745,
            35.8438907
          ]
        ]
      },
      "id": "way/1072200552"
    },
    {
      "type": "Feature",
      "properties": {
        "@id": "way/1072200553",
        "crossing": "marked",
        "crossing:markings": "yes",
        "footway": "crossing",
        "highway": "footway"
      },
      "geometry": {
        "type": "LineString",
        "coordinates": [
          [
            127.1345167,
            35.8442254
          ],
          [
            127.1345808,
            35.8442159
          ],
          [
            127.1346172,
            35.8442105
          ]
        ]
      },
      "id": "way/1072200553"
    },
    {
      "type": "Feature",
      "properties": {
        "@id": "way/1072200554",
        "footway": "sidewalk",
        "highway": "footway"
      },
      "geometry": {
        "type": "LineString",
        "coordinates": [
          [
            127.1346172,
            35.8442105
          ],
          [
            127.1344745,
            35.8438907
          ]
        ]
      },
      "id": "way/1072200554"
    },
    {
      "type": "Feature",
      "properties": {
        "@id": "way/1072205310",
        "footway": "sidewalk",
        "highway": "footway"
      },
      "geometry": {
        "type": "LineString",
        "coordinates": [
          [
            127.1325956,
            35.8434906
          ],
          [
            127.1327506,
            35.843477
          ],
          [
            127.1330121,
            35.8434548
          ],
          [
            127.1335285,
            35.843411
          ]
        ]
      },
      "id": "way/1072205310"
    },
    {
      "type": "Feature",
      "properties": {
        "@id": "way/1072205311",
        "crossing": "marked",
        "crossing:markings": "yes",
        "footway": "crossing",
        "highway": "footway"
      },
      "geometry": {
        "type": "LineString",
        "coordinates": [
          [
            127.1335285,
            35.843411
          ],
          [
            127.1335965,
            35.8434053
          ],
          [
            127.133743,
            35.843393
          ]
        ]
      },
      "id": "way/1072205311"
    },
    {
      "type": "Feature",
      "properties": {
        "@id": "way/1072205312",
        "crossing": "marked",
        "crossing:markings": "yes",
        "footway": "crossing",
        "highway": "footway"
      },
      "geometry": {
        "type": "LineString",
        "coordinates": [
          [
            127.1327564,
            35.8435816
          ],
          [
            127.1327539,
            35.8435367
          ],
          [
            127.1327506,
            35.843477
          ]
        ]
      },
      "id": "way/1072205312"
    },
    {
      "type": "Feature",
      "properties": {
        "@id": "way/1072205313",
        "crossing": "marked",
        "crossing:markings": "yes",
        "footway": "crossing",
        "highway": "footway"
      },
      "geometry": {
        "type": "LineString",
        "coordinates": [
          [
            127.1325023,
            35.843499
          ],
          [
            127.1325419,
            35.8434955
          ],
          [
            127.1325956,
            35.8434906
          ]
        ]
      },
      "id": "way/1072205313"
    },
    {
      "type": "Feature",
      "properties": {
        "@id": "way/1072205314",
        "footway": "sidewalk",
        "highway": "footway"
      },
      "geometry": {
        "type": "LineString",
        "coordinates": [
          [
            127.1325023,
            35.843499
          ],
          [
            127.1321384,
            35.8435335
          ],
          [
            127.1320373,
            35.8435407
          ],
          [
            127.1313335,
            35.8435908
          ],
          [
            127.1312958,
            35.8435875
          ],
          [
            127.1312423,
            35.843581
          ],
          [
            127.1310996,
            35.8434911
          ],
          [
            127.1310767,
            35.8434368
          ],
          [
            127.1310646,
            35.8433578
          ],
          [
            127.1310904,
            35.8432823
          ]
        ]
      },
      "id": "way/1072205314"
    },
    {
      "type": "Feature",
      "properties": {
        "@id": "way/1072205316",
        "crossing": "uncontrolled",
        "crossing:markings": "yes",
        "footway": "crossing",
        "highway": "footway"
      },
      "geometry": {
        "type": "LineString",
        "coordinates": [
          [
            127.1313452,
            35.843701
          ],
          [
            127.1313397,
            35.8436491
          ],
          [
            127.1313335,
            35.8435908
          ]
        ]
      },
      "id": "way/1072205316"
    },
    {
      "type": "Feature",
      "properties": {
        "@id": "way/1072205317",
        "crossing": "uncontrolled",
        "crossing:markings": "yes",
        "footway": "crossing",
        "highway": "footway"
      },
      "geometry": {
        "type": "LineString",
        "coordinates": [
          [
            127.1310103,
            35.8437385
          ],
          [
            127.1310131,
            35.8436788
          ],
          [
            127.1310153,
            35.8436304
          ]
        ]
      },
      "id": "way/1072205317"
    },
    {
      "type": "Feature",
      "properties": {
        "@id": "way/1072205318",
        "crossing": "uncontrolled",
        "crossing:markings": "yes",
        "footway": "crossing",
        "highway": "footway"
      },
      "geometry": {
        "type": "LineString",
        "coordinates": [
          [
            127.1310206,
            35.8435255
          ],
          [
            127.1310584,
            35.843509
          ],
          [
            127.1310996,
            35.8434911
          ]
        ]
      },
      "id": "way/1072205318"
    },
    {
      "type": "Feature",
      "properties": {
        "@id": "way/1072205319",
        "footway": "sidewalk",
        "highway": "footway"
      },
      "geometry": {
        "type": "LineString",
        "coordinates": [
          [
            127.1310153,
            35.8436304
          ],
          [
            127.1310086,
            35.843562
          ],
          [
            127.1310206,
            35.8435255
          ]
        ]
      },
      "id": "way/1072205319"
    },
    {
      "type": "Feature",
      "properties": {
        "@id": "way/1072205320",
        "footway": "sidewalk",
        "highway": "footway"
      },
      "geometry": {
        "type": "LineString",
        "coordinates": [
          [
            127.1309611,
            35.8435489
          ],
          [
            127.1310086,
            35.843562
          ]
        ]
      },
      "id": "way/1072205320"
    },
    {
      "type": "Feature",
      "properties": {
        "@id": "way/1072205321",
        "crossing": "uncontrolled",
        "crossing:markings": "yes",
        "footway": "crossing",
        "highway": "footway"
      },
      "geometry": {
        "type": "LineString",
        "coordinates": [
          [
            127.1309611,
            35.8435489
          ],
          [
            127.1308581,
            35.8435277
          ],
          [
            127.1307392,
            35.8435033
          ]
        ]
      },
      "id": "way/1072205321"
    },
    {
      "type": "Feature",
      "properties": {
        "@id": "way/1072205322",
        "crossing": "uncontrolled",
        "crossing:markings": "yes",
        "footway": "crossing",
        "highway": "footway"
      },
      "geometry": {
        "type": "LineString",
        "coordinates": [
          [
            127.13066,
            35.8438312
          ],
          [
            127.1306829,
            35.8437355
          ],
          [
            127.1306968,
            35.8436775
          ]
        ]
      },
      "id": "way/1072205322"
    },
    {
      "type": "Feature",
      "properties": {
        "@id": "way/1072205323",
        "footway": "sidewalk",
        "highway": "footway"
      },
      "geometry": {
        "type": "LineString",
        "coordinates": [
          [
            127.1309831,
            35.8428053
          ],
          [
            127.1309928,
            35.8427822
          ],
          [
            127.1311705,
            35.8423595
          ],
          [
            127.1314714,
            35.8415464
          ],
          [
            127.1314916,
            35.8415127
          ],
          [
            127.1315911,
            35.8412568
          ],
          [
            127.1316053,
            35.8412202
          ],
          [
            127.1316725,
            35.8410853
          ]
        ]
      },
      "id": "way/1072205323"
    },
    {
      "type": "Feature",
      "properties": {
        "@id": "way/1072205324",
        "crossing": "uncontrolled",
        "crossing:markings": "yes",
        "footway": "crossing",
        "highway": "footway"
      },
      "geometry": {
        "type": "LineString",
        "coordinates": [
          [
            127.1311705,
            35.8423595
          ],
          [
            127.1312393,
            35.8423768
          ],
          [
            127.1313361,
            35.842401
          ],
          [
            127.1313471,
            35.8424038
          ],
          [
            127.1314428,
            35.8424278
          ]
        ]
      },
      "id": "way/1072205324"
    },
    {
      "type": "Feature",
      "properties": {
        "@id": "way/1072205325",
        "footway": "sidewalk",
        "highway": "footway"
      },
      "geometry": {
        "type": "LineString",
        "coordinates": [
          [
            127.1318074,
            35.8413389
          ],
          [
            127.1317709,
            35.841368
          ],
          [
            127.131691,
            35.8416083
          ],
          [
            127.1317044,
            35.8416519
          ],
          [
            127.1314405,
            35.8423991
          ],
          [
            127.1314428,
            35.8424278
          ],
          [
            127.1314344,
            35.8424506
          ]
        ]
      },
      "id": "way/1072205325"
    },
    {
      "type": "Feature",
      "properties": {
        "@id": "way/1072205326",
        "highway": "footway"
      },
      "geometry": {
        "type": "LineString",
        "coordinates": [
          [
            127.1310767,
            35.8434368
          ],
          [
            127.1311674,
            35.8434307
          ],
          [
            127.1311963,
            35.8434021
          ],
          [
            127.1312512,
            35.8433677
          ],
          [
            127.1313078,
            35.8433118
          ],
          [
            127.1313857,
            35.8432157
          ],
          [
            127.1314388,
            35.8431353
          ],
          [
            127.1314147,
            35.8429539
          ],
          [
            127.1314453,
            35.8428919
          ],
          [
            127.1315964,
            35.8428579
          ]
        ]
      },
      "id": "way/1072205326"
    },
    {
      "type": "Feature",
      "properties": {
        "@id": "way/1072205330",
        "highway": "footway"
      },
      "geometry": {
        "type": "LineString",
        "coordinates": [
          [
            127.1313568,
            35.8415283
          ],
          [
            127.1313081,
            35.8415492
          ],
          [
            127.1312109,
            35.8417549
          ],
          [
            127.1311709,
            35.8418196
          ],
          [
            127.1311036,
            35.8419763
          ],
          [
            127.1310337,
            35.8419882
          ],
          [
            127.130969,
            35.8420206
          ],
          [
            127.1308751,
            35.8421967
          ],
          [
            127.1308366,
            35.8422728
          ],
          [
            127.1307641,
            35.8422816
          ],
          [
            127.1306951,
            35.842406
          ]
        ]
      },
      "id": "way/1072205330"
    },
    {
      "type": "Feature",
      "properties": {
        "@id": "way/1072205331",
        "highway": "footway"
      },
      "geometry": {
        "type": "LineString",
        "coordinates": [
          [
            127.1308366,
            35.8422728
          ],
          [
            127.1308951,
            35.8422879
          ],
          [
            127.1309583,
            35.8422953
          ],
          [
            127.1310615,
            35.8423078
          ],
          [
            127.1310806,
            35.8423069
          ],
          [
            127.1311139,
            35.8423053
          ],
          [
            127.1311508,
            35.8423428
          ],
          [
            127.1311705,
            35.8423595
          ]
        ]
      },
      "id": "way/1072205331"
    },
    {
      "type": "Feature",
      "properties": {
        "@id": "way/1072205332",
        "highway": "footway"
      },
      "geometry": {
        "type": "LineString",
        "coordinates": [
          [
            127.1310806,
            35.8423069
          ],
          [
            127.1311154,
            35.8422054
          ],
          [
            127.1311601,
            35.8420655
          ],
          [
            127.1311493,
            35.8420044
          ],
          [
            127.1311036,
            35.8419763
          ]
        ]
      },
      "id": "way/1072205332"
    },
    {
      "type": "Feature",
      "properties": {
        "@id": "way/1072205333",
        "highway": "footway"
      },
      "geometry": {
        "type": "LineString",
        "coordinates": [
          [
            127.1311709,
            35.8418196
          ],
          [
            127.13106,
            35.8417459
          ],
          [
            127.131006,
            35.8417546
          ],
          [
            127.1308883,
            35.8418453
          ],
          [
            127.1308196,
            35.8418982
          ],
          [
            127.1307395,
            35.8419469
          ],
          [
            127.1306486,
            35.8420119
          ],
          [
            127.1305516,
            35.8420743
          ],
          [
            127.1305331,
            35.842118
          ],
          [
            127.1305343,
            35.8421185
          ],
          [
            127.1307364,
            35.8421967
          ],
          [
            127.1307641,
            35.8422816
          ]
        ]
      },
      "id": "way/1072205333"
    },
    {
      "type": "Feature",
      "properties": {
        "@id": "way/1072205334",
        "highway": "footway"
      },
      "geometry": {
        "type": "LineString",
        "coordinates": [
          [
            127.1306951,
            35.842406
          ],
          [
            127.13057,
            35.8424452
          ],
          [
            127.130456,
            35.8425664
          ],
          [
            127.1304545,
            35.8425988
          ],
          [
            127.1306779,
            35.8427049
          ]
        ]
      },
      "id": "way/1072205334"
    },
    {
      "type": "Feature",
      "properties": {
        "@id": "way/1090388184",
        "footway": "sidewalk",
        "highway": "footway"
      },
      "geometry": {
        "type": "LineString",
        "coordinates": [
          [
            127.1325058,
            35.8479503
          ],
          [
            127.132537,
            35.8479528
          ]
        ]
      },
      "id": "way/1090388184"
    },
    {
      "type": "Feature",
      "properties": {
        "@id": "way/1090388185",
        "crossing": "marked",
        "crossing:markings": "yes",
        "footway": "crossing",
        "highway": "footway"
      },
      "geometry": {
        "type": "LineString",
        "coordinates": [
          [
            127.132537,
            35.8479528
          ],
          [
            127.1325762,
            35.8479538
          ],
          [
            127.1326363,
            35.8479478
          ]
        ]
      },
      "id": "way/1090388185"
    },
    {
      "type": "Feature",
      "properties": {
        "@id": "way/1090388186",
        "footway": "sidewalk",
        "highway": "footway"
      },
      "geometry": {
        "type": "LineString",
        "coordinates": [
          [
            127.1326363,
            35.8479478
          ],
          [
            127.1330396,
            35.8479632
          ],
          [
            127.1330935,
            35.8479652
          ]
        ]
      },
      "id": "way/1090388186"
    },
    {
      "type": "Feature",
      "properties": {
        "@id": "way/1090388187",
        "footway": "sidewalk",
        "highway": "footway"
      },
      "geometry": {
        "type": "LineString",
        "coordinates": [
          [
            127.1315249,
            35.8487801
          ],
          [
            127.1318165,
            35.8487408
          ],
          [
            127.1324707,
            35.8486801
          ],
          [
            127.1330322,
            35.8486417
          ],
          [
            127.1338668,
            35.8485242
          ],
          [
            127.1345209,
            35.8482699
          ],
          [
            127.1345977,
            35.8482401
          ],
          [
            127.1346976,
            35.8481932
          ],
          [
            127.1347457,
            35.8481441
          ],
          [
            127.1347751,
            35.8480986
          ],
          [
            127.1347905,
            35.8480399
          ],
          [
            127.1347639,
            35.8480021
          ],
          [
            127.1347694,
            35.8479778
          ]
        ]
      },
      "id": "way/1090388187"
    },
    {
      "type": "Feature",
      "properties": {
        "@id": "way/1090388188",
        "footway": "sidewalk",
        "highway": "footway"
      },
      "geometry": {
        "type": "LineString",
        "coordinates": [
          [
            127.1303178,
            35.847866
          ],
          [
            127.1303005,
            35.8479201
          ],
          [
            127.130528,
            35.848389
          ],
          [
            127.1305482,
            35.8484364
          ],
          [
            127.1306482,
            35.84864
          ],
          [
            127.1306941,
            35.8487072
          ],
          [
            127.1307528,
            35.848761
          ],
          [
            127.130823,
            35.848791
          ],
          [
            127.1309148,
            35.8488106
          ],
          [
            127.1310195,
            35.8488189
          ],
          [
            127.1311547,
            35.8488178
          ],
          [
            127.1313265,
            35.8487946
          ],
          [
            127.1315249,
            35.8487801
          ]
        ]
      },
      "id": "way/1090388188"
    },
    {
      "type": "Feature",
      "properties": {
        "@id": "way/1090388189",
        "crossing": "marked",
        "crossing:markings": "yes",
        "footway": "crossing",
        "highway": "footway"
      },
      "geometry": {
        "type": "LineString",
        "coordinates": [
          [
            127.1330322,
            35.8486417
          ],
          [
            127.1330315,
            35.8486741
          ]
        ]
      },
      "id": "way/1090388189"
    },
    {
      "type": "Feature",
      "properties": {
        "@id": "way/1090388190",
        "crossing": "marked",
        "crossing:markings": "yes",
        "footway": "crossing",
        "highway": "footway"
      },
      "geometry": {
        "type": "LineString",
        "coordinates": [
          [
            127.1347694,
            35.8479778
          ],
          [
            127.1347721,
            35.8479293
          ],
          [
            127.1347739,
            35.8478745
          ]
        ]
      },
      "id": "way/1090388190"
    },
    {
      "type": "Feature",
      "properties": {
        "@id": "way/1090388191",
        "crossing": "marked",
        "crossing:markings": "yes",
        "footway": "crossing",
        "highway": "footway"
      },
      "geometry": {
        "type": "LineString",
        "coordinates": [
          [
            127.1320561,
            35.8478618
          ],
          [
            127.1320633,
            35.847799
          ],
          [
            127.1320665,
            35.8477405
          ]
        ]
      },
      "id": "way/1090388191"
    },
    {
      "type": "Feature",
      "properties": {
        "@id": "way/1090388192",
        "crossing": "marked",
        "crossing:markings": "yes",
        "footway": "crossing",
        "highway": "footway"
      },
      "geometry": {
        "type": "LineString",
        "coordinates": [
          [
            127.131475,
            35.8478989
          ],
          [
            127.1314788,
            35.8477758
          ],
          [
            127.1314803,
            35.847727
          ]
        ]
      },
      "id": "way/1090388192"
    },
    {
      "type": "Feature",
      "properties": {
        "@id": "way/1090388193",
        "footway": "sidewalk",
        "highway": "footway"
      },
      "geometry": {
        "type": "LineString",
        "coordinates": [
          [
            127.1308005,
            35.8477124
          ],
          [
            127.1313186,
            35.8477202
          ],
          [
            127.1314803,
            35.847727
          ],
          [
            127.1317121,
            35.8477285
          ],
          [
            127.1317712,
            35.8477305
          ],
          [
            127.1320665,
            35.8477405
          ],
          [
            127.1325257,
            35.8477777
          ],
          [
            127.1332572,
            35.8478025
          ],
          [
            127.1335836,
            35.8478146
          ],
          [
            127.133614,
            35.8478157
          ],
          [
            127.1339045,
            35.8478292
          ]
        ]
      },
      "id": "way/1090388193"
    },
    {
      "type": "Feature",
      "properties": {
        "@id": "way/1090388194",
        "footway": "sidewalk",
        "highway": "footway"
      },
      "geometry": {
        "type": "LineString",
        "coordinates": [
          [
            127.1340016,
            35.8478298
          ],
          [
            127.134459,
            35.8478563
          ],
          [
            127.1347406,
            35.8478726
          ],
          [
            127.1347739,
            35.8478745
          ]
        ]
      },
      "id": "way/1090388194"
    },
    {
      "type": "Feature",
      "properties": {
        "@id": "way/1090388196",
        "footway": "sidewalk",
        "highway": "footway"
      },
      "geometry": {
        "type": "LineString",
        "coordinates": [
          [
            127.1302146,
            35.8476246
          ],
          [
            127.1302791,
            35.8476813
          ],
          [
            127.1304295,
            35.8477048
          ],
          [
            127.1304956,
            35.8477038
          ],
          [
            127.1306302,
            35.8477067
          ]
        ]
      },
      "id": "way/1090388196"
    },
    {
      "type": "Feature",
      "properties": {
        "@id": "way/1090388197",
        "crossing": "marked",
        "crossing:markings": "yes",
        "footway": "crossing",
        "highway": "footway"
      },
      "geometry": {
        "type": "LineString",
        "coordinates": [
          [
            127.1306302,
            35.8477067
          ],
          [
            127.1307304,
            35.8477101
          ],
          [
            127.1308005,
            35.8477124
          ]
        ]
      },
      "id": "way/1090388197"
    },
    {
      "type": "Feature",
      "properties": {
        "@id": "way/1090388198",
        "footway": "sidewalk",
        "highway": "footway"
      },
      "geometry": {
        "type": "LineString",
        "coordinates": [
          [
            127.1347739,
            35.8478745
          ],
          [
            127.1348702,
            35.8478482
          ],
          [
            127.1348755,
            35.8478426
          ],
          [
            127.1349006,
            35.8478162
          ],
          [
            127.1349629,
            35.8476961
          ],
          [
            127.1350401,
            35.8475472
          ],
          [
            127.1351646,
            35.8472577
          ],
          [
            127.1352814,
            35.8469862
          ]
        ]
      },
      "id": "way/1090388198"
    },
    {
      "type": "Feature",
      "properties": {
        "@id": "way/1090388199",
        "crossing": "marked",
        "crossing:markings": "yes",
        "footway": "crossing",
        "highway": "footway"
      },
      "geometry": {
        "type": "LineString",
        "coordinates": [
          [
            127.1352814,
            35.8469862
          ],
          [
            127.1353066,
            35.8469229
          ],
          [
            127.1353314,
            35.8468609
          ]
        ]
      },
      "id": "way/1090388199"
    },
    {
      "type": "Feature",
      "properties": {
        "@id": "way/1090388200",
        "footway": "sidewalk",
        "highway": "footway"
      },
      "geometry": {
        "type": "LineString",
        "coordinates": [
          [
            127.1353314,
            35.8468609
          ],
          [
            127.135355,
            35.8467648
          ],
          [
            127.1353607,
            35.8466517
          ],
          [
            127.1353282,
            35.8464865
          ],
          [
            127.1350917,
            35.8457148
          ],
          [
            127.1350825,
            35.8456848
          ]
        ]
      },
      "id": "way/1090388200"
    },
    {
      "type": "Feature",
      "properties": {
        "@id": "way/1090388201",
        "crossing": "marked",
        "crossing:markings": "yes",
        "footway": "crossing",
        "highway": "footway"
      },
      "geometry": {
        "type": "LineString",
        "coordinates": [
          [
            127.1350825,
            35.8456848
          ],
          [
            127.1350542,
            35.8456064
          ],
          [
            127.1350238,
            35.8455223
          ]
        ]
      },
      "id": "way/1090388201"
    },
    {
      "type": "Feature",
      "properties": {
        "@id": "way/1090392022",
        "crossing": "marked",
        "crossing:markings": "yes",
        "footway": "crossing",
        "highway": "footway"
      },
      "geometry": {
        "type": "LineString",
        "coordinates": [
          [
            127.1358675,
            35.8479189
          ],
          [
            127.1359583,
            35.8479325
          ],
          [
            127.1360353,
            35.8479441
          ]
        ]
      },
      "id": "way/1090392022"
    },
    {
      "type": "Feature",
      "properties": {
        "@id": "way/1090392023",
        "footway": "sidewalk",
        "highway": "footway"
      },
      "geometry": {
        "type": "LineString",
        "coordinates": [
          [
            127.1358675,
            35.8479189
          ],
          [
            127.1350657,
            35.8478779
          ],
          [
            127.135014,
            35.8478477
          ]
        ]
      },
      "id": "way/1090392023"
    },
    {
      "type": "Feature",
      "properties": {
        "@id": "way/1090392024",
        "crossing": "marked",
        "crossing:markings": "yes",
        "footway": "crossing",
        "highway": "footway"
      },
      "geometry": {
        "type": "LineString",
        "coordinates": [
          [
            127.135014,
            35.8478477
          ],
          [
            127.1349429,
            35.8478458
          ],
          [
            127.1348755,
            35.8478426
          ]
        ]
      },
      "id": "way/1090392024"
    },
    {
      "type": "Feature",
      "properties": {
        "@id": "way/1090392025",
        "footway": "sidewalk",
        "highway": "footway"
      },
      "geometry": {
        "type": "LineString",
        "coordinates": [
          [
            127.1275376,
            35.8485638
          ],
          [
            127.127569,
            35.8485483
          ],
          [
            127.1276172,
            35.848529
          ],
          [
            127.1276618,
            35.8485139
          ],
          [
            127.1277192,
            35.8485071
          ],
          [
            127.1278224,
            35.8484907
          ],
          [
            127.1283094,
            35.8484132
          ],
          [
            127.1288433,
            35.8483283
          ],
          [
            127.1288708,
            35.8483319
          ]
        ]
      },
      "id": "way/1090392025"
    },
    {
      "type": "Feature",
      "properties": {
        "@id": "way/1090392026",
        "footway": "sidewalk",
        "highway": "footway"
      },
      "geometry": {
        "type": "LineString",
        "coordinates": [
          [
            127.1282238,
            35.8495803
          ],
          [
            127.1282867,
            35.8494589
          ],
          [
            127.1283115,
            35.849411
          ],
          [
            127.1288708,
            35.8483319
          ]
        ]
      },
      "id": "way/1090392026"
    },
    {
      "type": "Feature",
      "properties": {
        "@id": "way/1090392027",
        "footway": "sidewalk",
        "highway": "footway"
      },
      "geometry": {
        "type": "LineString",
        "coordinates": [
          [
            127.1280725,
            35.8498698
          ],
          [
            127.1281746,
            35.8496824
          ]
        ]
      },
      "id": "way/1090392027"
    },
    {
      "type": "Feature",
      "properties": {
        "@id": "way/1090392028",
        "crossing": "marked",
        "crossing:markings": "yes",
        "footway": "crossing",
        "highway": "footway"
      },
      "geometry": {
        "type": "LineString",
        "coordinates": [
          [
            127.1281746,
            35.8496824
          ],
          [
            127.1281991,
            35.8496352
          ],
          [
            127.1282238,
            35.8495803
          ]
        ]
      },
      "id": "way/1090392028"
    },
    {
      "type": "Feature",
      "properties": {
        "@id": "way/1090392029",
        "crossing": "marked",
        "crossing:markings": "yes",
        "footway": "crossing",
        "highway": "footway"
      },
      "geometry": {
        "type": "LineString",
        "coordinates": [
          [
            127.1288708,
            35.8483319
          ],
          [
            127.1288984,
            35.8482786
          ],
          [
            127.1289342,
            35.8482091
          ]
        ]
      },
      "id": "way/1090392029"
    },
    {
      "type": "Feature",
      "properties": {
        "@id": "way/1090392030",
        "footway": "sidewalk",
        "highway": "footway"
      },
      "geometry": {
        "type": "LineString",
        "coordinates": [
          [
            127.1289342,
            35.8482091
          ],
          [
            127.1292577,
            35.8475982
          ],
          [
            127.1292915,
            35.8475126
          ],
          [
            127.1292962,
            35.8474166
          ],
          [
            127.1292735,
            35.8473529
          ],
          [
            127.1292362,
            35.847291
          ]
        ]
      },
      "id": "way/1090392030"
    },
    {
      "type": "Feature",
      "properties": {
        "@id": "way/1090392031",
        "footway": "sidewalk",
        "highway": "footway"
      },
      "geometry": {
        "type": "LineString",
        "coordinates": [
          [
            127.1282184,
            35.8499079
          ],
          [
            127.1284361,
            35.8494541
          ],
          [
            127.1287652,
            35.8488101
          ]
        ]
      },
      "id": "way/1090392031"
    },
    {
      "type": "Feature",
      "properties": {
        "@id": "way/1090392032",
        "footway": "sidewalk",
        "highway": "footway"
      },
      "geometry": {
        "type": "LineString",
        "coordinates": [
          [
            127.1294314,
            35.8475191
          ],
          [
            127.1295232,
            35.8473427
          ],
          [
            127.1295416,
            35.8473074
          ]
        ]
      },
      "id": "way/1090392032"
    },
    {
      "type": "Feature",
      "properties": {
        "@id": "way/1090392034",
        "footway": "sidewalk",
        "highway": "footway"
      },
      "geometry": {
        "type": "LineString",
        "coordinates": [
          [
            127.1290706,
            35.8482263
          ],
          [
            127.1293764,
            35.847612
          ]
        ]
      },
      "id": "way/1090392034"
    },
    {
      "type": "Feature",
      "properties": {
        "@id": "way/1090392036",
        "footway": "sidewalk",
        "highway": "footway"
      },
      "geometry": {
        "type": "LineString",
        "coordinates": [
          [
            127.1288179,
            35.8487367
          ],
          [
            127.1289959,
            35.848373
          ],
          [
            127.1290317,
            35.8483222
          ]
        ]
      },
      "id": "way/1090392036"
    },
    {
      "type": "Feature",
      "properties": {
        "@id": "way/1090392037",
        "crossing": "marked",
        "crossing:markings": "yes",
        "footway": "crossing",
        "highway": "footway"
      },
      "geometry": {
        "type": "LineString",
        "coordinates": [
          [
            127.1287652,
            35.8488101
          ],
          [
            127.1287923,
            35.84878
          ],
          [
            127.1288179,
            35.8487367
          ]
        ]
      },
      "id": "way/1090392037"
    },
    {
      "type": "Feature",
      "properties": {
        "@id": "way/1091855581",
        "crossing": "marked",
        "crossing:markings": "yes",
        "footway": "crossing",
        "highway": "footway"
      },
      "geometry": {
        "type": "LineString",
        "coordinates": [
          [
            127.1345675,
            35.8443341
          ],
          [
            127.1346332,
            35.8443243
          ],
          [
            127.1346975,
            35.8443148
          ]
        ]
      },
      "id": "way/1091855581"
    },
    {
      "type": "Feature",
      "properties": {
        "@id": "way/1091855582",
        "footway": "sidewalk",
        "highway": "footway"
      },
      "geometry": {
        "type": "LineString",
        "coordinates": [
          [
            127.1346975,
            35.8443148
          ],
          [
            127.1347258,
            35.8442861
          ],
          [
            127.1350983,
            35.8442512
          ]
        ]
      },
      "id": "way/1091855582"
    },
    {
      "type": "Feature",
      "properties": {
        "@id": "way/1091855583",
        "crossing": "marked",
        "crossing:markings": "yes",
        "footway": "crossing",
        "highway": "footway"
      },
      "geometry": {
        "type": "LineString",
        "coordinates": [
          [
            127.1350983,
            35.8442512
          ],
          [
            127.135179,
            35.8442445
          ],
          [
            127.1352333,
            35.84424
          ]
        ]
      },
      "id": "way/1091855583"
    },
    {
      "type": "Feature",
      "properties": {
        "@id": "way/1091855584",
        "footway": "sidewalk",
        "highway": "footway"
      },
      "geometry": {
        "type": "LineString",
        "coordinates": [
          [
            127.1352333,
            35.84424
          ],
          [
            127.1356401,
            35.844205
          ],
          [
            127.1358124,
            35.8441874
          ],
          [
            127.1359023,
            35.8441822
          ]
        ]
      },
      "id": "way/1091855584"
    },
    {
      "type": "Feature",
      "properties": {
        "@id": "way/1091855585",
        "crossing": "marked",
        "crossing:markings": "yes",
        "footway": "crossing",
        "highway": "footway"
      },
      "geometry": {
        "type": "LineString",
        "coordinates": [
          [
            127.1359023,
            35.8441822
          ],
          [
            127.1359426,
            35.8441826
          ],
          [
            127.1359852,
            35.8441827
          ]
        ]
      },
      "id": "way/1091855585"
    },
    {
      "type": "Feature",
      "properties": {
        "@id": "way/1091855586",
        "footway": "sidewalk",
        "highway": "footway"
      },
      "geometry": {
        "type": "LineString",
        "coordinates": [
          [
            127.1359852,
            35.8441827
          ],
          [
            127.136072,
            35.8441822
          ],
          [
            127.1361747,
            35.844192
          ],
          [
            127.1362889,
            35.8442127
          ],
          [
            127.1363584,
            35.8442288
          ],
          [
            127.1369001,
            35.8443839
          ],
          [
            127.1370454,
            35.8444255
          ]
        ]
      },
      "id": "way/1091855586"
    },
    {
      "type": "Feature",
      "properties": {
        "@id": "way/1091855587",
        "crossing": "marked",
        "crossing:markings": "yes",
        "footway": "crossing",
        "highway": "footway"
      },
      "geometry": {
        "type": "LineString",
        "coordinates": [
          [
            127.1376328,
            35.8446178
          ],
          [
            127.1377113,
            35.8446384
          ],
          [
            127.1377948,
            35.8446612
          ]
        ]
      },
      "id": "way/1091855587"
    },
    {
      "type": "Feature",
      "properties": {
        "@id": "way/1091855589",
        "footway": "sidewalk",
        "highway": "footway"
      },
      "geometry": {
        "type": "LineString",
        "coordinates": [
          [
            127.1346172,
            35.8442105
          ],
          [
            127.1346928,
            35.8442258
          ],
          [
            127.1347055,
            35.8442243
          ],
          [
            127.1351586,
            35.8441566
          ]
        ]
      },
      "id": "way/1091855589"
    },
    {
      "type": "Feature",
      "properties": {
        "@id": "way/1091855590",
        "crossing": "marked",
        "crossing:markings": "yes",
        "footway": "crossing",
        "highway": "footway"
      },
      "geometry": {
        "type": "LineString",
        "coordinates": [
          [
            127.1351586,
            35.8441566
          ],
          [
            127.135207,
            35.8441527
          ],
          [
            127.1352413,
            35.84415
          ]
        ]
      },
      "id": "way/1091855590"
    },
    {
      "type": "Feature",
      "properties": {
        "@id": "way/1091855591",
        "footway": "sidewalk",
        "highway": "footway"
      },
      "geometry": {
        "type": "LineString",
        "coordinates": [
          [
            127.1352413,
            35.84415
          ],
          [
            127.1358049,
            35.8441045
          ],
          [
            127.1359165,
            35.8440971
          ],
          [
            127.1360204,
            35.8440971
          ],
          [
            127.1361494,
            35.8441014
          ],
          [
            127.1362457,
            35.8441162
          ],
          [
            127.1363754,
            35.8441414
          ],
          [
            127.1370738,
            35.8443381
          ],
          [
            127.1370986,
            35.8442909
          ],
          [
            127.1371269,
            35.8442457
          ]
        ]
      },
      "id": "way/1091855591"
    },
    {
      "type": "Feature",
      "properties": {
        "@id": "way/1091855592",
        "footway": "sidewalk",
        "highway": "footway"
      },
      "geometry": {
        "type": "LineString",
        "coordinates": [
          [
            127.1370454,
            35.8444255
          ],
          [
            127.137442,
            35.8445309
          ],
          [
            127.1375677,
            35.8445992
          ],
          [
            127.1376328,
            35.8446178
          ]
        ]
      },
      "id": "way/1091855592"
    },
    {
      "type": "Feature",
      "properties": {
        "@id": "way/1091855593",
        "footway": "sidewalk",
        "highway": "footway"
      },
      "geometry": {
        "type": "LineString",
        "coordinates": [
          [
            127.1346975,
            35.8443148
          ],
          [
            127.134799,
            35.8445376
          ]
        ]
      },
      "id": "way/1091855593"
    },
    {
      "type": "Feature",
      "properties": {
        "@id": "way/1091855594",
        "crossing": "marked",
        "crossing:markings": "yes",
        "footway": "crossing",
        "highway": "footway"
      },
      "geometry": {
        "type": "LineString",
        "coordinates": [
          [
            127.134799,
            35.8445376
          ],
          [
            127.1348281,
            35.8446004
          ],
          [
            127.1348583,
            35.8446659
          ]
        ]
      },
      "id": "way/1091855594"
    },
    {
      "type": "Feature",
      "properties": {
        "@id": "way/1091855595",
        "footway": "sidewalk",
        "highway": "footway"
      },
      "geometry": {
        "type": "LineString",
        "coordinates": [
          [
            127.1348583,
            35.8446659
          ],
          [
            127.1350172,
            35.8449813
          ],
          [
            127.135051,
            35.8450961
          ]
        ]
      },
      "id": "way/1091855595"
    },
    {
      "type": "Feature",
      "properties": {
        "@id": "way/1091855596",
        "crossing": "marked",
        "crossing:markings": "yes",
        "footway": "crossing",
        "highway": "footway"
      },
      "geometry": {
        "type": "LineString",
        "coordinates": [
          [
            127.135051,
            35.8450961
          ],
          [
            127.1350714,
            35.8451653
          ],
          [
            127.1350982,
            35.8452574
          ]
        ]
      },
      "id": "way/1091855596"
    },
    {
      "type": "Feature",
      "properties": {
        "@id": "way/1091855597",
        "footway": "sidewalk",
        "highway": "footway"
      },
      "geometry": {
        "type": "LineString",
        "coordinates": [
          [
            127.1350982,
            35.8452574
          ],
          [
            127.1351951,
            35.8455734
          ]
        ]
      },
      "id": "way/1091855597"
    },
    {
      "type": "Feature",
      "properties": {
        "@id": "way/1091855598",
        "crossing": "marked",
        "crossing:markings": "yes",
        "footway": "crossing",
        "highway": "footway"
      },
      "geometry": {
        "type": "LineString",
        "coordinates": [
          [
            127.1351951,
            35.8455734
          ],
          [
            127.1352097,
            35.8456182
          ],
          [
            127.1352259,
            35.8456677
          ]
        ]
      },
      "id": "way/1091855598"
    },
    {
      "type": "Feature",
      "properties": {
        "@id": "way/1091855599",
        "footway": "sidewalk",
        "highway": "footway"
      },
      "geometry": {
        "type": "LineString",
        "coordinates": [
          [
            127.1352259,
            35.8456677
          ],
          [
            127.1352337,
            35.8456944
          ],
          [
            127.135467,
            35.8464893
          ],
          [
            127.1354971,
            35.8465919
          ],
          [
            127.1355067,
            35.8466519
          ],
          [
            127.1355078,
            35.846738
          ],
          [
            127.1354951,
            35.8467972
          ]
        ]
      },
      "id": "way/1091855599"
    },
    {
      "type": "Feature",
      "properties": {
        "@id": "way/1091855600",
        "footway": "sidewalk",
        "highway": "footway"
      },
      "geometry": {
        "type": "LineString",
        "coordinates": [
          [
            127.135014,
            35.8478477
          ],
          [
            127.1351392,
            35.847575
          ],
          [
            127.1354548,
            35.8469232
          ]
        ]
      },
      "id": "way/1091855600"
    },
    {
      "type": "Feature",
      "properties": {
        "@id": "way/1091855601",
        "crossing": "marked",
        "crossing:markings": "yes",
        "footway": "crossing",
        "highway": "footway"
      },
      "geometry": {
        "type": "LineString",
        "coordinates": [
          [
            127.1354951,
            35.8467972
          ],
          [
            127.135476,
            35.846867
          ],
          [
            127.1354548,
            35.8469232
          ]
        ]
      },
      "id": "way/1091855601"
    },
    {
      "type": "Feature",
      "properties": {
        "@id": "way/1091855602",
        "crossing": "uncontrolled",
        "crossing:markings": "yes",
        "footway": "crossing",
        "highway": "footway"
      },
      "geometry": {
        "type": "LineString",
        "coordinates": [
          [
            127.1321104,
            35.8444902
          ],
          [
            127.1321212,
            35.8445497
          ],
          [
            127.1321248,
            35.8445969
          ]
        ]
      },
      "id": "way/1091855602"
    },
    {
      "type": "Feature",
      "properties": {
        "@id": "way/1091855603",
        "crossing": "marked",
        "crossing:markings": "yes",
        "footway": "crossing",
        "highway": "footway"
      },
      "geometry": {
        "type": "LineString",
        "coordinates": [
          [
            127.1339017,
            35.844411
          ],
          [
            127.1338958,
            35.844369
          ],
          [
            127.1338938,
            35.844355
          ],
          [
            127.1338901,
            35.8442996
          ]
        ]
      },
      "id": "way/1091855603"
    },
    {
      "type": "Feature",
      "properties": {
        "@id": "way/1091855604",
        "crossing": "marked",
        "crossing:markings": "yes",
        "footway": "crossing",
        "highway": "footway"
      },
      "geometry": {
        "type": "LineString",
        "coordinates": [
          [
            127.1332979,
            35.8444814
          ],
          [
            127.1332886,
            35.8444361
          ],
          [
            127.1332857,
            35.8444217
          ],
          [
            127.133272,
            35.8443662
          ]
        ]
      },
      "id": "way/1091855604"
    },
    {
      "type": "Feature",
      "properties": {
        "@id": "way/1091855605",
        "crossing": "marked",
        "crossing:markings": "yes",
        "footway": "crossing",
        "highway": "footway"
      },
      "geometry": {
        "type": "LineString",
        "coordinates": [
          [
            127.1311273,
            35.8447233
          ],
          [
            127.1311171,
            35.8446589
          ],
          [
            127.1311069,
            35.8445998
          ]
        ]
      },
      "id": "way/1091855605"
    },
    {
      "type": "Feature",
      "properties": {
        "@id": "way/1091855607",
        "footway": "sidewalk",
        "highway": "footway"
      },
      "geometry": {
        "type": "LineString",
        "coordinates": [
          [
            127.1350825,
            35.8456848
          ],
          [
            127.1344986,
            35.8456574
          ],
          [
            127.1339821,
            35.845642
          ],
          [
            127.1338706,
            35.845581
          ]
        ]
      },
      "id": "way/1091855607"
    },
    {
      "type": "Feature",
      "properties": {
        "@id": "way/1091860427",
        "crossing": "no",
        "crossing:markings": "yes",
        "footway": "crossing",
        "highway": "footway"
      },
      "geometry": {
        "type": "LineString",
        "coordinates": [
          [
            127.1357458,
            35.8494421
          ],
          [
            127.1357812,
            35.8494506
          ],
          [
            127.1358311,
            35.8494626
          ]
        ]
      },
      "id": "way/1091860427"
    },
    {
      "type": "Feature",
      "properties": {
        "@id": "way/1091860428",
        "footway": "sidewalk",
        "highway": "footway"
      },
      "geometry": {
        "type": "LineString",
        "coordinates": [
          [
            127.1358311,
            35.8494626
          ],
          [
            127.1363032,
            35.8483824
          ],
          [
            127.136417,
            35.8483237
          ],
          [
            127.1364387,
            35.8483485
          ],
          [
            127.1365031,
            35.8484212
          ],
          [
            127.1364971,
            35.8484717
          ],
          [
            127.1360436,
            35.849565
          ]
        ]
      },
      "id": "way/1091860428"
    },
    {
      "type": "Feature",
      "properties": {
        "@id": "way/1091860429",
        "crossing": "marked",
        "crossing:markings": "yes",
        "footway": "crossing",
        "highway": "footway"
      },
      "geometry": {
        "type": "LineString",
        "coordinates": [
          [
            127.1360436,
            35.849565
          ],
          [
            127.1360804,
            35.8495741
          ],
          [
            127.1361264,
            35.8495898
          ],
          [
            127.136154,
            35.8495981
          ]
        ]
      },
      "id": "way/1091860429"
    },
    {
      "type": "Feature",
      "properties": {
        "@id": "way/1091860430",
        "crossing": "marked",
        "crossing:markings": "yes",
        "footway": "crossing",
        "highway": "footway"
      },
      "geometry": {
        "type": "LineString",
        "coordinates": [
          [
            127.1364387,
            35.8483485
          ],
          [
            127.1364997,
            35.8483129
          ],
          [
            127.1365368,
            35.8482913
          ]
        ]
      },
      "id": "way/1091860430"
    },
    {
      "type": "Feature",
      "properties": {
        "@id": "way/1091860431",
        "footway": "sidewalk",
        "highway": "footway"
      },
      "geometry": {
        "type": "LineString",
        "coordinates": [
          [
            127.1365368,
            35.8482913
          ],
          [
            127.1365458,
            35.8482656
          ],
          [
            127.136583,
            35.8482452
          ],
          [
            127.1366204,
            35.848254
          ]
        ]
      },
      "id": "way/1091860431"
    },
    {
      "type": "Feature",
      "properties": {
        "@id": "way/1091860432",
        "crossing": "marked",
        "crossing:markings": "yes",
        "footway": "crossing",
        "highway": "footway"
      },
      "geometry": {
        "type": "LineString",
        "coordinates": [
          [
            127.1366204,
            35.848254
          ],
          [
            127.1366561,
            35.8481811
          ],
          [
            127.1366783,
            35.8481356
          ]
        ]
      },
      "id": "way/1091860432"
    },
    {
      "type": "Feature",
      "properties": {
        "@id": "way/1091860433",
        "footway": "sidewalk",
        "highway": "footway"
      },
      "geometry": {
        "type": "LineString",
        "coordinates": [
          [
            127.1365871,
            35.8481077
          ],
          [
            127.1366783,
            35.8481356
          ]
        ]
      },
      "id": "way/1091860433"
    },
    {
      "type": "Feature",
      "properties": {
        "@id": "way/1091860434",
        "crossing": "marked",
        "crossing:markings": "yes",
        "footway": "crossing",
        "highway": "footway"
      },
      "geometry": {
        "type": "LineString",
        "coordinates": [
          [
            127.1364597,
            35.8480799
          ],
          [
            127.1364295,
            35.8481161
          ],
          [
            127.136382,
            35.8481731
          ]
        ]
      },
      "id": "way/1091860434"
    },
    {
      "type": "Feature",
      "properties": {
        "@id": "way/1091860435",
        "footway": "sidewalk",
        "highway": "footway"
      },
      "geometry": {
        "type": "LineString",
        "coordinates": [
          [
            127.136382,
            35.8481731
          ],
          [
            127.1363198,
            35.8481508
          ]
        ]
      },
      "id": "way/1091860435"
    },
    {
      "type": "Feature",
      "properties": {
        "@id": "way/1091860436",
        "crossing": "marked",
        "crossing:markings": "yes",
        "footway": "crossing",
        "highway": "footway"
      },
      "geometry": {
        "type": "LineString",
        "coordinates": [
          [
            127.1363198,
            35.8481508
          ],
          [
            127.1362595,
            35.8481264
          ],
          [
            127.1362142,
            35.8481089
          ]
        ]
      },
      "id": "way/1091860436"
    },
    {
      "type": "Feature",
      "properties": {
        "@id": "way/1091860437",
        "footway": "sidewalk",
        "highway": "footway"
      },
      "geometry": {
        "type": "LineString",
        "coordinates": [
          [
            127.1362142,
            35.8481089
          ],
          [
            127.1359373,
            35.8480298
          ],
          [
            127.1356152,
            35.8480122
          ]
        ]
      },
      "id": "way/1091860437"
    },
    {
      "type": "Feature",
      "properties": {
        "@id": "way/1091860438",
        "crossing": "marked",
        "crossing:markings": "yes",
        "footway": "crossing",
        "highway": "footway"
      },
      "geometry": {
        "type": "LineString",
        "coordinates": [
          [
            127.1356152,
            35.8480122
          ],
          [
            127.135535,
            35.8480091
          ],
          [
            127.1354623,
            35.8479945
          ]
        ]
      },
      "id": "way/1091860438"
    },
    {
      "type": "Feature",
      "properties": {
        "@id": "way/1091860439",
        "footway": "sidewalk",
        "highway": "footway"
      },
      "geometry": {
        "type": "LineString",
        "coordinates": [
          [
            127.1354623,
            35.8479945
          ],
          [
            127.135217,
            35.8479792
          ]
        ]
      },
      "id": "way/1091860439"
    },
    {
      "type": "Feature",
      "properties": {
        "@id": "way/1091860440",
        "crossing": "marked",
        "crossing:markings": "yes",
        "footway": "crossing",
        "highway": "footway"
      },
      "geometry": {
        "type": "LineString",
        "coordinates": [
          [
            127.135217,
            35.8479792
          ],
          [
            127.1351357,
            35.8479864
          ],
          [
            127.1350477,
            35.8479845
          ],
          [
            127.1349939,
            35.8479833
          ],
          [
            127.1348555,
            35.8479781
          ],
          [
            127.1347694,
            35.8479778
          ]
        ]
      },
      "id": "way/1091860440"
    },
    {
      "type": "Feature",
      "properties": {
        "@id": "way/1097687063",
        "highway": "steps"
      },
      "geometry": {
        "type": "LineString",
        "coordinates": [
          [
            127.1322941,
            35.8454481
          ],
          [
            127.1327909,
            35.8455502
          ]
        ]
      },
      "id": "way/1097687063"
    },
    {
      "type": "Feature",
      "properties": {
        "@id": "way/1097687066",
        "footway": "sidewalk",
        "highway": "footway"
      },
      "geometry": {
        "type": "LineString",
        "coordinates": [
          [
            127.1325956,
            35.8434906
          ],
          [
            127.1324981,
            35.8428453
          ]
        ]
      },
      "id": "way/1097687066"
    },
    {
      "type": "Feature",
      "properties": {
        "@id": "way/1097687067",
        "crossing": "marked",
        "crossing:markings": "yes",
        "footway": "crossing",
        "highway": "footway"
      },
      "geometry": {
        "type": "LineString",
        "coordinates": [
          [
            127.1324981,
            35.8428453
          ],
          [
            127.1324879,
            35.8427728
          ],
          [
            127.1324825,
            35.8427343
          ]
        ]
      },
      "id": "way/1097687067"
    },
    {
      "type": "Feature",
      "properties": {
        "@id": "way/1097687068",
        "footway": "sidewalk",
        "highway": "footway"
      },
      "geometry": {
        "type": "LineString",
        "coordinates": [
          [
            127.1324825,
            35.8427343
          ],
          [
            127.1324347,
            35.8424271
          ],
          [
            127.1332998,
            35.8423518
          ]
        ]
      },
      "id": "way/1097687068"
    },
    {
      "type": "Feature",
      "properties": {
        "@id": "way/1097688851",
        "highway": "steps"
      },
      "geometry": {
        "type": "LineString",
        "coordinates": [
          [
            127.1314799,
            35.8424646
          ],
          [
            127.1315683,
            35.8424665
          ],
          [
            127.1317253,
            35.8424535
          ],
          [
            127.1318208,
            35.8424425
          ]
        ]
      },
      "id": "way/1097688851"
    },
    {
      "type": "Feature",
      "properties": {
        "@id": "way/1097688852",
        "footway": "sidewalk",
        "highway": "footway"
      },
      "geometry": {
        "type": "LineString",
        "coordinates": [
          [
            127.1314344,
            35.8424506
          ],
          [
            127.1314799,
            35.8424646
          ]
        ]
      },
      "id": "way/1097688852"
    },
    {
      "type": "Feature",
      "properties": {
        "@id": "way/1097688853",
        "footway": "sidewalk",
        "highway": "footway"
      },
      "geometry": {
        "type": "LineString",
        "coordinates": [
          [
            127.1318208,
            35.8424425
          ],
          [
            127.1318253,
            35.842476
          ]
        ]
      },
      "id": "way/1097688853"
    },
    {
      "type": "Feature",
      "properties": {
        "@id": "way/1097688854",
        "highway": "steps"
      },
      "geometry": {
        "type": "LineString",
        "coordinates": [
          [
            127.1343986,
            35.8439879
          ],
          [
            127.1342709,
            35.8439978
          ]
        ]
      },
      "id": "way/1097688854"
    },
    {
      "type": "Feature",
      "properties": {
        "@id": "way/1115640438",
        "footway": "sidewalk",
        "highway": "footway"
      },
      "geometry": {
        "type": "LineString",
        "coordinates": [
          [
            127.131006,
            35.8417546
          ],
          [
            127.1308851,
            35.8416925
          ],
          [
            127.1309778,
            35.8416125
          ],
          [
            127.1311086,
            35.8414969
          ],
          [
            127.1312159,
            35.8413791
          ],
          [
            127.131376,
            35.8412044
          ],
          [
            127.131465,
            35.8411221
          ],
          [
            127.1315384,
            35.8410588
          ],
          [
            127.1316115,
            35.8410253
          ],
          [
            127.1316594,
            35.8410282
          ],
          [
            127.1316725,
            35.8410853
          ]
        ]
      },
      "id": "way/1115640438"
    },
    {
      "type": "Feature",
      "properties": {
        "@id": "way/1115640441",
        "highway": "footway"
      },
      "geometry": {
        "type": "LineString",
        "coordinates": [
          [
            127.1326894,
            35.8415414
          ],
          [
            127.1326093,
            35.8416394
          ],
          [
            127.1325643,
            35.8416898
          ],
          [
            127.1326361,
            35.841735
          ],
          [
            127.1326994,
            35.8417933
          ],
          [
            127.1327306,
            35.8418324
          ],
          [
            127.1327263,
            35.8418951
          ],
          [
            127.1326909,
            35.8419933
          ],
          [
            127.1326179,
            35.8420386
          ],
          [
            127.1325342,
            35.842049
          ],
          [
            127.1324791,
            35.8421614
          ]
        ]
      },
      "id": "way/1115640441"
    },
    {
      "type": "Feature",
      "properties": {
        "@id": "way/1175116966",
        "footway": "sidewalk",
        "highway": "footway",
        "surface": "concrete"
      },
      "geometry": {
        "type": "LineString",
        "coordinates": [
          [
            127.1339093,
            35.8464103
          ],
          [
            127.1337587,
            35.8464036
          ],
          [
            127.1335311,
            35.8464028
          ],
          [
            127.1334759,
            35.8464026
          ],
          [
            127.1334013,
            35.8463985
          ],
          [
            127.1329519,
            35.8463877
          ],
          [
            127.1328564,
            35.8463785
          ],
          [
            127.1326855,
            35.8462886
          ],
          [
            127.1326343,
            35.8462653
          ],
          [
            127.1325677,
            35.8462582
          ],
          [
            127.1325102,
            35.8462399
          ],
          [
            127.1324751,
            35.8462108
          ],
          [
            127.1321198,
            35.8457851
          ]
        ]
      },
      "id": "way/1175116966"
    },
    {
      "type": "Feature",
      "properties": {
        "@id": "way/1175116968",
        "footway": "sidewalk",
        "highway": "footway"
      },
      "geometry": {
        "type": "LineString",
        "coordinates": [
          [
            127.1319938,
            35.8457996
          ],
          [
            127.1319214,
            35.8457182
          ],
          [
            127.1318111,
            35.84573
          ],
          [
            127.1312826,
            35.845787
          ],
          [
            127.1311342,
            35.845803
          ],
          [
            127.1305359,
            35.8458792
          ],
          [
            127.1305217,
            35.845881
          ]
        ]
      },
      "id": "way/1175116968"
    },
    {
      "type": "Feature",
      "properties": {
        "@id": "way/1175116969",
        "footway": "sidewalk",
        "highway": "footway"
      },
      "geometry": {
        "type": "LineString",
        "coordinates": [
          [
            127.1306953,
            35.8457415
          ],
          [
            127.1305411,
            35.84576
          ],
          [
            127.1304901,
            35.8457593
          ],
          [
            127.130465,
            35.8457382
          ],
          [
            127.1304462,
            35.8456904
          ],
          [
            127.1304904,
            35.8454407
          ]
        ]
      },
      "id": "way/1175116969"
    },
    {
      "type": "Feature",
      "properties": {
        "@id": "way/1175116970",
        "footway": "sidewalk",
        "highway": "footway"
      },
      "geometry": {
        "type": "LineString",
        "coordinates": [
          [
            127.13029,
            35.8454088
          ],
          [
            127.1302483,
            35.8453823
          ],
          [
            127.1301704,
            35.8453729
          ],
          [
            127.129723,
            35.8453964
          ]
        ]
      },
      "id": "way/1175116970"
    },
    {
      "type": "Feature",
      "properties": {
        "@id": "way/1175116971",
        "footway": "sidewalk",
        "highway": "footway"
      },
      "geometry": {
        "type": "LineString",
        "coordinates": [
          [
            127.129534,
            35.8454074
          ],
          [
            127.1294699,
            35.8454113
          ],
          [
            127.1286394,
            35.8454611
          ],
          [
            127.1285965,
            35.8454715
          ]
        ]
      },
      "id": "way/1175116971"
    },
    {
      "type": "Feature",
      "properties": {
        "@id": "way/1175116972",
        "crossing": "uncontrolled",
        "crossing:markings": "yes",
        "footway": "crossing",
        "highway": "footway"
      },
      "geometry": {
        "type": "LineString",
        "coordinates": [
          [
            127.13029,
            35.8454088
          ],
          [
            127.1303009,
            35.8453238
          ],
          [
            127.1303099,
            35.8452684
          ]
        ]
      },
      "id": "way/1175116972"
    },
    {
      "type": "Feature",
      "properties": {
        "@id": "way/1228643052",
        "highway": "footway"
      },
      "geometry": {
        "type": "LineString",
        "coordinates": [
          [
            127.1313568,
            35.8415283
          ],
          [
            127.1314714,
            35.8415464
          ]
        ]
      },
      "id": "way/1228643052"
    },
    {
      "type": "Feature",
      "properties": {
        "@id": "way/1232322991",
        "highway": "path"
      },
      "geometry": {
        "type": "LineString",
        "coordinates": [
          [
            127.1372701,
            35.8514295
          ],
          [
            127.1374878,
            35.8514694
          ],
          [
            127.137565,
            35.8514898
          ]
        ]
      },
      "id": "way/1232322991"
    },
    {
      "type": "Feature",
      "properties": {
        "@id": "way/1232323011",
        "highway": "path"
      },
      "geometry": {
        "type": "LineString",
        "coordinates": [
          [
            127.137425,
            35.849627
          ],
          [
            127.1374404,
            35.8495681
          ],
          [
            127.1374363,
            35.8495139
          ],
          [
            127.1374428,
            35.8494573
          ],
          [
            127.1374895,
            35.8493495
          ],
          [
            127.1375493,
            35.8492867
          ],
          [
            127.1377444,
            35.8491299
          ],
          [
            127.1378662,
            35.8490593
          ],
          [
            127.1380698,
            35.8489699
          ],
          [
            127.1382742,
            35.8489271
          ],
          [
            127.138466,
            35.8489366
          ],
          [
            127.13861,
            35.8489786
          ],
          [
            127.1387505,
            35.849051
          ],
          [
            127.1390017,
            35.8492737
          ]
        ]
      },
      "id": "way/1232323011"
    },
    {
      "type": "Feature",
      "properties": {
        "@id": "way/1232323021",
        "highway": "path"
      },
      "geometry": {
        "type": "LineString",
        "coordinates": [
          [
            127.1355249,
            35.8509926
          ],
          [
            127.1355664,
            35.8509785
          ],
          [
            127.1355993,
            35.8509654
          ],
          [
            127.1357916,
            35.8508596
          ],
          [
            127.1358656,
            35.850793
          ],
          [
            127.1358972,
            35.8507177
          ],
          [
            127.135927,
            35.8506542
          ],
          [
            127.1360009,
            35.8505246
          ],
          [
            127.1360274,
            35.8504991
          ],
          [
            127.1360766,
            35.8504736
          ],
          [
            127.1361759,
            35.8504113
          ]
        ]
      },
      "id": "way/1232323021"
    },
    {
      "type": "Feature",
      "properties": {
        "@id": "way/1232323049",
        "highway": "path"
      },
      "geometry": {
        "type": "LineString",
        "coordinates": [
          [
            127.1359334,
            35.8523952
          ],
          [
            127.1360165,
            35.8523953
          ],
          [
            127.1360796,
            35.8523684
          ],
          [
            127.1361417,
            35.8523294
          ],
          [
            127.1361877,
            35.8522763
          ],
          [
            127.1362631,
            35.8522471
          ],
          [
            127.1363523,
            35.8522416
          ],
          [
            127.1365817,
            35.8521985
          ],
          [
            127.1366664,
            35.8521891
          ],
          [
            127.1367435,
            35.8521675
          ],
          [
            127.1368239,
            35.8521217
          ],
          [
            127.1368643,
            35.8520611
          ],
          [
            127.136891,
            35.8519964
          ],
          [
            127.1369409,
            35.8519264
          ],
          [
            127.1370067,
            35.8518842
          ],
          [
            127.1370905,
            35.8518455
          ],
          [
            127.1371702,
            35.8518208
          ],
          [
            127.1372368,
            35.8517718
          ],
          [
            127.137307,
            35.8516999
          ],
          [
            127.1373768,
            35.8516487
          ],
          [
            127.13744,
            35.8515814
          ],
          [
            127.1374999,
            35.8515302
          ],
          [
            127.137565,
            35.8514898
          ]
        ]
      },
      "id": "way/1232323049"
    },
    {
      "type": "Feature",
      "properties": {
        "@id": "way/1232323053",
        "highway": "path"
      },
      "geometry": {
        "type": "LineString",
        "coordinates": [
          [
            127.137565,
            35.8514898
          ],
          [
            127.1376461,
            35.8514951
          ],
          [
            127.1377227,
            35.8515085
          ],
          [
            127.1378789,
            35.8515706
          ],
          [
            127.1381093,
            35.8516044
          ]
        ]
      },
      "id": "way/1232323053"
    },
    {
      "type": "Feature",
      "properties": {
        "@id": "way/1232323065",
        "highway": "path"
      },
      "geometry": {
        "type": "LineString",
        "coordinates": [
          [
            127.1372138,
            35.850149
          ],
          [
            127.1371211,
            35.8501601
          ],
          [
            127.1370598,
            35.8501714
          ],
          [
            127.1370165,
            35.8501963
          ],
          [
            127.1369408,
            35.8502019
          ],
          [
            127.1368535,
            35.850193
          ],
          [
            127.1367554,
            35.8502251
          ],
          [
            127.1366834,
            35.8502107
          ],
          [
            127.1366222,
            35.8502317
          ],
          [
            127.1365644,
            35.8502958
          ],
          [
            127.1364631,
            35.8503705
          ],
          [
            127.1363539,
            35.8504038
          ],
          [
            127.1362763,
            35.8504096
          ],
          [
            127.1361759,
            35.8504113
          ]
        ]
      },
      "id": "way/1232323065"
    },
    {
      "type": "Feature",
      "properties": {
        "@id": "way/1232323078",
        "highway": "path"
      },
      "geometry": {
        "type": "LineString",
        "coordinates": [
          [
            127.1293796,
            35.8532725
          ],
          [
            127.1294685,
            35.8531975
          ],
          [
            127.129525,
            35.853111
          ],
          [
            127.1296093,
            35.8530514
          ],
          [
            127.1296731,
            35.8529593
          ],
          [
            127.1298277,
            35.8528399
          ],
          [
            127.1298909,
            35.8527212
          ],
          [
            127.1299972,
            35.8526081
          ],
          [
            127.1301535,
            35.8525461
          ],
          [
            127.1303098,
            35.8524679
          ],
          [
            127.1303929,
            35.8524329
          ],
          [
            127.1305808,
            35.8524047
          ],
          [
            127.1306551,
            35.8523808
          ],
          [
            127.1307254,
            35.8523036
          ],
          [
            127.1307832,
            35.852206
          ],
          [
            127.1308118,
            35.852088
          ],
          [
            127.1307416,
            35.852053
          ],
          [
            127.1306856,
            35.8520388
          ]
        ]
      },
      "id": "way/1232323078"
    },
    {
      "type": "Feature",
      "properties": {
        "@id": "way/1232323081",
        "highway": "path"
      },
      "geometry": {
        "type": "LineString",
        "coordinates": [
          [
            127.1381093,
            35.8516044
          ],
          [
            127.1379808,
            35.8516743
          ],
          [
            127.1378361,
            35.8517499
          ],
          [
            127.1377362,
            35.8518127
          ],
          [
            127.1376779,
            35.8518784
          ],
          [
            127.1376431,
            35.8519659
          ],
          [
            127.1376398,
            35.8520522
          ],
          [
            127.1376663,
            35.8521196
          ],
          [
            127.137673,
            35.8522247
          ],
          [
            127.137693,
            35.8523028
          ]
        ]
      },
      "id": "way/1232323081"
    },
    {
      "type": "Feature",
      "properties": {
        "@id": "way/1232323123",
        "highway": "path"
      },
      "geometry": {
        "type": "LineString",
        "coordinates": [
          [
            127.137565,
            35.8514898
          ],
          [
            127.1375141,
            35.8513842
          ],
          [
            127.1375021,
            35.8512919
          ],
          [
            127.1375186,
            35.8511847
          ],
          [
            127.1375149,
            35.8510395
          ],
          [
            127.1375448,
            35.8509593
          ],
          [
            127.1375903,
            35.8508872
          ],
          [
            127.1376026,
            35.8507794
          ],
          [
            127.1376491,
            35.8506932
          ],
          [
            127.1376715,
            35.8506373
          ],
          [
            127.1376611,
            35.8505819
          ],
          [
            127.1374733,
            35.8503963
          ],
          [
            127.1373423,
            35.8503018
          ],
          [
            127.1372521,
            35.8502018
          ],
          [
            127.1372138,
            35.850149
          ]
        ]
      },
      "id": "way/1232323123"
    },
    {
      "type": "Feature",
      "properties": {
        "@id": "way/1232323133",
        "highway": "path"
      },
      "geometry": {
        "type": "LineString",
        "coordinates": [
          [
            127.1372138,
            35.850149
          ],
          [
            127.1372849,
            35.8500982
          ],
          [
            127.1372892,
            35.8500389
          ],
          [
            127.137302,
            35.8499629
          ],
          [
            127.137342,
            35.849904
          ],
          [
            127.1374016,
            35.8498554
          ],
          [
            127.1374235,
            35.8497917
          ],
          [
            127.137414,
            35.8497244
          ],
          [
            127.1374233,
            35.8496422
          ],
          [
            127.137425,
            35.849627
          ]
        ]
      },
      "id": "way/1232323133"
    },
    {
      "type": "Feature",
      "properties": {
        "@id": "way/1280489681",
        "highway": "footway"
      },
      "geometry": {
        "type": "LineString",
        "coordinates": [
          [
            127.1332854,
            35.8473662
          ],
          [
            127.1334565,
            35.8473503
          ],
          [
            127.1335906,
            35.8473378
          ],
          [
            127.1338825,
            35.8473485
          ],
          [
            127.1339186,
            35.8474789
          ],
          [
            127.1339204,
            35.8475091
          ],
          [
            127.1339139,
            35.847661
          ],
          [
            127.1339045,
            35.8478292
          ]
        ]
      },
      "id": "way/1280489681"
    },
    {
      "type": "Feature",
      "properties": {
        "@id": "way/1280489682",
        "highway": "footway"
      },
      "geometry": {
        "type": "LineString",
        "coordinates": [
          [
            127.1340314,
            35.8474834
          ],
          [
            127.1340626,
            35.8474844
          ],
          [
            127.1341241,
            35.8474865
          ],
          [
            127.1342792,
            35.8474917
          ],
          [
            127.1344053,
            35.8474959
          ],
          [
            127.134733,
            35.8475069
          ],
          [
            127.1347609,
            35.8475106
          ],
          [
            127.1348048,
            35.8475163
          ],
          [
            127.1348244,
            35.8475189
          ],
          [
            127.1348486,
            35.8475221
          ],
          [
            127.1350401,
            35.8475472
          ],
          [
            127.1350793,
            35.8475569
          ],
          [
            127.1351392,
            35.847575
          ]
        ]
      },
      "id": "way/1280489682"
    },
    {
      "type": "Feature",
      "properties": {
        "@id": "way/1293436255",
        "highway": "footway"
      },
      "geometry": {
        "type": "LineString",
        "coordinates": [
          [
            127.133614,
            35.8478157
          ],
          [
            127.1336225,
            35.8477408
          ]
        ]
      },
      "id": "way/1293436255"
    },
    {
      "type": "Feature",
      "properties": {
        "@id": "way/1293436256",
        "footway": "sidewalk",
        "highway": "footway"
      },
      "geometry": {
        "type": "LineString",
        "coordinates": [
          [
            127.1339139,
            35.847661
          ],
          [
            127.1338765,
            35.8476581
          ]
        ]
      },
      "id": "way/1293436256"
    },
    {
      "type": "Feature",
      "properties": {
        "@id": "way/1293436257",
        "highway": "footway"
      },
      "geometry": {
        "type": "LineString",
        "coordinates": [
          [
            127.1335906,
            35.8473378
          ],
          [
            127.1335865,
            35.8474178
          ]
        ]
      },
      "id": "way/1293436257"
    },
    {
      "type": "Feature",
      "properties": {
        "@id": "way/1293436258",
        "highway": "footway"
      },
      "geometry": {
        "type": "LineString",
        "coordinates": [
          [
            127.1332724,
            35.8475808
          ],
          [
            127.1333764,
            35.8475839
          ]
        ]
      },
      "id": "way/1293436258"
    },
    {
      "type": "Feature",
      "properties": {
        "@id": "way/1299259738",
        "footway": "sidewalk",
        "highway": "footway"
      },
      "geometry": {
        "type": "LineString",
        "coordinates": [
          [
            127.1285965,
            35.8454715
          ],
          [
            127.128627,
            35.8455282
          ],
          [
            127.1291485,
            35.846255
          ]
        ]
      },
      "id": "way/1299259738"
    },
    {
      "type": "Feature",
      "properties": {
        "@id": "way/1326487544",
        "footway": "sidewalk",
        "highway": "footway"
      },
      "geometry": {
        "type": "LineString",
        "coordinates": [
          [
            127.1287576,
            35.8466889
          ],
          [
            127.1287563,
            35.8467684
          ],
          [
            127.1287649,
            35.8468568
          ]
        ]
      },
      "id": "way/1326487544"
    },
    {
      "type": "Feature",
      "properties": {
        "@id": "way/1326487545",
        "crossing": "uncontrolled",
        "crossing:markings": "yes",
        "footway": "crossing",
        "highway": "footway"
      },
      "geometry": {
        "type": "LineString",
        "coordinates": [
          [
            127.1287781,
            35.8466049
          ],
          [
            127.1287654,
            35.8466456
          ],
          [
            127.1287576,
            35.8466889
          ]
        ]
      },
      "id": "way/1326487545"
    },
    {
      "type": "Feature",
      "properties": {
        "@id": "way/1326487546",
        "crossing": "uncontrolled",
        "crossing:markings": "yes",
        "footway": "crossing",
        "highway": "footway"
      },
      "geometry": {
        "type": "LineString",
        "coordinates": [
          [
            127.1289846,
            35.8463331
          ],
          [
            127.1290643,
            35.8463908
          ],
          [
            127.1291439,
            35.8464409
          ]
        ]
      },
      "id": "way/1326487546"
    },
    {
      "type": "Feature",
      "properties": {
        "@id": "way/1326487547",
        "footway": "sidewalk",
        "highway": "footway"
      },
      "geometry": {
        "type": "LineString",
        "coordinates": [
          [
            127.129117,
            35.8462639
          ],
          [
            127.1291331,
            35.8462594
          ],
          [
            127.1291485,
            35.846255
          ],
          [
            127.1292997,
            35.8462459
          ],
          [
            127.1295061,
            35.8462437
          ],
          [
            127.1296387,
            35.846277
          ],
          [
            127.1297222,
            35.846277
          ],
          [
            127.1297942,
            35.8462695
          ],
          [
            127.1298205,
            35.8462648
          ],
          [
            127.12999,
            35.8462338
          ],
          [
            127.1300911,
            35.8461761
          ],
          [
            127.1301362,
            35.8461086
          ],
          [
            127.130139,
            35.8460956
          ],
          [
            127.1302756,
            35.8454671
          ],
          [
            127.13029,
            35.8454088
          ]
        ]
      },
      "id": "way/1326487547"
    },
    {
      "type": "Feature",
      "properties": {
        "@id": "way/1326487548",
        "crossing": "uncontrolled",
        "crossing:markings": "yes",
        "footway": "crossing",
        "highway": "footway"
      },
      "geometry": {
        "type": "LineString",
        "coordinates": [
          [
            127.1291439,
            35.8464409
          ],
          [
            127.1291384,
            35.846348
          ],
          [
            127.1291331,
            35.8462594
          ]
        ]
      },
      "id": "way/1326487548"
    },
    {
      "type": "Feature",
      "properties": {
        "@id": "way/1326487549",
        "highway": "footway"
      },
      "geometry": {
        "type": "LineString",
        "coordinates": [
          [
            127.1291439,
            35.8464409
          ],
          [
            127.1291769,
            35.8464733
          ],
          [
            127.129248,
            35.8465553
          ],
          [
            127.1294448,
            35.8464799
          ],
          [
            127.1295747,
            35.8464965
          ],
          [
            127.1296505,
            35.8466062
          ],
          [
            127.1297455,
            35.8467436
          ],
          [
            127.1297168,
            35.8468079
          ],
          [
            127.1295019,
            35.8469057
          ],
          [
            127.1292959,
            35.8469995
          ],
          [
            127.1291865,
            35.846984
          ],
          [
            127.1291177,
            35.8468768
          ],
          [
            127.1290444,
            35.8467624
          ],
          [
            127.1290826,
            35.8466716
          ],
          [
            127.129248,
            35.8465553
          ]
        ]
      },
      "id": "way/1326487549"
    },
    {
      "type": "Feature",
      "properties": {
        "@id": "way/1326487551",
        "highway": "steps"
      },
      "geometry": {
        "type": "LineString",
        "coordinates": [
          [
            127.1294808,
            35.846876
          ],
          [
            127.1294431,
            35.8468228
          ]
        ]
      },
      "id": "way/1326487551"
    },
    {
      "type": "Feature",
      "properties": {
        "@id": "way/1326487552",
        "highway": "footway"
      },
      "geometry": {
        "type": "LineString",
        "coordinates": [
          [
            127.1291177,
            35.8468768
          ],
          [
            127.1289897,
            35.8469452
          ]
        ]
      },
      "id": "way/1326487552"
    },
    {
      "type": "Feature",
      "properties": {
        "@id": "way/1326487553",
        "crossing": "uncontrolled",
        "crossing:markings": "yes",
        "footway": "crossing",
        "highway": "footway"
      },
      "geometry": {
        "type": "LineString",
        "coordinates": [
          [
            127.1289897,
            35.8469452
          ],
          [
            127.1289248,
            35.8469801
          ],
          [
            127.1288762,
            35.8470062
          ]
        ]
      },
      "id": "way/1326487553"
    },
    {
      "type": "Feature",
      "properties": {
        "@id": "way/1326487554",
        "footway": "sidewalk",
        "highway": "footway"
      },
      "geometry": {
        "type": "LineString",
        "coordinates": [
          [
            127.1288762,
            35.8470062
          ],
          [
            127.1288421,
            35.8470301
          ]
        ]
      },
      "id": "way/1326487554"
    },
    {
      "type": "Feature",
      "properties": {
        "@id": "way/1326487557",
        "crossing": "uncontrolled",
        "crossing:markings": "yes",
        "footway": "crossing",
        "highway": "footway"
      },
      "geometry": {
        "type": "LineString",
        "coordinates": [
          [
            127.130139,
            35.8460956
          ],
          [
            127.1301979,
            35.8461041
          ],
          [
            127.1302739,
            35.8461151
          ],
          [
            127.1303371,
            35.8461243
          ]
        ]
      },
      "id": "way/1326487557"
    },
    {
      "type": "Feature",
      "properties": {
        "@id": "way/1326487558",
        "crossing": "uncontrolled",
        "crossing:markings": "yes",
        "footway": "crossing",
        "highway": "footway"
      },
      "geometry": {
        "type": "LineString",
        "coordinates": [
          [
            127.1299438,
            35.846469
          ],
          [
            127.1298516,
            35.8465121
          ],
          [
            127.1297935,
            35.8465393
          ]
        ]
      },
      "id": "way/1326487558"
    },
    {
      "type": "Feature",
      "properties": {
        "@id": "way/1326487559",
        "highway": "footway"
      },
      "geometry": {
        "type": "LineString",
        "coordinates": [
          [
            127.1297935,
            35.8465393
          ],
          [
            127.1296505,
            35.8466062
          ]
        ]
      },
      "id": "way/1326487559"
    },
    {
      "type": "Feature",
      "properties": {
        "@id": "way/1326487560",
        "highway": "footway"
      },
      "geometry": {
        "type": "LineString",
        "coordinates": [
          [
            127.1295019,
            35.8469057
          ],
          [
            127.1296123,
            35.8470587
          ]
        ]
      },
      "id": "way/1326487560"
    },
    {
      "type": "Feature",
      "properties": {
        "@id": "way/1326487561",
        "crossing": "uncontrolled",
        "crossing:markings": "yes",
        "footway": "crossing",
        "highway": "footway"
      },
      "geometry": {
        "type": "LineString",
        "coordinates": [
          [
            127.1296123,
            35.8470587
          ],
          [
            127.1296736,
            35.847136
          ],
          [
            127.1297055,
            35.8471799
          ],
          [
            127.129737,
            35.847216
          ]
        ]
      },
      "id": "way/1326487561"
    },
    {
      "type": "Feature",
      "properties": {
        "@id": "way/1327522085",
        "highway": "footway"
      },
      "geometry": {
        "type": "LineString",
        "coordinates": [
          [
            127.1287844,
            35.8469214
          ],
          [
            127.1283984,
            35.8469568
          ],
          [
            127.1284319,
            35.8471264
          ]
        ]
      },
      "id": "way/1327522085"
    },
    {
      "type": "Feature",
      "properties": {
        "@id": "way/1327522086",
        "footway": "sidewalk",
        "highway": "footway"
      },
      "geometry": {
        "type": "LineString",
        "coordinates": [
          [
            127.1287576,
            35.8466889
          ],
          [
            127.128724,
            35.8466674
          ],
          [
            127.1284467,
            35.8466549
          ],
          [
            127.1281263,
            35.8466337
          ],
          [
            127.1280462,
            35.8466224
          ],
          [
            127.1272728,
            35.8464901
          ],
          [
            127.1272266,
            35.8465026
          ],
          [
            127.1271527,
            35.8466861
          ]
        ]
      },
      "id": "way/1327522086"
    },
    {
      "type": "Feature",
      "properties": {
        "@id": "way/1327522087",
        "highway": "footway"
      },
      "geometry": {
        "type": "LineString",
        "coordinates": [
          [
            127.1271527,
            35.8466861
          ],
          [
            127.1272728,
            35.8471369
          ],
          [
            127.1274099,
            35.8471132
          ],
          [
            127.1274654,
            35.8472718
          ]
        ]
      },
      "id": "way/1327522087"
    },
    {
      "type": "Feature",
      "properties": {
        "@id": "way/1327522088",
        "footway": "sidewalk",
        "highway": "footway"
      },
      "geometry": {
        "type": "LineString",
        "coordinates": [
          [
            127.1287781,
            35.8466049
          ],
          [
            127.1287348,
            35.8466224
          ],
          [
            127.1283067,
            35.846595
          ]
        ]
      },
      "id": "way/1327522088"
    },
    {
      "type": "Feature",
      "properties": {
        "@id": "way/1327522090",
        "crossing": "uncontrolled",
        "crossing:markings": "yes",
        "footway": "crossing",
        "highway": "footway"
      },
      "geometry": {
        "type": "LineString",
        "coordinates": [
          [
            127.1279198,
            35.8465525
          ],
          [
            127.1278788,
            35.8465436
          ],
          [
            127.1278397,
            35.846535
          ]
        ]
      },
      "id": "way/1327522090"
    },
    {
      "type": "Feature",
      "properties": {
        "@id": "way/1327522091",
        "footway": "sidewalk",
        "highway": "footway"
      },
      "geometry": {
        "type": "LineString",
        "coordinates": [
          [
            127.1278397,
            35.846535
          ],
          [
            127.1273568,
            35.8464413
          ],
          [
            127.1272605,
            35.8464226
          ],
          [
            127.1260866,
            35.8461617
          ]
        ]
      },
      "id": "way/1327522091"
    },
    {
      "type": "Feature",
      "properties": {
        "@id": "way/1327522092",
        "crossing": "uncontrolled",
        "crossing:markings": "yes",
        "footway": "crossing",
        "highway": "footway"
      },
      "geometry": {
        "type": "LineString",
        "coordinates": [
          [
            127.1306953,
            35.8457415
          ],
          [
            127.1307439,
            35.8457352
          ],
          [
            127.1307865,
            35.8457296
          ]
        ]
      },
      "id": "way/1327522092"
    },
    {
      "type": "Feature",
      "properties": {
        "@id": "way/1327522093",
        "footway": "sidewalk",
        "highway": "footway"
      },
      "geometry": {
        "type": "LineString",
        "coordinates": [
          [
            127.1307865,
            35.8457296
          ],
          [
            127.1312023,
            35.845673
          ],
          [
            127.1312352,
            35.845669
          ],
          [
            127.1312624,
            35.8456656
          ],
          [
            127.1316515,
            35.8456176
          ],
          [
            127.1317709,
            35.8456002
          ],
          [
            127.1318085,
            35.8455883
          ],
          [
            127.1318138,
            35.8455437
          ],
          [
            127.1318192,
            35.8454958
          ],
          [
            127.1318527,
            35.8454274
          ],
          [
            127.1318688,
            35.8453589
          ],
          [
            127.1318648,
            35.8452871
          ],
          [
            127.1318085,
            35.845024
          ],
          [
            127.1317844,
            35.8448991
          ],
          [
            127.1317501,
            35.8447204
          ],
          [
            127.1317481,
            35.8447099
          ],
          [
            127.131674,
            35.8446539
          ]
        ]
      },
      "id": "way/1327522093"
    },
    {
      "type": "Feature",
      "properties": {
        "@id": "way/1327522094",
        "highway": "steps"
      },
      "geometry": {
        "type": "LineString",
        "coordinates": [
          [
            127.1317239,
            35.8453055
          ],
          [
            127.1318648,
            35.8452871
          ]
        ]
      },
      "id": "way/1327522094"
    },
    {
      "type": "Feature",
      "properties": {
        "@id": "way/1327522095",
        "highway": "steps"
      },
      "geometry": {
        "type": "LineString",
        "coordinates": [
          [
            127.1316724,
            35.8449142
          ],
          [
            127.1316929,
            35.8450395
          ],
          [
            127.1318085,
            35.845024
          ]
        ]
      },
      "id": "way/1327522095"
    },
    {
      "type": "Feature",
      "properties": {
        "@id": "way/1327522096",
        "highway": "footway"
      },
      "geometry": {
        "type": "LineString",
        "coordinates": [
          [
            127.1317844,
            35.8448991
          ],
          [
            127.1316724,
            35.8449142
          ],
          [
            127.1314204,
            35.8449468
          ],
          [
            127.1313795,
            35.8449521
          ]
        ]
      },
      "id": "way/1327522096"
    },
    {
      "type": "Feature",
      "properties": {
        "@id": "way/1327522097",
        "crossing": "uncontrolled",
        "crossing:markings": "yes",
        "footway": "crossing",
        "highway": "footway"
      },
      "geometry": {
        "type": "LineString",
        "coordinates": [
          [
            127.130465,
            35.8457382
          ],
          [
            127.1304537,
            35.8458274
          ],
          [
            127.1304439,
            35.8459041
          ]
        ]
      },
      "id": "way/1327522097"
    },
    {
      "type": "Feature",
      "properties": {
        "@id": "way/1327522098",
        "crossing": "uncontrolled",
        "crossing:markings": "yes",
        "footway": "crossing",
        "highway": "footway"
      },
      "geometry": {
        "type": "LineString",
        "coordinates": [
          [
            127.1317945,
            35.8456137
          ],
          [
            127.1318016,
            35.845663
          ],
          [
            127.1318085,
            35.8457164
          ]
        ]
      },
      "id": "way/1327522098"
    },
    {
      "type": "Feature",
      "properties": {
        "@id": "way/1327522107",
        "crossing": "uncontrolled",
        "crossing:markings": "yes",
        "footway": "crossing",
        "highway": "footway"
      },
      "geometry": {
        "type": "LineString",
        "coordinates": [
          [
            127.131265,
            35.845681
          ],
          [
            127.1312727,
            35.8457272
          ],
          [
            127.1312817,
            35.8457727
          ]
        ]
      },
      "id": "way/1327522107"
    },
    {
      "type": "Feature",
      "properties": {
        "@id": "way/1327522110",
        "footway": "sidewalk",
        "highway": "footway"
      },
      "geometry": {
        "type": "LineString",
        "coordinates": [
          [
            127.1312624,
            35.8456656
          ],
          [
            127.131265,
            35.845681
          ]
        ]
      },
      "id": "way/1327522110"
    },
    {
      "type": "Feature",
      "properties": {
        "@id": "way/1327522111",
        "footway": "sidewalk",
        "highway": "footway"
      },
      "geometry": {
        "type": "LineString",
        "coordinates": [
          [
            127.1318085,
            35.8455883
          ],
          [
            127.1317945,
            35.8456137
          ]
        ]
      },
      "id": "way/1327522111"
    },
    {
      "type": "Feature",
      "properties": {
        "@id": "way/1327522112",
        "highway": "cycleway"
      },
      "geometry": {
        "type": "LineString",
        "coordinates": [
          [
            127.1304626,
            35.845899
          ],
          [
            127.1304938,
            35.8458749
          ],
          [
            127.1305343,
            35.8458662
          ],
          [
            127.1308601,
            35.8458247
          ],
          [
            127.1312817,
            35.8457727
          ],
          [
            127.1318085,
            35.8457164
          ]
        ]
      },
      "id": "way/1327522112"
    },
    {
      "type": "Feature",
      "properties": {
        "@id": "way/1327522113",
        "footway": "sidewalk",
        "highway": "footway"
      },
      "geometry": {
        "type": "LineString",
        "coordinates": [
          [
            127.1312817,
            35.8457727
          ],
          [
            127.1312826,
            35.845787
          ]
        ]
      },
      "id": "way/1327522113"
    },
    {
      "type": "Feature",
      "properties": {
        "@id": "way/1327522114",
        "footway": "sidewalk",
        "highway": "footway"
      },
      "geometry": {
        "type": "LineString",
        "coordinates": [
          [
            127.1318085,
            35.8457164
          ],
          [
            127.1318111,
            35.84573
          ]
        ]
      },
      "id": "way/1327522114"
    },
    {
      "type": "Feature",
      "properties": {
        "@id": "way/1327522115",
        "crossing": "unmarked",
        "crossing:markings": "no",
        "footway": "crossing",
        "highway": "footway"
      },
      "geometry": {
        "type": "LineString",
        "coordinates": [
          [
            127.1321198,
            35.8457851
          ],
          [
            127.1320925,
            35.8457469
          ],
          [
            127.132033,
            35.8457373
          ],
          [
            127.1319214,
            35.8457182
          ]
        ]
      },
      "id": "way/1327522115"
    },
    {
      "type": "Feature",
      "properties": {
        "@id": "way/1327522116",
        "footway": "sidewalk",
        "highway": "footway"
      },
      "geometry": {
        "type": "LineString",
        "coordinates": [
          [
            127.1319938,
            35.8457996
          ],
          [
            127.1323274,
            35.8462163
          ],
          [
            127.132375,
            35.8462776
          ],
          [
            127.1323713,
            35.8463248
          ],
          [
            127.1323158,
            35.8463585
          ],
          [
            127.1319861,
            35.8463514
          ]
        ]
      },
      "id": "way/1327522116"
    },
    {
      "type": "Feature",
      "properties": {
        "@id": "way/1327522117",
        "footway": "sidewalk",
        "highway": "footway"
      },
      "geometry": {
        "type": "LineString",
        "coordinates": [
          [
            127.1304904,
            35.8454407
          ],
          [
            127.1305008,
            35.8453937
          ],
          [
            127.1305097,
            35.8453536
          ],
          [
            127.130512,
            35.8453433
          ],
          [
            127.1305284,
            35.8452691
          ],
          [
            127.1305332,
            35.8452473
          ],
          [
            127.1305498,
            35.8451721
          ],
          [
            127.1305786,
            35.8450421
          ],
          [
            127.1306194,
            35.8448279
          ],
          [
            127.1306441,
            35.8447824
          ],
          [
            127.1306671,
            35.8447753
          ],
          [
            127.1306976,
            35.8447718
          ],
          [
            127.1309945,
            35.844738
          ]
        ]
      },
      "id": "way/1327522117"
    },
    {
      "type": "Feature",
      "properties": {
        "@id": "way/1327522118",
        "crossing": "unmarked",
        "crossing:markings": "no",
        "footway": "crossing",
        "highway": "footway"
      },
      "geometry": {
        "type": "LineString",
        "coordinates": [
          [
            127.1303331,
            35.8452484
          ],
          [
            127.1304279,
            35.8452584
          ],
          [
            127.1305284,
            35.8452691
          ]
        ]
      },
      "id": "way/1327522118"
    },
    {
      "type": "Feature",
      "properties": {
        "@id": "way/1327522121",
        "crossing": "uncontrolled",
        "crossing:markings": "yes",
        "footway": "crossing",
        "highway": "footway"
      },
      "geometry": {
        "type": "LineString",
        "coordinates": [
          [
            127.129723,
            35.8453964
          ],
          [
            127.1297195,
            35.8453508
          ],
          [
            127.1297157,
            35.8452996
          ]
        ]
      },
      "id": "way/1327522121"
    },
    {
      "type": "Feature",
      "properties": {
        "@id": "way/1327522122",
        "crossing": "uncontrolled",
        "crossing:markings": "yes",
        "footway": "crossing",
        "highway": "footway"
      },
      "geometry": {
        "type": "LineString",
        "coordinates": [
          [
            127.1294674,
            35.8453153
          ],
          [
            127.1294686,
            35.8453625
          ],
          [
            127.1294699,
            35.8454113
          ]
        ]
      },
      "id": "way/1327522122"
    },
    {
      "type": "Feature",
      "properties": {
        "@id": "way/1327522123",
        "highway": "footway"
      },
      "geometry": {
        "type": "LineString",
        "coordinates": [
          [
            127.1297222,
            35.846277
          ],
          [
            127.1296562,
            35.8458926
          ]
        ]
      },
      "id": "way/1327522123"
    },
    {
      "type": "Feature",
      "properties": {
        "@id": "way/1327522124",
        "crossing": "uncontrolled",
        "crossing:markings": "yes",
        "footway": "crossing",
        "highway": "footway"
      },
      "geometry": {
        "type": "LineString",
        "coordinates": [
          [
            127.1285965,
            35.8454715
          ],
          [
            127.1284934,
            35.8455044
          ],
          [
            127.1284018,
            35.8455337
          ]
        ]
      },
      "id": "way/1327522124"
    },
    {
      "type": "Feature",
      "properties": {
        "@id": "way/1327522125",
        "crossing": "uncontrolled",
        "crossing:markings": "yes",
        "footway": "crossing",
        "highway": "footway"
      },
      "geometry": {
        "type": "LineString",
        "coordinates": [
          [
            127.1283411,
            35.8454627
          ],
          [
            127.12832,
            35.8454307
          ],
          [
            127.1282838,
            35.8453849
          ]
        ]
      },
      "id": "way/1327522125"
    },
    {
      "type": "Feature",
      "properties": {
        "@id": "way/1328178405",
        "footway": "sidewalk",
        "highway": "footway"
      },
      "geometry": {
        "type": "LineString",
        "coordinates": [
          [
            127.1301612,
            35.84402
          ],
          [
            127.1302644,
            35.8440585
          ]
        ]
      },
      "id": "way/1328178405"
    },
    {
      "type": "Feature",
      "properties": {
        "@id": "way/1328178406",
        "highway": "footway"
      },
      "geometry": {
        "type": "LineString",
        "coordinates": [
          [
            127.1302644,
            35.8440585
          ],
          [
            127.1305911,
            35.8441
          ]
        ]
      },
      "id": "way/1328178406"
    },
    {
      "type": "Feature",
      "properties": {
        "@id": "way/1328178410",
        "footway": "sidewalk",
        "highway": "footway"
      },
      "geometry": {
        "type": "LineString",
        "coordinates": [
          [
            127.1314025,
            35.8425253
          ],
          [
            127.1310904,
            35.8432823
          ]
        ]
      },
      "id": "way/1328178410"
    },
    {
      "type": "Feature",
      "properties": {
        "@id": "way/1328178411",
        "crossing": "uncontrolled",
        "crossing:markings": "yes",
        "footway": "crossing",
        "highway": "footway"
      },
      "geometry": {
        "type": "LineString",
        "coordinates": [
          [
            127.1314344,
            35.8424506
          ],
          [
            127.1314173,
            35.8424906
          ],
          [
            127.1314025,
            35.8425253
          ]
        ]
      },
      "id": "way/1328178411"
    },
    {
      "type": "Feature",
      "properties": {
        "@id": "way/1328178412",
        "footway": "sidewalk",
        "highway": "footway"
      },
      "geometry": {
        "type": "LineString",
        "coordinates": [
          [
            127.1306968,
            35.8436775
          ],
          [
            127.1307392,
            35.8435033
          ],
          [
            127.1307975,
            35.8433004
          ],
          [
            127.1309543,
            35.842882
          ]
        ]
      },
      "id": "way/1328178412"
    },
    {
      "type": "Feature",
      "properties": {
        "@id": "way/1328178413",
        "footway": "sidewalk",
        "highway": "footway"
      },
      "geometry": {
        "type": "LineString",
        "coordinates": [
          [
            127.1309543,
            35.842882
          ],
          [
            127.1309684,
            35.8428444
          ],
          [
            127.1309831,
            35.8428053
          ]
        ]
      },
      "id": "way/1328178413"
    },
    {
      "type": "Feature",
      "properties": {
        "@id": "way/1328178431",
        "highway": "footway"
      },
      "geometry": {
        "type": "LineString",
        "coordinates": [
          [
            127.1318074,
            35.8413389
          ],
          [
            127.1319547,
            35.84137
          ],
          [
            127.1318485,
            35.8416473
          ],
          [
            127.131691,
            35.8416083
          ]
        ]
      },
      "id": "way/1328178431"
    },
    {
      "type": "Feature",
      "properties": {
        "@id": "way/1328178432",
        "highway": "footway"
      },
      "geometry": {
        "type": "LineString",
        "coordinates": [
          [
            127.1314194,
            35.841215
          ],
          [
            127.1313091,
            35.8415043
          ],
          [
            127.1313568,
            35.8415283
          ]
        ]
      },
      "id": "way/1328178432"
    },
    {
      "type": "Feature",
      "properties": {
        "@id": "way/1328178433",
        "highway": "footway"
      },
      "geometry": {
        "type": "LineString",
        "coordinates": [
          [
            127.1306951,
            35.842406
          ],
          [
            127.1307503,
            35.8424502
          ],
          [
            127.1307873,
            35.8424964
          ],
          [
            127.130795,
            35.8425413
          ],
          [
            127.1307611,
            35.8426138
          ],
          [
            127.1306779,
            35.8427049
          ],
          [
            127.1309928,
            35.8427822
          ]
        ]
      },
      "id": "way/1328178433"
    },
    {
      "type": "Feature",
      "properties": {
        "@id": "way/1328178435",
        "footway": "sidewalk",
        "highway": "footway"
      },
      "geometry": {
        "type": "LineString",
        "coordinates": [
          [
            127.1307174,
            35.8446495
          ],
          [
            127.1306854,
            35.8446377
          ],
          [
            127.1306916,
            35.8445615
          ],
          [
            127.1308193,
            35.8441308
          ],
          [
            127.1308597,
            35.8439691
          ],
          [
            127.1308872,
            35.8438589
          ],
          [
            127.1309149,
            35.8437885
          ],
          [
            127.1309504,
            35.8437498
          ],
          [
            127.1310103,
            35.8437385
          ],
          [
            127.1310532,
            35.8437338
          ],
          [
            127.1312199,
            35.8437155
          ],
          [
            127.1313452,
            35.843701
          ],
          [
            127.1320529,
            35.8436471
          ],
          [
            127.1321562,
            35.8436392
          ]
        ]
      },
      "id": "way/1328178435"
    },
    {
      "type": "Feature",
      "properties": {
        "@id": "way/1328178436",
        "highway": "footway"
      },
      "geometry": {
        "type": "LineString",
        "coordinates": [
          [
            127.1308597,
            35.8439691
          ],
          [
            127.1311075,
            35.8440058
          ],
          [
            127.1312748,
            35.8440345
          ]
        ]
      },
      "id": "way/1328178436"
    },
    {
      "type": "Feature",
      "properties": {
        "@id": "way/1328178437",
        "highway": "footway"
      },
      "geometry": {
        "type": "LineString",
        "coordinates": [
          [
            127.1310532,
            35.8437338
          ],
          [
            127.1311075,
            35.8440058
          ]
        ]
      },
      "id": "way/1328178437"
    },
    {
      "type": "Feature",
      "properties": {
        "@id": "way/1328178438",
        "highway": "footway"
      },
      "geometry": {
        "type": "LineString",
        "coordinates": [
          [
            127.1311075,
            35.8440058
          ],
          [
            127.1311313,
            35.8441504
          ],
          [
            127.131146,
            35.8442393
          ],
          [
            127.1310936,
            35.8443105
          ],
          [
            127.1311044,
            35.8443692
          ]
        ]
      },
      "id": "way/1328178438"
    },
    {
      "type": "Feature",
      "properties": {
        "@id": "way/1328178441",
        "crossing": "uncontrolled",
        "crossing:markings": "yes",
        "footway": "crossing",
        "highway": "footway"
      },
      "geometry": {
        "type": "LineString",
        "coordinates": [
          [
            127.1310675,
            35.8446027
          ],
          [
            127.1310081,
            35.8446113
          ],
          [
            127.1309642,
            35.8446177
          ]
        ]
      },
      "id": "way/1328178441"
    },
    {
      "type": "Feature",
      "properties": {
        "@id": "way/1328178442",
        "footway": "sidewalk",
        "highway": "footway"
      },
      "geometry": {
        "type": "LineString",
        "coordinates": [
          [
            127.1309642,
            35.8446177
          ],
          [
            127.1307174,
            35.8446495
          ]
        ]
      },
      "id": "way/1328178442"
    },
    {
      "type": "Feature",
      "properties": {
        "@id": "way/1328178443",
        "footway": "sidewalk",
        "highway": "footway"
      },
      "geometry": {
        "type": "LineString",
        "coordinates": [
          [
            127.1310675,
            35.8446027
          ],
          [
            127.1311069,
            35.8445998
          ],
          [
            127.1316167,
            35.8445383
          ]
        ]
      },
      "id": "way/1328178443"
    },
    {
      "type": "Feature",
      "properties": {
        "@id": "way/1328178444",
        "crossing": "uncontrolled",
        "crossing:markings": "yes",
        "footway": "crossing",
        "highway": "footway"
      },
      "geometry": {
        "type": "LineString",
        "coordinates": [
          [
            127.1316606,
            35.8445341
          ],
          [
            127.1316692,
            35.8445982
          ],
          [
            127.131674,
            35.8446539
          ]
        ]
      },
      "id": "way/1328178444"
    },
    {
      "type": "Feature",
      "properties": {
        "@id": "way/1328178450",
        "footway": "sidewalk",
        "highway": "footway"
      },
      "geometry": {
        "type": "LineString",
        "coordinates": [
          [
            127.1282274,
            35.8449027
          ],
          [
            127.1278642,
            35.844344
          ],
          [
            127.1276957,
            35.84432
          ],
          [
            127.1276178,
            35.8442302
          ],
          [
            127.127567,
            35.8441594
          ],
          [
            127.1275792,
            35.8441182
          ],
          [
            127.1280406,
            35.8438512
          ],
          [
            127.128386,
            35.8436173
          ]
        ]
      },
      "id": "way/1328178450"
    },
    {
      "type": "Feature",
      "properties": {
        "@id": "way/1328178451",
        "crossing": "uncontrolled",
        "crossing:markings": "yes",
        "footway": "crossing",
        "highway": "footway"
      },
      "geometry": {
        "type": "LineString",
        "coordinates": [
          [
            127.1275792,
            35.8441182
          ],
          [
            127.1275169,
            35.8440454
          ],
          [
            127.1274511,
            35.8439666
          ]
        ]
      },
      "id": "way/1328178451"
    },
    {
      "type": "Feature",
      "properties": {
        "@id": "way/1328178453",
        "crossing": "uncontrolled",
        "crossing:markings": "yes",
        "footway": "crossing",
        "highway": "footway"
      },
      "geometry": {
        "type": "LineString",
        "coordinates": [
          [
            127.1273767,
            35.8442308
          ],
          [
            127.1273338,
            35.8441547
          ],
          [
            127.1272996,
            35.8440944
          ]
        ]
      },
      "id": "way/1328178453"
    },
    {
      "type": "Feature",
      "properties": {
        "@id": "way/1328178459",
        "footway": "sidewalk",
        "highway": "footway"
      },
      "geometry": {
        "type": "LineString",
        "coordinates": [
          [
            127.1297106,
            35.8472351
          ],
          [
            127.1297915,
            35.8472725
          ],
          [
            127.1298505,
            35.8473367
          ],
          [
            127.1298572,
            35.8473845
          ]
        ]
      },
      "id": "way/1328178459"
    },
    {
      "type": "Feature",
      "properties": {
        "@id": "way/1328178460",
        "crossing": "uncontrolled",
        "crossing:markings": "yes",
        "footway": "crossing",
        "highway": "footway"
      },
      "geometry": {
        "type": "LineString",
        "coordinates": [
          [
            127.1298572,
            35.8473845
          ],
          [
            127.1299087,
            35.8474417
          ],
          [
            127.1299404,
            35.8474769
          ]
        ]
      },
      "id": "way/1328178460"
    },
    {
      "type": "Feature",
      "properties": {
        "@id": "way/1328178461",
        "footway": "sidewalk",
        "highway": "footway"
      },
      "geometry": {
        "type": "LineString",
        "coordinates": [
          [
            127.1299404,
            35.8474769
          ],
          [
            127.1300678,
            35.847653
          ],
          [
            127.1301697,
            35.8478713
          ]
        ]
      },
      "id": "way/1328178461"
    },
    {
      "type": "Feature",
      "properties": {
        "@id": "way/1367280823",
        "footway": "sidewalk",
        "highway": "footway"
      },
      "geometry": {
        "type": "LineString",
        "coordinates": [
          [
            127.1239402,
            35.8470618
          ],
          [
            127.1239864,
            35.8471179
          ],
          [
            127.1240165,
            35.8471925
          ],
          [
            127.1240501,
            35.8474651
          ],
          [
            127.1241173,
            35.8475999
          ],
          [
            127.1242093,
            35.8476745
          ],
          [
            127.124335,
            35.847729
          ],
          [
            127.124634,
            35.8477806
          ],
          [
            127.1254224,
            35.8478717
          ],
          [
            127.1257135,
            35.8479054
          ],
          [
            127.1258338,
            35.8479757
          ],
          [
            127.1258922,
            35.8480546
          ],
          [
            127.1258993,
            35.8481335
          ],
          [
            127.1257861,
            35.8485657
          ],
          [
            127.1255621,
            35.8494214
          ],
          [
            127.125465,
            35.8497923
          ]
        ]
      },
      "id": "way/1367280823"
    },
    {
      "type": "Feature",
      "properties": {
        "@id": "way/1367280838",
        "footway": "sidewalk",
        "highway": "footway"
      },
      "geometry": {
        "type": "LineString",
        "coordinates": [
          [
            127.1251837,
            35.8448951
          ],
          [
            127.1255846,
            35.8452538
          ],
          [
            127.1255968,
            35.8452647
          ],
          [
            127.1256367,
            35.8452579
          ],
          [
            127.1256732,
            35.8452517
          ],
          [
            127.1262698,
            35.8448056
          ]
        ]
      },
      "id": "way/1367280838"
    },
    {
      "type": "Feature",
      "properties": {
        "@id": "way/1367280846",
        "footway": "sidewalk",
        "highway": "footway"
      },
      "geometry": {
        "type": "LineString",
        "coordinates": [
          [
            127.1255619,
            35.8455202
          ],
          [
            127.1255914,
            35.8455528
          ],
          [
            127.1255794,
            35.8456093
          ],
          [
            127.1255592,
            35.84568
          ],
          [
            127.12557,
            35.8458094
          ],
          [
            127.1255646,
            35.8459159
          ],
          [
            127.1256008,
            35.8460322
          ],
          [
            127.1256384,
            35.8460953
          ],
          [
            127.1257832,
            35.8461855
          ],
          [
            127.1258543,
            35.8462105
          ]
        ]
      },
      "id": "way/1367280846"
    },
    {
      "type": "Feature",
      "properties": {
        "@id": "way/1367280847",
        "footway": "sidewalk",
        "highway": "footway"
      },
      "geometry": {
        "type": "LineString",
        "coordinates": [
          [
            127.1258972,
            35.8461138
          ],
          [
            127.1257913,
            35.8460811
          ],
          [
            127.1257403,
            35.8460203
          ],
          [
            127.1257027,
            35.8459518
          ],
          [
            127.1257041,
            35.8458398
          ],
          [
            127.1257685,
            35.8455615
          ],
          [
            127.1257524,
            35.8454974
          ],
          [
            127.125751,
            35.8453985
          ],
          [
            127.1257491,
            35.8453873
          ],
          [
            127.1257457,
            35.845368
          ],
          [
            127.1259269,
            35.8452371
          ],
          [
            127.1261037,
            35.8451093
          ],
          [
            127.1264189,
            35.8448734
          ],
          [
            127.1266187,
            35.8447179
          ],
          [
            127.1270474,
            35.8444426
          ]
        ]
      },
      "id": "way/1367280847"
    },
    {
      "type": "Feature",
      "properties": {
        "@id": "way/1367280849",
        "crossing": "unmarked",
        "crossing:markings": "no",
        "footway": "crossing",
        "highway": "footway"
      },
      "geometry": {
        "type": "LineString",
        "coordinates": [
          [
            127.1258972,
            35.8461138
          ],
          [
            127.1259916,
            35.8461376
          ],
          [
            127.1260866,
            35.8461617
          ]
        ]
      },
      "id": "way/1367280849"
    },
    {
      "type": "Feature",
      "properties": {
        "@id": "way/1367280850",
        "highway": "footway"
      },
      "geometry": {
        "type": "LineString",
        "coordinates": [
          [
            127.1259269,
            35.8452371
          ],
          [
            127.1260407,
            35.8453066
          ],
          [
            127.1268228,
            35.8454601
          ]
        ]
      },
      "id": "way/1367280850"
    },
    {
      "type": "Feature",
      "properties": {
        "@id": "way/1367280851",
        "crossing": "uncontrolled",
        "crossing:markings": "yes",
        "footway": "crossing",
        "highway": "footway"
      },
      "geometry": {
        "type": "LineString",
        "coordinates": [
          [
            127.1269161,
            35.8454777
          ],
          [
            127.1268744,
            35.8454698
          ],
          [
            127.1268228,
            35.8454601
          ]
        ]
      },
      "id": "way/1367280851"
    },
    {
      "type": "Feature",
      "properties": {
        "@id": "way/1367330214",
        "crossing": "uncontrolled",
        "crossing:markings": "yes",
        "footway": "crossing",
        "highway": "footway"
      },
      "geometry": {
        "type": "LineString",
        "coordinates": [
          [
            127.1345009,
            35.8443361
          ],
          [
            127.1344869,
            35.8442899
          ],
          [
            127.1344732,
            35.8442445
          ]
        ]
      },
      "id": "way/1367330214"
    },
    {
      "type": "Feature",
      "properties": {
        "@id": "way/1367330215",
        "crossing": "uncontrolled",
        "crossing:markings": "yes",
        "footway": "crossing",
        "highway": "footway"
      },
      "geometry": {
        "type": "LineString",
        "coordinates": [
          [
            127.1347258,
            35.8442861
          ],
          [
            127.1347186,
            35.844264
          ],
          [
            127.1347055,
            35.8442243
          ]
        ]
      },
      "id": "way/1367330215"
    },
    {
      "type": "Feature",
      "properties": {
        "@id": "way/1367330221",
        "footway": "sidewalk",
        "highway": "footway"
      },
      "geometry": {
        "type": "LineString",
        "coordinates": [
          [
            127.1337487,
            35.8412113
          ],
          [
            127.1344445,
            35.841431
          ],
          [
            127.1344865,
            35.8414479
          ]
        ]
      },
      "id": "way/1367330221"
    },
    {
      "type": "Feature",
      "properties": {
        "@id": "way/1367330222",
        "footway": "sidewalk",
        "highway": "footway"
      },
      "geometry": {
        "type": "LineString",
        "coordinates": [
          [
            127.134494,
            35.8413971
          ],
          [
            127.134466,
            35.8414163
          ],
          [
            127.1344445,
            35.841431
          ]
        ]
      },
      "id": "way/1367330222"
    },
    {
      "type": "Feature",
      "properties": {
        "@id": "way/1367330223",
        "highway": "cycleway"
      },
      "geometry": {
        "type": "LineString",
        "coordinates": [
          [
            127.1344982,
            35.8414271
          ],
          [
            127.134466,
            35.8414163
          ],
          [
            127.1337463,
            35.8411886
          ]
        ]
      },
      "id": "way/1367330223"
    },
    {
      "type": "Feature",
      "properties": {
        "@id": "way/1367330234",
        "crossing": "unmarked",
        "crossing:markings": "no",
        "footway": "crossing",
        "highway": "footway"
      },
      "geometry": {
        "type": "LineString",
        "coordinates": [
          [
            127.1370738,
            35.8443381
          ],
          [
            127.1370609,
            35.8443777
          ],
          [
            127.1370454,
            35.8444255
          ]
        ]
      },
      "id": "way/1367330234"
    },
    {
      "type": "Feature",
      "properties": {
        "@id": "way/1367330235",
        "footway": "sidewalk",
        "highway": "footway"
      },
      "geometry": {
        "type": "LineString",
        "coordinates": [
          [
            127.1370738,
            35.8443381
          ],
          [
            127.1379443,
            35.8445604
          ],
          [
            127.1380447,
            35.8445661
          ],
          [
            127.1381334,
            35.8445207
          ],
          [
            127.1384454,
            35.843814
          ],
          [
            127.138451,
            35.8438014
          ]
        ]
      },
      "id": "way/1367330235"
    },
    {
      "type": "Feature",
      "properties": {
        "@id": "way/1367330245",
        "highway": "footway"
      },
      "geometry": {
        "type": "LineString",
        "coordinates": [
          [
            127.1370002,
            35.8471676
          ],
          [
            127.1371182,
            35.8471992
          ]
        ]
      },
      "id": "way/1367330245"
    },
    {
      "type": "Feature",
      "properties": {
        "@id": "way/1367330246",
        "footway": "sidewalk",
        "highway": "footway"
      },
      "geometry": {
        "type": "LineString",
        "coordinates": [
          [
            127.1366204,
            35.848254
          ],
          [
            127.1369046,
            35.848331
          ]
        ]
      },
      "id": "way/1367330246"
    },
    {
      "type": "Feature",
      "properties": {
        "@id": "way/1368399469",
        "highway": "footway"
      },
      "geometry": {
        "type": "LineString",
        "coordinates": [
          [
            127.1332737,
            35.8475421
          ],
          [
            127.1333412,
            35.8475478
          ],
          [
            127.1333536,
            35.8474445
          ],
          [
            127.1336139,
            35.8474531
          ],
          [
            127.1338331,
            35.8474603
          ]
        ]
      },
      "id": "way/1368399469"
    },
    {
      "type": "Feature",
      "properties": {
        "@id": "way/1368399470",
        "bridge": "yes",
        "highway": "footway",
        "layer": "1"
      },
      "geometry": {
        "type": "LineString",
        "coordinates": [
          [
            127.1335865,
            35.8474178
          ],
          [
            127.1335824,
            35.8474978
          ]
        ]
      },
      "id": "way/1368399470"
    },
    {
      "type": "Feature",
      "properties": {
        "@id": "way/1368399471",
        "highway": "steps"
      },
      "geometry": {
        "type": "LineString",
        "coordinates": [
          [
            127.1338331,
            35.8474603
          ],
          [
            127.1339186,
            35.8474789
          ]
        ]
      },
      "id": "way/1368399471"
    },
    {
      "type": "Feature",
      "properties": {
        "@id": "way/1368399472",
        "highway": "footway"
      },
      "geometry": {
        "type": "LineString",
        "coordinates": [
          [
            127.1336139,
            35.8474531
          ],
          [
            127.1336118,
            35.8474989
          ]
        ]
      },
      "id": "way/1368399472"
    },
    {
      "type": "Feature",
      "properties": {
        "@id": "way/1368399473",
        "highway": "footway"
      },
      "geometry": {
        "type": "LineString",
        "coordinates": [
          [
            127.1332737,
            35.8475421
          ],
          [
            127.1332331,
            35.847539
          ]
        ]
      },
      "id": "way/1368399473"
    },
    {
      "type": "Feature",
      "properties": {
        "@id": "way/1368399475",
        "highway": "footway"
      },
      "geometry": {
        "type": "LineString",
        "coordinates": [
          [
            127.1325058,
            35.8479503
          ],
          [
            127.1324861,
            35.8483601
          ],
          [
            127.1324707,
            35.8486801
          ]
        ]
      },
      "id": "way/1368399475"
    },
    {
      "type": "Feature",
      "properties": {
        "@id": "way/1368399476",
        "highway": "footway"
      },
      "geometry": {
        "type": "LineString",
        "coordinates": [
          [
            127.1315249,
            35.8487801
          ],
          [
            127.1315374,
            35.8485318
          ],
          [
            127.1314515,
            35.8485344
          ],
          [
            127.1314602,
            35.8483591
          ],
          [
            127.1314616,
            35.8483157
          ],
          [
            127.131475,
            35.8478989
          ]
        ]
      },
      "id": "way/1368399476"
    },
    {
      "type": "Feature",
      "properties": {
        "@id": "way/1368399477",
        "highway": "footway"
      },
      "geometry": {
        "type": "LineString",
        "coordinates": [
          [
            127.1320195,
            35.8478622
          ],
          [
            127.1320127,
            35.8479661
          ]
        ]
      },
      "id": "way/1368399477"
    },
    {
      "type": "Feature",
      "properties": {
        "@id": "way/1368399478",
        "crossing": "uncontrolled",
        "crossing:markings": "yes",
        "footway": "crossing",
        "highway": "footway"
      },
      "geometry": {
        "type": "LineString",
        "coordinates": [
          [
            127.1335836,
            35.8478146
          ],
          [
            127.1335798,
            35.8478756
          ],
          [
            127.1335748,
            35.8479537
          ]
        ]
      },
      "id": "way/1368399478"
    },
    {
      "type": "Feature",
      "properties": {
        "@id": "way/1368399479",
        "highway": "footway"
      },
      "geometry": {
        "type": "LineString",
        "coordinates": [
          [
            127.1335748,
            35.8479537
          ],
          [
            127.1335687,
            35.8480456
          ],
          [
            127.1335659,
            35.8480757
          ]
        ]
      },
      "id": "way/1368399479"
    },
    {
      "type": "Feature",
      "properties": {
        "@id": "way/1368399480",
        "highway": "footway"
      },
      "geometry": {
        "type": "LineString",
        "coordinates": [
          [
            127.1343149,
            35.8480222
          ],
          [
            127.1338155,
            35.8480039
          ],
          [
            127.1338137,
            35.8480628
          ],
          [
            127.1337037,
            35.848055
          ],
          [
            127.1335687,
            35.8480456
          ],
          [
            127.1330881,
            35.8480197
          ],
          [
            127.1330935,
            35.8479652
          ]
        ]
      },
      "id": "way/1368399480"
    },
    {
      "type": "Feature",
      "properties": {
        "@id": "way/1368399481",
        "highway": "pedestrian"
      },
      "geometry": {
        "type": "LineString",
        "coordinates": [
          [
            127.1330459,
            35.8478504
          ],
          [
            127.1330421,
            35.8479181
          ],
          [
            127.1330396,
            35.8479632
          ],
          [
            127.1330174,
            35.8483597
          ],
          [
            127.1330704,
            35.8483927
          ],
          [
            127.1331634,
            35.8483984
          ],
          [
            127.1332563,
            35.8484041
          ]
        ]
      },
      "id": "way/1368399481"
    },
    {
      "type": "Feature",
      "properties": {
        "@id": "way/1368399483",
        "highway": "steps"
      },
      "geometry": {
        "type": "LineString",
        "coordinates": [
          [
            127.1335659,
            35.8480757
          ],
          [
            127.1335601,
            35.8481759
          ]
        ]
      },
      "id": "way/1368399483"
    },
    {
      "type": "Feature",
      "properties": {
        "@id": "way/1368399484",
        "crossing": "unmarked",
        "crossing:markings": "no",
        "footway": "crossing",
        "highway": "footway"
      },
      "geometry": {
        "type": "LineString",
        "coordinates": [
          [
            127.1335269,
            35.8465967
          ],
          [
            127.1335287,
            35.846479
          ],
          [
            127.1335311,
            35.8464028
          ]
        ]
      },
      "id": "way/1368399484"
    },
    {
      "type": "Feature",
      "properties": {
        "@id": "way/1368399486",
        "crossing": "uncontrolled",
        "crossing:markings": "yes",
        "footway": "crossing",
        "highway": "footway"
      },
      "geometry": {
        "type": "LineString",
        "coordinates": [
          [
            127.1344986,
            35.8456574
          ],
          [
            127.1345055,
            35.8455943
          ],
          [
            127.1345127,
            35.8455281
          ]
        ]
      },
      "id": "way/1368399486"
    },
    {
      "type": "Feature",
      "properties": {
        "@id": "way/1368399487",
        "highway": "steps"
      },
      "geometry": {
        "type": "LineString",
        "coordinates": [
          [
            127.1344053,
            35.8474959
          ],
          [
            127.1344031,
            35.8475241
          ]
        ]
      },
      "id": "way/1368399487"
    },
    {
      "type": "Feature",
      "properties": {
        "@id": "way/1368399488",
        "highway": "footway"
      },
      "geometry": {
        "type": "LineString",
        "coordinates": [
          [
            127.1344031,
            35.8475241
          ],
          [
            127.134401,
            35.8476099
          ]
        ]
      },
      "id": "way/1368399488"
    },
    {
      "type": "Feature",
      "properties": {
        "@id": "way/1368399489",
        "highway": "footway"
      },
      "geometry": {
        "type": "LineString",
        "coordinates": [
          [
            127.1344031,
            35.8475241
          ],
          [
            127.1346532,
            35.847532
          ],
          [
            127.1347141,
            35.847534
          ]
        ]
      },
      "id": "way/1368399489"
    },
    {
      "type": "Feature",
      "properties": {
        "@id": "way/1368399490",
        "highway": "footway"
      },
      "geometry": {
        "type": "LineString",
        "coordinates": [
          [
            127.1347609,
            35.8475106
          ],
          [
            127.1347594,
            35.8475375
          ],
          [
            127.1347406,
            35.8478726
          ]
        ]
      },
      "id": "way/1368399490"
    },
    {
      "type": "Feature",
      "properties": {
        "@id": "way/1368399491",
        "highway": "steps"
      },
      "geometry": {
        "type": "LineString",
        "coordinates": [
          [
            127.1347141,
            35.847534
          ],
          [
            127.1347594,
            35.8475375
          ]
        ]
      },
      "id": "way/1368399491"
    },
    {
      "type": "Feature",
      "properties": {
        "@id": "way/1368399492",
        "highway": "steps"
      },
      "geometry": {
        "type": "LineString",
        "coordinates": [
          [
            127.1346532,
            35.847532
          ],
          [
            127.134651,
            35.8475582
          ]
        ]
      },
      "id": "way/1368399492"
    },
    {
      "type": "Feature",
      "properties": {
        "@id": "way/1368399493",
        "highway": "footway"
      },
      "geometry": {
        "type": "LineString",
        "coordinates": [
          [
            127.1344031,
            35.8475241
          ],
          [
            127.1342811,
            35.8475208
          ],
          [
            127.1342792,
            35.8474917
          ]
        ]
      },
      "id": "way/1368399493"
    },
    {
      "type": "Feature",
      "properties": {
        "@id": "way/1368399494",
        "crossing": "uncontrolled",
        "crossing:markings": "yes",
        "footway": "crossing",
        "highway": "footway"
      },
      "geometry": {
        "type": "LineString",
        "coordinates": [
          [
            127.1350917,
            35.8457148
          ],
          [
            127.1351825,
            35.8457018
          ],
          [
            127.1352337,
            35.8456944
          ]
        ]
      },
      "id": "way/1368399494"
    },
    {
      "type": "Feature",
      "properties": {
        "@id": "way/1368399497",
        "highway": "cycleway"
      },
      "geometry": {
        "type": "LineString",
        "coordinates": [
          [
            127.1342932,
            35.8510301
          ],
          [
            127.134394,
            35.8509817
          ],
          [
            127.1348446,
            35.8508341
          ],
          [
            127.1351365,
            35.8506808
          ],
          [
            127.1352906,
            35.8505691
          ],
          [
            127.1356175,
            35.8502663
          ],
          [
            127.1357646,
            35.8501168
          ],
          [
            127.1360845,
            35.8496815
          ],
          [
            127.1361264,
            35.8495898
          ]
        ]
      },
      "id": "way/1368399497"
    },
    {
      "type": "Feature",
      "properties": {
        "@id": "way/1368399507",
        "crossing": "uncontrolled",
        "crossing:markings": "yes",
        "footway": "crossing",
        "highway": "footway"
      },
      "geometry": {
        "type": "LineString",
        "coordinates": [
          [
            127.1332256,
            35.8514505
          ],
          [
            127.1332802,
            35.8514721
          ],
          [
            127.1333281,
            35.8514911
          ]
        ]
      },
      "id": "way/1368399507"
    },
    {
      "type": "Feature",
      "properties": {
        "@id": "way/1368399508",
        "footway": "sidewalk",
        "highway": "footway"
      },
      "geometry": {
        "type": "LineString",
        "coordinates": [
          [
            127.1332256,
            35.8514505
          ],
          [
            127.1330915,
            35.851394
          ],
          [
            127.1329798,
            35.8514154
          ]
        ]
      },
      "id": "way/1368399508"
    },
    {
      "type": "Feature",
      "properties": {
        "@id": "way/1368399509",
        "footway": "sidewalk",
        "highway": "footway"
      },
      "geometry": {
        "type": "LineString",
        "coordinates": [
          [
            127.1328081,
            35.8514589
          ],
          [
            127.1327348,
            35.8514853
          ],
          [
            127.1327008,
            35.8514175
          ]
        ]
      },
      "id": "way/1368399509"
    },
    {
      "type": "Feature",
      "properties": {
        "@id": "way/1368399510",
        "footway": "sidewalk",
        "highway": "footway"
      },
      "geometry": {
        "type": "LineString",
        "coordinates": [
          [
            127.1327348,
            35.8514853
          ],
          [
            127.1326811,
            35.8515788
          ]
        ]
      },
      "id": "way/1368399510"
    },
    {
      "type": "Feature",
      "properties": {
        "@id": "way/1368399511",
        "crossing": "uncontrolled",
        "crossing:markings": "yes",
        "footway": "crossing",
        "highway": "footway"
      },
      "geometry": {
        "type": "LineString",
        "coordinates": [
          [
            127.1326811,
            35.8515788
          ],
          [
            127.1326592,
            35.8516123
          ],
          [
            127.1326399,
            35.8516562
          ],
          [
            127.1326329,
            35.8516722
          ]
        ]
      },
      "id": "way/1368399511"
    },
    {
      "type": "Feature",
      "properties": {
        "@id": "way/1387744942",
        "footway": "sidewalk",
        "highway": "footway"
      },
      "geometry": {
        "type": "LineString",
        "coordinates": [
          [
            127.1266386,
            35.8418563
          ],
          [
            127.1262765,
            35.842127
          ],
          [
            127.1261531,
            35.8422195
          ]
        ]
      },
      "id": "way/1387744942"
    },
    {
      "type": "Feature",
      "properties": {
        "@id": "way/1387744943",
        "footway": "sidewalk",
        "highway": "footway"
      },
      "geometry": {
        "type": "LineString",
        "coordinates": [
          [
            127.1262616,
            35.8421185
          ],
          [
            127.1262765,
            35.842127
          ]
        ]
      },
      "id": "way/1387744943"
    },
    {
      "type": "Feature",
      "properties": {
        "@id": "way/1387744944",
        "footway": "sidewalk",
        "highway": "footway"
      },
      "geometry": {
        "type": "LineString",
        "coordinates": [
          [
            127.1266386,
            35.8418563
          ],
          [
            127.1267689,
            35.8417531
          ]
        ]
      },
      "id": "way/1387744944"
    },
    {
      "type": "Feature",
      "properties": {
        "@id": "way/1387744945",
        "footway": "sidewalk",
        "highway": "footway"
      },
      "geometry": {
        "type": "LineString",
        "coordinates": [
          [
            127.1266284,
            35.841847
          ],
          [
            127.1266386,
            35.8418563
          ]
        ]
      },
      "id": "way/1387744945"
    },
    {
      "type": "Feature",
      "properties": {
        "@id": "way/1387744946",
        "footway": "sidewalk",
        "highway": "footway"
      },
      "geometry": {
        "type": "LineString",
        "coordinates": [
          [
            127.1260424,
            35.8422874
          ],
          [
            127.1257589,
            35.8424934
          ],
          [
            127.1254184,
            35.842742
          ],
          [
            127.1250532,
            35.8430086
          ],
          [
            127.1247597,
            35.8432229
          ],
          [
            127.1245113,
            35.8433885
          ]
        ]
      },
      "id": "way/1387744946"
    },
    {
      "type": "Feature",
      "properties": {
        "@id": "way/1387744947",
        "crossing": "uncontrolled",
        "crossing:markings": "yes",
        "footway": "crossing",
        "highway": "footway"
      },
      "geometry": {
        "type": "LineString",
        "coordinates": [
          [
            127.1261531,
            35.8422195
          ],
          [
            127.1261114,
            35.8422451
          ],
          [
            127.1260424,
            35.8422874
          ]
        ]
      },
      "id": "way/1387744947"
    },
    {
      "type": "Feature",
      "properties": {
        "@id": "way/1387744948",
        "footway": "sidewalk",
        "highway": "footway"
      },
      "geometry": {
        "type": "LineString",
        "coordinates": [
          [
            127.1260424,
            35.8422874
          ],
          [
            127.1261196,
            35.8423328
          ],
          [
            127.1263507,
            35.8426762
          ],
          [
            127.1265186,
            35.8429234
          ],
          [
            127.1265466,
            35.8429688
          ],
          [
            127.1265741,
            35.8430134
          ],
          [
            127.1268467,
            35.8434417
          ],
          [
            127.126904,
            35.8435052
          ],
          [
            127.1269761,
            35.8435853
          ],
          [
            127.1270777,
            35.8437111
          ],
          [
            127.1272442,
            35.8439175
          ],
          [
            127.1273084,
            35.8440226
          ],
          [
            127.1273243,
            35.8440486
          ],
          [
            127.1272996,
            35.8440944
          ]
        ]
      },
      "id": "way/1387744948"
    },
    {
      "type": "Feature",
      "properties": {
        "@id": "way/1387744949",
        "footway": "sidewalk",
        "highway": "footway"
      },
      "geometry": {
        "type": "LineString",
        "coordinates": [
          [
            127.1274511,
            35.8439666
          ],
          [
            127.1274356,
            35.843952
          ],
          [
            127.1272673,
            35.8437938
          ],
          [
            127.1269924,
            35.8434654
          ],
          [
            127.1269422,
            35.8434055
          ],
          [
            127.1267127,
            35.8430596
          ],
          [
            127.1265082,
            35.842759
          ],
          [
            127.1264246,
            35.8426362
          ],
          [
            127.1261704,
            35.8422728
          ],
          [
            127.1261531,
            35.8422195
          ]
        ]
      },
      "id": "way/1387744949"
    },
    {
      "type": "Feature",
      "properties": {
        "@id": "way/1387744950",
        "crossing": "uncontrolled",
        "crossing:markings": "yes",
        "footway": "crossing",
        "highway": "footway"
      },
      "geometry": {
        "type": "LineString",
        "coordinates": [
          [
            127.1274356,
            35.843952
          ],
          [
            127.1273736,
            35.8439864
          ],
          [
            127.1273084,
            35.8440226
          ]
        ]
      },
      "id": "way/1387744950"
    },
    {
      "type": "Feature",
      "properties": {
        "@id": "way/1387744951",
        "footway": "sidewalk",
        "highway": "footway"
      },
      "geometry": {
        "type": "LineString",
        "coordinates": [
          [
            127.1274356,
            35.843952
          ],
          [
            127.1279698,
            35.843649
          ],
          [
            127.1285606,
            35.8432405
          ]
        ]
      },
      "id": "way/1387744951"
    },
    {
      "type": "Feature",
      "properties": {
        "@id": "way/1387744953",
        "footway": "sidewalk",
        "highway": "footway"
      },
      "geometry": {
        "type": "LineString",
        "coordinates": [
          [
            127.1272996,
            35.8440944
          ],
          [
            127.126978,
            35.8442823
          ],
          [
            127.1264808,
            35.8446294
          ],
          [
            127.1263882,
            35.8447073
          ],
          [
            127.1262698,
            35.8448056
          ]
        ]
      },
      "id": "way/1387744953"
    },
    {
      "type": "Feature",
      "properties": {
        "@id": "way/1389446815",
        "highway": "footway"
      },
      "geometry": {
        "type": "LineString",
        "coordinates": [
          [
            127.1341036,
            35.847655
          ],
          [
            127.1340525,
            35.847655
          ]
        ]
      },
      "id": "way/1389446815"
    },
    {
      "type": "Feature",
      "properties": {
        "@id": "way/1389446816",
        "highway": "steps"
      },
      "geometry": {
        "type": "LineString",
        "coordinates": [
          [
            127.1340525,
            35.847655
          ],
          [
            127.1340455,
            35.8477288
          ]
        ]
      },
      "id": "way/1389446816"
    },
    {
      "type": "Feature",
      "properties": {
        "@id": "way/1389446817",
        "highway": "steps"
      },
      "geometry": {
        "type": "LineString",
        "coordinates": [
          [
            127.1340525,
            35.847655
          ],
          [
            127.1340595,
            35.8475793
          ]
        ]
      },
      "id": "way/1389446817"
    },
    {
      "type": "Feature",
      "properties": {
        "@id": "way/1389446818",
        "highway": "footway"
      },
      "geometry": {
        "type": "LineString",
        "coordinates": [
          [
            127.1316516,
            35.8479043
          ],
          [
            127.1316426,
            35.8480212
          ]
        ]
      },
      "id": "way/1389446818"
    },
    {
      "type": "Feature",
      "properties": {
        "@id": "way/1389446819",
        "highway": "steps"
      },
      "geometry": {
        "type": "LineString",
        "coordinates": [
          [
            127.1314616,
            35.8483157
          ],
          [
            127.131645,
            35.8483203
          ]
        ]
      },
      "id": "way/1389446819"
    },
    {
      "type": "Feature",
      "properties": {
        "@id": "way/1389446820",
        "highway": "footway"
      },
      "geometry": {
        "type": "LineString",
        "coordinates": [
          [
            127.1340595,
            35.8475793
          ],
          [
            127.1340626,
            35.8474844
          ]
        ]
      },
      "id": "way/1389446820"
    },
    {
      "type": "Feature",
      "properties": {
        "@id": "way/1389446821",
        "footway": "sidewalk",
        "highway": "footway"
      },
      "geometry": {
        "type": "LineString",
        "coordinates": [
          [
            127.1284018,
            35.8455337
          ],
          [
            127.1284656,
            35.8456147
          ],
          [
            127.1285749,
            35.8457535
          ],
          [
            127.1285919,
            35.8457751
          ],
          [
            127.1287227,
            35.8459411
          ],
          [
            127.1288012,
            35.8460407
          ]
        ]
      },
      "id": "way/1389446821"
    },
    {
      "type": "Feature",
      "properties": {
        "@id": "way/1389446826",
        "crossing": "uncontrolled",
        "crossing:markings": "yes",
        "footway": "crossing",
        "highway": "footway"
      },
      "geometry": {
        "type": "LineString",
        "coordinates": [
          [
            127.1320529,
            35.8436471
          ],
          [
            127.1320438,
            35.8435851
          ],
          [
            127.1320373,
            35.8435407
          ]
        ]
      },
      "id": "way/1389446826"
    },
    {
      "type": "Feature",
      "properties": {
        "@id": "way/1389446827",
        "crossing": "uncontrolled",
        "crossing:markings": "yes",
        "footway": "crossing",
        "highway": "footway"
      },
      "geometry": {
        "type": "LineString",
        "coordinates": [
          [
            127.1330251,
            35.8435549
          ],
          [
            127.1330194,
            35.8435108
          ],
          [
            127.1330121,
            35.8434548
          ]
        ]
      },
      "id": "way/1389446827"
    },
    {
      "type": "Feature",
      "properties": {
        "@id": "way/1389446828",
        "highway": "footway"
      },
      "geometry": {
        "type": "LineString",
        "coordinates": [
          [
            127.1316081,
            35.8444657
          ],
          [
            127.1316015,
            35.8444259
          ]
        ]
      },
      "id": "way/1389446828"
    },
    {
      "type": "Feature",
      "properties": {
        "@id": "way/1389446829",
        "highway": "footway"
      },
      "geometry": {
        "type": "LineString",
        "coordinates": [
          [
            127.1311313,
            35.8441504
          ],
          [
            127.1312359,
            35.8441324
          ],
          [
            127.1312612,
            35.8442759
          ]
        ]
      },
      "id": "way/1389446829"
    },
    {
      "type": "Feature",
      "properties": {
        "@id": "way/1389446832",
        "highway": "footway"
      },
      "geometry": {
        "type": "LineString",
        "coordinates": [
          [
            127.1340472,
            35.8453254
          ],
          [
            127.1341338,
            35.8452106
          ],
          [
            127.1342646,
            35.8450724
          ],
          [
            127.1342412,
            35.8449229
          ],
          [
            127.134461,
            35.8448855
          ]
        ]
      },
      "id": "way/1389446832"
    },
    {
      "type": "Feature",
      "properties": {
        "@id": "way/1389446833",
        "highway": "footway"
      },
      "geometry": {
        "type": "LineString",
        "coordinates": [
          [
            127.1344554,
            35.8461896
          ],
          [
            127.1344606,
            35.8460867
          ]
        ]
      },
      "id": "way/1389446833"
    },
    {
      "type": "Feature",
      "properties": {
        "@id": "way/1389446834",
        "highway": "footway"
      },
      "geometry": {
        "type": "LineString",
        "coordinates": [
          [
            127.1344861,
            35.8459061
          ],
          [
            127.1344817,
            35.8459288
          ]
        ]
      },
      "id": "way/1389446834"
    },
    {
      "type": "Feature",
      "properties": {
        "@id": "way/1389446835",
        "highway": "footway"
      },
      "geometry": {
        "type": "LineString",
        "coordinates": [
          [
            127.1344514,
            35.8468749
          ],
          [
            127.134446,
            35.8469097
          ]
        ]
      },
      "id": "way/1389446835"
    },
    {
      "type": "Feature",
      "properties": {
        "@id": "way/1389446836",
        "highway": "footway"
      },
      "geometry": {
        "type": "LineString",
        "coordinates": [
          [
            127.134381,
            35.8471295
          ],
          [
            127.1343813,
            35.8470977
          ],
          [
            127.1344615,
            35.8470831
          ]
        ]
      },
      "id": "way/1389446836"
    },
    {
      "type": "Feature",
      "properties": {
        "@id": "way/1389446837",
        "footway": "sidewalk",
        "highway": "footway"
      },
      "geometry": {
        "type": "LineString",
        "coordinates": [
          [
            127.1344537,
            35.8532222
          ],
          [
            127.1343142,
            35.8531454
          ],
          [
            127.1336365,
            35.8527724
          ],
          [
            127.1334211,
            35.8525879
          ],
          [
            127.1333796,
            35.8525677
          ],
          [
            127.1333093,
            35.8525335
          ],
          [
            127.1312786,
            35.8519832
          ]
        ]
      },
      "id": "way/1389446837"
    },
    {
      "type": "Feature",
      "properties": {
        "@id": "way/1389446838",
        "footway": "sidewalk",
        "highway": "footway"
      },
      "geometry": {
        "type": "LineString",
        "coordinates": [
          [
            127.1309094,
            35.8519775
          ],
          [
            127.1309618,
            35.8519599
          ],
          [
            127.1310891,
            35.8519331
          ],
          [
            127.1311525,
            35.8519157
          ]
        ]
      },
      "id": "way/1389446838"
    },
    {
      "type": "Feature",
      "properties": {
        "@id": "way/1389446839",
        "footway": "sidewalk",
        "highway": "footway"
      },
      "geometry": {
        "type": "LineString",
        "coordinates": [
          [
            127.1312908,
            35.8518712
          ],
          [
            127.1314357,
            35.8518284
          ],
          [
            127.1320449,
            35.8516487
          ],
          [
            127.1322868,
            35.8516108
          ],
          [
            127.1325714,
            35.8516422
          ],
          [
            127.1326329,
            35.8516722
          ],
          [
            127.1328173,
            35.8517624
          ],
          [
            127.1329637,
            35.8518843
          ],
          [
            127.1330419,
            35.8520356
          ],
          [
            127.1331792,
            35.8523012
          ],
          [
            127.13321,
            35.8523492
          ],
          [
            127.1332788,
            35.8524561
          ]
        ]
      },
      "id": "way/1389446839"
    },
    {
      "type": "Feature",
      "properties": {
        "@id": "way/1389446846",
        "highway": "cycleway"
      },
      "geometry": {
        "type": "LineString",
        "coordinates": [
          [
            127.1326399,
            35.8516562
          ],
          [
            127.1325631,
            35.85162
          ],
          [
            127.1323618,
            35.8515953
          ],
          [
            127.1323171,
            35.851592
          ],
          [
            127.1322868,
            35.8516108
          ]
        ]
      },
      "id": "way/1389446846"
    },
    {
      "type": "Feature",
      "properties": {
        "@id": "way/1389446847",
        "crossing": "uncontrolled",
        "crossing:markings": "yes",
        "footway": "crossing",
        "highway": "footway"
      },
      "geometry": {
        "type": "LineString",
        "coordinates": [
          [
            127.1312908,
            35.8518712
          ],
          [
            127.1312118,
            35.8518966
          ],
          [
            127.1311525,
            35.8519157
          ]
        ]
      },
      "id": "way/1389446847"
    },
    {
      "type": "Feature",
      "properties": {
        "@id": "way/1389446851",
        "crossing": "uncontrolled",
        "crossing:markings": "yes",
        "footway": "crossing",
        "highway": "footway"
      },
      "geometry": {
        "type": "LineString",
        "coordinates": [
          [
            127.1312786,
            35.8519832
          ],
          [
            127.1312078,
            35.8519621
          ],
          [
            127.1311726,
            35.8519517
          ]
        ]
      },
      "id": "way/1389446851"
    },
    {
      "type": "Feature",
      "properties": {
        "@id": "way/1389446852",
        "footway": "sidewalk",
        "highway": "footway"
      },
      "geometry": {
        "type": "LineString",
        "coordinates": [
          [
            127.1311726,
            35.8519517
          ],
          [
            127.1310891,
            35.8519331
          ]
        ]
      },
      "id": "way/1389446852"
    },
    {
      "type": "Feature",
      "properties": {
        "@id": "way/1389446853",
        "footway": "sidewalk",
        "highway": "footway"
      },
      "geometry": {
        "type": "LineString",
        "coordinates": [
          [
            127.1314357,
            35.8518284
          ],
          [
            127.1314592,
            35.8518759
          ],
          [
            127.1318512,
            35.8519916
          ],
          [
            127.1331505,
            35.8523751
          ],
          [
            127.13321,
            35.8523492
          ]
        ]
      },
      "id": "way/1389446853"
    },
    {
      "type": "Feature",
      "properties": {
        "@id": "way/1389446854",
        "highway": "footway"
      },
      "geometry": {
        "type": "LineString",
        "coordinates": [
          [
            127.1326329,
            35.8516722
          ],
          [
            127.1325915,
            35.8517408
          ],
          [
            127.1324977,
            35.8518008
          ]
        ]
      },
      "id": "way/1389446854"
    },
    {
      "type": "Feature",
      "properties": {
        "@id": "way/1389446855",
        "highway": "footway"
      },
      "geometry": {
        "type": "LineString",
        "coordinates": [
          [
            127.1323153,
            35.8518718
          ],
          [
            127.1323203,
            35.8518427
          ],
          [
            127.1323366,
            35.8518165
          ],
          [
            127.1323625,
            35.8517959
          ],
          [
            127.1323951,
            35.8517832
          ],
          [
            127.1324311,
            35.8517797
          ],
          [
            127.1324665,
            35.8517858
          ],
          [
            127.1324977,
            35.8518008
          ],
          [
            127.1325215,
            35.8518236
          ],
          [
            127.1325348,
            35.8518515
          ],
          [
            127.1325361,
            35.8518814
          ],
          [
            127.1325252,
            35.85191
          ],
          [
            127.1325033,
            35.8519341
          ],
          [
            127.1324729,
            35.8519511
          ],
          [
            127.1324373,
            35.851959
          ],
          [
            127.1324005,
            35.851957
          ],
          [
            127.1323671,
            35.8519456
          ],
          [
            127.13234,
            35.8519261
          ],
          [
            127.1323221,
            35.8519006
          ],
          [
            127.1323153,
            35.8518718
          ]
        ]
      },
      "id": "way/1389446855"
    },
    {
      "type": "Feature",
      "properties": {
        "@id": "way/1389446856",
        "highway": "footway"
      },
      "geometry": {
        "type": "LineString",
        "coordinates": [
          [
            127.1325252,
            35.85191
          ],
          [
            127.1326484,
            35.8519385
          ],
          [
            127.1327399,
            35.8519681
          ],
          [
            127.1328679,
            35.8519879
          ],
          [
            127.1329736,
            35.8520489
          ],
          [
            127.1330419,
            35.8520356
          ]
        ]
      },
      "id": "way/1389446856"
    },
    {
      "type": "Feature",
      "properties": {
        "@id": "way/1389446857",
        "highway": "footway"
      },
      "geometry": {
        "type": "LineString",
        "coordinates": [
          [
            127.1323203,
            35.8518427
          ],
          [
            127.1321727,
            35.8518116
          ],
          [
            127.1320894,
            35.8518215
          ],
          [
            127.1319024,
            35.8518956
          ],
          [
            127.1318512,
            35.8519916
          ]
        ]
      },
      "id": "way/1389446857"
    },
    {
      "type": "Feature",
      "properties": {
        "@id": "way/1394979952",
        "footway": "sidewalk",
        "highway": "footway"
      },
      "geometry": {
        "type": "LineString",
        "coordinates": [
          [
            127.1273728,
            35.8413116
          ],
          [
            127.1270088,
            35.8415693
          ]
        ]
      },
      "id": "way/1394979952"
    },
    {
      "type": "Feature",
      "properties": {
        "@id": "way/1394979953",
        "footway": "sidewalk",
        "highway": "footway"
      },
      "geometry": {
        "type": "LineString",
        "coordinates": [
          [
            127.1268337,
            35.8417051
          ],
          [
            127.1270088,
            35.8415693
          ]
        ]
      },
      "id": "way/1394979953"
    },
    {
      "type": "Feature",
      "properties": {
        "@id": "way/1394979954",
        "crossing": "uncontrolled",
        "crossing:markings": "yes",
        "footway": "crossing",
        "highway": "footway"
      },
      "geometry": {
        "type": "LineString",
        "coordinates": [
          [
            127.1268337,
            35.8417051
          ],
          [
            127.1268087,
            35.8417236
          ],
          [
            127.1267689,
            35.8417531
          ]
        ]
      },
      "id": "way/1394979954"
    },
    {
      "type": "Feature",
      "properties": {
        "@id": "way/1394980013",
        "footway": "sidewalk",
        "highway": "footway"
      },
      "geometry": {
        "type": "LineString",
        "coordinates": [
          [
            127.1272486,
            35.840984
          ],
          [
            127.1266517,
            35.8414311
          ]
        ]
      },
      "id": "way/1394980013"
    },
    {
      "type": "Feature",
      "properties": {
        "@id": "way/1394980014",
        "crossing": "uncontrolled",
        "crossing:markings": "yes",
        "footway": "crossing",
        "highway": "footway"
      },
      "geometry": {
        "type": "LineString",
        "coordinates": [
          [
            127.1266517,
            35.8414311
          ],
          [
            127.1265659,
            35.8414969
          ],
          [
            127.1264789,
            35.8415613
          ]
        ]
      },
      "id": "way/1394980014"
    },
    {
      "type": "Feature",
      "properties": {
        "@id": "way/1394980015",
        "footway": "sidewalk",
        "highway": "footway"
      },
      "geometry": {
        "type": "LineString",
        "coordinates": [
          [
            127.1264789,
            35.8415613
          ],
          [
            127.1263811,
            35.8416429
          ],
          [
            127.1260451,
            35.8419232
          ],
          [
            127.1259911,
            35.8419683
          ],
          [
            127.1255642,
            35.8422698
          ],
          [
            127.1250316,
            35.8426719
          ]
        ]
      },
      "id": "way/1394980015"
    },
    {
      "type": "Feature",
      "properties": {
        "@id": "way/1394980017",
        "footway": "sidewalk",
        "highway": "footway"
      },
      "geometry": {
        "type": "LineString",
        "coordinates": [
          [
            127.1260518,
            35.8419337
          ],
          [
            127.1260451,
            35.8419232
          ]
        ]
      },
      "id": "way/1394980017"
    },
    {
      "type": "Feature",
      "properties": {
        "@id": "way/1394980018",
        "footway": "sidewalk",
        "highway": "footway"
      },
      "geometry": {
        "type": "LineString",
        "coordinates": [
          [
            127.1264107,
            35.8416663
          ],
          [
            127.1263811,
            35.8416429
          ]
        ]
      },
      "id": "way/1394980018"
    },
    {
      "type": "Feature",
      "properties": {
        "@id": "way/1394980059",
        "highway": "path"
      },
      "geometry": {
        "type": "LineString",
        "coordinates": [
          [
            127.1354926,
            35.8435506
          ],
          [
            127.135667,
            35.8436722
          ],
          [
            127.1358086,
            35.8438472
          ],
          [
            127.1359643,
            35.8439275
          ],
          [
            127.1361661,
            35.8439878
          ],
          [
            127.1362457,
            35.8441162
          ]
        ]
      },
      "id": "way/1394980059"
    },
    {
      "type": "Feature",
      "properties": {
        "@id": "way/1395426156",
        "crossing": "uncontrolled",
        "crossing:markings": "yes",
        "footway": "crossing",
        "highway": "footway"
      },
      "geometry": {
        "type": "LineString",
        "coordinates": [
          [
            127.1372026,
            35.8422612
          ],
          [
            127.1371313,
            35.8422382
          ],
          [
            127.1370789,
            35.8422214
          ]
        ]
      },
      "id": "way/1395426156"
    },
    {
      "type": "Feature",
      "properties": {
        "@id": "way/1395426157",
        "crossing": "uncontrolled",
        "crossing:markings": "yes",
        "footway": "crossing",
        "highway": "footway",
        "surface": "asphalt"
      },
      "geometry": {
        "type": "LineString",
        "coordinates": [
          [
            127.1368851,
            35.8421306
          ],
          [
            127.1368414,
            35.8421174
          ],
          [
            127.1365464,
            35.8420286
          ],
          [
            127.1360913,
            35.8418917
          ],
          [
            127.1360421,
            35.8418769
          ]
        ]
      },
      "id": "way/1395426157"
    },
    {
      "type": "Feature",
      "properties": {
        "@id": "way/1395426158",
        "crossing": "uncontrolled",
        "crossing:markings": "yes",
        "footway": "crossing",
        "highway": "footway"
      },
      "geometry": {
        "type": "LineString",
        "coordinates": [
          [
            127.1358437,
            35.8418372
          ],
          [
            127.135777,
            35.8418231
          ],
          [
            127.1357269,
            35.8418126
          ]
        ]
      },
      "id": "way/1395426158"
    },
    {
      "type": "Feature",
      "properties": {
        "@id": "way/1395426159",
        "crossing": "uncontrolled",
        "crossing:markings": "yes",
        "footway": "crossing",
        "highway": "footway"
      },
      "geometry": {
        "type": "LineString",
        "coordinates": [
          [
            127.1353206,
            35.8416933
          ],
          [
            127.1351852,
            35.8416498
          ]
        ]
      },
      "id": "way/1395426159"
    },
    {
      "type": "Feature",
      "properties": {
        "@id": "way/1395426160",
        "crossing": "uncontrolled",
        "crossing:markings": "yes",
        "footway": "crossing",
        "highway": "footway"
      },
      "geometry": {
        "type": "LineString",
        "coordinates": [
          [
            127.1346832,
            35.8415021
          ],
          [
            127.1345648,
            35.8414695
          ],
          [
            127.1344865,
            35.8414479
          ]
        ]
      },
      "id": "way/1395426160"
    },
    {
      "type": "Feature",
      "properties": {
        "@id": "way/1395426161",
        "footway": "sidewalk",
        "highway": "footway"
      },
      "geometry": {
        "type": "LineString",
        "coordinates": [
          [
            127.1346832,
            35.8415021
          ],
          [
            127.1351852,
            35.8416498
          ]
        ]
      },
      "id": "way/1395426161"
    },
    {
      "type": "Feature",
      "properties": {
        "@id": "way/1395426162",
        "footway": "sidewalk",
        "highway": "footway"
      },
      "geometry": {
        "type": "LineString",
        "coordinates": [
          [
            127.1353206,
            35.8416933
          ],
          [
            127.1357269,
            35.8418126
          ]
        ]
      },
      "id": "way/1395426162"
    },
    {
      "type": "Feature",
      "properties": {
        "@id": "way/1395426163",
        "footway": "sidewalk",
        "highway": "footway"
      },
      "geometry": {
        "type": "LineString",
        "coordinates": [
          [
            127.1358437,
            35.8418372
          ],
          [
            127.1360421,
            35.8418769
          ]
        ]
      },
      "id": "way/1395426163"
    },
    {
      "type": "Feature",
      "properties": {
        "@id": "way/1395426164",
        "footway": "sidewalk",
        "highway": "footway"
      },
      "geometry": {
        "type": "LineString",
        "coordinates": [
          [
            127.1368851,
            35.8421306
          ],
          [
            127.1370789,
            35.8422214
          ]
        ]
      },
      "id": "way/1395426164"
    },
    {
      "type": "Feature",
      "properties": {
        "@id": "way/1395426165",
        "footway": "sidewalk",
        "highway": "footway"
      },
      "geometry": {
        "type": "LineString",
        "coordinates": [
          [
            127.1372026,
            35.8422612
          ],
          [
            127.1378354,
            35.842441
          ]
        ]
      },
      "id": "way/1395426165"
    },
    {
      "type": "Feature",
      "properties": {
        "@id": "way/1395426170",
        "crossing": "uncontrolled",
        "crossing:markings": "yes",
        "cycleway": "crossing",
        "highway": "cycleway"
      },
      "geometry": {
        "type": "LineString",
        "coordinates": [
          [
            127.1344982,
            35.8414271
          ],
          [
            127.1345735,
            35.8414487
          ],
          [
            127.1346738,
            35.8414775
          ]
        ]
      },
      "id": "way/1395426170"
    },
    {
      "type": "Feature",
      "properties": {
        "@id": "way/1395426171",
        "crossing": "uncontrolled",
        "crossing:markings": "yes",
        "cycleway": "crossing",
        "highway": "cycleway"
      },
      "geometry": {
        "type": "LineString",
        "coordinates": [
          [
            127.1351969,
            35.8416214
          ],
          [
            127.1353346,
            35.841663
          ]
        ]
      },
      "id": "way/1395426171"
    },
    {
      "type": "Feature",
      "properties": {
        "@id": "way/1395426172",
        "crossing": "uncontrolled",
        "crossing:markings": "yes",
        "cycleway": "crossing",
        "highway": "cycleway"
      },
      "geometry": {
        "type": "LineString",
        "coordinates": [
          [
            127.1357176,
            35.8417842
          ],
          [
            127.135787,
            35.8418
          ],
          [
            127.1358507,
            35.8418145
          ]
        ]
      },
      "id": "way/1395426172"
    },
    {
      "type": "Feature",
      "properties": {
        "@id": "way/1395426173",
        "crossing": "uncontrolled",
        "crossing:markings": "yes",
        "cycleway": "crossing",
        "highway": "cycleway",
        "surface": "asphalt"
      },
      "geometry": {
        "type": "LineString",
        "coordinates": [
          [
            127.1360398,
            35.8418561
          ],
          [
            127.1360991,
            35.8418739
          ],
          [
            127.136554,
            35.8420101
          ],
          [
            127.1368503,
            35.8420989
          ],
          [
            127.1368991,
            35.8421135
          ]
        ]
      },
      "id": "way/1395426173"
    },
    {
      "type": "Feature",
      "properties": {
        "@id": "way/1395426174",
        "crossing": "uncontrolled",
        "crossing:markings": "yes",
        "cycleway": "crossing",
        "highway": "cycleway"
      },
      "geometry": {
        "type": "LineString",
        "coordinates": [
          [
            127.1370999,
            35.842193
          ],
          [
            127.137146,
            35.8422073
          ],
          [
            127.1372283,
            35.8422328
          ]
        ]
      },
      "id": "way/1395426174"
    },
    {
      "type": "Feature",
      "properties": {
        "@id": "way/1395426176",
        "highway": "cycleway"
      },
      "geometry": {
        "type": "LineString",
        "coordinates": [
          [
            127.1378564,
            35.8424126
          ],
          [
            127.1372283,
            35.8422328
          ]
        ]
      },
      "id": "way/1395426176"
    },
    {
      "type": "Feature",
      "properties": {
        "@id": "way/1395426177",
        "highway": "cycleway"
      },
      "geometry": {
        "type": "LineString",
        "coordinates": [
          [
            127.1370999,
            35.842193
          ],
          [
            127.1368991,
            35.8421135
          ]
        ]
      },
      "id": "way/1395426177"
    },
    {
      "type": "Feature",
      "properties": {
        "@id": "way/1395426178",
        "highway": "cycleway"
      },
      "geometry": {
        "type": "LineString",
        "coordinates": [
          [
            127.1360398,
            35.8418561
          ],
          [
            127.1358507,
            35.8418145
          ]
        ]
      },
      "id": "way/1395426178"
    },
    {
      "type": "Feature",
      "properties": {
        "@id": "way/1395426179",
        "highway": "cycleway"
      },
      "geometry": {
        "type": "LineString",
        "coordinates": [
          [
            127.1357176,
            35.8417842
          ],
          [
            127.1353346,
            35.841663
          ]
        ]
      },
      "id": "way/1395426179"
    },
    {
      "type": "Feature",
      "properties": {
        "@id": "way/1395426180",
        "highway": "cycleway"
      },
      "geometry": {
        "type": "LineString",
        "coordinates": [
          [
            127.1351969,
            35.8416214
          ],
          [
            127.1346738,
            35.8414775
          ]
        ]
      },
      "id": "way/1395426180"
    },
    {
      "type": "Feature",
      "properties": {
        "@id": "way/1395426181",
        "crossing": "traffic_signals",
        "footway": "crossing",
        "highway": "footway"
      },
      "geometry": {
        "type": "LineString",
        "coordinates": [
          [
            127.134494,
            35.8413971
          ],
          [
            127.1345336,
            35.8413122
          ],
          [
            127.1345929,
            35.8411853
          ],
          [
            127.1346298,
            35.8411061
          ]
        ]
      },
      "id": "way/1395426181"
    },
    {
      "type": "Feature",
      "properties": {
        "@id": "way/1395426182",
        "crossing": "traffic_signals",
        "footway": "crossing",
        "highway": "footway"
      },
      "geometry": {
        "type": "LineString",
        "coordinates": [
          [
            127.1368414,
            35.8421174
          ],
          [
            127.1368503,
            35.8420989
          ],
          [
            127.1368902,
            35.8420163
          ],
          [
            127.1369489,
            35.8418947
          ],
          [
            127.1370162,
            35.8417554
          ]
        ]
      },
      "id": "way/1395426182"
    },
    {
      "type": "Feature",
      "properties": {
        "@id": "way/1396136959",
        "crossing": "uncontrolled",
        "crossing:markings": "yes",
        "footway": "crossing",
        "highway": "footway"
      },
      "geometry": {
        "type": "LineString",
        "coordinates": [
          [
            127.1280725,
            35.8498698
          ],
          [
            127.1280484,
            35.8499606
          ],
          [
            127.1280274,
            35.8500397
          ]
        ]
      },
      "id": "way/1396136959"
    },
    {
      "type": "Feature",
      "properties": {
        "@id": "way/1396136960",
        "crossing": "uncontrolled",
        "crossing:markings": "yes",
        "footway": "crossing",
        "highway": "footway"
      },
      "geometry": {
        "type": "LineString",
        "coordinates": [
          [
            127.1280274,
            35.8500397
          ],
          [
            127.1280931,
            35.8500662
          ],
          [
            127.1281765,
            35.8500916
          ]
        ]
      },
      "id": "way/1396136960"
    },
    {
      "type": "Feature",
      "properties": {
        "@id": "way/1396136961",
        "crossing": "uncontrolled",
        "crossing:markings": "yes",
        "footway": "crossing",
        "highway": "footway"
      },
      "geometry": {
        "type": "LineString",
        "coordinates": [
          [
            127.1293764,
            35.847612
          ],
          [
            127.1294314,
            35.8475191
          ]
        ]
      },
      "id": "way/1396136961"
    },
    {
      "type": "Feature",
      "properties": {
        "@id": "way/1396136962",
        "footway": "sidewalk",
        "highway": "footway"
      },
      "geometry": {
        "type": "LineString",
        "coordinates": [
          [
            127.1301697,
            35.8478713
          ],
          [
            127.1303718,
            35.8482729
          ],
          [
            127.1304719,
            35.8484718
          ],
          [
            127.1304814,
            35.8484908
          ]
        ]
      },
      "id": "way/1396136962"
    },
    {
      "type": "Feature",
      "properties": {
        "@id": "way/1396136963",
        "crossing": "uncontrolled",
        "crossing:markings": "yes",
        "footway": "crossing",
        "highway": "footway"
      },
      "geometry": {
        "type": "LineString",
        "coordinates": [
          [
            127.1304719,
            35.8484718
          ],
          [
            127.1304996,
            35.8484576
          ],
          [
            127.1305482,
            35.8484364
          ]
        ]
      },
      "id": "way/1396136963"
    },
    {
      "type": "Feature",
      "properties": {
        "@id": "way/1396136964",
        "crossing": "uncontrolled",
        "crossing:markings": "yes",
        "footway": "crossing",
        "highway": "footway"
      },
      "geometry": {
        "type": "LineString",
        "coordinates": [
          [
            127.1307274,
            35.8489143
          ],
          [
            127.1306717,
            35.8488739
          ],
          [
            127.1306318,
            35.8488451
          ]
        ]
      },
      "id": "way/1396136964"
    },
    {
      "type": "Feature",
      "properties": {
        "@id": "way/1396136965",
        "footway": "sidewalk",
        "highway": "footway"
      },
      "geometry": {
        "type": "LineString",
        "coordinates": [
          [
            127.1306318,
            35.8488451
          ],
          [
            127.1304997,
            35.8485666
          ]
        ]
      },
      "id": "way/1396136965"
    },
    {
      "type": "Feature",
      "properties": {
        "@id": "way/1396136966",
        "crossing": "uncontrolled",
        "crossing:markings": "yes",
        "footway": "crossing",
        "highway": "footway"
      },
      "geometry": {
        "type": "LineString",
        "coordinates": [
          [
            127.1304997,
            35.8485666
          ],
          [
            127.1304899,
            35.8485261
          ],
          [
            127.1304814,
            35.8484908
          ]
        ]
      },
      "id": "way/1396136966"
    },
    {
      "type": "Feature",
      "properties": {
        "@id": "way/1396136969",
        "highway": "footway"
      },
      "geometry": {
        "type": "LineString",
        "coordinates": [
          [
            127.1316426,
            35.8480212
          ],
          [
            127.1319152,
            35.8480331
          ],
          [
            127.1320068,
            35.8480372
          ],
          [
            127.1324032,
            35.8480545
          ],
          [
            127.1323908,
            35.8483572
          ],
          [
            127.1324861,
            35.8483601
          ]
        ]
      },
      "id": "way/1396136969"
    },
    {
      "type": "Feature",
      "properties": {
        "@id": "way/1396136970",
        "highway": "footway"
      },
      "geometry": {
        "type": "LineString",
        "coordinates": [
          [
            127.1323908,
            35.8483572
          ],
          [
            127.1323466,
            35.8483572
          ]
        ]
      },
      "id": "way/1396136970"
    },
    {
      "type": "Feature",
      "properties": {
        "@id": "way/1396136971",
        "highway": "steps"
      },
      "geometry": {
        "type": "LineString",
        "coordinates": [
          [
            127.1320127,
            35.8479661
          ],
          [
            127.1320068,
            35.8480372
          ]
        ]
      },
      "id": "way/1396136971"
    },
    {
      "type": "Feature",
      "properties": {
        "@id": "way/1396136972",
        "footway": "sidewalk",
        "highway": "footway"
      },
      "geometry": {
        "type": "LineString",
        "coordinates": [
          [
            127.1320068,
            35.8480372
          ],
          [
            127.1320051,
            35.8480703
          ]
        ]
      },
      "id": "way/1396136972"
    },
    {
      "type": "Feature",
      "properties": {
        "@id": "way/1396136973",
        "highway": "footway"
      },
      "geometry": {
        "type": "LineString",
        "coordinates": [
          [
            127.1316426,
            35.8480212
          ],
          [
            127.131645,
            35.8483203
          ],
          [
            127.1316405,
            35.848525
          ]
        ]
      },
      "id": "way/1396136973"
    },
    {
      "type": "Feature",
      "properties": {
        "@id": "way/1396136974",
        "highway": "footway"
      },
      "geometry": {
        "type": "LineString",
        "coordinates": [
          [
            127.131645,
            35.8483203
          ],
          [
            127.1316919,
            35.8483199
          ]
        ]
      },
      "id": "way/1396136974"
    },
    {
      "type": "Feature",
      "properties": {
        "@id": "way/1396136975",
        "highway": "footway"
      },
      "geometry": {
        "type": "LineString",
        "coordinates": [
          [
            127.1320127,
            35.8479661
          ],
          [
            127.131926,
            35.8479622
          ],
          [
            127.1319229,
            35.8480071
          ],
          [
            127.1318373,
            35.8480033
          ],
          [
            127.1318363,
            35.8480176
          ],
          [
            127.131916,
            35.8480211
          ],
          [
            127.1319152,
            35.8480331
          ]
        ]
      },
      "id": "way/1396136975"
    },
    {
      "type": "Feature",
      "properties": {
        "@id": "way/1396136976",
        "highway": "footway"
      },
      "geometry": {
        "type": "LineString",
        "coordinates": [
          [
            127.1331029,
            35.8477012
          ],
          [
            127.1331357,
            35.847648
          ],
          [
            127.1332677,
            35.84765
          ]
        ]
      },
      "id": "way/1396136976"
    },
    {
      "type": "Feature",
      "properties": {
        "@id": "way/1396136977",
        "highway": "steps"
      },
      "geometry": {
        "type": "LineString",
        "coordinates": [
          [
            127.1317622,
            35.8473081
          ],
          [
            127.1317912,
            35.8473879
          ]
        ]
      },
      "id": "way/1396136977"
    },
    {
      "type": "Feature",
      "properties": {
        "@id": "way/1396136978",
        "highway": "footway"
      },
      "geometry": {
        "type": "LineString",
        "coordinates": [
          [
            127.1317912,
            35.8473879
          ],
          [
            127.1317858,
            35.8474736
          ],
          [
            127.1317793,
            35.8475755
          ],
          [
            127.1317766,
            35.8476512
          ],
          [
            127.1317752,
            35.8476902
          ]
        ]
      },
      "id": "way/1396136978"
    },
    {
      "type": "Feature",
      "properties": {
        "@id": "way/1396136980",
        "highway": "footway"
      },
      "geometry": {
        "type": "LineString",
        "coordinates": [
          [
            127.1295019,
            35.8469057
          ],
          [
            127.1294808,
            35.846876
          ]
        ]
      },
      "id": "way/1396136980"
    },
    {
      "type": "Feature",
      "properties": {
        "@id": "way/1396136981",
        "highway": "footway"
      },
      "geometry": {
        "type": "LineString",
        "coordinates": [
          [
            127.1278587,
            35.845631
          ],
          [
            127.1279404,
            35.8456317
          ],
          [
            127.1284421,
            35.8456461
          ],
          [
            127.1284889,
            35.845705
          ],
          [
            127.1285593,
            35.8457937
          ],
          [
            127.128688,
            35.8459558
          ],
          [
            127.1287227,
            35.8459411
          ]
        ]
      },
      "id": "way/1396136981"
    },
    {
      "type": "Feature",
      "properties": {
        "@id": "way/1396136982",
        "highway": "steps"
      },
      "geometry": {
        "type": "LineString",
        "coordinates": [
          [
            127.1284656,
            35.8456147
          ],
          [
            127.1284421,
            35.8456461
          ]
        ]
      },
      "id": "way/1396136982"
    },
    {
      "type": "Feature",
      "properties": {
        "@id": "way/1396136990",
        "crossing": "uncontrolled",
        "crossing:markings": "yes",
        "footway": "crossing",
        "highway": "footway"
      },
      "geometry": {
        "type": "LineString",
        "coordinates": [
          [
            127.1265184,
            35.8500371
          ],
          [
            127.1265147,
            35.8501095
          ],
          [
            127.1265124,
            35.8501539
          ]
        ]
      },
      "id": "way/1396136990"
    },
    {
      "type": "Feature",
      "properties": {
        "@id": "way/1396136991",
        "footway": "sidewalk",
        "highway": "footway"
      },
      "geometry": {
        "type": "LineString",
        "coordinates": [
          [
            127.1281765,
            35.8500916
          ],
          [
            127.1284796,
            35.8503658
          ],
          [
            127.1288899,
            35.8507419
          ]
        ]
      },
      "id": "way/1396136991"
    },
    {
      "type": "Feature",
      "properties": {
        "@id": "way/1396136992",
        "crossing": "uncontrolled",
        "crossing:markings": "yes",
        "footway": "crossing",
        "highway": "footway"
      },
      "geometry": {
        "type": "LineString",
        "coordinates": [
          [
            127.1288899,
            35.8507419
          ],
          [
            127.1289674,
            35.8507995
          ],
          [
            127.1290214,
            35.8508397
          ]
        ]
      },
      "id": "way/1396136992"
    },
    {
      "type": "Feature",
      "properties": {
        "@id": "way/1396136993",
        "footway": "sidewalk",
        "highway": "footway"
      },
      "geometry": {
        "type": "LineString",
        "coordinates": [
          [
            127.1290214,
            35.8508397
          ],
          [
            127.1295655,
            35.8513887
          ],
          [
            127.1298149,
            35.8515692
          ],
          [
            127.1301341,
            35.85173
          ],
          [
            127.1301985,
            35.8518366
          ],
          [
            127.1301796,
            35.851876
          ],
          [
            127.1301475,
            35.8519431
          ],
          [
            127.1294823,
            35.8521518
          ],
          [
            127.1294207,
            35.8521888
          ],
          [
            127.1286026,
            35.8524301
          ],
          [
            127.1285382,
            35.8524322
          ],
          [
            127.1281466,
            35.8525605
          ]
        ]
      },
      "id": "way/1396136993"
    },
    {
      "type": "Feature",
      "properties": {
        "@id": "way/1396136996",
        "footway": "sidewalk",
        "highway": "footway"
      },
      "geometry": {
        "type": "LineString",
        "coordinates": [
          [
            127.1279388,
            35.8503271
          ],
          [
            127.128012,
            35.8500816
          ],
          [
            127.1280274,
            35.8500397
          ]
        ]
      },
      "id": "way/1396136996"
    },
    {
      "type": "Feature",
      "properties": {
        "@id": "way/1396136997",
        "footway": "sidewalk",
        "highway": "footway"
      },
      "geometry": {
        "type": "LineString",
        "coordinates": [
          [
            127.1265124,
            35.8501539
          ],
          [
            127.1265282,
            35.8501804
          ],
          [
            127.126524,
            35.8504292
          ]
        ]
      },
      "id": "way/1396136997"
    },
    {
      "type": "Feature",
      "properties": {
        "@id": "way/1396136998",
        "footway": "sidewalk",
        "highway": "footway"
      },
      "geometry": {
        "type": "LineString",
        "coordinates": [
          [
            127.1265124,
            35.8501539
          ],
          [
            127.1253308,
            35.850103
          ]
        ]
      },
      "id": "way/1396136998"
    },
    {
      "type": "Feature",
      "properties": {
        "@id": "way/1396137001",
        "footway": "sidewalk",
        "highway": "footway"
      },
      "geometry": {
        "type": "LineString",
        "coordinates": [
          [
            127.1251885,
            35.8501063
          ],
          [
            127.1252109,
            35.8502562
          ],
          [
            127.1255503,
            35.8509911
          ],
          [
            127.1257353,
            35.8513486
          ],
          [
            127.1259589,
            35.8516254
          ]
        ]
      },
      "id": "way/1396137001"
    },
    {
      "type": "Feature",
      "properties": {
        "@id": "way/1396137002",
        "footway": "sidewalk",
        "highway": "footway"
      },
      "geometry": {
        "type": "LineString",
        "coordinates": [
          [
            127.1260687,
            35.8517457
          ],
          [
            127.1263268,
            35.8520422
          ],
          [
            127.1265017,
            35.8521328
          ],
          [
            127.1270932,
            35.8522366
          ],
          [
            127.1277193,
            35.8523849
          ],
          [
            127.1278758,
            35.8524986
          ],
          [
            127.1278819,
            35.8525629
          ],
          [
            127.1278643,
            35.8526076
          ],
          [
            127.1278534,
            35.8526354
          ],
          [
            127.1277924,
            35.8526601
          ],
          [
            127.1276075,
            35.8526963
          ],
          [
            127.1274835,
            35.8527474
          ],
          [
            127.1273202,
            35.8527638
          ],
          [
            127.126648,
            35.8527655
          ],
          [
            127.1262476,
            35.852698
          ],
          [
            127.1260626,
            35.8526288
          ],
          [
            127.1257638,
            35.8525711
          ],
          [
            127.1256428,
            35.8525711
          ],
          [
            127.1255278,
            35.8525553
          ],
          [
            127.125438,
            35.852534
          ],
          [
            127.1246083,
            35.8523369
          ],
          [
            127.1245746,
            35.8523289
          ],
          [
            127.1241681,
            35.8522202
          ],
          [
            127.1236985,
            35.8520274
          ],
          [
            127.1234814,
            35.851869
          ],
          [
            127.1231273,
            35.8516106
          ]
        ]
      },
      "id": "way/1396137002"
    },
    {
      "type": "Feature",
      "properties": {
        "@id": "way/1396137021",
        "crossing": "uncontrolled",
        "crossing:markings": "yes",
        "footway": "crossing",
        "highway": "footway"
      },
      "geometry": {
        "type": "LineString",
        "coordinates": [
          [
            127.1259589,
            35.8516254
          ],
          [
            127.1260012,
            35.8516718
          ],
          [
            127.1260687,
            35.8517457
          ]
        ]
      },
      "id": "way/1396137021"
    },
    {
      "type": "Feature",
      "properties": {
        "@id": "way/1396137023",
        "footway": "sidewalk",
        "highway": "footway"
      },
      "geometry": {
        "type": "LineString",
        "coordinates": [
          [
            127.1280752,
            35.8535037
          ],
          [
            127.1281361,
            35.8532028
          ],
          [
            127.1282003,
            35.8528859
          ],
          [
            127.12825,
            35.8527985
          ],
          [
            127.1283649,
            35.852745
          ],
          [
            127.1288906,
            35.8525863
          ],
          [
            127.1290301,
            35.8525058
          ],
          [
            127.1293533,
            35.8524212
          ],
          [
            127.1295987,
            35.8523428
          ],
          [
            127.1298294,
            35.8523189
          ],
          [
            127.1306856,
            35.8520388
          ],
          [
            127.1307051,
            35.8520324
          ]
        ]
      },
      "id": "way/1396137023"
    },
    {
      "type": "Feature",
      "properties": {
        "@id": "way/1396137036",
        "crossing": "uncontrolled",
        "crossing:markings": "yes",
        "footway": "crossing",
        "highway": "footway"
      },
      "geometry": {
        "type": "LineString",
        "coordinates": [
          [
            127.1282184,
            35.8499079
          ],
          [
            127.1282068,
            35.849976
          ],
          [
            127.1281914,
            35.8500346
          ],
          [
            127.1281765,
            35.8500916
          ]
        ]
      },
      "id": "way/1396137036"
    },
    {
      "type": "Feature",
      "properties": {
        "@id": "way/1396137054",
        "crossing": "traffic_signals",
        "footway": "crossing",
        "highway": "footway"
      },
      "geometry": {
        "type": "LineString",
        "coordinates": [
          [
            127.1309618,
            35.8519599
          ],
          [
            127.130922,
            35.8518976
          ],
          [
            127.1308867,
            35.8518322
          ],
          [
            127.1308649,
            35.8517917
          ]
        ]
      },
      "id": "way/1396137054"
    },
    {
      "type": "Feature",
      "properties": {
        "@id": "way/1396137055",
        "crossing": "traffic_signals",
        "footway": "crossing",
        "highway": "footway"
      },
      "geometry": {
        "type": "LineString",
        "coordinates": [
          [
            127.1309094,
            35.8519775
          ],
          [
            127.1307959,
            35.852008
          ],
          [
            127.1307051,
            35.8520324
          ]
        ]
      },
      "id": "way/1396137055"
    },
    {
      "type": "Feature",
      "properties": {
        "@id": "way/1396137056",
        "crossing": "traffic_signals",
        "footway": "crossing",
        "highway": "footway"
      },
      "geometry": {
        "type": "LineString",
        "coordinates": [
          [
            127.1329798,
            35.8514154
          ],
          [
            127.1329157,
            35.8514317
          ],
          [
            127.1328081,
            35.8514589
          ]
        ]
      },
      "id": "way/1396137056"
    },
    {
      "type": "Feature",
      "properties": {
        "@id": "way/1396137057",
        "crossing": "traffic_signals",
        "footway": "crossing",
        "highway": "footway"
      },
      "geometry": {
        "type": "LineString",
        "coordinates": [
          [
            127.1327008,
            35.8514175
          ],
          [
            127.1326842,
            35.8513791
          ],
          [
            127.1326531,
            35.8513074
          ],
          [
            127.1326311,
            35.8512566
          ]
        ]
      },
      "id": "way/1396137057"
    },
    {
      "type": "Feature",
      "properties": {
        "@id": "way/1396137058",
        "crossing": "traffic_signals",
        "footway": "crossing",
        "highway": "footway"
      },
      "geometry": {
        "type": "LineString",
        "coordinates": [
          [
            127.130588,
            35.8518096
          ],
          [
            127.1305099,
            35.851835
          ],
          [
            127.1303952,
            35.8518724
          ]
        ]
      },
      "id": "way/1396137058"
    },
    {
      "type": "Feature",
      "properties": {
        "@id": "way/1396137059",
        "footway": "sidewalk",
        "highway": "footway"
      },
      "geometry": {
        "type": "LineString",
        "coordinates": [
          [
            127.1303952,
            35.8518724
          ],
          [
            127.1303444,
            35.8518905
          ],
          [
            127.1302803,
            35.8518873
          ]
        ]
      },
      "id": "way/1396137059"
    },
    {
      "type": "Feature",
      "properties": {
        "@id": "way/1396137060",
        "crossing": "uncontrolled",
        "crossing:markings": "yes",
        "footway": "crossing",
        "highway": "footway"
      },
      "geometry": {
        "type": "LineString",
        "coordinates": [
          [
            127.1302803,
            35.8518873
          ],
          [
            127.1302533,
            35.8518842
          ],
          [
            127.1301796,
            35.851876
          ]
        ]
      },
      "id": "way/1396137060"
    },
    {
      "type": "Feature",
      "properties": {
        "@id": "way/1427026318",
        "highway": "footway"
      },
      "geometry": {
        "type": "LineString",
        "coordinates": [
          [
            127.1313856,
            35.8473194
          ],
          [
            127.1312372,
            35.8473132
          ],
          [
            127.1311334,
            35.847261
          ],
          [
            127.131043,
            35.847187
          ],
          [
            127.1309814,
            35.8471772
          ]
        ]
      },
      "id": "way/1427026318"
    },
    {
      "type": "Feature",
      "properties": {
        "@id": "way/1432764336",
        "highway": "steps"
      },
      "geometry": {
        "type": "LineString",
        "coordinates": [
          [
            127.1285919,
            35.8457751
          ],
          [
            127.1285593,
            35.8457937
          ]
        ]
      },
      "id": "way/1432764336"
    },
    {
      "type": "Feature",
      "properties": {
        "@id": "way/1432764337",
        "highway": "footway"
      },
      "geometry": {
        "type": "LineString",
        "coordinates": [
          [
            127.1285749,
            35.8457535
          ],
          [
            127.1284889,
            35.845705
          ]
        ]
      },
      "id": "way/1432764337"
    },
    {
      "type": "Feature",
      "properties": {
        "@id": "way/1432764338",
        "highway": "footway"
      },
      "geometry": {
        "type": "LineString",
        "coordinates": [
          [
            127.1274241,
            35.8461997
          ],
          [
            127.1273568,
            35.8464413
          ]
        ]
      },
      "id": "way/1432764338"
    },
    {
      "type": "Feature",
      "properties": {
        "@id": "way/1432764341",
        "footway": "sidewalk",
        "highway": "footway"
      },
      "geometry": {
        "type": "LineString",
        "coordinates": [
          [
            127.1287595,
            35.84536
          ],
          [
            127.1285,
            35.8453743
          ],
          [
            127.1284187,
            35.8453574
          ],
          [
            127.1283837,
            35.8453501
          ],
          [
            127.1283358,
            35.8453655
          ],
          [
            127.1282838,
            35.8453849
          ],
          [
            127.128019,
            35.8454918
          ],
          [
            127.1280073,
            35.8454965
          ]
        ]
      },
      "id": "way/1432764341"
    },
    {
      "type": "Feature",
      "properties": {
        "@id": "way/1432764342",
        "crossing": "uncontrolled",
        "crossing:markings": "yes",
        "footway": "crossing",
        "highway": "footway"
      },
      "geometry": {
        "type": "LineString",
        "coordinates": [
          [
            127.1280073,
            35.8454965
          ],
          [
            127.1279794,
            35.8455108
          ],
          [
            127.1279577,
            35.8455239
          ]
        ]
      },
      "id": "way/1432764342"
    },
    {
      "type": "Feature",
      "properties": {
        "@id": "way/1432764343",
        "footway": "sidewalk",
        "highway": "footway"
      },
      "geometry": {
        "type": "LineString",
        "coordinates": [
          [
            127.1279404,
            35.8456317
          ],
          [
            127.1279408,
            35.8456082
          ],
          [
            127.1279964,
            35.8455756
          ],
          [
            127.1280543,
            35.8455417
          ],
          [
            127.1280596,
            35.8455386
          ],
          [
            127.1282796,
            35.8454635
          ],
          [
            127.1283411,
            35.8454627
          ]
        ]
      },
      "id": "way/1432764343"
    },
    {
      "type": "Feature",
      "properties": {
        "@id": "way/1432764344",
        "footway": "sidewalk",
        "highway": "footway"
      },
      "geometry": {
        "type": "LineString",
        "coordinates": [
          [
            127.1284018,
            35.8455337
          ],
          [
            127.1283411,
            35.8454627
          ]
        ]
      },
      "id": "way/1432764344"
    },
    {
      "type": "Feature",
      "properties": {
        "@id": "way/1432764399",
        "highway": "steps"
      },
      "geometry": {
        "type": "LineString",
        "coordinates": [
          [
            127.1317793,
            35.8475755
          ],
          [
            127.1317161,
            35.8475707
          ]
        ]
      },
      "id": "way/1432764399"
    },
    {
      "type": "Feature",
      "properties": {
        "@id": "way/1432764400",
        "highway": "footway"
      },
      "geometry": {
        "type": "LineString",
        "coordinates": [
          [
            127.1325278,
            35.84768
          ],
          [
            127.1317766,
            35.8476512
          ]
        ]
      },
      "id": "way/1432764400"
    },
    {
      "type": "Feature",
      "properties": {
        "@id": "way/1448173465",
        "crossing": "uncontrolled",
        "crossing:markings": "yes",
        "footway": "crossing",
        "highway": "footway"
      },
      "geometry": {
        "type": "LineString",
        "coordinates": [
          [
            127.128019,
            35.8454918
          ],
          [
            127.1280375,
            35.845518
          ],
          [
            127.1280543,
            35.8455417
          ]
        ]
      },
      "id": "way/1448173465"
    },
    {
      "type": "Feature",
      "properties": {
        "@id": "way/1448173466",
        "crossing": "uncontrolled",
        "crossing:markings": "yes",
        "footway": "crossing",
        "highway": "footway"
      },
      "geometry": {
        "type": "LineString",
        "coordinates": [
          [
            127.1279485,
            35.8455305
          ],
          [
            127.1279724,
            35.845553
          ],
          [
            127.1279964,
            35.8455756
          ]
        ]
      },
      "id": "way/1448173466"
    },
    {
      "type": "Feature",
      "properties": {
        "@id": "way/1448173467",
        "footway": "sidewalk",
        "highway": "footway"
      },
      "geometry": {
        "type": "LineString",
        "coordinates": [
          [
            127.1282305,
            35.8465902
          ],
          [
            127.1281826,
            35.8465871
          ],
          [
            127.1281109,
            35.8465825
          ],
          [
            127.1279198,
            35.8465525
          ]
        ]
      },
      "id": "way/1448173467"
    },
    {
      "type": "Feature",
      "properties": {
        "@id": "way/1448173468",
        "crossing": "uncontrolled",
        "crossing:markings": "yes",
        "footway": "crossing",
        "highway": "footway"
      },
      "geometry": {
        "type": "LineString",
        "coordinates": [
          [
            127.1283067,
            35.846595
          ],
          [
            127.1282709,
            35.8465927
          ],
          [
            127.1282305,
            35.8465902
          ]
        ]
      },
      "id": "way/1448173468"
    },
    {
      "type": "Feature",
      "properties": {
        "@id": "way/1448173469",
        "footway": "sidewalk",
        "highway": "footway"
      },
      "geometry": {
        "type": "LineString",
        "coordinates": [
          [
            127.1288529,
            35.8461063
          ],
          [
            127.1290116,
            35.8463077
          ]
        ]
      },
      "id": "way/1448173469"
    },
    {
      "type": "Feature",
      "properties": {
        "@id": "way/1448173470",
        "crossing": "uncontrolled",
        "crossing:markings": "yes",
        "footway": "crossing",
        "highway": "footway"
      },
      "geometry": {
        "type": "LineString",
        "coordinates": [
          [
            127.1288012,
            35.8460407
          ],
          [
            127.1288277,
            35.8460743
          ],
          [
            127.1288529,
            35.8461063
          ]
        ]
      },
      "id": "way/1448173470"
    },
    {
      "type": "Feature",
      "properties": {
        "@id": "way/1448173472",
        "highway": "footway"
      },
      "geometry": {
        "type": "LineString",
        "coordinates": [
          [
            127.1282118,
            35.8463827
          ],
          [
            127.1282575,
            35.8460627
          ]
        ]
      },
      "id": "way/1448173472"
    },
    {
      "type": "Feature",
      "properties": {
        "@id": "way/1448173473",
        "highway": "footway"
      },
      "geometry": {
        "type": "LineString",
        "coordinates": [
          [
            127.1281826,
            35.8465871
          ],
          [
            127.1282012,
            35.8464573
          ]
        ]
      },
      "id": "way/1448173473"
    },
    {
      "type": "Feature",
      "properties": {
        "@id": "way/1448173474",
        "crossing": "uncontrolled",
        "crossing:markings": "yes",
        "footway": "crossing",
        "highway": "footway"
      },
      "geometry": {
        "type": "LineString",
        "coordinates": [
          [
            127.1282012,
            35.8464573
          ],
          [
            127.1282066,
            35.8464192
          ],
          [
            127.1282118,
            35.8463827
          ]
        ]
      },
      "id": "way/1448173474"
    },
    {
      "type": "Feature",
      "properties": {
        "@id": "way/1463869552",
        "crossing": "uncontrolled",
        "crossing:markings": "yes",
        "footway": "crossing",
        "highway": "footway"
      },
      "geometry": {
        "type": "LineString",
        "coordinates": [
          [
            127.1288708,
            35.8483319
          ],
          [
            127.1289303,
            35.8483512
          ],
          [
            127.1289959,
            35.848373
          ]
        ]
      },
      "id": "way/1463869552"
    },
    {
      "type": "Feature",
      "properties": {
        "@id": "way/1463869553",
        "crossing": "uncontrolled",
        "crossing:markings": "yes",
        "footway": "crossing",
        "highway": "footway"
      },
      "geometry": {
        "type": "LineString",
        "coordinates": [
          [
            127.1290706,
            35.8482263
          ],
          [
            127.1290532,
            35.8482693
          ],
          [
            127.1290317,
            35.8483222
          ]
        ]
      },
      "id": "way/1463869553"
    },
    {
      "type": "Feature",
      "properties": {
        "@id": "way/1463869554",
        "crossing": "uncontrolled",
        "crossing:markings": "yes",
        "footway": "crossing",
        "highway": "footway"
      },
      "geometry": {
        "type": "LineString",
        "coordinates": [
          [
            127.1275376,
            35.8485638
          ],
          [
            127.1274826,
            35.8485514
          ],
          [
            127.1274162,
            35.8485363
          ]
        ]
      },
      "id": "way/1463869554"
    },
    {
      "type": "Feature",
      "properties": {
        "@id": "way/1463869555",
        "crossing": "uncontrolled",
        "crossing:markings": "yes",
        "footway": "crossing",
        "highway": "footway"
      },
      "geometry": {
        "type": "LineString",
        "coordinates": [
          [
            127.1272185,
            35.8492446
          ],
          [
            127.1272753,
            35.8492528
          ],
          [
            127.1273199,
            35.8492593
          ]
        ]
      },
      "id": "way/1463869555"
    },
    {
      "type": "Feature",
      "properties": {
        "@id": "way/1463869556",
        "highway": "footway"
      },
      "geometry": {
        "type": "LineString",
        "coordinates": [
          [
            127.1273199,
            35.8492593
          ],
          [
            127.1273476,
            35.849265
          ],
          [
            127.1282867,
            35.8494589
          ]
        ]
      },
      "id": "way/1463869556"
    },
    {
      "type": "Feature",
      "properties": {
        "@id": "way/1463869557",
        "bicycle": "designated",
        "foot": "designated",
        "highway": "cycleway"
      },
      "geometry": {
        "type": "LineString",
        "coordinates": [
          [
            127.1270948,
            35.8497668
          ],
          [
            127.1266164,
            35.8498682
          ],
          [
            127.1265788,
            35.8498748
          ],
          [
            127.126535,
            35.8498739
          ],
          [
            127.1265097,
            35.8498734
          ],
          [
            127.1264736,
            35.8498727
          ]
        ]
      },
      "id": "way/1463869557"
    },
    {
      "type": "Feature",
      "properties": {
        "@id": "way/1465102810",
        "highway": "footway"
      },
      "geometry": {
        "type": "LineString",
        "coordinates": [
          [
            127.1275376,
            35.8485638
          ],
          [
            127.1273476,
            35.849265
          ]
        ]
      },
      "id": "way/1465102810"
    },
    {
      "type": "Feature",
      "properties": {
        "@id": "way/1465102811",
        "highway": "footway"
      },
      "geometry": {
        "type": "LineString",
        "coordinates": [
          [
            127.1278224,
            35.8484907
          ],
          [
            127.127972,
            35.8487436
          ],
          [
            127.1280113,
            35.8488101
          ]
        ]
      },
      "id": "way/1465102811"
    },
    {
      "type": "Feature",
      "properties": {
        "@id": "way/1465102812",
        "highway": "footway"
      },
      "geometry": {
        "type": "LineString",
        "coordinates": [
          [
            127.1281496,
            35.849082
          ],
          [
            127.1283115,
            35.849411
          ]
        ]
      },
      "id": "way/1465102812"
    },
    {
      "type": "Feature",
      "properties": {
        "@id": "way/1465102813",
        "highway": "footway"
      },
      "geometry": {
        "type": "LineString",
        "coordinates": [
          [
            127.127972,
            35.8487436
          ],
          [
            127.1282512,
            35.8486602
          ],
          [
            127.1283094,
            35.8484132
          ]
        ]
      },
      "id": "way/1465102813"
    },
    {
      "type": "Feature",
      "properties": {
        "@id": "way/1465102814",
        "highway": "footway"
      },
      "geometry": {
        "type": "LineString",
        "coordinates": [
          [
            127.1301417,
            35.8479023
          ],
          [
            127.1301697,
            35.8478713
          ]
        ]
      },
      "id": "way/1465102814"
    },
    {
      "type": "Feature",
      "properties": {
        "@id": "way/1465102815",
        "highway": "footway"
      },
      "geometry": {
        "type": "LineString",
        "coordinates": [
          [
            127.1301104,
            35.8479369
          ],
          [
            127.1301203,
            35.8482134
          ]
        ]
      },
      "id": "way/1465102815"
    },
    {
      "type": "Feature",
      "properties": {
        "@id": "way/1465102816",
        "highway": "footway"
      },
      "geometry": {
        "type": "LineString",
        "coordinates": [
          [
            127.1301203,
            35.8482134
          ],
          [
            127.1301589,
            35.8482145
          ],
          [
            127.1301978,
            35.8482471
          ],
          [
            127.1301983,
            35.8482765
          ],
          [
            127.1301991,
            35.8483243
          ],
          [
            127.1301629,
            35.8483537
          ],
          [
            127.1300878,
            35.8483547
          ],
          [
            127.1300516,
            35.8483308
          ],
          [
            127.1300502,
            35.848245
          ],
          [
            127.1300824,
            35.8482221
          ],
          [
            127.1301203,
            35.8482134
          ]
        ]
      },
      "id": "way/1465102816"
    },
    {
      "type": "Feature",
      "properties": {
        "@id": "way/1465102817",
        "highway": "footway"
      },
      "geometry": {
        "type": "LineString",
        "coordinates": [
          [
            127.1301983,
            35.8482765
          ],
          [
            127.1303718,
            35.8482729
          ]
        ]
      },
      "id": "way/1465102817"
    },
    {
      "type": "Feature",
      "properties": {
        "@id": "way/1465102818",
        "crossing": "uncontrolled",
        "crossing:markings": "yes",
        "footway": "crossing",
        "highway": "footway"
      },
      "geometry": {
        "type": "LineString",
        "coordinates": [
          [
            127.134459,
            35.8478563
          ],
          [
            127.1344572,
            35.8479167
          ],
          [
            127.1344554,
            35.84798
          ]
        ]
      },
      "id": "way/1465102818"
    },
    {
      "type": "Feature",
      "properties": {
        "@id": "way/1465102819",
        "highway": "footway"
      },
      "geometry": {
        "type": "LineString",
        "coordinates": [
          [
            127.1344554,
            35.84798
          ],
          [
            127.134466,
            35.8481564
          ],
          [
            127.1345209,
            35.8482699
          ]
        ]
      },
      "id": "way/1465102819"
    },
    {
      "type": "Feature",
      "properties": {
        "@id": "way/1465102820",
        "crossing": "uncontrolled",
        "crossing:markings": "yes",
        "footway": "crossing",
        "highway": "footway"
      },
      "geometry": {
        "type": "LineString",
        "coordinates": [
          [
            127.1340016,
            35.8478298
          ],
          [
            127.1339513,
            35.8478295
          ],
          [
            127.1339045,
            35.8478292
          ]
        ]
      },
      "id": "way/1465102820"
    },
    {
      "type": "Feature",
      "properties": {
        "@id": "way/1465102821",
        "crossing": "uncontrolled",
        "crossing:markings": "yes",
        "footway": "crossing",
        "highway": "footway"
      },
      "geometry": {
        "type": "LineString",
        "coordinates": [
          [
            127.1340314,
            35.8474834
          ],
          [
            127.1339613,
            35.8474806
          ],
          [
            127.1339186,
            35.8474789
          ]
        ]
      },
      "id": "way/1465102821"
    },
    {
      "type": "Feature",
      "properties": {
        "@id": "way/1465102822",
        "highway": "footway"
      },
      "geometry": {
        "type": "LineString",
        "coordinates": [
          [
            127.1349815,
            35.8472501
          ],
          [
            127.1349656,
            35.8473823
          ],
          [
            127.1348718,
            35.8474641
          ],
          [
            127.1348486,
            35.8475221
          ]
        ]
      },
      "id": "way/1465102822"
    },
    {
      "type": "Feature",
      "properties": {
        "@id": "way/1471953860",
        "highway": "footway"
      },
      "geometry": {
        "type": "LineString",
        "coordinates": [
          [
            127.126535,
            35.8498739
          ],
          [
            127.1265184,
            35.8500371
          ]
        ]
      },
      "id": "way/1471953860"
    },
    {
      "type": "Feature",
      "properties": {
        "@id": "way/1495468707",
        "highway": "footway"
      },
      "geometry": {
        "type": "LineString",
        "coordinates": [
          [
            127.1305343,
            35.8421185
          ],
          [
            127.1303216,
            35.8422458
          ],
          [
            127.1301553,
            35.8423545
          ]
        ]
      },
      "id": "way/1495468707"
    },
    {
      "type": "Feature",
      "properties": {
        "@id": "way/1495468708",
        "crossing": "uncontrolled",
        "crossing:markings": "yes",
        "footway": "crossing",
        "highway": "footway"
      },
      "geometry": {
        "type": "LineString",
        "coordinates": [
          [
            127.1301553,
            35.8423545
          ],
          [
            127.1301096,
            35.8423899
          ],
          [
            127.1300695,
            35.8424209
          ]
        ]
      },
      "id": "way/1495468708"
    },
    {
      "type": "Feature",
      "properties": {
        "@id": "way/1495468709",
        "highway": "footway"
      },
      "geometry": {
        "type": "LineString",
        "coordinates": [
          [
            127.1300695,
            35.8424209
          ],
          [
            127.1299925,
            35.8424858
          ],
          [
            127.1297436,
            35.8426959
          ],
          [
            127.12912,
            35.8431536
          ],
          [
            127.1290589,
            35.8431953
          ],
          [
            127.1289148,
            35.8432938
          ],
          [
            127.1288504,
            35.8432754
          ]
        ]
      },
      "id": "way/1495468709"
    },
    {
      "type": "Feature",
      "properties": {
        "@id": "way/1495468710",
        "crossing": "uncontrolled",
        "crossing:markings": "yes",
        "footway": "crossing",
        "highway": "footway"
      },
      "geometry": {
        "type": "LineString",
        "coordinates": [
          [
            127.1288504,
            35.8432754
          ],
          [
            127.1287711,
            35.8432022
          ],
          [
            127.1286921,
            35.8431434
          ]
        ]
      },
      "id": "way/1495468710"
    },
    {
      "type": "Feature",
      "properties": {
        "@id": "way/1495468711",
        "footway": "sidewalk",
        "highway": "footway"
      },
      "geometry": {
        "type": "LineString",
        "coordinates": [
          [
            127.1288504,
            35.8432754
          ],
          [
            127.1287059,
            35.8433934
          ],
          [
            127.1284927,
            35.8435445
          ]
        ]
      },
      "id": "way/1495468711"
    },
    {
      "type": "Feature",
      "properties": {
        "@id": "way/1495468712",
        "crossing": "uncontrolled",
        "crossing:markings": "yes",
        "footway": "crossing",
        "highway": "footway"
      },
      "geometry": {
        "type": "LineString",
        "coordinates": [
          [
            127.1284927,
            35.8435445
          ],
          [
            127.1284382,
            35.8435817
          ],
          [
            127.128386,
            35.8436173
          ]
        ]
      },
      "id": "way/1495468712"
    },
    {
      "type": "Feature",
      "properties": {
        "@id": "way/1495468715",
        "crossing": "uncontrolled",
        "crossing:markings": "yes",
        "footway": "crossing",
        "highway": "footway"
      },
      "geometry": {
        "type": "LineString",
        "coordinates": [
          [
            127.1285606,
            35.8432405
          ],
          [
            127.1286211,
            35.8431958
          ],
          [
            127.1286921,
            35.8431434
          ]
        ]
      },
      "id": "way/1495468715"
    },
    {
      "type": "Feature",
      "properties": {
        "@id": "way/1495468716",
        "footway": "sidewalk",
        "highway": "footway"
      },
      "geometry": {
        "type": "LineString",
        "coordinates": [
          [
            127.1286921,
            35.8431434
          ],
          [
            127.1297369,
            35.8423447
          ],
          [
            127.1297734,
            35.8423182
          ],
          [
            127.1305505,
            35.8417556
          ]
        ]
      },
      "id": "way/1495468716"
    },
    {
      "type": "Feature",
      "properties": {
        "@id": "way/1495468717",
        "crossing": "uncontrolled",
        "crossing:markings": "yes",
        "footway": "crossing",
        "highway": "footway"
      },
      "geometry": {
        "type": "LineString",
        "coordinates": [
          [
            127.1305505,
            35.8417556
          ],
          [
            127.130587,
            35.8417296
          ],
          [
            127.1306234,
            35.8417037
          ]
        ]
      },
      "id": "way/1495468717"
    },
    {
      "type": "Feature",
      "properties": {
        "@id": "way/1495468718",
        "footway": "sidewalk",
        "highway": "footway"
      },
      "geometry": {
        "type": "LineString",
        "coordinates": [
          [
            127.1306234,
            35.8417037
          ],
          [
            127.1306621,
            35.8416704
          ],
          [
            127.1309611,
            35.8414131
          ],
          [
            127.1312033,
            35.841163
          ]
        ]
      },
      "id": "way/1495468718"
    },
    {
      "type": "Feature",
      "properties": {
        "@id": "way/1495468719",
        "crossing": "uncontrolled",
        "crossing:markings": "yes",
        "footway": "crossing",
        "highway": "footway"
      },
      "geometry": {
        "type": "LineString",
        "coordinates": [
          [
            127.1306621,
            35.8416704
          ],
          [
            127.1307228,
            35.8417131
          ],
          [
            127.1307775,
            35.8417514
          ]
        ]
      },
      "id": "way/1495468719"
    },
    {
      "type": "Feature",
      "properties": {
        "@id": "way/1495468720",
        "highway": "footway"
      },
      "geometry": {
        "type": "LineString",
        "coordinates": [
          [
            127.1307775,
            35.8417514
          ],
          [
            127.1308883,
            35.8418453
          ]
        ]
      },
      "id": "way/1495468720"
    },
    {
      "type": "Feature",
      "properties": {
        "@id": "way/1495468721",
        "crossing": "uncontrolled",
        "crossing:markings": "yes",
        "footway": "crossing",
        "highway": "footway"
      },
      "geometry": {
        "type": "LineString",
        "coordinates": [
          [
            127.1297734,
            35.8423182
          ],
          [
            127.1298547,
            35.8423774
          ],
          [
            127.129933,
            35.8424346
          ]
        ]
      },
      "id": "way/1495468721"
    },
    {
      "type": "Feature",
      "properties": {
        "@id": "way/1495468722",
        "highway": "footway"
      },
      "geometry": {
        "type": "LineString",
        "coordinates": [
          [
            127.129933,
            35.8424346
          ],
          [
            127.1299925,
            35.8424858
          ]
        ]
      },
      "id": "way/1495468722"
    },
    {
      "type": "Feature",
      "properties": {
        "@id": "way/1495468723",
        "highway": "cycleway"
      },
      "geometry": {
        "type": "LineString",
        "coordinates": [
          [
            127.1290116,
            35.8463077
          ],
          [
            127.1290256,
            35.8462848
          ],
          [
            127.1288532,
            35.8460617
          ],
          [
            127.1284507,
            35.8455408
          ],
          [
            127.1284018,
            35.8455337
          ]
        ]
      },
      "id": "way/1495468723"
    },
    {
      "type": "Feature",
      "properties": {
        "@id": "way/1495468724",
        "footway": "sidewalk",
        "highway": "footway"
      },
      "geometry": {
        "type": "LineString",
        "coordinates": [
          [
            127.1300593,
            35.8468736
          ],
          [
            127.13021,
            35.8469334
          ],
          [
            127.130952,
            35.8468769
          ],
          [
            127.1309624,
            35.8469329
          ],
          [
            127.1309439,
            35.8471065
          ],
          [
            127.130938,
            35.8471525
          ]
        ]
      },
      "id": "way/1495468724"
    },
    {
      "type": "Feature",
      "properties": {
        "@id": "way/1495468725",
        "footway": "sidewalk",
        "highway": "footway"
      },
      "geometry": {
        "type": "LineString",
        "coordinates": [
          [
            127.1300586,
            35.8473072
          ],
          [
            127.130206,
            35.847301
          ],
          [
            127.130208,
            35.8473478
          ],
          [
            127.1305661,
            35.8473575
          ],
          [
            127.1307013,
            35.8472527
          ]
        ]
      },
      "id": "way/1495468725"
    },
    {
      "type": "Feature",
      "properties": {
        "@id": "way/1495468727",
        "highway": "steps"
      },
      "geometry": {
        "type": "LineString",
        "coordinates": [
          [
            127.1305332,
            35.8452473
          ],
          [
            127.1306565,
            35.8452268
          ]
        ]
      },
      "id": "way/1495468727"
    },
    {
      "type": "Feature",
      "properties": {
        "@id": "way/1495468728",
        "highway": "steps"
      },
      "geometry": {
        "type": "LineString",
        "coordinates": [
          [
            127.1305498,
            35.8451721
          ],
          [
            127.1306409,
            35.8451566
          ]
        ]
      },
      "id": "way/1495468728"
    },
    {
      "type": "Feature",
      "properties": {
        "@id": "way/1495468729",
        "footway": "sidewalk",
        "highway": "footway"
      },
      "geometry": {
        "type": "LineString",
        "coordinates": [
          [
            127.1306409,
            35.8451566
          ],
          [
            127.1306565,
            35.8452268
          ]
        ]
      },
      "id": "way/1495468729"
    },
    {
      "type": "Feature",
      "properties": {
        "@id": "way/1541330231",
        "highway": "footway"
      },
      "geometry": {
        "type": "LineString",
        "coordinates": [
          [
            127.1302087,
            35.8464441
          ],
          [
            127.1301643,
            35.8465285
          ],
          [
            127.1301006,
            35.8466906
          ],
          [
            127.1300748,
            35.8468035
          ]
        ]
      },
      "id": "way/1541330231"
    },
    {
      "type": "Feature",
      "properties": {
        "@id": "way/1541330232",
        "highway": "footway"
      },
      "geometry": {
        "type": "LineString",
        "coordinates": [
          [
            127.1300593,
            35.8468736
          ],
          [
            127.1299787,
            35.8470844
          ]
        ]
      },
      "id": "way/1541330232"
    },
    {
      "type": "Feature",
      "properties": {
        "@id": "way/1541330233",
        "highway": "footway"
      },
      "geometry": {
        "type": "LineString",
        "coordinates": [
          [
            127.1298572,
            35.8473845
          ],
          [
            127.1297566,
            35.8473325
          ],
          [
            127.1296426,
            35.8473175
          ],
          [
            127.1295232,
            35.8473427
          ]
        ]
      },
      "id": "way/1541330233"
    },
    {
      "type": "Feature",
      "properties": {
        "@id": "way/1553202951",
        "footway": "sidewalk",
        "highway": "footway"
      },
      "geometry": {
        "type": "LineString",
        "coordinates": [
          [
            127.1274117,
            35.8442171
          ],
          [
            127.1273767,
            35.8442308
          ],
          [
            127.1270474,
            35.8444426
          ]
        ]
      },
      "id": "way/1553202951"
    },
    {
      "type": "Feature",
      "properties": {
        "@id": "way/1553202954",
        "highway": "footway"
      },
      "geometry": {
        "type": "LineString",
        "coordinates": [
          [
            127.1327448,
            35.8473456
          ],
          [
            127.1326553,
            35.8473913
          ],
          [
            127.132535,
            35.8473868
          ],
          [
            127.1323951,
            35.8473814
          ],
          [
            127.1323378,
            35.8473301
          ]
        ]
      },
      "id": "way/1553202954"
    },
    {
      "type": "Feature",
      "properties": {
        "@id": "way/1553202955",
        "highway": "footway"
      },
      "geometry": {
        "type": "LineString",
        "coordinates": [
          [
            127.132535,
            35.8473868
          ],
          [
            127.1325334,
            35.8474012
          ]
        ]
      },
      "id": "way/1553202955"
    },
    {
      "type": "Feature",
      "properties": {
        "@id": "way/1553202956",
        "highway": "footway"
      },
      "geometry": {
        "type": "LineString",
        "coordinates": [
          [
            127.1325278,
            35.84768
          ],
          [
            127.1325332,
            35.8475998
          ]
        ]
      },
      "id": "way/1553202956"
    },
    {
      "type": "Feature",
      "properties": {
        "@id": "way/1553202957",
        "highway": "footway"
      },
      "geometry": {
        "type": "LineString",
        "coordinates": [
          [
            127.1317858,
            35.8474736
          ],
          [
            127.1318036,
            35.8474752
          ]
        ]
      },
      "id": "way/1553202957"
    },
    {
      "type": "Feature",
      "properties": {
        "@id": "way/1553202958",
        "highway": "footway"
      },
      "geometry": {
        "type": "LineString",
        "coordinates": [
          [
            127.131328,
            35.8476498
          ],
          [
            127.1313325,
            35.84762
          ]
        ]
      },
      "id": "way/1553202958"
    },
    {
      "type": "Feature",
      "properties": {
        "@id": "way/1553202959",
        "highway": "footway"
      },
      "geometry": {
        "type": "LineString",
        "coordinates": [
          [
            127.1313362,
            35.8474204
          ],
          [
            127.1313332,
            35.847466
          ]
        ]
      },
      "id": "way/1553202959"
    },
    {
      "type": "Feature",
      "properties": {
        "@id": "way/1553202960",
        "highway": "footway"
      },
      "geometry": {
        "type": "LineString",
        "coordinates": [
          [
            127.1317693,
            35.8471615
          ],
          [
            127.1317025,
            35.8471567
          ]
        ]
      },
      "id": "way/1553202960"
    },
    {
      "type": "Feature",
      "properties": {
        "@id": "way/1553202961",
        "bridge": "yes",
        "highway": "footway",
        "layer": "1"
      },
      "geometry": {
        "type": "LineString",
        "coordinates": [
          [
            127.1336331,
            35.846963
          ],
          [
            127.13398,
            35.846978
          ]
        ]
      },
      "id": "way/1553202961"
    },
    {
      "type": "Feature",
      "properties": {
        "@id": "way/1553202962",
        "highway": "footway"
      },
      "geometry": {
        "type": "LineString",
        "coordinates": [
          [
            127.1350003,
            35.847002
          ],
          [
            127.1348946,
            35.846997
          ],
          [
            127.1348651,
            35.8470258
          ]
        ]
      },
      "id": "way/1553202962"
    },
    {
      "type": "Feature",
      "properties": {
        "@id": "way/1553202963",
        "highway": "footway"
      },
      "geometry": {
        "type": "LineString",
        "coordinates": [
          [
            127.1348244,
            35.8475189
          ],
          [
            127.1348209,
            35.8476236
          ]
        ]
      },
      "id": "way/1553202963"
    },
    {
      "type": "Feature",
      "properties": {
        "@id": "way/1553202964",
        "highway": "footway"
      },
      "geometry": {
        "type": "LineString",
        "coordinates": [
          [
            127.1349629,
            35.8476961
          ],
          [
            127.1348655,
            35.8476701
          ]
        ]
      },
      "id": "way/1553202964"
    },
    {
      "type": "Feature",
      "properties": {
        "@id": "way/1553202965",
        "highway": "footway"
      },
      "geometry": {
        "type": "LineString",
        "coordinates": [
          [
            127.1341241,
            35.8474865
          ],
          [
            127.1341255,
            35.8475512
          ]
        ]
      },
      "id": "way/1553202965"
    },
    {
      "type": "Feature",
      "properties": {
        "@id": "way/1553202966",
        "highway": "footway"
      },
      "geometry": {
        "type": "LineString",
        "coordinates": [
          [
            127.1324064,
            35.8473327
          ],
          [
            127.1324237,
            35.8470622
          ],
          [
            127.1324291,
            35.8469787
          ],
          [
            127.1326208,
            35.8469833
          ],
          [
            127.1327015,
            35.8469853
          ],
          [
            127.1327129,
            35.8467991
          ],
          [
            127.1325062,
            35.8467856
          ],
          [
            127.1323681,
            35.846776
          ],
          [
            127.13236,
            35.8469589
          ],
          [
            127.1324291,
            35.8469787
          ]
        ]
      },
      "id": "way/1553202966"
    },
    {
      "type": "Feature",
      "properties": {
        "@id": "way/1553202967",
        "highway": "footway"
      },
      "geometry": {
        "type": "LineString",
        "coordinates": [
          [
            127.1325062,
            35.8467856
          ],
          [
            127.1325149,
            35.8466792
          ]
        ]
      },
      "id": "way/1553202967"
    },
    {
      "type": "Feature",
      "properties": {
        "@id": "way/1553202968",
        "highway": "footway"
      },
      "geometry": {
        "type": "LineString",
        "coordinates": [
          [
            127.1327129,
            35.8467991
          ],
          [
            127.1327838,
            35.846804
          ]
        ]
      },
      "id": "way/1553202968"
    },
    {
      "type": "Feature",
      "properties": {
        "@id": "way/1553202969",
        "highway": "footway"
      },
      "geometry": {
        "type": "LineString",
        "coordinates": [
          [
            127.1327015,
            35.8469853
          ],
          [
            127.132772,
            35.8469889
          ]
        ]
      },
      "id": "way/1553202969"
    },
    {
      "type": "Feature",
      "properties": {
        "@id": "way/1553202970",
        "highway": "footway"
      },
      "geometry": {
        "type": "LineString",
        "coordinates": [
          [
            127.13236,
            35.8469589
          ],
          [
            127.1322932,
            35.8469521
          ]
        ]
      },
      "id": "way/1553202970"
    },
    {
      "type": "Feature",
      "properties": {
        "@id": "way/1553202971",
        "highway": "footway"
      },
      "geometry": {
        "type": "LineString",
        "coordinates": [
          [
            127.1323681,
            35.846776
          ],
          [
            127.1323059,
            35.8467526
          ]
        ]
      },
      "id": "way/1553202971"
    },
    {
      "type": "Feature",
      "properties": {
        "@id": "way/1553202972",
        "highway": "footway"
      },
      "geometry": {
        "type": "LineString",
        "coordinates": [
          [
            127.1322688,
            35.8464226
          ],
          [
            127.1322578,
            35.846551
          ]
        ]
      },
      "id": "way/1553202972"
    },
    {
      "type": "Feature",
      "properties": {
        "@id": "way/1553202973",
        "highway": "footway"
      },
      "geometry": {
        "type": "LineString",
        "coordinates": [
          [
            127.1328437,
            35.8464269
          ],
          [
            127.1328336,
            35.8465519
          ],
          [
            127.132794,
            35.84655
          ]
        ]
      },
      "id": "way/1553202973"
    },
    {
      "type": "Feature",
      "properties": {
        "@id": "way/1553202974",
        "highway": "footway"
      },
      "geometry": {
        "type": "LineString",
        "coordinates": [
          [
            127.1325672,
            35.8464361
          ],
          [
            127.1325658,
            35.8464484
          ]
        ]
      },
      "id": "way/1553202974"
    },
    {
      "type": "Feature",
      "properties": {
        "@id": "way/1553202975",
        "highway": "footway"
      },
      "geometry": {
        "type": "LineString",
        "coordinates": [
          [
            127.133271,
            35.8467027
          ],
          [
            127.1333375,
            35.8467091
          ]
        ]
      },
      "id": "way/1553202975"
    },
    {
      "type": "Feature",
      "properties": {
        "@id": "way/1553202976",
        "highway": "footway"
      },
      "geometry": {
        "type": "LineString",
        "coordinates": [
          [
            127.1334565,
            35.8473503
          ],
          [
            127.1334623,
            35.8472393
          ]
        ]
      },
      "id": "way/1553202976"
    },
    {
      "type": "Feature",
      "properties": {
        "@id": "way/1553202977",
        "highway": "footway"
      },
      "geometry": {
        "type": "LineString",
        "coordinates": [
          [
            127.1333089,
            35.8470699
          ],
          [
            127.1333843,
            35.8470725
          ]
        ]
      },
      "id": "way/1553202977"
    },
    {
      "type": "Feature",
      "properties": {
        "@id": "way/1553202978",
        "highway": "footway"
      },
      "geometry": {
        "type": "LineString",
        "coordinates": [
          [
            127.133306,
            35.8471063
          ],
          [
            127.1332508,
            35.8471043
          ]
        ]
      },
      "id": "way/1553202978"
    },
    {
      "type": "Feature",
      "properties": {
        "@id": "way/1553202979",
        "highway": "footway"
      },
      "geometry": {
        "type": "LineString",
        "coordinates": [
          [
            127.1317753,
            35.8470369
          ],
          [
            127.1318268,
            35.8470389
          ]
        ]
      },
      "id": "way/1553202979"
    },
    {
      "type": "Feature",
      "properties": {
        "@id": "way/1553202980",
        "highway": "footway"
      },
      "geometry": {
        "type": "LineString",
        "coordinates": [
          [
            127.1318048,
            35.8466016
          ],
          [
            127.1318486,
            35.8466037
          ]
        ]
      },
      "id": "way/1553202980"
    },
    {
      "type": "Feature",
      "properties": {
        "@id": "way/1553202981",
        "highway": "footway"
      },
      "geometry": {
        "type": "LineString",
        "coordinates": [
          [
            127.1318033,
            35.8466204
          ],
          [
            127.131734,
            35.8466186
          ]
        ]
      },
      "id": "way/1553202981"
    },
    {
      "type": "Feature",
      "properties": {
        "@id": "way/1553202982",
        "highway": "footway"
      },
      "geometry": {
        "type": "LineString",
        "coordinates": [
          [
            127.1333409,
            35.8466669
          ],
          [
            127.133411,
            35.8466705
          ]
        ]
      },
      "id": "way/1553202982"
    },
    {
      "type": "Feature",
      "properties": {
        "@id": "way/1553202983",
        "highway": "footway"
      },
      "geometry": {
        "type": "LineString",
        "coordinates": [
          [
            127.1346813,
            35.8466223
          ],
          [
            127.1347921,
            35.8466242
          ]
        ]
      },
      "id": "way/1553202983"
    },
    {
      "type": "Feature",
      "properties": {
        "@id": "way/1553202984",
        "highway": "footway"
      },
      "geometry": {
        "type": "LineString",
        "coordinates": [
          [
            127.1323767,
            35.84706
          ],
          [
            127.1324237,
            35.8470622
          ]
        ]
      },
      "id": "way/1553202984"
    },
    {
      "type": "Feature",
      "properties": {
        "@id": "way/1553202985",
        "highway": "footway"
      },
      "geometry": {
        "type": "LineString",
        "coordinates": [
          [
            127.1326511,
            35.8470709
          ],
          [
            127.1326112,
            35.8470686
          ],
          [
            127.1326208,
            35.8469833
          ]
        ]
      },
      "id": "way/1553202985"
    },
    {
      "type": "Feature",
      "properties": {
        "@id": "way/1553202993",
        "highway": "footway"
      },
      "geometry": {
        "type": "LineString",
        "coordinates": [
          [
            127.1314204,
            35.8449468
          ],
          [
            127.1314164,
            35.8449295
          ]
        ]
      },
      "id": "way/1553202993"
    },
    {
      "type": "Feature",
      "properties": {
        "@id": "way/1553202994",
        "highway": "footway"
      },
      "geometry": {
        "type": "LineString",
        "coordinates": [
          [
            127.1317501,
            35.8447204
          ],
          [
            127.1316555,
            35.8447373
          ],
          [
            127.1316379,
            35.8447939
          ]
        ]
      },
      "id": "way/1553202994"
    },
    {
      "type": "Feature",
      "properties": {
        "@id": "way/1553202995",
        "highway": "footway"
      },
      "geometry": {
        "type": "LineString",
        "coordinates": [
          [
            127.1311273,
            35.8447233
          ],
          [
            127.1311344,
            35.8447601
          ]
        ]
      },
      "id": "way/1553202995"
    },
    {
      "type": "Feature",
      "properties": {
        "@id": "way/1553202997",
        "highway": "footway"
      },
      "geometry": {
        "type": "LineString",
        "coordinates": [
          [
            127.1306565,
            35.8452268
          ],
          [
            127.1310026,
            35.8451768
          ],
          [
            127.1311102,
            35.8451613
          ],
          [
            127.1311519,
            35.8451552
          ]
        ]
      },
      "id": "way/1553202997"
    },
    {
      "type": "Feature",
      "properties": {
        "@id": "way/1553202998",
        "highway": "footway"
      },
      "geometry": {
        "type": "LineString",
        "coordinates": [
          [
            127.1310297,
            35.8453193
          ],
          [
            127.1310224,
            35.8452806
          ],
          [
            127.1310026,
            35.8451768
          ]
        ]
      },
      "id": "way/1553202998"
    },
    {
      "type": "Feature",
      "properties": {
        "@id": "way/1554173998",
        "highway": "footway"
      },
      "geometry": {
        "type": "LineString",
        "coordinates": [
          [
            127.1260949,
            35.849493
          ],
          [
            127.1260707,
            35.8495865
          ],
          [
            127.1261019,
            35.8496625
          ]
        ]
      },
      "id": "way/1554173998"
    },
    {
      "type": "Feature",
      "properties": {
        "@id": "way/1559375881",
        "footway": "sidewalk",
        "highway": "footway"
      },
      "geometry": {
        "type": "LineString",
        "coordinates": [
          [
            127.1285,
            35.8453743
          ],
          [
            127.1281985,
            35.8449389
          ],
          [
            127.1282274,
            35.8449027
          ]
        ]
      },
      "id": "way/1559375881"
    },
    {
      "type": "Feature",
      "properties": {
        "@id": "way/1559375882",
        "highway": "footway"
      },
      "geometry": {
        "type": "LineString",
        "coordinates": [
          [
            127.1273767,
            35.8442308
          ],
          [
            127.1274314,
            35.8443042
          ],
          [
            127.1275761,
            35.844484
          ],
          [
            127.1274985,
            35.8445271
          ]
        ]
      },
      "id": "way/1559375882"
    }
  ]
}