run,frame_id,elapsed_s,timestamp_ns,image,label,confidence,supported,class_and_score_pass,bounds,tracking
NaVi-collect-20260919-022341-193-a2b8792d,28,5.398,357102123539350,images/28.png,car,0.36328125,True,False,"[0.31666666, 0.24375, 0.5729167, 0.3875]",TRACKING
NaVi-collect-20260919-022341-193-a2b8792d,29,5.602,357102324071742,images/29.png,car,0.4296875,True,False,"[0.004166667, 0.2890625, 0.99375, 0.9875]",TRACKING
NaVi-collect-20260919-022341-193-a2b8792d,31,5.996,357102724878840,images/31.png,cat,0.546875,False,False,"[0.008333334, 0.0265625, 0.9875, 0.9703125]",TRACKING
NaVi-collect-20260919-022341-193-a2b8792d,32,6.22,357102925502363,images/32.png,cat,0.4765625,False,False,"[0, 0, 1, 0.9796875]",TRACKING
NaVi-collect-20260919-022341-193-a2b8792d,33,6.447,357103126049061,images/33.png,bed,0.4765625,False,False,"[0, 0.0796875, 1, 0.9921875]",TRACKING
NaVi-collect-20260919-022341-193-a2b8792d,33,6.447,357103126049061,images/33.png,cat,0.40625,False,False,"[0.40625, 0.0046875, 0.99375, 0.38125]",TRACKING
NaVi-collect-20260919-022341-193-a2b8792d,37,7.25,357103961987630,images/37.png,car,0.36328125,True,False,"[0.45, 0.3265625, 0.56666666, 0.3984375]",TRACKING
NaVi-collect-20260919-022341-193-a2b8792d,39,7.65,357104364242601,images/39.png,car,0.40625,True,False,"[0.47083333, 0.234375, 0.7083333, 0.3828125]",TRACKING
NaVi-collect-20260919-022341-193-a2b8792d,58,11.464,357108175266198,images/58.png,cat,0.546875,False,False,"[0.18541667, 0.2765625, 0.98541665, 0.9765625]",TRACKING
NaVi-collect-20260919-022341-193-a2b8792d,60,11.88,357108576623662,images/60.png,car,0.4296875,True,False,"[0.41875, 0.315625, 0.5729167, 0.4015625]",TRACKING
NaVi-collect-20260919-022341-193-a2b8792d,61,12.061,357108777045800,images/61.png,cat,0.5234375,False,False,"[0.09791667, 0.2953125, 0.9791667, 0.9796875]",TRACKING
NaVi-collect-20260919-022341-193-a2b8792d,65,12.854,357109579268718,images/65.png,cat,0.453125,False,False,"[0.12916666, 0.25, 0.9770833, 0.9640625]",TRACKING
NaVi-collect-20260919-022341-193-a2b8792d,66,13.062,357109779904554,images/66.png,cat,0.61328125,False,False,"[0.077083334, 0.25, 0.99375, 0.9640625]",TRACKING
NaVi-collect-20260919-022341-193-a2b8792d,67,13.265,357109980183104,images/67.png,car,0.4296875,True,False,"[0.45625, 0.2125, 0.64375, 0.3359375]",TRACKING
NaVi-collect-20260919-022341-193-a2b8792d,67,13.265,357109980183104,images/67.png,cat,0.40625,False,False,"[0.12083333, 0.05, 0.98541665, 0.984375]",TRACKING
NaVi-collect-20260919-022341-193-a2b8792d,68,13.47,357110180746431,images/68.png,cat,0.5703125,False,False,"[0.1125, 0.2578125, 0.99375, 0.9578125]",TRACKING
NaVi-collect-20260919-022341-193-a2b8792d,69,13.659,357110381237835,images/69.png,cat,0.5,False,False,"[0.10208333, 0.2484375, 0.98125, 0.975]",TRACKING
NaVi-collect-20260919-022341-193-a2b8792d,69,13.659,357110381237835,images/69.png,car,0.38671875,True,False,"[0.43125, 0.190625, 0.6145833, 0.315625]",TRACKING
NaVi-collect-20260919-022341-193-a2b8792d,70,13.868,357110581769508,images/70.png,cat,0.4296875,False,False,"[0.12916666, 0.2578125, 0.9770833, 0.9578125]",TRACKING
NaVi-collect-20260919-022341-193-a2b8792d,71,14.06,357110782862700,images/71.png,cat,0.5234375,False,False,"[0.125, 0.2484375, 0.9875, 0.975]",TRACKING
NaVi-collect-20260919-022341-193-a2b8792d,72,14.274,357110983780104,images/72.png,cat,0.61328125,False,False,"[0.1125, 0.059375, 0.99375, 0.975]",TRACKING
NaVi-collect-20260919-022341-193-a2b8792d,73,14.479,357111184430651,images/73.png,cat,0.4765625,False,False,"[0.05, 0.2046875, 0.98333335, 0.975]",TRACKING
NaVi-collect-20260919-022341-193-a2b8792d,75,14.869,357111586261328,images/75.png,cat,0.5703125,False,False,"[0.08958333, 0.3015625, 0.9895833, 0.9734375]",TRACKING
NaVi-collect-20260919-022341-193-a2b8792d,76,15.078,357111787001396,images/76.png,cat,0.65625,False,False,"[0.08125, 0.3015625, 0.99791664, 0.9734375]",TRACKING
NaVi-collect-20260919-022341-193-a2b8792d,78,15.468,357112188272576,images/78.png,cat,0.63671875,False,False,"[0.12708333, 0.275, 0.9916667, 0.959375]",TRACKING
NaVi-collect-20260919-022341-193-a2b8792d,79,15.667,357112388879684,images/79.png,cat,0.453125,False,False,"[0.08958333, 0.271875, 0.9895833, 0.9828125]",TRACKING
NaVi-collect-20260919-022341-193-a2b8792d,80,15.873,357112589370947,images/80.png,cat,0.5,False,False,"[0.14791666, 0.3109375, 0.99375, 0.971875]",TRACKING
NaVi-collect-20260919-022341-193-a2b8792d,81,16.089,357112790107054,images/81.png,cat,0.546875,False,False,"[0.11666667, 0.2984375, 0.99583334, 0.984375]",TRACKING
NaVi-collect-20260919-022341-193-a2b8792d,82,16.277,357112990736298,images/82.png,cat,0.63671875,False,False,"[0.08541667, 0.3109375, 1, 0.971875]",TRACKING
NaVi-collect-20260919-022341-193-a2b8792d,83,16.479,357113191342462,images/83.png,cat,0.69921875,False,False,"[0.052083332, 0.3109375, 1, 0.971875]",TRACKING
NaVi-collect-20260919-022341-193-a2b8792d,84,16.673,357113391816502,images/84.png,cat,0.546875,False,False,"[0.060416665, 0.3046875, 0.9916667, 0.978125]",TRACKING
NaVi-collect-20260919-022341-193-a2b8792d,85,16.872,357113592253717,images/85.png,cat,0.40625,False,False,"[0.022916667, 0.203125, 0.975, 0.971875]",TRACKING
NaVi-collect-20260919-022341-193-a2b8792d,86,17.076,357113792363330,images/86.png,cat,0.453125,False,False,"[0.06875, 0.3015625, 0.96875, 0.9734375]",TRACKING
NaVi-collect-20260919-022341-193-a2b8792d,87,17.336,357114025644057,images/87.png,cat,0.546875,False,False,"[0.07083333, 0.3375, 0.98541665, 0.9734375]",TRACKING
NaVi-collect-20260919-022341-193-a2b8792d,88,17.526,357114226162464,images/88.png,cat,0.63671875,False,False,"[0.0125, 0.275, 0.98333335, 0.959375]",TRACKING
NaVi-collect-20260919-022341-193-a2b8792d,89,17.706,357114430167669,images/89.png,cat,0.61328125,False,False,"[0.09375, 0.2765625, 0.9916667, 0.9765625]",TRACKING
NaVi-collect-20260919-022341-193-a2b8792d,90,17.917,357114630287156,images/90.png,cat,0.453125,False,False,"[0.077083334, 0.1109375, 0.99375, 0.959375]",TRACKING
NaVi-collect-20260919-022341-193-a2b8792d,93,18.541,357115263697792,images/93.png,cat,0.65625,False,False,"[0.09375, 0.3109375, 0.9916667, 0.971875]",TRACKING
NaVi-collect-20260919-022341-193-a2b8792d,94,18.74,357115464022335,images/94.png,cat,0.5234375,False,False,"[0.09791667, 0.2640625, 0.9791667, 0.9484375]",TRACKING
NaVi-collect-20260919-022341-193-a2b8792d,96,19.143,357115864641914,images/96.png,cat,0.71875,False,False,"[0.08541667, 0.1375, 0.98333335, 0.9703125]",TRACKING
NaVi-collect-20260919-022341-193-a2b8792d,99,19.817,357116531541718,images/99.png,cat,0.4296875,False,False,"[0.0375, 0.290625, 0.9875, 0.990625]",TRACKING
NaVi-collect-20260919-022341-193-a2b8792d,100,20.013,357116731551914,images/100.png,cat,0.36328125,False,False,"[0.022916667, 0.28125, 0.975, 0.9921875]",TRACKING
NaVi-collect-20260919-022341-193-a2b8792d,101,20.212,357116931666190,images/101.png,cat,0.453125,False,False,"[0.03125, 0.28125, 0.96458334, 0.9921875]",TRACKING
NaVi-collect-20260919-022341-193-a2b8792d,102,20.446,357117164964004,images/102.png,cat,0.73828125,False,False,"[0.004166667, 0.2890625, 0.99375, 0.9875]",TRACKING
NaVi-collect-20260919-022341-193-a2b8792d,104,20.917,357117630757840,images/104.png,cat,0.63671875,False,False,"[0.004166667, 0.3046875, 0.99375, 0.9890625]",TRACKING
NaVi-collect-20260919-022341-193-a2b8792d,105,21.145,357117863727244,images/105.png,cat,0.63671875,False,False,"[0, 0.2953125, 0.97083336, 0.9796875]",TRACKING
NaVi-collect-20260919-022341-193-a2b8792d,108,21.802,357118497535701,images/108.png,teddy bear,0.40625,False,False,"[0.008333334, 0.1625, 0.9875, 0.9875]",TRACKING
NaVi-collect-20260919-022341-193-a2b8792d,119,24.183,357120901692298,images/119.png,teddy bear,0.4296875,False,False,"[0.004166667, 0.4265625, 0.99375, 0.9921875]",TRACKING
NaVi-collect-20260919-022341-193-a2b8792d,123,25.02,357121735917965,images/123.png,car,0.5234375,True,False,"[0.24583334, 0.3484375, 0.42708334, 0.41875]",TRACKING
NaVi-collect-20260919-022341-193-a2b8792d,125,25.413,357122136249671,images/125.png,car,0.453125,True,False,"[0.21041666, 0.425, 0.37083334, 0.490625]",TRACKING
NaVi-collect-20260919-022341-193-a2b8792d,128,26.052,357122769638360,images/128.png,car,0.4296875,True,False,"[0.21666667, 0.3453125, 0.39375, 0.4234375]",TRACKING
NaVi-collect-20260919-022341-193-a2b8792d,129,26.239,357122969654031,images/129.png,car,0.453125,True,False,"[0.16875, 0.3453125, 0.34583333, 0.41875]",TRACKING
NaVi-collect-20260919-022341-193-a2b8792d,148,30.404,357127136516956,images/148.png,car,0.4296875,True,False,"[0.38541666, 0.33125, 0.50625, 0.4046875]",TRACKING
NaVi-collect-20260919-022341-193-a2b8792d,148,30.404,357127136516956,images/148.png,car,0.36328125,True,False,"[0.28541666, 0.3578125, 0.38333333, 0.4171875]",TRACKING
NaVi-collect-20260919-022341-193-a2b8792d,153,31.472,357128203460709,images/153.png,car,0.36328125,True,False,"[0.39166668, 0.36875, 0.55625, 0.44375]",TRACKING
NaVi-collect-20260919-022341-193-a2b8792d,154,31.708,357128436774275,images/154.png,car,0.453125,True,False,"[0.39791667, 0.3296875, 0.49375, 0.4]",TRACKING
NaVi-collect-20260919-022341-193-a2b8792d,154,31.708,357128436774275,images/154.png,car,0.38671875,True,False,"[0.25416666, 0.3546875, 0.36458334, 0.4140625]",TRACKING
NaVi-collect-20260919-022341-193-a2b8792d,157,32.378,357129103391794,images/157.png,car,0.36328125,True,False,"[0.33958334, 0.3328125, 0.52708334, 0.4125]",TRACKING
NaVi-collect-20260919-022341-193-a2b8792d,158,32.581,357129303451735,images/158.png,car,0.40625,True,False,"[0.325, 0.3546875, 0.49583334, 0.4296875]",TRACKING
NaVi-collect-20260919-022341-193-a2b8792d,160,33.015,357129736781704,images/160.png,car,0.36328125,True,False,"[0.45208332, 0.325, 0.56666666, 0.39375]",TRACKING
NaVi-collect-20260919-022341-193-a2b8792d,162,33.417,357130136909688,images/162.png,car,0.40625,True,False,"[0.50416666, 0.3765625, 0.59375, 0.45]",TRACKING
NaVi-collect-20260919-022341-193-a2b8792d,163,33.646,357130370186881,images/163.png,car,0.5703125,True,False,"[0.4875, 0.3546875, 0.59375, 0.43125]",TRACKING
NaVi-collect-20260919-022341-193-a2b8792d,169,35.008,357131732619079,images/169.png,car,0.5234375,True,False,"[0.4875, 0.415625, 0.59583336, 0.4921875]",TRACKING
NaVi-collect-20260919-022341-193-a2b8792d,170,35.244,357131965928136,images/170.png,car,0.453125,True,False,"[0.43958333, 0.4, 0.6, 0.4796875]",TRACKING
NaVi-collect-20260919-022341-193-a2b8792d,170,35.244,357131965928136,images/170.png,car,0.36328125,True,False,"[0.29791668, 0.43125, 0.38958332, 0.5]",TRACKING
NaVi-collect-20260919-022341-193-a2b8792d,171,35.451,357132165963409,images/171.png,car,0.40625,True,False,"[0.37708333, 0.359375, 0.54375, 0.44375]",TRACKING
NaVi-collect-20260919-022341-193-a2b8792d,171,35.451,357132165963409,images/171.png,car,0.40625,True,False,"[0.22708334, 0.403125, 0.32916668, 0.4625]",TRACKING
NaVi-collect-20260919-022341-193-a2b8792d,175,36.318,357133032482015,images/175.png,car,0.5,True,False,"[0.17916666, 0.28125, 0.5416667, 0.4328125]",TRACKING
NaVi-collect-20260919-022341-193-a2b8792d,178,36.981,357133698837731,images/178.png,car,0.36328125,True,False,"[0.14166667, 0.3875, 0.2875, 0.4671875]",TRACKING
NaVi-collect-20260919-022341-193-a2b8792d,179,37.192,357133898979916,images/179.png,person,0.453125,True,False,"[0.8, 0.003125, 0.96458334, 0.409375]",TRACKING
NaVi-collect-20260919-022341-193-a2b8792d,179,37.192,357133898979916,images/179.png,car,0.40625,True,False,"[0.24583334, 0.303125, 0.35833332, 0.38125]",TRACKING
NaVi-collect-20260919-022341-193-a2b8792d,181,37.594,357134299043202,images/181.png,cat,0.38671875,False,False,"[0, 0.3890625, 0.97083336, 0.9875]",TRACKING
NaVi-collect-20260919-022341-193-a2b8792d,184,38.219,357134930540439,images/184.png,cat,0.59375,False,False,"[0.21041666, 0.3828125, 0.98125, 0.99375]",TRACKING
NaVi-collect-20260919-022341-193-a2b8792d,185,38.432,357135130856538,images/185.png,car,0.38671875,True,False,"[0.79583335, 0.290625, 0.99375, 0.3796875]",TRACKING
NaVi-collect-20260919-022341-193-a2b8792d,186,38.635,357135331751229,images/186.png,elephant,0.453125,False,False,"[0, 0.3828125, 0.93333334, 0.99375]",TRACKING
NaVi-collect-20260919-022341-193-a2b8792d,187,38.827,357135532187661,images/187.png,cat,0.4765625,False,False,"[0, 0.378125, 0.97083336, 1]",TRACKING
NaVi-collect-20260919-022341-193-a2b8792d,187,38.827,357135532187661,images/187.png,car,0.36328125,True,False,"[0.27708334, 0.309375, 0.40625, 0.390625]",TRACKING
NaVi-collect-20260919-022341-193-a2b8792d,188,39.024,357135732621456,images/188.png,car,0.4765625,True,False,"[0.8229167, 0.278125, 0.99375, 0.35]",TRACKING
NaVi-collect-20260919-022341-193-a2b8792d,188,39.024,357135732621456,images/188.png,car,0.38671875,True,False,"[0.30833334, 0.2984375, 0.425, 0.365625]",TRACKING
NaVi-collect-20260919-022341-193-a2b8792d,191,39.645,357136334417142,images/191.png,car,0.40625,True,False,"[0.26041666, 0.278125, 0.34791666, 0.3625]",TRACKING
NaVi-collect-20260919-022341-193-a2b8792d,191,39.645,357136334417142,images/191.png,car,0.36328125,True,False,"[0.33958334, 0.2921875, 0.42708334, 0.3421875]",TRACKING
NaVi-collect-20260919-022341-193-a2b8792d,192,39.824,357136535050726,images/192.png,car,0.40625,True,False,"[0.2625, 0.2890625, 0.35416666, 0.3828125]",TRACKING
NaVi-collect-20260919-022341-193-a2b8792d,193,40.033,357136735741772,images/193.png,car,0.38671875,True,False,"[0.225, 0.2375, 0.34166667, 0.3578125]",TRACKING
NaVi-collect-20260919-022341-193-a2b8792d,196,40.623,357137337400321,images/196.png,car,0.36328125,True,False,"[0.20625, 0.3046875, 0.30833334, 0.4140625]",TRACKING
NaVi-collect-20260919-022341-193-a2b8792d,197,40.825,357137538074888,images/197.png,car,0.36328125,True,False,"[0.38541666, 0.246875, 0.475, 0.328125]",TRACKING
NaVi-collect-20260919-022341-193-a2b8792d,198,41.03,357137738838430,images/198.png,car,0.453125,True,False,"[0.15833333, 0.3421875, 0.33125, 0.4328125]",TRACKING
NaVi-collect-20260919-022341-193-a2b8792d,198,41.03,357137738838430,images/198.png,car,0.4296875,True,False,"[0.3875, 0.278125, 0.6479167, 0.390625]",TRACKING
NaVi-collect-20260919-022341-193-a2b8792d,198,41.03,357137738838430,images/198.png,car,0.36328125,True,False,"[0.6458333, 0.296875, 0.78125, 0.3671875]",TRACKING
NaVi-collect-20260919-022341-193-a2b8792d,199,41.235,357137939284571,images/199.png,car,0.40625,True,False,"[0.7, 0.2734375, 0.8333333, 0.346875]",TRACKING
NaVi-collect-20260919-022341-193-a2b8792d,200,41.438,357138140061377,images/200.png,elephant,0.4765625,False,False,"[0.004166667, 0.3890625, 0.99375, 0.9875]",TRACKING
NaVi-collect-20260919-022341-193-a2b8792d,201,41.63,357138340810547,images/201.png,horse,0.453125,False,False,"[0.0125, 0.3828125, 0.98333335, 0.99375]",TRACKING
NaVi-collect-20260919-022341-193-a2b8792d,202,41.833,357138541226423,images/202.png,car,0.36328125,True,False,"[0.2125, 0.334375, 0.37083334, 0.4234375]",TRACKING
NaVi-collect-20260919-022341-193-a2b8792d,204,42.227,357138942312221,images/204.png,horse,0.4765625,False,False,"[0.004166667, 0.4328125, 0.63958335, 0.9875]",TRACKING
NaVi-collect-20260919-022341-193-a2b8792d,204,42.227,357138942312221,images/204.png,car,0.40625,True,False,"[0.12708333, 0.3390625, 0.35, 0.4671875]",TRACKING
NaVi-collect-20260919-022341-193-a2b8792d,206,42.646,357139343692742,images/206.png,car,0.4296875,True,False,"[0.008333334, 0.3359375, 0.21875, 0.55625]",TRACKING
NaVi-collect-20260919-022341-193-a2b8792d,207,42.829,357139544228885,images/207.png,person,0.4296875,True,False,"[0, 0.4203125, 0.97083336, 0.996875]",TRACKING
NaVi-collect-20260919-022341-193-a2b8792d,208,43.039,357139744624803,images/208.png,car,0.38671875,True,False,"[0.22916667, 0.3234375, 0.32291666, 0.403125]",TRACKING
NaVi-collect-20260919-022341-193-a2b8792d,210,43.456,357140145987543,images/210.png,car,0.36328125,True,False,"[0.73125, 0.328125, 0.85, 0.396875]",TRACKING
NaVi-collect-20260919-022341-193-a2b8792d,211,43.649,357140346634331,images/211.png,car,0.40625,True,False,"[0.7291667, 0.3265625, 0.83958334, 0.3859375]",TRACKING
NaVi-collect-20260919-022341-193-a2b8792d,211,43.649,357140346634331,images/211.png,car,0.36328125,True,False,"[0.6354167, 0.3359375, 0.69375, 0.3859375]",TRACKING
NaVi-collect-20260919-022341-193-a2b8792d,214,44.238,357140948526481,images/214.png,car,0.36328125,True,False,"[0.225, 0.4, 0.41666666, 0.48125]",TRACKING
NaVi-collect-20260919-022341-193-a2b8792d,215,44.456,357141148811219,images/215.png,car,0.5,True,False,"[0.75416666, 0.3328125, 0.94166666, 0.403125]",TRACKING
NaVi-collect-20260919-022341-193-a2b8792d,215,44.456,357141148811219,images/215.png,car,0.453125,True,False,"[0.65, 0.35, 0.77916664, 0.409375]",TRACKING
NaVi-collect-20260919-022341-193-a2b8792d,216,44.633,357141349461189,images/216.png,car,0.5,True,False,"[0.38333333, 0.3265625, 0.65416664, 0.490625]",TRACKING
NaVi-collect-20260919-022341-193-a2b8792d,216,44.633,357141349461189,images/216.png,car,0.4296875,True,False,"[0.14375, 0.4375, 0.34583333, 0.534375]",TRACKING
NaVi-collect-20260919-022341-193-a2b8792d,216,44.633,357141349461189,images/216.png,cat,0.40625,False,False,"[0.00625, 0.0265625, 0.9145833, 0.9703125]",TRACKING
NaVi-collect-20260919-022341-193-a2b8792d,217,44.855,357141550101221,images/217.png,car,0.40625,True,False,"[0.40625, 0.3328125, 0.65208334, 0.509375]",TRACKING
NaVi-collect-20260919-022341-193-a2b8792d,217,44.855,357141550101221,images/217.png,car,0.40625,True,False,"[0.7, 0.33125, 0.96666664, 0.475]",TRACKING
NaVi-collect-20260919-022341-193-a2b8792d,217,44.855,357141550101221,images/217.png,car,0.36328125,True,False,"[0.114583336, 0.4359375, 0.26875, 0.55]",TRACKING
NaVi-collect-20260919-022341-193-a2b8792d,220,45.447,357142152247281,images/220.png,car,0.4765625,True,False,"[0.7083333, 0.346875, 0.90625, 0.4234375]",TRACKING
NaVi-collect-20260919-022341-193-a2b8792d,222,45.857,357142553212414,images/222.png,car,0.5,True,False,"[0.6625, 0.259375, 0.98541665, 0.4265625]",TRACKING
NaVi-collect-20260919-022341-193-a2b8792d,222,45.857,357142553212414,images/222.png,car,0.5,True,False,"[0.36458334, 0.2703125, 0.60625, 0.465625]",TRACKING
NaVi-collect-20260919-022341-193-a2b8792d,222,45.857,357142553212414,images/222.png,car,0.36328125,True,False,"[0.075, 0.3875, 0.35208333, 0.525]",TRACKING
NaVi-collect-20260919-022341-193-a2b8792d,223,46.054,357142753912622,images/223.png,car,0.36328125,True,False,"[0.68958336, 0.29375, 0.9770833, 0.4375]",TRACKING
NaVi-collect-20260919-022341-193-a2b8792d,224,46.247,357142954741078,images/224.png,car,0.38671875,True,False,"[0.6625, 0.2921875, 0.98541665, 0.3921875]",TRACKING
NaVi-collect-20260919-022341-193-a2b8792d,224,46.247,357142954741078,images/224.png,car,0.36328125,True,False,"[0.4, 0.290625, 0.52916664, 0.38125]",TRACKING
NaVi-collect-20260919-022341-193-a2b8792d,227,46.852,357143556461622,images/227.png,car,0.59375,True,False,"[0.85, 0.3265625, 0.99583334, 0.4296875]",TRACKING
NaVi-collect-20260919-022341-193-a2b8792d,229,47.26,357143958115992,images/229.png,car,0.4296875,True,False,"[0.79791665, 0.203125, 0.99375, 0.4546875]",TRACKING
NaVi-collect-20260919-022341-193-a2b8792d,229,47.26,357143958115992,images/229.png,car,0.40625,True,False,"[0.14791666, 0.3453125, 0.44166666, 0.48125]",TRACKING
NaVi-collect-20260919-022341-193-a2b8792d,229,47.26,357143958115992,images/229.png,car,0.38671875,True,False,"[0.46041667, 0.246875, 0.7375, 0.4390625]",TRACKING
NaVi-collect-20260919-022341-193-a2b8792d,234,48.259,357144961083045,images/234.png,car,0.5234375,True,False,"[0.2375, 0.4125, 0.5083333, 0.525]",TRACKING
NaVi-collect-20260919-022341-193-a2b8792d,236,48.65,357145363162720,images/236.png,car,0.38671875,True,False,"[0.24166666, 0.3734375, 0.41875, 0.4515625]",TRACKING
NaVi-collect-20260919-022341-193-a2b8792d,237,48.863,357145564004754,images/237.png,car,0.40625,True,False,"[0.15833333, 0.415625, 0.26875, 0.4609375]",TRACKING
NaVi-collect-20260919-022341-193-a2b8792d,237,48.863,357145564004754,images/237.png,person,0.36328125,True,False,"[0.083333336, 0.3625, 0.15208334, 0.475]",TRACKING
NaVi-collect-20260919-022341-193-a2b8792d,239,49.258,357145964603039,images/239.png,car,0.4765625,True,False,"[0.0125, 0.4234375, 0.2125, 0.5203125]",TRACKING
NaVi-collect-20260919-022341-193-a2b8792d,241,49.691,357146365333409,images/241.png,car,0.40625,True,False,"[0, 0.4390625, 0.09166667, 0.5296875]",TRACKING
NaVi-collect-20260919-022341-193-a2b8792d,243,50.068,357146766289789,images/243.png,cat,0.453125,False,False,"[0.0125, 0, 0.98333335, 0.5046875]",TRACKING
NaVi-collect-20260919-022341-193-a2b8792d,248,51.054,357147769323166,images/248.png,car,0.40625,True,False,"[0.079166666, 0.3015625, 0.30833334, 0.4296875]",TRACKING
NaVi-collect-20260919-022341-193-a2b8792d,248,51.054,357147769323166,images/248.png,car,0.38671875,True,False,"[0, 0.4109375, 0.058333334, 0.4953125]",TRACKING
NaVi-collect-20260919-022341-193-a2b8792d,249,51.262,357147970038906,images/249.png,car,0.5234375,True,False,"[0.45625, 0.234375, 0.77916664, 0.4015625]",TRACKING
NaVi-collect-20260919-022341-193-a2b8792d,249,51.262,357147970038906,images/249.png,car,0.4296875,True,False,"[0.825, 0.1765625, 0.9895833, 0.2953125]",TRACKING
NaVi-collect-20260919-022341-193-a2b8792d,249,51.262,357147970038906,images/249.png,car,0.38671875,True,False,"[0.15416667, 0.1875, 0.43125, 0.371875]",TRACKING
NaVi-collect-20260919-022341-193-a2b8792d,250,51.478,357148170562943,images/250.png,train,0.38671875,False,False,"[0, 0.315625, 0.32916668, 0.4859375]",TRACKING
NaVi-collect-20260919-022341-193-a2b8792d,253,52.073,357148772486165,images/253.png,person,0.38671875,True,False,"[0.5083333, 0.371875, 0.55625, 0.4515625]",TRACKING
NaVi-collect-20260919-022341-193-a2b8792d,266,54.668,357151380438457,images/266.png,person,0.36328125,True,False,"[0, 0.23125, 0.20625, 0.5546875]",TRACKING
NaVi-collect-20260919-022341-193-a2b8792d,269,55.281,357151982212190,images/269.png,boat,0.36328125,False,False,"[0, 0.3890625, 0.9895833, 0.9875]",TRACKING
NaVi-collect-20260919-022341-193-a2b8792d,271,55.681,357152383428181,images/271.png,boat,0.40625,False,False,"[0, 0.3671875, 0.97083336, 0.9890625]",TRACKING
NaVi-collect-20260919-022341-193-a2b8792d,276,56.696,357153387090128,images/276.png,car,0.546875,True,False,"[0.38333333, 0.3328125, 0.48958334, 0.38125]",TRACKING
NaVi-collect-20260919-022341-193-a2b8792d,276,56.696,357153387090128,images/276.png,car,0.4765625,True,False,"[0.50625, 0.3140625, 0.66041666, 0.390625]",TRACKING
NaVi-collect-20260919-022341-193-a2b8792d,291,59.704,357156396253289,images/291.png,cat,0.38671875,False,False,"[0, 0.0140625, 0.44791666, 0.5375]",TRACKING
NaVi-collect-20260919-022341-193-a2b8792d,309,63.302,357160006658818,images/309.png,cat,0.38671875,False,False,"[0.014583333, 0.2265625, 0.9479167, 0.7921875]",TRACKING
NaVi-collect-20260919-022341-193-a2b8792d,312,63.916,357160608628285,images/312.png,bicycle,0.40625,True,False,"[0.31875, 0.4765625, 0.6125, 0.775]",TRACKING
NaVi-collect-20260919-022341-193-a2b8792d,316,64.77,357161410834903,images/316.png,person,0.38671875,True,False,"[0, 0.0609375, 0.25625, 0.9921875]",TRACKING
NaVi-collect-20260919-022341-193-a2b8792d,317,64.909,357161611482894,images/317.png,person,0.40625,True,False,"[0.60833335, 0.0109375, 0.98541665, 0.840625]",TRACKING
NaVi-collect-20260919-022341-193-a2b8792d,317,64.909,357161611482894,images/317.png,person,0.36328125,True,False,"[0.035416666, 0.028125, 0.37083334, 0.796875]",TRACKING
NaVi-collect-20260919-022341-193-a2b8792d,318,65.122,357161812113902,images/318.png,person,0.38671875,True,False,"[0.08958333, 0.05, 0.48958334, 0.9484375]",TRACKING
NaVi-collect-20260919-022341-193-a2b8792d,318,65.122,357161812113902,images/318.png,person,0.36328125,True,False,"[0.7375, 0.034375, 1, 0.9140625]",TRACKING
NaVi-collect-20260919-022341-193-a2b8792d,320,65.509,357162214181708,images/320.png,person,0.5703125,True,False,"[0.65416664, 0.1109375, 0.9895833, 0.865625]",TRACKING
NaVi-collect-20260919-022341-193-a2b8792d,325,66.523,357163216700367,images/325.png,motorcycle,0.40625,True,False,"[0.03125, 0.1859375, 1, 0.95625]",TRACKING
NaVi-collect-20260919-022341-193-a2b8792d,335,68.524,357165223624810,images/335.png,dog,0.5703125,False,False,"[0.029166667, 0.28125, 0.9291667, 0.9921875]",TRACKING
NaVi-collect-20260919-022341-193-a2b8792d,335,68.524,357165223624810,images/335.png,car,0.36328125,True,False,"[0.0020833334, 0.14375, 0.34375, 0.284375]",TRACKING
NaVi-collect-20260919-022341-193-a2b8792d,336,68.739,357165424140093,images/336.png,bear,0.4296875,False,False,"[0.016666668, 0.3125, 0.8979167, 0.984375]",TRACKING
NaVi-collect-20260919-022341-193-a2b8792d,336,68.739,357165424140093,images/336.png,car,0.36328125,True,False,"[0.010416667, 0.025, 0.48541668, 0.271875]",TRACKING
NaVi-collect-20260919-022341-193-a2b8792d,337,68.93,357165624415685,images/337.png,dog,0.5703125,False,False,"[0.083333336, 0.4109375, 0.8229167, 0.9875]",TRACKING
NaVi-collect-20260919-022341-193-a2b8792d,342,69.93,357166627457294,images/342.png,cat,0.38671875,False,False,"[0, 0.246875, 0.68541664, 0.959375]",TRACKING
NaVi-collect-20260919-022341-193-a2b8792d,343,70.128,357166828868983,images/343.png,fire hydrant,0.453125,False,False,"[0.25833333, 0.328125, 0.30833334, 0.4234375]",TRACKING
NaVi-collect-20260919-022341-193-a2b8792d,344,70.337,357167029374482,images/344.png,cat,0.63671875,False,False,"[0.004166667, 0.215625, 0.99375, 0.9984375]",TRACKING
NaVi-collect-20260919-022341-193-a2b8792d,346,70.736,357167430408321,images/346.png,fire hydrant,0.5234375,False,False,"[0.525, 0.1765625, 0.57916665, 0.2875]",TRACKING
NaVi-collect-20260919-022341-193-a2b8792d,351,71.734,357168433002205,images/351.png,cat,0.36328125,False,False,"[0.004166667, 0.021875, 0.9916667, 1]",TRACKING
NaVi-collect-20260919-022341-193-a2b8792d,367,74.963,357171643288748,images/367.png,cat,0.40625,False,False,"[0.004166667, 0.378125, 0.99375, 1]",TRACKING
NaVi-collect-20260919-022341-193-a2b8792d,378,77.166,357173850263795,images/378.png,cat,0.5,False,False,"[0.052083332, 0.4578125, 0.98541665, 0.98125]",TRACKING
NaVi-collect-20260919-022341-193-a2b8792d,379,77.359,357174050898445,images/379.png,cat,0.4296875,False,False,"[0.008333334, 0.0265625, 0.9875, 0.9703125]",TRACKING
NaVi-collect-20260919-022341-193-a2b8792d,381,77.754,357174451916405,images/381.png,elephant,0.4765625,False,False,"[0.004166667, 0.6109375, 0.6020833, 0.9953125]",TRACKING
NaVi-collect-20260919-022341-193-a2b8792d,382,77.954,357174652373095,images/382.png,bear,0.453125,False,False,"[0, 0.04375, 0.96875, 0.8453125]",TRACKING
NaVi-collect-20260919-022341-193-a2b8792d,382,77.954,357174652373095,images/382.png,elephant,0.38671875,False,False,"[0.17291667, 0.5984375, 0.6125, 0.990625]",TRACKING
NaVi-collect-20260919-022341-193-a2b8792d,385,78.566,357175254562606,images/385.png,car,0.36328125,True,False,"[0, 0.0046875, 0.50208336, 0.15625]",TRACKING
NaVi-collect-20260919-022341-193-a2b8792d,386,78.768,357175455408065,images/386.png,car,0.5,True,False,"[0.022916667, 0, 0.4625, 0.1578125]",TRACKING
NaVi-collect-20260919-022341-193-a2b8792d,396,80.789,357177461298756,images/396.png,person,0.5,True,False,"[0.008333334, 0.009375, 0.9875, 0.9890625]",TRACKING
NaVi-collect-20260919-022341-193-a2b8792d,398,81.156,357177862861289,images/398.png,bird,0.453125,False,False,"[0.054166667, 0.0078125, 0.9791667, 0.9515625]",TRACKING
NaVi-collect-20260919-022341-193-a2b8792d,404,82.362,357179066113755,images/404.png,bed,0.40625,False,False,"[0.0125, 0.05, 1, 0.984375]",TRACKING
NaVi-collect-20260919-022341-193-a2b8792d,406,82.785,357179467325324,images/406.png,cat,0.5234375,False,False,"[0.275, 0.0046875, 1, 0.99375]",TRACKING
NaVi-collect-20260919-022341-193-a2b8792d,407,82.972,357179668150115,images/407.png,cat,0.36328125,False,False,"[0.0125, 0, 0.98125, 0.9890625]",TRACKING
NaVi-collect-20260919-022341-193-a2b8792d,428,87.192,357183881100290,images/428.png,car,0.453125,True,False,"[0, 0, 0.18125, 0.0734375]",TRACKING
NaVi-collect-20260919-022341-193-a2b8792d,439,89.384,357186089786388,images/439.png,person,0.40625,True,False,"[0.53541666, 0, 0.6041667, 0.0671875]",TRACKING
NaVi-collect-20260919-022341-193-a2b8792d,442,90.023,357186723388219,images/442.png,car,0.36328125,True,False,"[0, 0.140625, 0.21041666, 0.3078125]",TRACKING
NaVi-collect-20260919-022341-193-a2b8792d,452,92.13,357188827436497,images/452.png,car,0.63671875,True,True,"[0.62708336, 0.3234375, 0.75416666, 0.4203125]",TRACKING
NaVi-collect-20260919-022341-193-a2b8792d,455,92.772,357189494012292,images/455.png,car,0.38671875,True,False,"[0.50208336, 0.3484375, 0.60625, 0.4421875]",TRACKING
NaVi-collect-20260919-022341-193-a2b8792d,457,93.236,357189927395106,images/457.png,car,0.38671875,True,False,"[0.575, 0.3453125, 0.7395833, 0.4234375]",TRACKING
NaVi-collect-20260919-022341-193-a2b8792d,458,93.466,357190160645810,images/458.png,car,0.40625,True,False,"[0.5854167, 0.33125, 0.69375, 0.40625]",TRACKING
NaVi-collect-20260919-022341-193-a2b8792d,459,93.7,357190393784856,images/459.png,car,0.5,True,False,"[0.48958334, 0.3296875, 0.62291664, 0.409375]",TRACKING
NaVi-collect-20260919-022341-193-a2b8792d,459,93.7,357190393784856,images/459.png,car,0.4765625,True,False,"[0.62083334, 0.328125, 0.69375, 0.4]",TRACKING
NaVi-collect-20260919-022341-193-a2b8792d,460,93.926,357190627089300,images/460.png,car,0.38671875,True,False,"[0.40625, 0.3078125, 0.56458336, 0.403125]",TRACKING
NaVi-collect-20260919-022341-193-a2b8792d,460,93.926,357190627089300,images/460.png,car,0.36328125,True,False,"[0.64166665, 0.303125, 0.7291667, 0.403125]",TRACKING
NaVi-collect-20260919-022341-193-a2b8792d,463,94.552,357191260452235,images/463.png,car,0.36328125,True,False,"[0.47083333, 0.24375, 0.625, 0.34375]",TRACKING
NaVi-collect-20260919-022341-193-a2b8792d,464,94.768,357191460572071,images/464.png,car,0.4765625,True,False,"[0.43541667, 0.234375, 0.62291664, 0.33125]",TRACKING
NaVi-collect-20260919-022341-193-a2b8792d,465,94.983,357191693776908,images/465.png,car,0.453125,True,False,"[0.38958332, 0.2203125, 0.58125, 0.3234375]",TRACKING
NaVi-collect-20260919-022341-193-a2b8792d,469,95.853,357192560406378,images/469.png,car,0.40625,True,False,"[0.21041666, 0.2, 0.31041667, 0.2796875]",TRACKING
NaVi-collect-20260919-022341-193-a2b8792d,470,96.066,357192760476239,images/470.png,car,0.5703125,True,False,"[0.00625, 0.1671875, 0.34166667, 0.3375]",TRACKING
NaVi-collect-20260919-022341-193-a2b8792d,473,96.718,357193427114602,images/473.png,car,0.5,True,False,"[0, 0.1640625, 0.125, 0.375]",TRACKING
NaVi-collect-20260919-022341-193-a2b8792d,475,97.175,357193860695382,images/475.png,car,0.38671875,True,False,"[0, 0.1578125, 0.12708333, 0.4]",TRACKING
NaVi-collect-20260919-022341-193-a2b8792d,476,97.358,357194060866352,images/476.png,car,0.6796875,True,True,"[0, 0.24375, 0.27083334, 0.4109375]",TRACKING
NaVi-collect-20260919-022341-193-a2b8792d,477,97.553,357194261112616,images/477.png,car,0.36328125,True,False,"[0.1625, 0.2296875, 0.40416667, 0.353125]",TRACKING
NaVi-collect-20260919-022341-193-a2b8792d,479,98.012,357194727431443,images/479.png,car,0.61328125,True,True,"[0.62291664, 0, 0.9916667, 0.228125]",TRACKING
NaVi-collect-20260919-022341-193-a2b8792d,481,98.48,357195193700983,images/481.png,car,0.36328125,True,False,"[0, 0.1421875, 0.21875, 0.459375]",TRACKING
NaVi-collect-20260919-022341-193-a2b8792d,487,99.779,357196493774186,images/487.png,car,0.4296875,True,False,"[0.8666667, 0.0515625, 0.99583334, 0.3453125]",TRACKING
NaVi-collect-20260919-022341-193-a2b8792d,494,101.294,357197993988016,images/494.png,car,0.36328125,True,False,"[0.89166665, 0.2265625, 0.99583334, 0.4140625]",TRACKING
NaVi-collect-20260919-022341-193-a2b8792d,495,101.526,357198227304220,images/495.png,car,0.4296875,True,False,"[0.725, 0.1625, 0.99583334, 0.3953125]",TRACKING
NaVi-collect-20260919-022341-193-a2b8792d,496,101.743,357198427312318,images/496.png,person,0.4296875,True,False,"[0.01875, 0.0578125, 0.325, 0.9390625]",TRACKING
NaVi-collect-20260919-022341-193-a2b8792d,507,104.075,357200794148161,images/507.png,car,0.38671875,True,False,"[0.62916666, 0.21875, 0.9916667, 0.3625]",TRACKING
NaVi-collect-20260919-022341-193-a2b8792d,509,104.546,357201260688598,images/509.png,person,0.63671875,True,True,"[0, 0, 0.26666668, 0.896875]",TRACKING
NaVi-collect-20260919-022341-193-a2b8792d,509,104.546,357201260688598,images/509.png,car,0.5234375,True,False,"[0.48958334, 0.15, 0.79375, 0.3421875]",TRACKING
NaVi-collect-20260919-022341-193-a2b8792d,509,104.546,357201260688598,images/509.png,car,0.453125,True,False,"[0.8666667, 0.16875, 0.99375, 0.3046875]",TRACKING
NaVi-collect-20260919-022341-193-a2b8792d,509,104.546,357201260688598,images/509.png,car,0.40625,True,False,"[0.6791667, 0.125, 0.93958336, 0.3140625]",TRACKING
NaVi-collect-20260919-022341-193-a2b8792d,511,104.993,357201694204025,images/511.png,car,0.63671875,True,True,"[0.21875, 0.1578125, 0.58125, 0.3578125]",TRACKING
NaVi-collect-20260919-022341-193-a2b8792d,512,105.228,357201927469488,images/512.png,car,0.5,True,False,"[0.0125, 0.1078125, 0.25416666, 0.3109375]",TRACKING
NaVi-collect-20260919-022341-193-a2b8792d,512,105.228,357201927469488,images/512.png,car,0.4296875,True,False,"[0, 0.1453125, 0.08541667, 0.3265625]",TRACKING
NaVi-collect-20260919-022341-193-a2b8792d,513,105.463,357202160583816,images/513.png,car,0.4296875,True,False,"[0.0020833334, 0.140625, 0.23541667, 0.3515625]",TRACKING
NaVi-collect-20260919-022341-193-a2b8792d,514,105.653,357202360701796,images/514.png,car,0.40625,True,False,"[0.035416666, 0.35, 0.18541667, 0.5015625]",TRACKING
NaVi-collect-20260919-022341-193-a2b8792d,517,106.308,357202994183778,images/517.png,car,0.4765625,True,False,"[0.12916666, 0.34375, 0.31666666, 0.496875]",TRACKING
NaVi-collect-20260919-022341-193-a2b8792d,517,106.308,357202994183778,images/517.png,car,0.36328125,True,False,"[0.28541666, 0.328125, 0.41458333, 0.4171875]",TRACKING
NaVi-collect-20260919-022341-193-a2b8792d,518,106.486,357203194258196,images/518.png,car,0.38671875,True,False,"[0.24791667, 0.296875, 0.40625, 0.3875]",TRACKING
NaVi-collect-20260919-022341-193-a2b8792d,522,107.396,357204093772309,images/522.png,car,0.40625,True,False,"[0.12083333, 0.290625, 0.37291667, 0.4578125]",TRACKING
NaVi-collect-20260919-022341-193-a2b8792d,523,107.621,357204327085413,images/523.png,car,0.4765625,True,False,"[0.039583333, 0.31875, 0.32708332, 0.5390625]",TRACKING
NaVi-collect-20260919-022341-193-a2b8792d,523,107.621,357204327085413,images/523.png,car,0.453125,True,False,"[0.25416666, 0.3203125, 0.425, 0.43125]",TRACKING
NaVi-collect-20260919-022341-193-a2b8792d,524,107.852,357204560194072,images/524.png,car,0.36328125,True,False,"[0.15416667, 0.303125, 0.26875, 0.36875]",TRACKING
NaVi-collect-20260919-022341-193-a2b8792d,531,109.357,357206056165492,images/531.png,car,0.38671875,True,False,"[0.004166667, 0.15625, 0.20833333, 0.4390625]",TRACKING
NaVi-collect-20260919-022341-193-a2b8792d,543,111.795,357208491954065,images/543.png,car,0.38671875,True,False,"[0, 0.0984375, 0.22916667, 0.403125]",TRACKING
NaVi-collect-20260919-022341-193-a2b8792d,545,112.189,357208893439311,images/545.png,car,0.59375,True,False,"[0, 0.184375, 0.22291666, 0.471875]",TRACKING
NaVi-collect-20260919-022341-193-a2b8792d,546,112.399,357209094129035,images/546.png,car,0.59375,True,False,"[0.0020833334, 0.175, 0.21666667, 0.4734375]",TRACKING
NaVi-collect-20260919-022341-193-a2b8792d,547,112.596,357209294892068,images/547.png,car,0.38671875,True,False,"[0, 0.1296875, 0.1875, 0.553125]",TRACKING
NaVi-collect-20260919-022341-193-a2b8792d,549,112.99,357209695400537,images/549.png,car,0.36328125,True,False,"[0, 0.165625, 0.125, 0.4703125]",TRACKING
NaVi-collect-20260919-022341-193-a2b8792d,566,116.422,357213105540981,images/566.png,umbrella,0.38671875,False,False,"[0.004166667, 0.3515625, 0.99375, 0.9859375]",TRACKING
NaVi-collect-20260919-022341-193-a2b8792d,570,117.22,357213907858227,images/570.png,bench,0.40625,False,False,"[0.13958333, 0.3734375, 0.29166666, 0.54375]",TRACKING
NaVi-collect-20260919-022341-193-a2b8792d,576,118.426,357215111947639,images/576.png,bench,0.38671875,False,False,"[0.09375, 0.196875, 0.33541667, 0.453125]",TRACKING
NaVi-collect-20260919-022341-193-a2b8792d,580,119.213,357215915244224,images/580.png,car,0.38671875,True,False,"[0.2875, 0.28125, 0.425, 0.3921875]",TRACKING
NaVi-collect-20260919-022341-193-a2b8792d,581,119.43,357216115946704,images/581.png,cat,0.4296875,False,False,"[0.04375, 0.3390625, 0.99583334, 0.9984375]",TRACKING
NaVi-collect-20260919-022341-193-a2b8792d,584,120.04,357216717559393,images/584.png,bench,0.5,False,False,"[0, 0.35, 0.26666668, 0.64375]",TRACKING
NaVi-collect-20260919-022341-193-a2b8792d,588,120.819,357217520295222,images/588.png,umbrella,0.40625,False,False,"[0.0020833334, 0.4109375, 0.8, 0.9875]",TRACKING
NaVi-collect-20260919-022341-193-a2b8792d,589,121.028,357217720931252,images/589.png,umbrella,0.5,False,False,"[0.010416667, 0.4828125, 0.94375, 0.996875]",TRACKING
NaVi-collect-20260919-022341-193-a2b8792d,590,121.222,357217921088568,images/590.png,umbrella,0.63671875,False,False,"[0.004166667, 0.4671875, 0.99375, 0.990625]",TRACKING
NaVi-collect-20260919-022341-193-a2b8792d,593,121.833,357218522511158,images/593.png,car,0.40625,True,False,"[0, 0.2328125, 0.12083333, 0.3484375]",TRACKING
NaVi-collect-20260919-022341-193-a2b8792d,594,122.028,357218722800454,images/594.png,car,0.40625,True,False,"[0.114583336, 0.290625, 0.2375, 0.4046875]",TRACKING
NaVi-collect-20260919-022341-193-a2b8792d,594,122.028,357218722800454,images/594.png,car,0.40625,True,False,"[0.025, 0.278125, 0.21666667, 0.478125]",TRACKING
NaVi-collect-20260919-022341-193-a2b8792d,596,122.442,357219124174838,images/596.png,umbrella,0.5,False,False,"[0.0020833334, 0.3609375, 0.95416665, 0.9953125]",TRACKING
NaVi-collect-20260919-022341-193-a2b8792d,599,123.042,357219726837693,images/599.png,umbrella,0.69921875,False,False,"[0.004166667, 0.4046875, 0.99375, 0.9921875]",TRACKING
NaVi-collect-20260919-022341-193-a2b8792d,600,123.232,357219927536052,images/600.png,umbrella,0.38671875,False,False,"[0.0125, 0.471875, 0.98333335, 0.9859375]",TRACKING
NaVi-collect-20260919-022341-193-a2b8792d,601,123.43,357220128145162,images/601.png,umbrella,0.38671875,False,False,"[0.0020833334, 0.2890625, 0.95416665, 0.9875]",TRACKING
NaVi-collect-20260919-022341-193-a2b8792d,610,125.222,357221933579301,images/610.png,person,0.38671875,True,False,"[0.19583334, 0.2921875, 0.25833333, 0.425]",TRACKING
NaVi-collect-20260919-022341-193-a2b8792d,613,125.832,357222535240502,images/613.png,bench,0.4765625,False,False,"[0, 0.140625, 0.32291666, 0.6953125]",TRACKING
NaVi-collect-20260919-022341-193-a2b8792d,633,129.842,357226547189235,images/633.png,car,0.38671875,True,False,"[0, 0.4375, 0.9895833, 0.98125]",TRACKING
NaVi-collect-20260919-022341-193-a2b8792d,641,131.444,357228151778959,images/641.png,snowboard,0.36328125,False,False,"[0.21875, 0.3546875, 0.5541667, 0.5125]",TRACKING
NaVi-collect-20260919-022341-193-a2b8792d,643,131.86,357228553102349,images/643.png,umbrella,0.453125,False,False,"[0, 0.1703125, 0.925, 0.9796875]",TRACKING
NaVi-collect-20260919-022341-193-a2b8792d,645,132.26,357228954789088,images/645.png,bench,0.59375,False,False,"[0.06458333, 0.4140625, 0.31041667, 0.5984375]",TRACKING
NaVi-collect-20260919-022341-193-a2b8792d,647,132.649,357229355821826,images/647.png,bench,0.65625,False,False,"[0.027083334, 0.4578125, 0.32083333, 0.690625]",TRACKING
NaVi-collect-20260919-022341-193-a2b8792d,647,132.649,357229355821826,images/647.png,car,0.36328125,True,False,"[0.43958333, 0.2578125, 0.5229167, 0.3234375]",TRACKING
NaVi-collect-20260919-022341-193-a2b8792d,648,132.86,357229556551946,images/648.png,bench,0.5,False,False,"[0.004166667, 0.478125, 0.31458333, 0.7390625]",TRACKING
NaVi-collect-20260919-022341-193-a2b8792d,648,132.86,357229556551946,images/648.png,car,0.453125,True,False,"[0.2375, 0.246875, 0.46458334, 0.4015625]",TRACKING
NaVi-collect-20260919-022341-193-a2b8792d,648,132.86,357229556551946,images/648.png,car,0.40625,True,False,"[0.43958333, 0.2890625, 0.54375, 0.365625]",TRACKING
NaVi-collect-20260919-022341-193-a2b8792d,649,133.05,357229757019590,images/649.png,bench,0.5,False,False,"[0.008333334, 0.521875, 0.325, 0.8328125]",TRACKING
NaVi-collect-20260919-022341-193-a2b8792d,649,133.05,357229757019590,images/649.png,car,0.4296875,True,False,"[0.46666667, 0.328125, 0.55833334, 0.3953125]",TRACKING
NaVi-collect-20260919-022341-193-a2b8792d,649,133.05,357229757019590,images/649.png,bench,0.38671875,False,False,"[0.008333334, 0.1671875, 0.95208335, 0.946875]",TRACKING
NaVi-collect-20260919-022341-193-a2b8792d,652,133.676,357230358411552,images/652.png,car,0.36328125,True,False,"[0.33125, 0.3109375, 0.44791666, 0.4203125]",TRACKING
NaVi-collect-20260919-022341-193-a2b8792d,653,133.867,357230559026525,images/653.png,car,0.36328125,True,False,"[0.44166666, 0.2859375, 0.53541666, 0.3484375]",TRACKING
NaVi-collect-20260919-022341-193-a2b8792d,655,134.263,357230960781691,images/655.png,car,0.4296875,True,False,"[0.3625, 0.325, 0.45833334, 0.3890625]",TRACKING
NaVi-collect-20260919-022341-193-a2b8792d,655,134.263,357230960781691,images/655.png,car,0.36328125,True,False,"[0, 0.2734375, 0.16041666, 0.3984375]",TRACKING
NaVi-collect-20260919-022341-193-a2b8792d,658,134.864,357231562629924,images/658.png,umbrella,0.4296875,False,False,"[0, 0.5140625, 0.67291665, 0.90625]",TRACKING
NaVi-collect-20260919-022341-193-a2b8792d,662,135.677,357232365150389,images/662.png,truck,0.36328125,True,False,"[0.25625, 0.2578125, 0.35416666, 0.428125]",TRACKING
NaVi-collect-20260919-022341-193-a2b8792d,669,137.07,357233770028892,images/669.png,fire hydrant,0.4765625,False,False,"[0.50208336, 0.2375, 0.57916665, 0.3921875]",TRACKING
NaVi-collect-20260919-022341-193-a2b8792d,685,140.274,357236979854802,images/685.png,person,0.36328125,True,False,"[0.43333334, 0, 1, 0.878125]",TRACKING
NaVi-collect-20260919-022341-193-a2b8792d,690,141.286,357237983308185,images/690.png,bench,0.36328125,False,False,"[0.008333334, 0.1203125, 0.325, 0.5421875]",TRACKING
NaVi-collect-20260919-022341-193-a2b8792d,692,141.695,357238384453123,images/692.png,bench,0.4296875,False,False,"[0.010416667, 0.25625, 0.27708334, 0.5734375]",TRACKING
NaVi-collect-20260919-022341-193-a2b8792d,703,143.892,357240589880327,images/703.png,umbrella,0.5703125,False,False,"[0, 0.2234375, 0.9604167, 1]",TRACKING
NaVi-collect-20260919-022341-193-a2b8792d,710,145.296,357241994449826,images/710.png,cat,0.36328125,False,False,"[0.43541667, 0.0109375, 1, 0.9453125]",TRACKING
NaVi-collect-20260919-022341-193-a2b8792d,716,146.494,357243201683680,images/716.png,bench,0.40625,False,False,"[0.27291667, 0.3921875, 0.3875, 0.5171875]",TRACKING
NaVi-collect-20260919-022341-193-a2b8792d,719,147.108,357243802391867,images/719.png,bench,0.546875,False,False,"[0.18541667, 0.371875, 0.33958334, 0.490625]",TRACKING
NaVi-collect-20260919-022341-193-a2b8792d,720,147.342,357244035644970,images/720.png,bench,0.5,False,False,"[0.17916666, 0.3484375, 0.34375, 0.4859375]",TRACKING
NaVi-collect-20260919-022341-193-a2b8792d,723,147.975,357244669245446,images/723.png,bench,0.38671875,False,False,"[0.114583336, 0.3171875, 0.3125, 0.4578125]",TRACKING
NaVi-collect-20260919-022341-193-a2b8792d,727,148.824,357245502755751,images/727.png,car,0.40625,True,False,"[0.5416667, 0.1734375, 0.60833335, 0.2671875]",TRACKING
NaVi-collect-20260919-022341-193-a2b8792d,728,149.033,357245735912458,images/728.png,bench,0.36328125,False,False,"[0, 0.3921875, 0.31041667, 0.659375]",TRACKING
NaVi-collect-20260919-022341-193-a2b8792d,729,149.276,357245969038282,images/729.png,bench,0.5234375,False,False,"[0.0020833334, 0.3375, 0.28333333, 0.7359375]",TRACKING
NaVi-collect-20260919-022341-193-a2b8792d,730,149.495,357246202412474,images/730.png,bench,0.6796875,False,False,"[0.09583333, 0.4078125, 0.325, 0.659375]",TRACKING
NaVi-collect-20260919-022341-193-a2b8792d,732,149.896,357246606959770,images/732.png,bench,0.61328125,False,False,"[0, 0.48125, 0.2875, 0.9140625]",TRACKING
NaVi-collect-20260919-022341-193-a2b8792d,732,149.896,357246606959770,images/732.png,car,0.36328125,True,False,"[0.5541667, 0.3140625, 0.62708336, 0.390625]",TRACKING
NaVi-collect-20260919-022341-193-a2b8792d,733,150.111,357246807049130,images/733.png,bench,0.5703125,False,False,"[0, 0.4125, 0.24166666, 0.90625]",TRACKING
NaVi-collect-20260919-022341-193-a2b8792d,733,150.111,357246807049130,images/733.png,bench,0.40625,False,False,"[0.0020833334, 0.3515625, 0.24791667, 0.5796875]",TRACKING
NaVi-collect-20260919-022341-193-a2b8792d,734,150.335,357247040219250,images/734.png,bench,0.40625,False,False,"[0, 0.465625, 0.18125, 0.821875]",TRACKING
NaVi-collect-20260919-022341-193-a2b8792d,736,150.746,357247440344251,images/736.png,bench,0.4765625,False,False,"[0, 0.521875, 0.20625, 0.8390625]",TRACKING
NaVi-collect-20260919-022341-193-a2b8792d,736,150.746,357247440344251,images/736.png,car,0.40625,True,False,"[0.37916666, 0.265625, 0.44583333, 0.3484375]",TRACKING
NaVi-collect-20260919-022341-193-a2b8792d,736,150.746,357247440344251,images/736.png,car,0.38671875,True,False,"[0.5520833, 0.265625, 0.62916666, 0.3578125]",TRACKING
NaVi-collect-20260919-022341-193-a2b8792d,736,150.746,357247440344251,images/736.png,car,0.36328125,True,False,"[0.44791666, 0.2625, 0.55833334, 0.3546875]",TRACKING
NaVi-collect-20260919-022341-193-a2b8792d,737,150.967,357247673602152,images/737.png,car,0.4765625,True,False,"[0.43125, 0.3078125, 0.5395833, 0.4015625]",TRACKING
NaVi-collect-20260919-022341-193-a2b8792d,737,150.967,357247673602152,images/737.png,car,0.4296875,True,False,"[0.36875, 0.3, 0.4375, 0.390625]",TRACKING
NaVi-collect-20260919-022341-193-a2b8792d,737,150.967,357247673602152,images/737.png,car,0.4296875,True,False,"[0.53125, 0.3171875, 0.6041667, 0.3953125]",TRACKING
NaVi-collect-20260919-022341-193-a2b8792d,738,151.184,357247873668651,images/738.png,car,0.5,True,False,"[0.31458333, 0.234375, 0.38958332, 0.3296875]",TRACKING
NaVi-collect-20260919-022341-193-a2b8792d,738,151.184,357247873668651,images/738.png,car,0.5,True,False,"[0.49375, 0.24375, 0.56458336, 0.334375]",TRACKING
NaVi-collect-20260919-022341-193-a2b8792d,738,151.184,357247873668651,images/738.png,car,0.38671875,True,False,"[0.38333333, 0.253125, 0.45, 0.3125]",TRACKING
NaVi-collect-20260919-022341-193-a2b8792d,740,151.612,357248306900546,images/740.png,car,0.36328125,True,False,"[0.43333334, 0.28125, 0.5083333, 0.38125]",TRACKING
NaVi-collect-20260919-022341-193-a2b8792d,741,151.834,357248506912722,images/741.png,car,0.40625,True,False,"[0.36041668, 0.225, 0.425, 0.3296875]",TRACKING
NaVi-collect-20260919-022341-193-a2b8792d,741,151.834,357248506912722,images/741.png,car,0.38671875,True,False,"[0.42083332, 0.2265625, 0.5416667, 0.334375]",TRACKING
NaVi-collect-20260919-022341-193-a2b8792d,741,151.834,357248506912722,images/741.png,car,0.36328125,True,False,"[0.53333336, 0.2265625, 0.61041665, 0.33125]",TRACKING
NaVi-collect-20260919-022341-193-a2b8792d,743,152.262,357248973399953,images/743.png,car,0.4296875,True,False,"[0.5833333, 0.2390625, 0.68125, 0.346875]",TRACKING
NaVi-collect-20260919-022341-193-a2b8792d,743,152.262,357248973399953,images/743.png,car,0.40625,True,False,"[0.475, 0.2484375, 0.59791666, 0.3484375]",TRACKING
NaVi-collect-20260919-022341-193-a2b8792d,752,154.142,357250840657431,images/752.png,fire hydrant,0.4296875,False,False,"[0.33125, 0.2296875, 0.41875, 0.4671875]",TRACKING
NaVi-collect-20260919-022341-193-a2b8792d,755,154.856,357251540330967,images/755.png,bicycle,0.40625,True,False,"[0.7416667, 0.428125, 0.9875, 0.6796875]",TRACKING
NaVi-collect-20260919-022341-193-a2b8792d,768,157.659,357254336068297,images/768.png,person,0.6796875,True,True,"[0.0375, 0.7203125, 0.47708333, 0.996875]",TRACKING
NaVi-collect-20260919-022341-193-a2b8792d,768,157.659,357254336068297,images/768.png,cat,0.38671875,False,False,"[0, 0.615625, 0.18125, 0.9921875]",TRACKING
NaVi-collect-20260919-022341-193-a2b8792d,769,157.869,357254569287691,images/769.png,tv,0.546875,False,False,"[0.5625, 0.1125, 0.8979167, 0.384375]",TRACKING
NaVi-collect-20260919-022341-193-a2b8792d,769,157.869,357254569287691,images/769.png,car,0.4296875,True,False,"[0.004166667, 0.175, 0.28125, 0.390625]",TRACKING
NaVi-collect-20260919-022341-193-a2b8792d,774,158.93,357255633782491,images/774.png,tv,0.61328125,False,False,"[0.5208333, 0.1703125, 0.92083335, 0.5265625]",TRACKING
NaVi-collect-20260919-022341-193-a2b8792d,776,159.357,357256034677227,images/776.png,cat,0.546875,False,False,"[0.004166667, 0.240625, 0.99375, 0.99375]",TRACKING
NaVi-collect-20260919-022341-193-a2b8792d,777,159.535,357256235445405,images/777.png,fire hydrant,0.453125,False,False,"[0.67083335, 0.2265625, 0.7583333, 0.4546875]",TRACKING
NaVi-collect-20260919-022341-193-a2b8792d,777,159.535,357256235445405,images/777.png,cat,0.36328125,False,False,"[0.21041666, 0.4421875, 0.98125, 0.9765625]",TRACKING
NaVi-collect-20260919-022341-193-a2b8792d,779,159.938,357256636775286,images/779.png,umbrella,0.36328125,False,False,"[0.008333334, 0.340625, 0.825, 0.975]",TRACKING
NaVi-collect-20260919-022341-193-a2b8792d,782,160.569,357257238357816,images/782.png,car,0.36328125,True,False,"[0.42083332, 0.303125, 0.55625, 0.4046875]",TRACKING
NaVi-collect-20260919-022341-193-a2b8792d,793,162.748,357259445145119,images/793.png,cat,0.546875,False,False,"[0, 0.196875, 0.96875, 0.9828125]",TRACKING
NaVi-collect-20260919-022341-193-a2b8792d,797,163.557,357260248216819,images/797.png,person,0.40625,True,False,"[0, 0.009375, 0.98333335, 0.9890625]",TRACKING
NaVi-collect-20260919-022341-193-a2b8792d,802,164.552,357261250894810,images/802.png,dog,0.36328125,False,False,"[0.5375, 0.240625, 0.99583334, 0.65625]",TRACKING
NaVi-collect-20260919-022341-193-a2b8792d,804,164.958,357261652055676,images/804.png,cat,0.40625,False,False,"[0.00625, 0.0828125, 0.9895833, 0.859375]",TRACKING
NaVi-collect-20260919-022341-193-a2b8792d,805,165.156,357261852771129,images/805.png,cat,0.38671875,False,False,"[0.00625, 0.121875, 0.9791667, 0.9515625]",TRACKING
NaVi-collect-20260919-022341-193-a2b8792d,811,166.371,357263056868929,images/811.png,cat,0.69921875,False,False,"[0, 0.01875, 1, 0.9796875]",TRACKING
NaVi-collect-20260919-022341-193-a2b8792d,819,167.954,357264661716034,images/819.png,bench,0.65625,False,False,"[0.10208333, 0.2390625, 0.5083333, 0.55625]",TRACKING
NaVi-collect-20260919-022341-193-a2b8792d,821,168.375,357265062651533,images/821.png,bench,0.59375,False,False,"[0, 0.33125, 0.25208333, 0.596875]",TRACKING
NaVi-collect-20260919-022341-193-a2b8792d,825,169.161,357265865129964,images/825.png,bench,0.4765625,False,False,"[0.3, 0.1875, 0.42083332, 0.325]",TRACKING
NaVi-collect-20260919-022341-193-a2b8792d,827,169.56,357266265718543,images/827.png,person,0.69921875,True,True,"[0.029166667, 0, 0.32708332, 0.5046875]",TRACKING
NaVi-collect-20260919-022341-193-a2b8792d,828,169.781,357266466781566,images/828.png,person,0.546875,True,False,"[0.4, 0, 0.52916664, 0.2875]",TRACKING
NaVi-collect-20260919-022341-193-a2b8792d,828,169.781,357266466781566,images/828.png,person,0.38671875,True,False,"[0.010416667, 0, 0.39375, 0.5765625]",TRACKING
NaVi-collect-20260919-022341-193-a2b8792d,830,170.182,357266868142780,images/830.png,bench,0.453125,False,False,"[0, 0.015625, 0.9604167, 0.90625]",TRACKING
NaVi-collect-20260919-022341-193-a2b8792d,832,170.575,357267269916587,images/832.png,bench,0.36328125,False,False,"[0.33125, 0.2015625, 0.48125, 0.3765625]",TRACKING
NaVi-collect-20260919-022341-193-a2b8792d,833,170.801,357267470830544,images/833.png,bench,0.40625,False,False,"[0.46875, 0.2984375, 0.6125, 0.4390625]",TRACKING
NaVi-collect-20260919-022341-193-a2b8792d,837,171.587,357268272909088,images/837.png,fire hydrant,0.5234375,False,False,"[0.51458335, 0.0140625, 0.6, 0.2859375]",TRACKING
NaVi-collect-20260919-022341-193-a2b8792d,837,171.587,357268272909088,images/837.png,bench,0.4765625,False,False,"[0.0125, 0.2453125, 0.51666665, 0.73125]",TRACKING
NaVi-collect-20260919-022341-193-a2b8792d,838,171.791,357268473685805,images/838.png,bench,0.4296875,False,False,"[0.10625, 0.31875, 0.59166664, 0.5796875]",TRACKING
NaVi-collect-20260919-022341-193-a2b8792d,840,172.181,357268874467625,images/840.png,bench,0.63671875,False,False,"[0, 0.1078125, 0.9791667, 0.965625]",TRACKING
NaVi-collect-20260919-022341-193-a2b8792d,840,172.181,357268874467625,images/840.png,person,0.40625,True,False,"[0.62291664, 0, 0.8, 0.3359375]",TRACKING
NaVi-collect-20260919-022341-193-a2b8792d,842,172.578,357269275598513,images/842.png,person,0.4296875,True,False,"[0.88125, 0.0015625, 0.99375, 0.175]",TRACKING
NaVi-collect-20260919-022341-193-a2b8792d,842,172.578,357269275598513,images/842.png,bench,0.36328125,False,False,"[0, 0.2109375, 0.9875, 0.9671875]",TRACKING
NaVi-collect-20260919-022341-193-a2b8792d,845,173.198,357269877682022,images/845.png,bench,0.61328125,False,False,"[0.004166667, 0.196875, 0.6625, 0.9953125]",TRACKING
NaVi-collect-20260919-022341-193-a2b8792d,845,173.198,357269877682022,images/845.png,fire hydrant,0.40625,False,False,"[0.6333333, 0.0015625, 0.77916664, 0.39375]",TRACKING
NaVi-collect-20260919-022341-193-a2b8792d,848,173.819,357270479490200,images/848.png,person,0.36328125,True,False,"[0.37708333, 0.8046875, 0.88125, 0.9890625]",TRACKING
NaVi-collect-20260919-022341-193-a2b8792d,852,174.595,357271281853165,images/852.png,person,0.36328125,True,False,"[0.0625, 0, 0.48541668, 0.7125]",TRACKING
NaVi-collect-20260919-022341-193-a2b8792d,868,177.786,357274491734954,images/868.png,car,0.4765625,True,False,"[0.054166667, 0.3703125, 0.23125, 0.49375]",TRACKING
NaVi-collect-20260919-022341-193-a2b8792d,871,178.392,357275094140236,images/871.png,cat,0.5,False,False,"[0.004166667, 0.021875, 0.9916667, 0.903125]",TRACKING
NaVi-collect-20260919-022341-193-a2b8792d,876,179.404,357276097463303,images/876.png,cat,0.4765625,False,False,"[0.0125, 0.3046875, 0.98333335, 0.9890625]",TRACKING
NaVi-collect-20260919-023430-697-4a81ff58,2,0.075,357758089427108,images/2.png,person,0.6796875,True,True,"[0.0125, 0.2203125, 0.98333335, 0.7140625]",DEGRADED
NaVi-collect-20260919-023430-697-4a81ff58,3,0.278,357758290044347,images/3.png,cat,0.5,False,False,"[0.014583333, 0.2671875, 0.98333335, 0.6984375]",DEGRADED
NaVi-collect-20260919-023430-697-4a81ff58,4,0.475,357758490661535,images/4.png,person,0.4765625,True,False,"[0.035416666, 0.021875, 0.8375, 0.7609375]",DEGRADED
NaVi-collect-20260919-023430-697-4a81ff58,5,0.659,357758691278722,images/5.png,person,0.6796875,True,True,"[0.014583333, 0.0125, 0.98333335, 1]",DEGRADED
NaVi-collect-20260919-023430-697-4a81ff58,8,1.277,357759293130337,images/8.png,cat,0.5,False,False,"[0, 0, 0.9791667, 0.9796875]",DEGRADED
NaVi-collect-20260919-023430-697-4a81ff58,14,2.534,357760530237561,images/14.png,cat,0.5,False,False,"[0.008333334, 0.265625, 0.9875, 1]",TRACKING
NaVi-collect-20260919-023430-697-4a81ff58,17,3.142,357761132516115,images/17.png,cat,0.36328125,False,False,"[0.1625, 0.2984375, 0.9770833, 0.984375]",TRACKING
NaVi-collect-20260919-023430-697-4a81ff58,25,4.777,357762769817546,images/25.png,cat,0.5703125,False,False,"[0.05, 0.196875, 0.98333335, 0.9828125]",TRACKING
NaVi-collect-20260919-023430-697-4a81ff58,26,4.973,357762970118029,images/26.png,person,0.36328125,True,False,"[0.045833334, 0.23125, 0.9895833, 0.9953125]",TRACKING
NaVi-collect-20260919-023430-697-4a81ff58,28,5.373,357763371434100,images/28.png,cat,0.5703125,False,False,"[0.0125, 0.2890625, 0.98333335, 0.9875]",TRACKING
NaVi-collect-20260919-023430-697-4a81ff58,30,5.773,357763772835650,images/30.png,elephant,0.5,False,False,"[0.13541667, 0.3734375, 0.98333335, 0.984375]",TRACKING
NaVi-collect-20260919-023430-697-4a81ff58,31,5.987,357763973605023,images/31.png,cat,0.4296875,False,False,"[0.014583333, 0.103125, 0.98333335, 0.9671875]",TRACKING
NaVi-collect-20260919-023430-697-4a81ff58,32,6.187,357764174219223,images/32.png,cat,0.5,False,False,"[0.041666668, 0.0234375, 0.99375, 0.975]",TRACKING
NaVi-collect-20260919-023430-697-4a81ff58,33,6.387,357764374920147,images/33.png,cat,0.61328125,False,False,"[0.09375, 0.2046875, 0.975, 0.975]",TRACKING
NaVi-collect-20260919-023430-697-4a81ff58,34,6.587,357764575235399,images/34.png,cat,0.59375,False,False,"[0.01875, 0, 0.9791667, 0.9796875]",TRACKING
NaVi-collect-20260919-023430-697-4a81ff58,35,6.787,357764775768962,images/35.png,elephant,0.5703125,False,False,"[0.1125, 0.196875, 0.99375, 0.9828125]",TRACKING
NaVi-collect-20260919-023430-697-4a81ff58,36,6.991,357764976141164,images/36.png,cat,0.5703125,False,False,"[0.1625, 0.1640625, 0.9791667, 0.98125]",TRACKING
NaVi-collect-20260919-023430-697-4a81ff58,37,7.174,357765176807797,images/37.png,cat,0.4296875,False,False,"[0.022916667, 0.128125, 0.975, 0.9765625]",TRACKING
NaVi-collect-20260919-023430-697-4a81ff58,38,7.389,357765377292199,images/38.png,cat,0.61328125,False,False,"[0.05, 0.2375, 0.98333335, 0.9796875]",TRACKING
NaVi-collect-20260919-023430-697-4a81ff58,39,7.591,357765577759540,images/39.png,cat,0.59375,False,False,"[0.01875, 0.0265625, 0.9791667, 0.9703125]",TRACKING
NaVi-collect-20260919-023430-697-4a81ff58,40,7.791,357765778215465,images/40.png,cat,0.5703125,False,False,"[0.13333334, 0.25, 0.9791667, 0.95]",TRACKING
NaVi-collect-20260919-023430-697-4a81ff58,41,7.99,357765978881675,images/41.png,cat,0.61328125,False,False,"[0.058333334, 0.1203125, 0.975, 0.984375]",TRACKING
NaVi-collect-20260919-023430-697-4a81ff58,42,8.201,357766179553579,images/42.png,cat,0.453125,False,False,"[0.022916667, 0.246875, 0.975, 0.9859375]",TRACKING
NaVi-collect-20260919-023430-697-4a81ff58,42,8.201,357766179553579,images/42.png,car,0.36328125,True,False,"[0.48541668, 0.2, 0.72291666, 0.3578125]",TRACKING
NaVi-collect-20260919-023430-697-4a81ff58,43,8.397,357766380224986,images/43.png,cat,0.65625,False,False,"[0.052083332, 0.26875, 0.98541665, 0.9671875]",TRACKING
NaVi-collect-20260919-023430-697-4a81ff58,44,8.595,357766581077537,images/44.png,cat,0.5,False,False,"[0.17916666, 0.3046875, 0.98125, 0.9515625]",TRACKING
NaVi-collect-20260919-023430-697-4a81ff58,46,9.002,357766982145238,images/46.png,cat,0.453125,False,False,"[0.18541667, 0.296875, 0.98541665, 0.9578125]",TRACKING
NaVi-collect-20260919-023430-697-4a81ff58,48,9.419,357767383496370,images/48.png,cat,0.5234375,False,False,"[0.0125, 0.196875, 0.98333335, 0.965625]",TRACKING
NaVi-collect-20260919-023430-697-4a81ff58,50,9.788,357767784912941,images/50.png,cat,0.63671875,False,False,"[0.022916667, 0.2609375, 0.975, 0.971875]",TRACKING
NaVi-collect-20260919-023430-697-4a81ff58,51,10.001,357767985682152,images/51.png,cat,0.59375,False,False,"[0.08541667, 0.2109375, 0.98333335, 0.9671875]",TRACKING
NaVi-collect-20260919-023430-697-4a81ff58,52,10.238,357768186209966,images/52.png,cat,0.61328125,False,False,"[0.09375, 0.2359375, 0.9916667, 0.9625]",TRACKING
NaVi-collect-20260919-023430-697-4a81ff58,53,10.404,357768386929823,images/53.png,cat,0.61328125,False,False,"[0.08541667, 0.2109375, 0.98333335, 0.9671875]",TRACKING
NaVi-collect-20260919-023430-697-4a81ff58,55,10.799,357768788140396,images/55.png,cat,0.69921875,False,False,"[0.045833334, 0.2046875, 0.9895833, 0.984375]",TRACKING
NaVi-collect-20260919-023430-697-4a81ff58,56,11.005,357768988696422,images/56.png,cat,0.65625,False,False,"[0.060416665, 0.215625, 0.9916667, 0.9859375]",TRACKING
NaVi-collect-20260919-023430-697-4a81ff58,58,11.41,357769389985722,images/58.png,cat,0.61328125,False,False,"[0.09166667, 0.23125, 0.98125, 0.9953125]",TRACKING
NaVi-collect-20260919-023430-697-4a81ff58,60,11.811,357769791580666,images/60.png,car,0.36328125,True,False,"[0.43958333, 0.103125, 0.6479167, 0.25]",TRACKING
NaVi-collect-20260919-023430-697-4a81ff58,60,11.811,357769791580666,images/60.png,sports ball,0.36328125,False,False,"[0.49375, 0.7203125, 0.79791665, 0.98125]",TRACKING
NaVi-collect-20260919-023430-697-4a81ff58,60,11.811,357769791580666,images/60.png,cat,0.36328125,False,False,"[0.01875, 0.1, 0.9791667, 0.9734375]",TRACKING
NaVi-collect-20260919-023430-697-4a81ff58,61,12.143,357769992513471,images/61.png,cat,0.5703125,False,False,"[0.08125, 0.203125, 0.99791664, 0.95625]",TRACKING
NaVi-collect-20260919-023430-697-4a81ff58,63,12.506,357770460889718,images/63.png,cat,0.65625,False,False,"[0.004166667, 0.0140625, 0.8854167, 0.984375]",TRACKING
NaVi-collect-20260919-023430-697-4a81ff58,65,12.899,357770895243459,images/65.png,person,0.38671875,True,False,"[0.09375, 0.378125, 0.975, 1]",TRACKING
NaVi-collect-20260919-023430-697-4a81ff58,66,13.101,357771095707965,images/66.png,person,0.38671875,True,False,"[0.08958333, 0.2953125, 0.9895833, 0.9796875]",TRACKING
NaVi-collect-20260919-023430-697-4a81ff58,67,13.407,357771296154110,images/67.png,cat,0.4765625,False,False,"[0.052083332, 0.240625, 0.98541665, 0.9]",TRACKING
NaVi-collect-20260919-023430-697-4a81ff58,69,13.723,357771697094292,images/69.png,person,0.4296875,True,False,"[0.16666667, 0.3890625, 0.98333335, 0.9875]",TRACKING
NaVi-collect-20260919-023430-697-4a81ff58,71,14.132,357772098624916,images/71.png,person,0.453125,True,False,"[0.16458334, 0.3515625, 0.99791664, 0.9859375]",TRACKING
NaVi-collect-20260919-023430-697-4a81ff58,72,14.326,357772299238648,images/72.png,cat,0.40625,False,False,"[0.08541667, 0.1203125, 0.98333335, 0.984375]",TRACKING
NaVi-collect-20260919-023430-697-4a81ff58,74,14.762,357772732926447,images/74.png,person,0.40625,True,False,"[0.35208333, 0.3359375, 0.99791664, 0.9703125]",TRACKING
NaVi-collect-20260919-023430-697-4a81ff58,75,14.976,357772933380744,images/75.png,person,0.4765625,True,False,"[0.32291666, 0.3046875, 0.98125, 0.9765625]",TRACKING
NaVi-collect-20260919-023430-697-4a81ff58,77,15.367,357773334827491,images/77.png,cat,0.63671875,False,False,"[0.004166667, 0.0140625, 0.9916667, 0.984375]",TRACKING
NaVi-collect-20260919-023430-697-4a81ff58,81,16.192,357774144833834,images/81.png,person,0.36328125,True,False,"[0.70416665, 0.6015625, 0.9916667, 1]",TRACKING
NaVi-collect-20260919-023430-697-4a81ff58,93,18.773,357776745096715,images/93.png,car,0.38671875,True,False,"[0.5, 0.3125, 0.6458333, 0.375]",TRACKING
NaVi-collect-20260919-023430-697-4a81ff58,95,19.154,357777145338440,images/95.png,car,0.36328125,True,False,"[0.50416666, 0.3390625, 0.5708333, 0.3953125]",TRACKING
NaVi-collect-20260919-023430-697-4a81ff58,102,20.76,357778744839882,images/102.png,car,0.36328125,True,False,"[0.63125, 0.325, 0.70625, 0.384375]",TRACKING
NaVi-collect-20260919-023430-697-4a81ff58,103,20.943,357778944947943,images/103.png,cat,0.5234375,False,False,"[0.004166667, 0.3453125, 0.99375, 0.9921875]",TRACKING
NaVi-collect-20260919-023430-697-4a81ff58,110,22.491,357780478620903,images/110.png,dog,0.4296875,False,False,"[0.0625, 0.35625, 0.99791664, 0.990625]",TRACKING
NaVi-collect-20260919-023430-697-4a81ff58,138,28.525,357786511855620,images/138.png,car,0.38671875,True,False,"[0.45208332, 0.2296875, 0.56041664, 0.29375]",TRACKING
NaVi-collect-20260919-023430-697-4a81ff58,139,28.748,357786745057033,images/139.png,bird,0.36328125,False,False,"[0.59583336, 0.6296875, 0.66041666, 0.69375]",TRACKING
NaVi-collect-20260919-023430-697-4a81ff58,142,29.394,357787378377139,images/142.png,car,0.36328125,True,False,"[0.4375, 0.2109375, 0.5375, 0.275]",TRACKING
NaVi-collect-20260919-023430-697-4a81ff58,143,29.638,357787611637594,images/143.png,car,0.40625,True,False,"[0.43958333, 0.2578125, 0.5416667, 0.3203125]",TRACKING
NaVi-collect-20260919-023430-697-4a81ff58,149,30.956,357788944997441,images/149.png,car,0.453125,True,False,"[0.32708332, 0.3578125, 0.44166666, 0.4265625]",TRACKING
NaVi-collect-20260919-023430-697-4a81ff58,150,31.161,357789145108269,images/150.png,car,0.4296875,True,False,"[0.44166666, 0.3609375, 0.55, 0.434375]",TRACKING
NaVi-collect-20260919-023430-697-4a81ff58,151,31.386,357789378516623,images/151.png,car,0.453125,True,False,"[0.40208334, 0.3265625, 0.54583335, 0.4]",TRACKING
NaVi-collect-20260919-023430-697-4a81ff58,151,31.386,357789378516623,images/151.png,car,0.4296875,True,False,"[0.3, 0.3359375, 0.40208334, 0.4]",TRACKING
NaVi-collect-20260919-023430-697-4a81ff58,152,31.585,357789578551287,images/152.png,car,0.40625,True,False,"[0.29375, 0.3578125, 0.39583334, 0.415625]",TRACKING
NaVi-collect-20260919-023430-697-4a81ff58,153,31.82,357789811882379,images/153.png,car,0.453125,True,False,"[0.38541666, 0.3265625, 0.50208336, 0.3953125]",TRACKING
NaVi-collect-20260919-023430-697-4a81ff58,153,31.82,357789811882379,images/153.png,car,0.4296875,True,False,"[0.53125, 0.3046875, 0.6458333, 0.3921875]",TRACKING
NaVi-collect-20260919-023430-697-4a81ff58,154,32.028,357790011884458,images/154.png,car,0.453125,True,False,"[0.52708334, 0.365625, 0.64375, 0.4359375]",TRACKING
NaVi-collect-20260919-023430-697-4a81ff58,154,32.028,357790011884458,images/154.png,car,0.40625,True,False,"[0, 0.19375, 0.37708333, 0.375]",TRACKING
NaVi-collect-20260919-023430-697-4a81ff58,154,32.028,357790011884458,images/154.png,car,0.36328125,True,False,"[0.56875, 0.33125, 0.8020833, 0.4328125]",TRACKING
NaVi-collect-20260919-023430-697-4a81ff58,155,32.231,357790212132300,images/155.png,car,0.40625,True,False,"[0.55625, 0.4203125, 0.65833336, 0.4828125]",TRACKING
NaVi-collect-20260919-023430-697-4a81ff58,157,32.662,357790641270570,images/157.png,car,0.453125,True,False,"[0.4875, 0.325, 0.59375, 0.3890625]",TRACKING
NaVi-collect-20260919-023430-697-4a81ff58,159,33.099,357791078535062,images/159.png,car,0.36328125,True,False,"[0.47916666, 0.2390625, 0.5729167, 0.2921875]",TRACKING
NaVi-collect-20260919-023430-697-4a81ff58,167,34.82,357792774341576,images/167.png,car,0.38671875,True,False,"[0, 0.2125, 0.26041666, 0.3703125]",TRACKING
NaVi-collect-20260919-023430-697-4a81ff58,168,35.04,357792974462701,images/168.png,car,0.4765625,True,False,"[0.114583336, 0.2484375, 0.37083334, 0.4125]",TRACKING
NaVi-collect-20260919-023430-697-4a81ff58,168,35.04,357792974462701,images/168.png,car,0.38671875,True,False,"[0, 0.30625, 0.11666667, 0.4078125]",TRACKING
NaVi-collect-20260919-023430-697-4a81ff58,169,35.182,357793174531722,images/169.png,car,0.4296875,True,False,"[0, 0.3671875, 0.12291667, 0.478125]",TRACKING
NaVi-collect-20260919-023430-697-4a81ff58,169,35.182,357793174531722,images/169.png,car,0.4296875,True,False,"[0.045833334, 0.309375, 0.375, 0.4703125]",TRACKING
NaVi-collect-20260919-023430-697-4a81ff58,170,35.427,357793403562836,images/170.png,dog,0.38671875,False,False,"[0.28541666, 0.540625, 0.98333335, 0.996875]",TRACKING
NaVi-collect-20260919-023430-697-4a81ff58,171,35.632,357793604136731,images/171.png,cat,0.40625,False,False,"[0, 0.4265625, 0.97083336, 0.9921875]",TRACKING
NaVi-collect-20260919-023430-697-4a81ff58,173,36.038,357794005604132,images/173.png,car,0.5703125,True,False,"[0.35625, 0.3796875, 0.47291666, 0.45625]",TRACKING
NaVi-collect-20260919-023430-697-4a81ff58,177,36.832,357794807699316,images/177.png,car,0.40625,True,False,"[0.68333334, 0.2875, 0.78125, 0.3640625]",TRACKING
NaVi-collect-20260919-023430-697-4a81ff58,177,36.832,357794807699316,images/177.png,car,0.40625,True,False,"[0.5, 0.328125, 0.625, 0.403125]",TRACKING
NaVi-collect-20260919-023430-697-4a81ff58,177,36.832,357794807699316,images/177.png,cat,0.40625,False,False,"[0.004166667, 0.4046875, 0.99375, 0.9921875]",TRACKING
NaVi-collect-20260919-023430-697-4a81ff58,179,37.23,357795208919821,images/179.png,cat,0.59375,False,False,"[0.0625, 0.453125, 1, 0.9875]",TRACKING
NaVi-collect-20260919-023430-697-4a81ff58,179,37.23,357795208919821,images/179.png,car,0.546875,True,False,"[0.7083333, 0.3515625, 0.82708335, 0.44375]",TRACKING
NaVi-collect-20260919-023430-697-4a81ff58,179,37.23,357795208919821,images/179.png,car,0.40625,True,False,"[0.5104167, 0.3859375, 0.65, 0.453125]",TRACKING
NaVi-collect-20260919-023430-697-4a81ff58,180,37.429,357795409428426,images/180.png,car,0.453125,True,False,"[0.46458334, 0.375, 0.5520833, 0.4640625]",TRACKING
NaVi-collect-20260919-023430-697-4a81ff58,182,37.833,357795810552491,images/182.png,car,0.4296875,True,False,"[0.5, 0.3640625, 0.6020833, 0.4546875]",TRACKING
NaVi-collect-20260919-023430-697-4a81ff58,184,38.235,357796211637413,images/184.png,car,0.5234375,True,False,"[0.53541666, 0.3640625, 0.6875, 0.453125]",TRACKING
NaVi-collect-20260919-023430-697-4a81ff58,184,38.235,357796211637413,images/184.png,cat,0.4765625,False,False,"[0.004166667, 0.4046875, 0.99375, 0.9921875]",TRACKING
NaVi-collect-20260919-023430-697-4a81ff58,184,38.235,357796211637413,images/184.png,car,0.453125,True,False,"[0.74791664, 0.340625, 0.8541667, 0.4421875]",TRACKING
NaVi-collect-20260919-023430-697-4a81ff58,186,38.637,357796613155393,images/186.png,car,0.38671875,True,False,"[0.375, 0.390625, 0.50208336, 0.4859375]",TRACKING
NaVi-collect-20260919-023430-697-4a81ff58,186,38.637,357796613155393,images/186.png,car,0.38671875,True,False,"[0.44375, 0.3859375, 0.57708335, 0.471875]",TRACKING
NaVi-collect-20260919-023430-697-4a81ff58,186,38.637,357796613155393,images/186.png,car,0.36328125,True,False,"[0.65, 0.3609375, 0.76666665, 0.4703125]",TRACKING
NaVi-collect-20260919-023430-697-4a81ff58,189,39.257,357797214621168,images/189.png,cat,0.453125,False,False,"[0, 0.4, 1, 0.9984375]",TRACKING
NaVi-collect-20260919-023430-697-4a81ff58,192,39.837,357797816190931,images/192.png,car,0.36328125,True,False,"[0.87083334, 0.234375, 0.99583334, 0.30625]",TRACKING
NaVi-collect-20260919-023430-697-4a81ff58,194,40.241,357798217823383,images/194.png,elephant,0.4296875,False,False,"[0.058333334, 0.2625, 0.975, 0.990625]",TRACKING
NaVi-collect-20260919-023430-697-4a81ff58,195,40.434,357798418699353,images/195.png,car,0.38671875,True,False,"[0.31666666, 0.0453125, 0.4125, 0.21875]",TRACKING
NaVi-collect-20260919-023430-697-4a81ff58,196,40.662,357798619199191,images/196.png,car,0.59375,True,False,"[0.39375, 0, 0.49375, 0.1578125]",TRACKING
NaVi-collect-20260919-023430-697-4a81ff58,197,40.848,357798819856610,images/197.png,car,0.38671875,True,False,"[0.3375, 0, 0.43541667, 0.11875]",TRACKING
NaVi-collect-20260919-023430-697-4a81ff58,198,41.034,357799020838224,images/198.png,person,0.546875,True,False,"[0.48541668, 0.1984375, 0.78541666, 0.996875]",TRACKING
NaVi-collect-20260919-023430-697-4a81ff58,200,41.46,357799422140808,images/200.png,elephant,0.4765625,False,False,"[0, 0.009375, 0.80833334, 0.9890625]",TRACKING
NaVi-collect-20260919-023430-697-4a81ff58,201,41.638,357799622812472,images/201.png,cat,0.36328125,False,False,"[0, 0.0046875, 0.8645833, 0.99375]",TRACKING
NaVi-collect-20260919-023430-697-4a81ff58,203,42.042,357800023905803,images/203.png,cat,0.73828125,False,False,"[0.004166667, 0.0046875, 0.9916667, 0.99375]",TRACKING
NaVi-collect-20260919-023430-697-4a81ff58,204,42.254,357800224466424,images/204.png,horse,0.5,False,False,"[0.083333336, 0, 0.9916667, 1]",TRACKING
NaVi-collect-20260919-023430-697-4a81ff58,208,43.034,357801026754937,images/208.png,cat,0.4296875,False,False,"[0.004166667, 0.1171875, 0.99375, 0.9953125]",TRACKING
NaVi-collect-20260919-023430-697-4a81ff58,209,43.248,357801227377192,images/209.png,cat,0.40625,False,False,"[0.004166667, 0.328125, 0.99375, 0.9875]",TRACKING
NaVi-collect-20260919-023430-697-4a81ff58,213,44.061,357802029654681,images/213.png,bear,0.4765625,False,False,"[0.004166667, 0.0125, 0.9916667, 1]",TRACKING
NaVi-collect-20260919-023430-697-4a81ff58,214,44.251,357802230534961,images/214.png,bear,0.5234375,False,False,"[0.05, 0, 0.98333335, 1]",TRACKING
NaVi-collect-20260919-023430-697-4a81ff58,220,45.456,357803434274513,images/220.png,cat,0.71875,False,False,"[0.008333334, 0.0828125, 0.9875, 0.990625]",TRACKING
NaVi-collect-20260919-023430-697-4a81ff58,222,45.869,357803835583537,images/222.png,cat,0.5703125,False,False,"[0.004166667, 0.153125, 0.99375, 0.9984375]",TRACKING
NaVi-collect-20260919-023430-697-4a81ff58,223,46.07,357804036318616,images/223.png,cat,0.4765625,False,False,"[0, 0.009375, 0.9604167, 0.9890625]",TRACKING
NaVi-collect-20260919-023430-697-4a81ff58,224,46.263,357804236875276,images/224.png,cat,0.76953125,False,False,"[0, 0.009375, 1, 0.9890625]",TRACKING
NaVi-collect-20260919-023430-697-4a81ff58,226,46.67,357804638537098,images/226.png,cat,0.73828125,False,False,"[0.004166667, 0, 0.9916667, 1]",TRACKING
NaVi-collect-20260919-023430-697-4a81ff58,227,46.867,357804839247298,images/227.png,cat,0.81640625,False,False,"[0, 0, 1, 1]",TRACKING
NaVi-collect-20260919-023430-697-4a81ff58,232,47.882,357805841848506,images/232.png,cat,0.63671875,False,False,"[0.008333334, 0.0828125, 0.9875, 0.990625]",TRACKING
NaVi-collect-20260919-023430-697-4a81ff58,237,48.901,357806844796490,images/237.png,cat,0.453125,False,False,"[0, 0.09375, 0.9875, 0.975]",TRACKING
NaVi-collect-20260919-023430-697-4a81ff58,245,50.475,357808450441771,images/245.png,car,0.4765625,True,False,"[0.060416665, 0.084375, 0.36041668, 0.2625]",TRACKING
NaVi-collect-20260919-023430-697-4a81ff58,247,50.909,357808851122646,images/247.png,elephant,0.5703125,False,False,"[0.039583333, 0.03125, 0.95625, 1]",TRACKING
NaVi-collect-20260919-023430-697-4a81ff58,263,54.103,357812061091017,images/263.png,car,0.453125,True,False,"[0.225, 0.3078125, 0.50208336, 0.43125]",TRACKING
NaVi-collect-20260919-023430-697-4a81ff58,264,54.301,357812261723800,images/264.png,person,0.5,True,False,"[0.31458333, 0.2875, 0.40208334, 0.396875]",TRACKING
NaVi-collect-20260919-023430-697-4a81ff58,278,57.118,357815069951766,images/278.png,person,0.4765625,True,False,"[0.38333333, 0.2828125, 0.47708333, 0.415625]",TRACKING
NaVi-collect-20260919-023430-697-4a81ff58,282,57.899,357815872402827,images/282.png,car,0.40625,True,False,"[0.38958332, 0.2859375, 0.53333336, 0.3484375]",TRACKING
NaVi-collect-20260919-023430-697-4a81ff58,283,58.123,357816073026265,images/283.png,car,0.40625,True,False,"[0.31875, 0.3328125, 0.44166666, 0.3984375]",TRACKING
NaVi-collect-20260919-023430-697-4a81ff58,284,58.32,357816273518322,images/284.png,person,0.59375,True,False,"[0.21458334, 0.240625, 0.3125, 0.38125]",TRACKING
NaVi-collect-20260919-023430-697-4a81ff58,289,59.312,357817276466041,images/289.png,bench,0.36328125,False,False,"[0.18333334, 0.359375, 0.35833332, 0.484375]",TRACKING
NaVi-collect-20260919-023430-697-4a81ff58,301,61.731,357819683843599,images/301.png,person,0.40625,True,False,"[0.4125, 0.4359375, 0.46458334, 0.5125]",TRACKING
NaVi-collect-20260919-023430-697-4a81ff58,303,62.12,357820085214718,images/303.png,person,0.40625,True,False,"[0.41458333, 0.425, 0.475, 0.50625]",TRACKING
NaVi-collect-20260919-023430-697-4a81ff58,304,62.339,357820285790980,images/304.png,person,0.4296875,True,False,"[0.19791667, 0.1625, 0.4, 0.4984375]",TRACKING
NaVi-collect-20260919-023430-697-4a81ff58,312,63.933,357821890970270,images/312.png,chair,0.5234375,False,False,"[0.020833334, 0.0171875, 0.3625, 0.39375]",TRACKING
NaVi-collect-20260919-023430-697-4a81ff58,315,64.527,357822493079089,images/315.png,cat,0.38671875,False,False,"[0.01875, 0.159375, 0.9791667, 0.953125]",TRACKING
NaVi-collect-20260919-023430-697-4a81ff58,318,65.123,357823095024486,images/318.png,fire hydrant,0.5703125,False,False,"[0, 0.3, 0.0625, 0.484375]",TRACKING
NaVi-collect-20260919-023430-697-4a81ff58,323,66.134,357824097945269,images/323.png,cat,0.5703125,False,False,"[0, 0.046875, 1, 0.990625]",TRACKING
NaVi-collect-20260919-023430-697-4a81ff58,324,66.338,357824298572527,images/324.png,cat,0.73828125,False,False,"[0, 0.009375, 1, 0.9890625]",TRACKING
NaVi-collect-20260919-023430-697-4a81ff58,326,66.73,357824700276889,images/326.png,boat,0.453125,False,False,"[0, 0.03125, 1, 0.965625]",TRACKING
NaVi-collect-20260919-023430-697-4a81ff58,338,69.142,357827107470135,images/338.png,cat,0.453125,False,False,"[0.008333334, 0.0921875, 0.9875, 0.9828125]",TRACKING
NaVi-collect-20260919-023430-697-4a81ff58,339,69.345,357827307935792,images/339.png,person,0.4765625,True,False,"[0.38958332, 0.021875, 0.9875, 0.975]",TRACKING
NaVi-collect-20260919-023430-697-4a81ff58,341,69.756,357827708979285,images/341.png,person,0.36328125,True,False,"[0, 0.0046875, 1, 0.99375]",TRACKING
NaVi-collect-20260919-023430-697-4a81ff58,342,69.949,357827909675736,images/342.png,bear,0.61328125,False,False,"[0.38958332, 0.071875, 0.9875, 1]",TRACKING
NaVi-collect-20260919-023430-697-4a81ff58,343,70.14,357828110230270,images/343.png,bear,0.7890625,False,False,"[0.4, 0.0046875, 0.975, 0.99375]",TRACKING
NaVi-collect-20260919-023430-697-4a81ff58,345,70.541,357828511389255,images/345.png,bear,0.453125,False,False,"[0.004166667, 0.0046875, 0.9916667, 0.99375]",TRACKING
NaVi-collect-20260919-023430-697-4a81ff58,349,71.363,357829314151319,images/349.png,cat,0.65625,False,False,"[0, 0, 0.9791667, 0.9796875]",TRACKING
NaVi-collect-20260919-023430-697-4a81ff58,350,71.546,357829514627546,images/350.png,cat,0.546875,False,False,"[0, 0, 0.9916667, 0.9671875]",TRACKING
NaVi-collect-20260919-023430-697-4a81ff58,352,71.953,357829915860844,images/352.png,person,0.84375,True,True,"[0.004166667, 0, 0.9916667, 1]",TRACKING
NaVi-collect-20260919-023430-697-4a81ff58,353,72.144,357830116312094,images/353.png,dog,0.546875,False,False,"[0, 0.05, 1, 0.984375]",TRACKING
NaVi-collect-20260919-023430-697-4a81ff58,353,72.144,357830116312094,images/353.png,cat,0.4296875,False,False,"[0, 0.0015625, 0.6479167, 0.45]",TRACKING
NaVi-collect-20260919-023430-697-4a81ff58,355,72.546,357830517600604,images/355.png,frisbee,0.40625,False,False,"[0, 0.553125, 0.24583334, 0.8953125]",TRACKING
NaVi-collect-20260919-023430-697-4a81ff58,355,72.546,357830517600604,images/355.png,person,0.36328125,True,False,"[0.004166667, 0.4921875, 0.99375, 0.9859375]",TRACKING
NaVi-collect-20260919-023430-697-4a81ff58,356,72.744,357830718327372,images/356.png,cat,0.5234375,False,False,"[0, 0.59375, 0.75416666, 0.9921875]",TRACKING
NaVi-collect-20260919-023430-697-4a81ff58,359,73.367,357831320021527,images/359.png,dog,0.38671875,False,False,"[0, 0.421875, 0.5541667, 0.9765625]",TRACKING
NaVi-collect-20260919-023430-697-4a81ff58,360,73.555,357831520605567,images/360.png,person,0.453125,True,False,"[0.14791666, 0.1015625, 0.70416665, 0.98125]",TRACKING
NaVi-collect-20260919-023430-697-4a81ff58,361,73.744,357831721048864,images/361.png,cat,0.5234375,False,False,"[0.008333334, 0.00625, 0.9875, 0.9140625]",TRACKING
NaVi-collect-20260919-023430-697-4a81ff58,363,74.155,357832122538581,images/363.png,fire hydrant,0.453125,False,False,"[0.31041667, 0.3921875, 0.67291665, 0.7765625]",TRACKING
NaVi-collect-20260919-023430-697-4a81ff58,364,74.365,357832322877506,images/364.png,fire hydrant,0.5703125,False,False,"[0.32291666, 0.35625, 0.6458333, 0.7265625]",TRACKING
NaVi-collect-20260919-023430-697-4a81ff58,365,74.556,357832522966548,images/365.png,car,0.4296875,True,False,"[0.079166666, 0.5078125, 0.45625, 0.671875]",TRACKING
NaVi-collect-20260919-023430-697-4a81ff58,367,74.973,357832924091220,images/367.png,bed,0.38671875,False,False,"[0.00625, 0, 0.9916667, 1]",TRACKING
NaVi-collect-20260919-023430-697-4a81ff58,368,75.149,357833124689283,images/368.png,cat,0.453125,False,False,"[0.0125, 0.1296875, 0.76875, 0.978125]",TRACKING
NaVi-collect-20260919-023430-697-4a81ff58,375,76.575,357834530159249,images/375.png,person,0.453125,True,False,"[0.52916664, 0.490625, 0.6958333, 0.665625]",TRACKING
NaVi-collect-20260919-023430-697-4a81ff58,377,76.969,357834931500698,images/377.png,person,0.61328125,True,True,"[0.68125, 0.221875, 0.74791664, 0.340625]",TRACKING
NaVi-collect-20260919-023430-697-4a81ff58,378,77.174,357835132001248,images/378.png,person,0.63671875,True,True,"[0.61041665, 0.1640625, 0.6791667, 0.2921875]",TRACKING
NaVi-collect-20260919-023430-697-4a81ff58,378,77.174,357835132001248,images/378.png,fire hydrant,0.36328125,False,False,"[0, 0.4015625, 0.17083333, 0.725]",TRACKING
NaVi-collect-20260919-023430-697-4a81ff58,380,77.564,357835532899568,images/380.png,person,0.59375,True,False,"[0.525, 0.3453125, 0.5833333, 0.459375]",TRACKING
NaVi-collect-20260919-023430-697-4a81ff58,381,77.777,357835733436589,images/381.png,person,0.69921875,True,True,"[0.51666665, 0.321875, 0.5854167, 0.4546875]",TRACKING
NaVi-collect-20260919-023430-697-4a81ff58,382,78.003,357835933927686,images/382.png,person,0.71875,True,True,"[0.54375, 0.315625, 0.6, 0.440625]",TRACKING
NaVi-collect-20260919-023430-697-4a81ff58,384,78.371,357836335117258,images/384.png,person,0.5234375,True,False,"[0.56041664, 0.2859375, 0.6333333, 0.4109375]",TRACKING
NaVi-collect-20260919-023430-697-4a81ff58,385,78.567,357836535772080,images/385.png,person,0.71875,True,True,"[0.5375, 0.2890625, 0.6166667, 0.425]",TRACKING
NaVi-collect-20260919-023430-697-4a81ff58,386,78.798,357836736365098,images/386.png,person,0.73828125,True,True,"[0.55, 0.296875, 0.62291664, 0.4328125]",TRACKING
NaVi-collect-20260919-023430-697-4a81ff58,388,79.18,357837137231708,images/388.png,person,0.7890625,True,True,"[0.51666665, 0.325, 0.59375, 0.475]",TRACKING
NaVi-collect-20260919-023430-697-4a81ff58,389,79.391,357837337745261,images/389.png,person,0.75390625,True,True,"[0.5229167, 0.3203125, 0.59583336, 0.4640625]",TRACKING
NaVi-collect-20260919-023430-697-4a81ff58,390,79.604,357837538414807,images/390.png,person,0.85546875,True,True,"[0.51875, 0.3125, 0.6, 0.4671875]",TRACKING
NaVi-collect-20260919-023430-697-4a81ff58,392,79.988,357837939779469,images/392.png,person,0.7890625,True,True,"[0.5416667, 0.3234375, 0.6354167, 0.4875]",TRACKING
NaVi-collect-20260919-023430-697-4a81ff58,393,80.184,357838140441350,images/393.png,person,0.75390625,True,True,"[0.52916664, 0.315625, 0.62708336, 0.4890625]",TRACKING
NaVi-collect-20260919-023430-697-4a81ff58,394,80.369,357838341158280,images/394.png,person,0.6796875,True,True,"[0.50208336, 0.31875, 0.59791666, 0.4859375]",TRACKING
NaVi-collect-20260919-023430-697-4a81ff58,396,80.782,357838742450935,images/396.png,person,0.8671875,True,True,"[0.5, 0.33125, 0.5854167, 0.515625]",TRACKING
NaVi-collect-20260919-023430-697-4a81ff58,397,80.98,357838943065107,images/397.png,person,0.81640625,True,True,"[0.48125, 0.3296875, 0.56458336, 0.5171875]",TRACKING
NaVi-collect-20260919-023430-697-4a81ff58,398,81.178,357839143673221,images/398.png,person,0.8671875,True,True,"[0.4625, 0.334375, 0.5625, 0.5296875]",TRACKING
NaVi-collect-20260919-023430-697-4a81ff58,398,81.178,357839143673221,images/398.png,car,0.36328125,True,False,"[0.34791666, 0.359375, 0.43541667, 0.409375]",TRACKING
NaVi-collect-20260919-023430-697-4a81ff58,399,81.379,357839344350314,images/399.png,person,0.91015625,True,True,"[0.46875, 0.3265625, 0.5875, 0.5296875]",TRACKING
NaVi-collect-20260919-023430-697-4a81ff58,401,81.767,357839745736911,images/401.png,person,0.6796875,True,True,"[0.4375, 0.2578125, 0.55625, 0.48125]",TRACKING
NaVi-collect-20260919-023430-697-4a81ff58,402,81.982,357839946400360,images/402.png,person,0.71875,True,True,"[0.44583333, 0.2546875, 0.5520833, 0.4828125]",TRACKING
NaVi-collect-20260919-023430-697-4a81ff58,402,81.982,357839946400360,images/402.png,car,0.38671875,True,False,"[0.575, 0.3234375, 0.6020833, 0.3515625]",TRACKING
NaVi-collect-20260919-023430-697-4a81ff58,403,82.178,357840146976119,images/403.png,person,0.69921875,True,True,"[0.44791666, 0.253125, 0.5520833, 0.4953125]",TRACKING
NaVi-collect-20260919-023430-697-4a81ff58,405,82.581,357840548137509,images/405.png,person,0.5703125,True,False,"[0.4375, 0.2453125, 0.59166664, 0.4828125]",TRACKING
NaVi-collect-20260919-023430-697-4a81ff58,406,82.79,357840748660298,images/406.png,person,0.84375,True,True,"[0.45, 0.2234375, 0.6041667, 0.5]",TRACKING
NaVi-collect-20260919-023430-697-4a81ff58,408,83.189,357841150058996,images/408.png,person,0.69921875,True,True,"[0.48958334, 0.209375, 0.63125, 0.5265625]",TRACKING
NaVi-collect-20260919-023430-697-4a81ff58,409,83.413,357841350553242,images/409.png,person,0.76953125,True,True,"[0.51875, 0.215625, 0.6625, 0.5453125]",TRACKING
NaVi-collect-20260919-023430-697-4a81ff58,410,83.601,357841551020110,images/410.png,person,0.81640625,True,True,"[0.56041664, 0.178125, 0.74583334, 0.534375]",TRACKING
NaVi-collect-20260919-023430-697-4a81ff58,412,83.995,357841952307280,images/412.png,person,0.953125,True,True,"[0.59583336, 0.103125, 0.88958335, 0.553125]",TRACKING
NaVi-collect-20260919-023430-697-4a81ff58,413,84.187,357842152990348,images/413.png,person,0.91015625,True,True,"[0.63125, 0.0171875, 0.90833336, 0.540625]",TRACKING
NaVi-collect-20260919-023430-697-4a81ff58,415,84.591,357842554117002,images/415.png,person,0.90234375,True,True,"[0.52708334, 0.0015625, 0.93541664, 0.4953125]",TRACKING
NaVi-collect-20260919-023430-697-4a81ff58,415,84.591,357842554117002,images/415.png,fire hydrant,0.40625,False,False,"[0.075, 0.1359375, 0.24166666, 0.403125]",TRACKING
NaVi-collect-20260919-023430-697-4a81ff58,416,84.792,357842754962195,images/416.png,dog,0.5,False,False,"[0.57708335, 0, 0.93333334, 0.553125]",TRACKING
NaVi-collect-20260919-023430-697-4a81ff58,417,84.999,357842955925999,images/417.png,person,0.85546875,True,True,"[0.53541666, 0, 0.975, 0.6984375]",TRACKING
NaVi-collect-20260919-023430-697-4a81ff58,417,84.999,357842955925999,images/417.png,person,0.36328125,True,False,"[0.3, 0.25625, 0.42916667, 0.48125]",TRACKING
NaVi-collect-20260919-023430-697-4a81ff58,419,85.41,357843356887926,images/419.png,dog,0.6796875,False,False,"[0.47916666, 0.0109375, 0.91875, 0.684375]",TRACKING
NaVi-collect-20260919-023430-697-4a81ff58,419,85.41,357843356887926,images/419.png,fire hydrant,0.38671875,False,False,"[0.3375, 0.3390625, 0.48958334, 0.571875]",TRACKING
NaVi-collect-20260919-023430-697-4a81ff58,420,85.603,357843557524068,images/420.png,person,0.6796875,True,True,"[0.3875, 0, 0.79375, 0.7265625]",TRACKING
NaVi-collect-20260919-023430-697-4a81ff58,421,85.82,357843758349062,images/421.png,person,0.71875,True,True,"[0.25625, 0.0125, 0.84375, 0.8609375]",TRACKING
NaVi-collect-20260919-023430-697-4a81ff58,423,86.196,357844159635152,images/423.png,person,0.71875,True,True,"[0.39583334, 0.003125, 0.8354167, 0.771875]",TRACKING
NaVi-collect-20260919-023430-697-4a81ff58,423,86.196,357844159635152,images/423.png,person,0.38671875,True,False,"[0.7583333, 0.440625, 0.9916667, 0.934375]",TRACKING
NaVi-collect-20260919-023430-697-4a81ff58,424,86.401,357844360311872,images/424.png,person,0.73828125,True,True,"[0.31875, 0.0125, 0.8541667, 0.9265625]",TRACKING
NaVi-collect-20260919-023430-697-4a81ff58,427,87.002,357844961925926,images/427.png,person,0.5,True,False,"[0.00625, 0.0046875, 0.5, 0.5921875]",TRACKING
NaVi-collect-20260919-023430-697-4a81ff58,428,87.19,357845162621840,images/428.png,person,0.453125,True,False,"[0.34791666, 0.1703125, 0.60833335, 0.46875]",TRACKING
NaVi-collect-20260919-023430-697-4a81ff58,474,96.6,357854555589425,images/474.png,car,0.63671875,True,True,"[0.63958335, 0.25625, 0.98125, 0.4109375]",TRACKING
NaVi-collect-20260919-023430-697-4a81ff58,476,97.04,357855022203576,images/476.png,car,0.4765625,True,False,"[0.6645833, 0.2859375, 0.84791666, 0.3796875]",TRACKING
NaVi-collect-20260919-023430-697-4a81ff58,477,97.28,357855255378418,images/477.png,car,0.36328125,True,False,"[0.58125, 0.3515625, 0.74791664, 0.45]",TRACKING
NaVi-collect-20260919-023430-697-4a81ff58,481,98.222,357856188367855,images/481.png,car,0.36328125,True,False,"[0.53333336, 0.33125, 0.725, 0.415625]",TRACKING
NaVi-collect-20260919-023430-697-4a81ff58,482,98.451,357856421687644,images/482.png,car,0.5,True,False,"[0.4875, 0.3171875, 0.68333334, 0.40625]",TRACKING
NaVi-collect-20260919-023430-697-4a81ff58,483,98.638,357856621702596,images/483.png,car,0.36328125,True,False,"[0.62708336, 0.3328125, 0.7291667, 0.425]",TRACKING
NaVi-collect-20260919-023430-697-4a81ff58,490,100.14,357858122067995,images/490.png,car,0.5,True,False,"[0.62083334, 0.3875, 0.7125, 0.4828125]",TRACKING
NaVi-collect-20260919-023430-697-4a81ff58,490,100.14,357858122067995,images/490.png,car,0.4296875,True,False,"[0.18125, 0.3125, 0.44791666, 0.43125]",TRACKING
NaVi-collect-20260919-023430-697-4a81ff58,490,100.14,357858122067995,images/490.png,car,0.36328125,True,False,"[0.43958333, 0.3578125, 0.62291664, 0.471875]",TRACKING
NaVi-collect-20260919-023430-697-4a81ff58,496,101.518,357859488009095,images/496.png,car,0.38671875,True,False,"[0.30833334, 0.3578125, 0.48125, 0.459375]",TRACKING
NaVi-collect-20260919-023430-697-4a81ff58,496,101.518,357859488009095,images/496.png,car,0.38671875,True,False,"[0.41041666, 0.3625, 0.55625, 0.4546875]",TRACKING
NaVi-collect-20260919-023430-697-4a81ff58,497,101.709,357859688079125,images/497.png,car,0.453125,True,False,"[0.28541666, 0.396875, 0.44375, 0.48125]",TRACKING
NaVi-collect-20260919-023430-697-4a81ff58,499,102.118,357860088167703,images/499.png,car,0.4765625,True,False,"[0.31875, 0.328125, 0.4625, 0.41875]",TRACKING
NaVi-collect-20260919-023430-697-4a81ff58,500,102.305,357860288323988,images/500.png,car,0.5234375,True,False,"[0.3, 0.365625, 0.44583333, 0.4640625]",TRACKING
NaVi-collect-20260919-023430-697-4a81ff58,500,102.305,357860288323988,images/500.png,car,0.40625,True,False,"[0.38958332, 0.3734375, 0.53333336, 0.459375]",TRACKING
NaVi-collect-20260919-023430-697-4a81ff58,504,103.111,357861088835073,images/504.png,car,0.453125,True,False,"[0.29791668, 0.346875, 0.43541667, 0.44375]",TRACKING
NaVi-collect-20260919-023430-697-4a81ff58,504,103.111,357861088835073,images/504.png,car,0.4296875,True,False,"[0.39791667, 0.3484375, 0.52708334, 0.4421875]",TRACKING
NaVi-collect-20260919-023430-697-4a81ff58,507,103.778,357861751102928,images/507.png,car,0.38671875,True,False,"[0.37708333, 0.35, 0.50208336, 0.459375]",TRACKING
NaVi-collect-20260919-023430-697-4a81ff58,507,103.778,357861751102928,images/507.png,car,0.36328125,True,False,"[0.25833333, 0.353125, 0.39791667, 0.4828125]",TRACKING
NaVi-collect-20260919-023430-697-4a81ff58,510,104.438,357862414581115,images/510.png,car,0.36328125,True,False,"[0.24583334, 0.303125, 0.5229167, 0.4640625]",TRACKING
NaVi-collect-20260919-023430-697-4a81ff58,511,104.643,357862614832531,images/511.png,car,0.38671875,True,False,"[0.06666667, 0.39375, 0.20625, 0.465625]",TRACKING
NaVi-collect-20260919-023430-697-4a81ff58,512,104.84,357862815200852,images/512.png,car,0.38671875,True,False,"[0.104166664, 0.39375, 0.24166666, 0.46875]",TRACKING
NaVi-collect-20260919-023430-697-4a81ff58,514,105.251,357863216365248,images/514.png,car,0.38671875,True,False,"[0.07083333, 0.35, 0.23125, 0.4328125]",TRACKING
NaVi-collect-20260919-023430-697-4a81ff58,514,105.251,357863216365248,images/514.png,car,0.36328125,True,False,"[0.21875, 0.3109375, 0.47916666, 0.478125]",TRACKING
NaVi-collect-20260919-023430-697-4a81ff58,515,105.447,357863417111941,images/515.png,car,0.40625,True,False,"[0.09791667, 0.359375, 0.23541667, 0.4328125]",TRACKING
NaVi-collect-20260919-023430-697-4a81ff58,515,105.447,357863417111941,images/515.png,bench,0.36328125,False,False,"[0.58958334, 0.4765625, 0.71666664, 0.5328125]",TRACKING
NaVi-collect-20260919-023430-697-4a81ff58,521,106.657,357864620929534,images/521.png,bicycle,0.36328125,True,False,"[0.37083334, 0.3, 0.44583333, 0.4046875]",TRACKING
NaVi-collect-20260919-023430-697-4a81ff58,542,110.866,357868834144183,images/542.png,cat,0.40625,False,False,"[0.0125, 0.3953125, 0.98333335, 0.9828125]",TRACKING
NaVi-collect-20260919-023430-697-4a81ff58,543,111.087,357869034672226,images/543.png,person,0.38671875,True,False,"[0.041666668, 0.1125, 0.99375, 0.99375]",TRACKING
NaVi-collect-20260919-023430-697-4a81ff58,545,111.481,357869435842340,images/545.png,car,0.36328125,True,False,"[0.61041665, 0.36875, 0.85625, 0.49375]",TRACKING
NaVi-collect-20260919-023430-697-4a81ff58,550,112.481,357870439214278,images/550.png,car,0.36328125,True,False,"[0.65833336, 0.4171875, 0.9875, 0.590625]",TRACKING
NaVi-collect-20260919-023430-697-4a81ff58,557,113.869,357871843876867,images/557.png,person,0.36328125,True,False,"[0.33541667, 0.0671875, 0.99375, 0.7015625]",TRACKING
NaVi-collect-20260919-023430-697-4a81ff58,560,114.476,357872445464135,images/560.png,person,0.453125,True,False,"[0.24583334, 0.31875, 0.48333332, 0.6421875]",TRACKING
NaVi-collect-20260919-023430-697-4a81ff58,566,115.673,357873649497072,images/566.png,car,0.4296875,True,False,"[0.008333334, 0.4765625, 0.35, 0.6578125]",TRACKING
NaVi-collect-20260919-023430-697-4a81ff58,570,116.486,357874451870355,images/570.png,car,0.38671875,True,False,"[0.91041666, 0.3296875, 0.99583334, 0.49375]",TRACKING
NaVi-collect-20260919-023430-697-4a81ff58,572,116.898,357874853087804,images/572.png,car,0.38671875,True,False,"[0.73541665, 0.39375, 0.8333333, 0.4609375]",TRACKING
NaVi-collect-20260919-023430-697-4a81ff58,576,117.673,357875655658461,images/576.png,person,0.40625,True,False,"[0.47708333, 0.4046875, 0.66041666, 0.6125]",TRACKING
NaVi-collect-20260919-023430-697-4a81ff58,576,117.673,357875655658461,images/576.png,car,0.38671875,True,False,"[0.6666667, 0.396875, 0.76666665, 0.490625]",TRACKING
NaVi-collect-20260919-023430-697-4a81ff58,577,117.879,357875855962035,images/577.png,car,0.36328125,True,False,"[0.58125, 0.3609375, 0.7270833, 0.4625]",TRACKING
NaVi-collect-20260919-023430-697-4a81ff58,580,118.49,357876457556091,images/580.png,car,0.38671875,True,False,"[0.4625, 0.3921875, 0.58125, 0.4953125]",TRACKING
NaVi-collect-20260919-023430-697-4a81ff58,583,119.105,357877059661528,images/583.png,car,0.4765625,True,False,"[0.325, 0.3609375, 0.49166667, 0.471875]",TRACKING
NaVi-collect-20260919-023430-697-4a81ff58,583,119.105,357877059661528,images/583.png,car,0.38671875,True,False,"[0.2, 0.365625, 0.42916667, 0.5015625]",TRACKING
NaVi-collect-20260919-023430-697-4a81ff58,587,119.906,357877862324085,images/587.png,bench,0.5234375,False,False,"[0.045833334, 0.3109375, 0.45208332, 0.759375]",TRACKING
NaVi-collect-20260919-023430-697-4a81ff58,589,120.319,357878262758302,images/589.png,bench,0.4296875,False,False,"[0, 0.359375, 0.3, 0.7734375]",TRACKING
NaVi-collect-20260919-023430-697-4a81ff58,590,120.572,357878463457626,images/590.png,fire hydrant,0.40625,False,False,"[0.27916667, 0.3234375, 0.34791666, 0.453125]",TRACKING
NaVi-collect-20260919-023430-697-4a81ff58,592,120.894,357878864436335,images/592.png,bench,0.36328125,False,False,"[0.00625, 0.390625, 0.27708334, 0.7078125]",TRACKING
NaVi-collect-20260919-023430-697-4a81ff58,593,121.121,357879065122163,images/593.png,car,0.4296875,True,False,"[0.08958333, 0.2734375, 0.17291667, 0.34375]",TRACKING
NaVi-collect-20260919-023430-697-4a81ff58,593,121.121,357879065122163,images/593.png,car,0.40625,True,False,"[0, 0.234375, 0.08541667, 0.3453125]",TRACKING
NaVi-collect-20260919-023430-697-4a81ff58,593,121.121,357879065122163,images/593.png,car,0.38671875,True,False,"[0.32291666, 0.296875, 0.40208334, 0.38125]",TRACKING
NaVi-collect-20260919-023430-697-4a81ff58,593,121.121,357879065122163,images/593.png,bench,0.38671875,False,False,"[0.0020833334, 0.3359375, 0.30625, 0.596875]",TRACKING
NaVi-collect-20260919-023430-697-4a81ff58,595,121.506,357879466423725,images/595.png,bench,0.61328125,False,False,"[0.1, 0.421875, 0.2875, 0.5546875]",TRACKING
NaVi-collect-20260919-023430-697-4a81ff58,596,121.738,357879667125326,images/596.png,bench,0.6796875,False,False,"[0.083333336, 0.396875, 0.27916667, 0.5359375]",TRACKING
NaVi-collect-20260919-023430-697-4a81ff58,598,122.108,357880068696150,images/598.png,bench,0.65625,False,False,"[0, 0.3890625, 0.22291666, 0.55]",TRACKING
NaVi-collect-20260919-023430-697-4a81ff58,599,122.306,357880269380937,images/599.png,bench,0.40625,False,False,"[0.0020833334, 0.3546875, 0.20833333, 0.521875]",TRACKING
NaVi-collect-20260919-023430-697-4a81ff58,602,122.905,357880870735436,images/602.png,bench,0.40625,False,False,"[0.0020833334, 0.378125, 0.15625, 0.5890625]",TRACKING
NaVi-collect-20260919-023430-697-4a81ff58,619,126.302,357884281043904,images/619.png,person,0.453125,True,False,"[0.114583336, 0.2875, 0.15208334, 0.38125]",TRACKING
NaVi-collect-20260919-023430-697-4a81ff58,640,130.52,357888494581478,images/640.png,person,0.36328125,True,False,"[0.060416665, 0.2375, 0.1, 0.33125]",TRACKING
NaVi-collect-20260919-023430-697-4a81ff58,652,132.994,357890935878828,images/652.png,fire hydrant,0.453125,False,False,"[0.40416667, 0.2703125, 0.47291666, 0.4109375]",TRACKING
NaVi-collect-20260919-023430-697-4a81ff58,652,132.994,357890935878828,images/652.png,umbrella,0.40625,False,False,"[0.022916667, 0.3515625, 0.975, 0.9859375]",TRACKING
NaVi-collect-20260919-023430-697-4a81ff58,654,133.357,357891336920510,images/654.png,fire hydrant,0.4765625,False,False,"[0.33958334, 0.2421875, 0.42916667, 0.4]",TRACKING
NaVi-collect-20260919-023430-697-4a81ff58,655,133.583,357891537594313,images/655.png,umbrella,0.5234375,False,False,"[0.0125, 0.3578125, 0.98333335, 0.9796875]",TRACKING
NaVi-collect-20260919-023430-697-4a81ff58,655,133.583,357891537594313,images/655.png,fire hydrant,0.38671875,False,False,"[0.33125, 0.2734375, 0.39375, 0.4140625]",TRACKING
NaVi-collect-20260919-023430-697-4a81ff58,658,134.177,357892139515500,images/658.png,person,0.38671875,True,False,"[0.30416667, 0.25625, 0.36458334, 0.403125]",TRACKING
NaVi-collect-20260919-023430-697-4a81ff58,658,134.177,357892139515500,images/658.png,person,0.36328125,True,False,"[0.33541667, 0.2515625, 0.40208334, 0.4015625]",TRACKING
NaVi-collect-20260919-023430-697-4a81ff58,662,134.984,357892941969769,images/662.png,motorcycle,0.36328125,True,False,"[0.36875, 0.21875, 0.44791666, 0.3828125]",TRACKING
NaVi-collect-20260919-023430-697-4a81ff58,682,138.978,357896954430744,images/682.png,bench,0.38671875,False,False,"[0, 0.4875, 0.93333334, 0.990625]",TRACKING
NaVi-collect-20260919-023430-697-4a81ff58,684,139.383,357897355566442,images/684.png,bench,0.5,False,False,"[0.1375, 0.5890625, 0.4875, 0.996875]",TRACKING
NaVi-collect-20260919-023430-697-4a81ff58,684,139.383,357897355566442,images/684.png,person,0.453125,True,False,"[0.01875, 0.0578125, 0.325, 0.9390625]",TRACKING
NaVi-collect-20260919-023430-697-4a81ff58,685,139.588,357897556255253,images/685.png,person,0.4765625,True,False,"[0.20416667, 0.0765625, 0.975, 0.9921875]",TRACKING
NaVi-collect-20260919-023430-697-4a81ff58,688,140.206,357898156914957,images/688.png,umbrella,0.73828125,False,False,"[0.0125, 0.321875, 0.98333335, 0.99375]",TRACKING
NaVi-collect-20260919-023430-697-4a81ff58,690,140.59,357898558321680,images/690.png,car,0.36328125,True,False,"[0.36875, 0.2984375, 0.45208332, 0.371875]",TRACKING
NaVi-collect-20260919-023430-697-4a81ff58,694,141.395,357899361214645,images/694.png,car,0.38671875,True,False,"[0.5395833, 0.3734375, 0.59583336, 0.440625]",TRACKING
NaVi-collect-20260919-023430-697-4a81ff58,694,141.395,357899361214645,images/694.png,car,0.36328125,True,False,"[0.45625, 0.371875, 0.5375, 0.44375]",TRACKING
NaVi-collect-20260919-023430-697-4a81ff58,695,141.6,357899561877811,images/695.png,car,0.4765625,True,False,"[0.47708333, 0.2953125, 0.5729167, 0.3875]",TRACKING
NaVi-collect-20260919-023430-697-4a81ff58,695,141.6,357899561877811,images/695.png,car,0.40625,True,False,"[0.4125, 0.3015625, 0.46666667, 0.3890625]",TRACKING
NaVi-collect-20260919-023430-697-4a81ff58,698,142.211,357900167696791,images/698.png,bench,0.36328125,False,False,"[0.34166667, 0.3703125, 0.44375, 0.503125]",TRACKING
NaVi-collect-20260919-023430-697-4a81ff58,699,142.386,357900367815554,images/699.png,car,0.38671875,True,False,"[0.46041667, 0.2875, 0.56666666, 0.375]",TRACKING
NaVi-collect-20260919-023430-697-4a81ff58,701,142.819,357900801185808,images/701.png,bench,0.4296875,False,False,"[0.22291666, 0.390625, 0.35833332, 0.51875]",TRACKING
NaVi-collect-20260919-023430-697-4a81ff58,702,143.017,357901001394335,images/702.png,bench,0.40625,False,False,"[0.20625, 0.5671875, 0.40625, 0.809375]",TRACKING
NaVi-collect-20260919-023430-697-4a81ff58,702,143.017,357901001394335,images/702.png,bench,0.36328125,False,False,"[0.20208333, 0.4421875, 0.37291667, 0.5703125]",TRACKING
NaVi-collect-20260919-023430-697-4a81ff58,705,143.691,357901634510283,images/705.png,person,0.4296875,True,False,"[0, 0.1859375, 0.27083334, 1]",TRACKING
NaVi-collect-20260919-023430-697-4a81ff58,705,143.691,357901634510283,images/705.png,cat,0.4296875,False,False,"[0.18333334, 0.31875, 0.96875, 0.978125]",TRACKING
NaVi-collect-20260919-023430-697-4a81ff58,707,144.099,357902072007115,images/707.png,bench,0.4296875,False,False,"[0.0020833334, 0.490625, 0.33125, 0.8078125]",TRACKING
NaVi-collect-20260919-023430-697-4a81ff58,707,144.099,357902072007115,images/707.png,car,0.36328125,True,False,"[0.5520833, 0.3015625, 0.61875, 0.375]",TRACKING
NaVi-collect-20260919-023430-697-4a81ff58,708,144.32,357902305260913,images/708.png,car,0.40625,True,False,"[0.48333332, 0.3015625, 0.55833334, 0.3890625]",TRACKING
NaVi-collect-20260919-023430-697-4a81ff58,708,144.32,357902305260913,images/708.png,car,0.36328125,True,False,"[0.28333333, 0.3015625, 0.3875, 0.4109375]",TRACKING
NaVi-collect-20260919-023430-697-4a81ff58,708,144.32,357902305260913,images/708.png,bench,0.36328125,False,False,"[0, 0.4796875, 0.26041666, 0.7734375]",TRACKING
NaVi-collect-20260919-023430-697-4a81ff58,710,144.796,357902771764329,images/710.png,car,0.546875,True,False,"[0.32291666, 0.3328125, 0.43125, 0.421875]",TRACKING
NaVi-collect-20260919-023430-697-4a81ff58,710,144.796,357902771764329,images/710.png,car,0.4765625,True,False,"[0.42916667, 0.3296875, 0.49791667, 0.4109375]",TRACKING
NaVi-collect-20260919-023430-697-4a81ff58,713,145.406,357903372304337,images/713.png,bench,0.4765625,False,False,"[0, 0.403125, 0.33541667, 0.9921875]",TRACKING
NaVi-collect-20260919-023430-697-4a81ff58,714,145.59,357903572417513,images/714.png,bench,0.61328125,False,False,"[0.0020833334, 0.4421875, 0.3375, 0.91875]",TRACKING
NaVi-collect-20260919-023430-697-4a81ff58,715,145.836,357903805499955,images/715.png,bench,0.4765625,False,False,"[0, 0.5140625, 0.27708334, 0.9359375]",TRACKING
NaVi-collect-20260919-023430-697-4a81ff58,716,146.026,357904005547571,images/716.png,bench,0.65625,False,False,"[0, 0.51875, 0.27708334, 0.959375]",TRACKING
NaVi-collect-20260919-023430-697-4a81ff58,716,146.026,357904005547571,images/716.png,car,0.4296875,True,False,"[0.48125, 0.2578125, 0.54375, 0.353125]",TRACKING
NaVi-collect-20260919-023430-697-4a81ff58,716,146.026,357904005547571,images/716.png,car,0.4296875,True,False,"[0.65, 0.2640625, 0.7375, 0.3578125]",TRACKING
NaVi-collect-20260919-023430-697-4a81ff58,718,146.471,357904438845998,images/718.png,bench,0.63671875,False,False,"[0, 0.653125, 0.21041666, 0.9953125]",TRACKING
NaVi-collect-20260919-023430-697-4a81ff58,718,146.471,357904438845998,images/718.png,car,0.38671875,True,False,"[0.45833334, 0.3125, 0.51666665, 0.4]",TRACKING
NaVi-collect-20260919-023430-697-4a81ff58,719,146.703,357904671994829,images/719.png,bench,0.63671875,False,False,"[0, 0.653125, 0.1875, 0.9953125]",TRACKING
NaVi-collect-20260919-023430-697-4a81ff58,720,146.902,357904872061686,images/720.png,car,0.4296875,True,False,"[0.42708334, 0.265625, 0.50416666, 0.359375]",TRACKING
NaVi-collect-20260919-023430-697-4a81ff58,722,147.328,357905272307262,images/722.png,car,0.453125,True,False,"[0.2875, 0.15625, 0.37708333, 0.271875]",TRACKING
NaVi-collect-20260919-023430-697-4a81ff58,723,147.535,357905505453932,images/723.png,car,0.36328125,True,False,"[0.26875, 0.1796875, 0.35208333, 0.284375]",TRACKING
NaVi-collect-20260919-023430-697-4a81ff58,726,148.172,357906138688586,images/726.png,car,0.40625,True,False,"[0.35416666, 0.2984375, 0.43333334, 0.3921875]",TRACKING
NaVi-collect-20260919-023430-697-4a81ff58,737,150.47,357908438824123,images/737.png,car,0.4296875,True,False,"[0.0020833334, 0.2953125, 0.15416667, 0.5328125]",TRACKING
NaVi-collect-20260919-023430-697-4a81ff58,739,150.915,357908868116739,images/739.png,car,0.453125,True,False,"[0, 0.2453125, 0.10625, 0.5328125]",TRACKING
NaVi-collect-20260919-023430-697-4a81ff58,742,151.524,357909501390384,images/742.png,car,0.4296875,True,False,"[0.15416667, 0.3375, 0.25416666, 0.4484375]",TRACKING
NaVi-collect-20260919-023430-697-4a81ff58,743,151.739,357909701441098,images/743.png,car,0.36328125,True,False,"[0.15416667, 0.334375, 0.25833333, 0.4671875]",TRACKING
NaVi-collect-20260919-023430-697-4a81ff58,743,151.739,357909701441098,images/743.png,tv,0.36328125,False,False,"[0.42291668, 0.3234375, 0.68333334, 0.475]",TRACKING
NaVi-collect-20260919-023430-697-4a81ff58,746,152.417,357910334848111,images/746.png,bench,0.36328125,False,False,"[0.008333334, 0.21875, 0.43125, 0.6421875]",TRACKING
NaVi-collect-20260919-023430-697-4a81ff58,764,156.145,357914104871638,images/764.png,fire hydrant,0.36328125,False,False,"[0.225, 0.3109375, 0.30625, 0.521875]",TRACKING
NaVi-collect-20260919-023430-697-4a81ff58,769,157.149,357915107837787,images/769.png,cat,0.5,False,False,"[0.008333334, 0.0375, 0.9875, 0.9984375]",TRACKING
NaVi-collect-20260919-023430-697-4a81ff58,772,157.776,357915709216044,images/772.png,car,0.5234375,True,False,"[0.4375, 0.33125, 0.6333333, 0.4359375]",TRACKING
NaVi-collect-20260919-023430-697-4a81ff58,772,157.776,357915709216044,images/772.png,cat,0.453125,False,False,"[0.110416666, 0.38125, 0.9895833, 0.9921875]",TRACKING
NaVi-collect-20260919-023430-697-4a81ff58,775,158.381,357916344616882,images/775.png,person,0.4765625,True,False,"[0.40416667, 0.2984375, 0.9916667, 0.984375]",TRACKING
NaVi-collect-20260919-023430-697-4a81ff58,779,159.165,357917147447154,images/779.png,bench,0.453125,False,False,"[0.004166667, 0.1546875, 0.24166666, 0.4109375]",TRACKING
NaVi-collect-20260919-023430-697-4a81ff58,783,159.978,357917950388070,images/783.png,cat,0.36328125,False,False,"[0.50208336, 0, 0.99583334, 0.8828125]",TRACKING
NaVi-collect-20260919-023430-697-4a81ff58,784,160.18,357918151098683,images/784.png,bench,0.59375,False,False,"[0, 0.2390625, 0.21041666, 0.609375]",TRACKING
NaVi-collect-20260919-023430-697-4a81ff58,793,161.994,357919956761725,images/793.png,bench,0.40625,False,False,"[0.21041666, 0.384375, 0.35416666, 0.4984375]",TRACKING
NaVi-collect-20260919-023430-697-4a81ff58,794,162.199,357920157222995,images/794.png,bench,0.4765625,False,False,"[0.26875, 0.3359375, 0.36041668, 0.4328125]",TRACKING
NaVi-collect-20260919-023430-697-4a81ff58,797,162.831,357920759084498,images/797.png,bench,0.4765625,False,False,"[0.09791667, 0.4359375, 0.22083333, 0.5328125]",TRACKING
NaVi-collect-20260919-023430-697-4a81ff58,800,163.391,357921360199277,images/800.png,bench,0.4296875,False,False,"[0.008333334, 0.365625, 0.19583334, 0.51875]",TRACKING
NaVi-collect-20260919-023430-697-4a81ff58,803,163.989,357921962385007,images/803.png,car,0.36328125,True,False,"[0.31458333, 0.2546875, 0.4125, 0.3265625]",TRACKING
NaVi-collect-20260919-023430-697-4a81ff58,809,165.206,357923166705843,images/809.png,car,0.36328125,True,False,"[0.17083333, 0.3328125, 0.33541667, 0.4796875]",TRACKING
NaVi-collect-20260919-023430-697-4a81ff58,814,166.205,357924169564936,images/814.png,car,0.38671875,True,False,"[0.9166667, 0.165625, 0.99583334, 0.265625]",TRACKING
NaVi-collect-20260919-023430-697-4a81ff58,817,166.793,357924771102110,images/817.png,car,0.4765625,True,False,"[0.38333333, 0.2875, 0.47291666, 0.365625]",TRACKING
NaVi-collect-20260919-023430-697-4a81ff58,821,167.615,357925573561652,images/821.png,car,0.36328125,True,False,"[0.55, 0.2765625, 0.73333335, 0.5]",TRACKING
NaVi-collect-20260919-023430-697-4a81ff58,822,167.866,357925774323452,images/822.png,truck,0.40625,True,False,"[0.27083334, 0.215625, 0.40625, 0.415625]",TRACKING
NaVi-collect-20260919-023430-697-4a81ff58,824,168.214,357926175528901,images/824.png,car,0.38671875,True,False,"[0.18333334, 0.1515625, 0.37083334, 0.384375]",TRACKING
NaVi-collect-20260919-023430-697-4a81ff58,825,168.417,357926376110853,images/825.png,motorcycle,0.38671875,True,False,"[0.27708334, 0.16875, 0.41041666, 0.371875]",TRACKING
NaVi-collect-20260919-023430-697-4a81ff58,825,168.417,357926376110853,images/825.png,umbrella,0.38671875,False,False,"[0.058333334, 0.275, 0.93958336, 0.8859375]",TRACKING
NaVi-collect-20260919-023430-697-4a81ff58,827,168.821,357926777000351,images/827.png,bench,0.40625,False,False,"[0.625, 0.315625, 0.75208336, 0.396875]",TRACKING
NaVi-collect-20260919-023430-697-4a81ff58,841,171.628,357929585781463,images/841.png,bench,0.38671875,False,False,"[0.65208334, 0.1, 0.99375, 0.7734375]",TRACKING
NaVi-collect-20260919-023430-697-4a81ff58,852,173.952,357931926373103,images/852.png,car,0.36328125,True,False,"[0.675, 0.509375, 0.99791664, 0.9953125]",TRACKING
NaVi-collect-20260919-023430-697-4a81ff58,861,175.935,357933892936209,images/861.png,car,0.40625,True,False,"[0.041666668, 0.20625, 0.1375, 0.309375]",TRACKING
NaVi-collect-20260919-023430-697-4a81ff58,866,176.989,357934959912433,images/866.png,dog,0.38671875,False,False,"[0.17916666, 0.1890625, 0.96458334, 0.990625]",TRACKING
NaVi-collect-20260919-023430-697-4a81ff58,866,176.989,357934959912433,images/866.png,elephant,0.36328125,False,False,"[0, 0.3515625, 0.42291668, 0.9984375]",TRACKING
NaVi-collect-20260919-023430-697-4a81ff58,867,177.236,357935193101468,images/867.png,cat,0.453125,False,False,"[0.004166667, 0.3828125, 0.99375, 0.99375]",TRACKING
NaVi-collect-20260919-024105-060-5a85f57b,2,0.101,358139257627368,images/2.png,person,0.4296875,True,False,"[0.00625, 0.228125, 0.30625, 0.996875]",DEGRADED
NaVi-collect-20260919-024105-060-5a85f57b,2,0.101,358139257627368,images/2.png,cat,0.40625,False,False,"[0.21458334, 0.0046875, 0.99791664, 0.99375]",DEGRADED
NaVi-collect-20260919-024105-060-5a85f57b,17,3.17,358142299778292,images/17.png,car,0.36328125,True,False,"[0, 0.1328125, 0.20416667, 0.415625]",TRACKING
NaVi-collect-20260919-024105-060-5a85f57b,20,3.766,358142901549063,images/20.png,car,0.36328125,True,False,"[0, 0.16875, 0.26041666, 0.425]",TRACKING
NaVi-collect-20260919-024105-060-5a85f57b,31,5.992,358145108063591,images/31.png,cat,0.4296875,False,False,"[0.12916666, 0.290625, 0.9, 0.803125]",TRACKING
NaVi-collect-20260919-024105-060-5a85f57b,34,6.597,358145710326763,images/34.png,cat,0.453125,False,False,"[0.008333334, 0.2890625, 0.90833336, 0.9875]",TRACKING
NaVi-collect-20260919-024105-060-5a85f57b,37,7.188,358146312471453,images/37.png,cat,0.40625,False,False,"[0.04375, 0.2765625, 0.92291665, 0.9765625]",TRACKING
NaVi-collect-20260919-024105-060-5a85f57b,39,7.615,358146746603183,images/39.png,elephant,0.38671875,False,False,"[0.004166667, 0.059375, 0.95625, 0.975]",TRACKING
NaVi-collect-20260919-024105-060-5a85f57b,41,8.027,358147147551842,images/41.png,elephant,0.38671875,False,False,"[0.014583333, 0.03125, 0.98333335, 1]",TRACKING
NaVi-collect-20260919-024105-060-5a85f57b,42,8.246,358147348391950,images/42.png,cat,0.5234375,False,False,"[0.054166667, 0.0546875, 0.9791667, 0.9796875]",TRACKING
NaVi-collect-20260919-024105-060-5a85f57b,43,8.422,358147549001753,images/43.png,cat,0.4296875,False,False,"[0.03125, 0, 1, 1]",TRACKING
NaVi-collect-20260919-024105-060-5a85f57b,46,9.039,358148150696242,images/46.png,elephant,0.453125,False,False,"[0.014583333, 0.040625, 0.98333335, 0.9921875]",TRACKING
NaVi-collect-20260919-024105-060-5a85f57b,47,9.219,358148350988502,images/47.png,cat,0.73828125,False,False,"[0.008333334, 0, 0.9875, 0.9796875]",TRACKING
NaVi-collect-20260919-024105-060-5a85f57b,48,9.421,358148551656700,images/48.png,cat,0.71875,False,False,"[0.008333334, 0.009375, 0.9875, 0.9890625]",TRACKING
NaVi-collect-20260919-024105-060-5a85f57b,49,9.62,358148752149562,images/49.png,cat,0.5703125,False,False,"[0.004166667, 0.0046875, 0.9916667, 0.99375]",TRACKING
NaVi-collect-20260919-024105-060-5a85f57b,50,9.817,358148952936711,images/50.png,cat,0.65625,False,False,"[0.0375, 0, 0.99791664, 0.9609375]",TRACKING
NaVi-collect-20260919-024105-060-5a85f57b,54,10.618,358149755436445,images/54.png,cat,0.546875,False,False,"[0.014583333, 0.1859375, 0.98333335, 0.95625]",TRACKING
NaVi-collect-20260919-024105-060-5a85f57b,55,10.822,358149956193738,images/55.png,cat,0.38671875,False,False,"[0.004166667, 0.2078125, 0.93541664, 0.9625]",TRACKING
NaVi-collect-20260919-024105-060-5a85f57b,55,10.822,358149956193738,images/55.png,car,0.36328125,True,False,"[0.00625, 0, 0.6666667, 0.40625]",TRACKING
NaVi-collect-20260919-024105-060-5a85f57b,56,11.019,358150156943475,images/56.png,cat,0.5234375,False,False,"[0.014583333, 0.1703125, 0.98333335, 0.971875]",TRACKING
NaVi-collect-20260919-024105-060-5a85f57b,57,11.22,358150357159555,images/57.png,cat,0.5234375,False,False,"[0, 0.0546875, 0.9791667, 0.9796875]",TRACKING
NaVi-collect-20260919-024105-060-5a85f57b,57,11.22,358150357159555,images/57.png,car,0.38671875,True,False,"[0.010416667, 0.003125, 0.73541665, 0.3078125]",TRACKING
NaVi-collect-20260919-024105-060-5a85f57b,58,11.422,358150557361107,images/58.png,cat,0.69921875,False,False,"[0.004166667, 0.1203125, 0.9916667, 0.984375]",TRACKING
NaVi-collect-20260919-024105-060-5a85f57b,59,11.626,358150758274027,images/59.png,elephant,0.59375,False,False,"[0, 0.075, 0.9791667, 1]",TRACKING
NaVi-collect-20260919-024105-060-5a85f57b,61,12.02,358151159810501,images/61.png,cat,0.5,False,False,"[0.008333334, 0.0546875, 0.9875, 0.9796875]",TRACKING
NaVi-collect-20260919-024105-060-5a85f57b,66,13.058,358152199925327,images/66.png,cat,0.5234375,False,False,"[0.07083333, 0.2984375, 0.98541665, 0.984375]",TRACKING
NaVi-collect-20260919-024105-060-5a85f57b,67,13.29,358152432963500,images/67.png,cat,0.5,False,False,"[0.0875, 0.2828125, 0.96666664, 0.96875]",TRACKING
NaVi-collect-20260919-024105-060-5a85f57b,68,13.526,358152666086910,images/68.png,cat,0.6796875,False,False,"[0.027083334, 0.23125, 0.97083336, 0.9953125]",TRACKING
NaVi-collect-20260919-024105-060-5a85f57b,71,14.161,358153299487010,images/71.png,cat,0.6796875,False,False,"[0.0125, 0.31875, 0.98333335, 0.978125]",TRACKING
NaVi-collect-20260919-024105-060-5a85f57b,72,14.357,358153499651305,images/72.png,cat,0.4765625,False,False,"[0.0125, 0.4109375, 0.98333335, 0.9875]",TRACKING
NaVi-collect-20260919-024105-060-5a85f57b,73,14.565,358153699653061,images/73.png,cat,0.65625,False,False,"[0.0125, 0.2890625, 0.98333335, 0.9875]",TRACKING
NaVi-collect-20260919-024105-060-5a85f57b,74,14.772,358153899656662,images/74.png,cat,0.65625,False,False,"[0, 0.3828125, 0.9895833, 0.99375]",TRACKING
NaVi-collect-20260919-024105-060-5a85f57b,75,15.0,358154132983470,images/75.png,cat,0.65625,False,False,"[0.0020833334, 0.2890625, 0.95416665, 0.9875]",TRACKING
NaVi-collect-20260919-024105-060-5a85f57b,76,15.193,358154333092563,images/76.png,cat,0.38671875,False,False,"[0.0125, 0.334375, 0.98333335, 0.98125]",TRACKING
NaVi-collect-20260919-024105-060-5a85f57b,77,15.4,358154533395930,images/77.png,cat,0.76953125,False,False,"[0.004166667, 0.315625, 0.99375, 1]",TRACKING
NaVi-collect-20260919-024105-060-5a85f57b,79,15.827,358154970902845,images/79.png,elephant,0.36328125,False,False,"[0.0020833334, 0.4046875, 0.95416665, 0.9921875]",TRACKING
NaVi-collect-20260919-024105-060-5a85f57b,80,16.057,358155204069446,images/80.png,cat,0.5234375,False,False,"[0, 0.3828125, 0.9895833, 0.99375]",TRACKING
NaVi-collect-20260919-024105-060-5a85f57b,82,16.459,358155604281612,images/82.png,cat,0.61328125,False,False,"[0.004166667, 0.3890625, 0.99375, 0.9875]",TRACKING
NaVi-collect-20260919-024105-060-5a85f57b,85,17.105,358156237693544,images/85.png,car,0.36328125,True,False,"[0.43541667, 0.440625, 0.58125, 0.4984375]",TRACKING
NaVi-collect-20260919-024105-060-5a85f57b,86,17.293,358156437871898,images/86.png,elephant,0.546875,False,False,"[0.0125, 0.31875, 0.98333335, 0.978125]",TRACKING
NaVi-collect-20260919-024105-060-5a85f57b,93,18.826,358157971031579,images/93.png,cat,0.4765625,False,False,"[0.004166667, 0.2640625, 0.99375, 0.9890625]",TRACKING
NaVi-collect-20260919-024105-060-5a85f57b,97,19.659,358158804560824,images/97.png,cat,0.38671875,False,False,"[0, 0.246875, 0.97083336, 0.9859375]",TRACKING
NaVi-collect-20260919-024105-060-5a85f57b,101,20.568,358159704523590,images/101.png,car,0.38671875,True,False,"[0.38333333, 0.4296875, 0.51875, 0.490625]",TRACKING
NaVi-collect-20260919-024105-060-5a85f57b,122,25.105,358164237886556,images/122.png,car,0.36328125,True,False,"[0.32708332, 0.334375, 0.42291668, 0.390625]",TRACKING
NaVi-collect-20260919-024105-060-5a85f57b,132,27.245,358166371389121,images/132.png,person,0.71875,True,True,"[0.3625, 0.6515625, 0.98541665, 0.99375]",TRACKING
NaVi-collect-20260919-024105-060-5a85f57b,133,27.432,358166571453154,images/133.png,person,0.38671875,True,False,"[0.008333334, 0, 0.25, 0.1703125]",TRACKING
NaVi-collect-20260919-024105-060-5a85f57b,136,28.094,358167238040005,images/136.png,cat,0.453125,False,False,"[0.004166667, 0.059375, 0.9916667, 0.975]",TRACKING
NaVi-collect-20260919-024105-060-5a85f57b,139,28.767,358167904718498,images/139.png,cat,0.59375,False,False,"[0.008333334, 0, 0.9875, 1]",TRACKING
NaVi-collect-20260919-024105-060-5a85f57b,140,28.966,358168104757568,images/140.png,cat,0.38671875,False,False,"[0.31875, 0.6546875, 1, 0.990625]",TRACKING
NaVi-collect-20260919-024105-060-5a85f57b,141,29.199,358168338054891,images/141.png,cat,0.453125,False,False,"[0.3, 0.5078125, 0.99791664, 0.990625]",TRACKING
NaVi-collect-20260919-024105-060-5a85f57b,141,29.199,358168338054891,images/141.png,bottle,0.453125,False,False,"[0.039583333, 0.684375, 0.3875, 0.9890625]",TRACKING
NaVi-collect-20260919-024105-060-5a85f57b,142,29.402,358168538148719,images/142.png,cat,0.4765625,False,False,"[0.01875, 0, 0.9791667, 0.9796875]",TRACKING
NaVi-collect-20260919-024105-060-5a85f57b,143,29.612,358168738194976,images/143.png,person,0.5234375,True,False,"[0.004166667, 0, 0.9916667, 1]",TRACKING
NaVi-collect-20260919-024105-060-5a85f57b,143,29.612,358168738194976,images/143.png,person,0.38671875,True,False,"[0.39375, 0.6859375, 0.98125, 0.9859375]",TRACKING
NaVi-collect-20260919-024105-060-5a85f57b,144,29.836,358168971399412,images/144.png,person,0.4296875,True,False,"[0.004166667, 0.0046875, 0.9916667, 0.99375]",TRACKING
NaVi-collect-20260919-024105-060-5a85f57b,153,31.797,358170931323541,images/153.png,car,0.40625,True,False,"[0.36666667, 0.3484375, 0.45416668, 0.428125]",TRACKING
NaVi-collect-20260919-024105-060-5a85f57b,154,31.996,358171131889106,images/154.png,car,0.4296875,True,False,"[0.66875, 0.3125, 0.80625, 0.396875]",TRACKING
NaVi-collect-20260919-024105-060-5a85f57b,154,31.996,358171131889106,images/154.png,car,0.38671875,True,False,"[0.32708332, 0.3328125, 0.44166666, 0.4234375]",TRACKING
NaVi-collect-20260919-024105-060-5a85f57b,155,32.197,358171332542126,images/155.png,car,0.38671875,True,False,"[0.41666666, 0.3625, 0.5208333, 0.425]",TRACKING
NaVi-collect-20260919-024105-060-5a85f57b,155,32.197,358171332542126,images/155.png,car,0.36328125,True,False,"[0.61041665, 0.3390625, 0.8125, 0.4296875]",TRACKING
NaVi-collect-20260919-024105-060-5a85f57b,156,32.398,358171533295088,images/156.png,car,0.4296875,True,False,"[0.35208333, 0.36875, 0.45208332, 0.4453125]",TRACKING
NaVi-collect-20260919-024105-060-5a85f57b,156,32.398,358171533295088,images/156.png,car,0.40625,True,False,"[0.6666667, 0.365625, 0.81875, 0.4546875]",TRACKING
NaVi-collect-20260919-024105-060-5a85f57b,156,32.398,358171533295088,images/156.png,car,0.38671875,True,False,"[0.44791666, 0.371875, 0.5229167, 0.409375]",TRACKING
NaVi-collect-20260919-024105-060-5a85f57b,156,32.398,358171533295088,images/156.png,car,0.36328125,True,False,"[0.60625, 0.3546875, 0.68541664, 0.428125]",TRACKING
NaVi-collect-20260919-024105-060-5a85f57b,156,32.398,358171533295088,images/156.png,car,0.36328125,True,False,"[0.8875, 0.3703125, 0.99583334, 0.4421875]",TRACKING
NaVi-collect-20260919-024105-060-5a85f57b,157,32.604,358171733872257,images/157.png,car,0.38671875,True,False,"[0.35208333, 0.3453125, 0.45625, 0.440625]",TRACKING
NaVi-collect-20260919-024105-060-5a85f57b,158,32.813,358171934506313,images/158.png,car,0.36328125,True,False,"[0.37291667, 0.3234375, 0.46666667, 0.4171875]",TRACKING
NaVi-collect-20260919-024105-060-5a85f57b,158,32.813,358171934506313,images/158.png,car,0.36328125,True,False,"[0.45416668, 0.3359375, 0.5625, 0.3953125]",TRACKING
NaVi-collect-20260919-024105-060-5a85f57b,159,32.997,358172135166091,images/159.png,car,0.38671875,True,False,"[0.44375, 0.321875, 0.49375, 0.3890625]",TRACKING
NaVi-collect-20260919-024105-060-5a85f57b,160,33.217,358172335506634,images/160.png,car,0.38671875,True,False,"[0.36041668, 0.3421875, 0.4625, 0.434375]",TRACKING
NaVi-collect-20260919-024105-060-5a85f57b,161,33.405,358172535708379,images/161.png,car,0.40625,True,False,"[0.38958332, 0.321875, 0.49583334, 0.4140625]",TRACKING
NaVi-collect-20260919-024105-060-5a85f57b,164,34.001,358173137255302,images/164.png,car,0.40625,True,False,"[0.43333334, 0.36875, 0.5520833, 0.465625]",TRACKING
NaVi-collect-20260919-024105-060-5a85f57b,165,34.217,358173337770515,images/165.png,car,0.38671875,True,False,"[0.49166667, 0.375, 0.56666666, 0.4546875]",TRACKING
NaVi-collect-20260919-024105-060-5a85f57b,166,34.414,358173538384033,images/166.png,car,0.40625,True,False,"[0.47291666, 0.3546875, 0.6166667, 0.4546875]",TRACKING
NaVi-collect-20260919-024105-060-5a85f57b,169,35.018,358174140339675,images/169.png,car,0.4765625,True,False,"[0.38333333, 0.3046875, 0.5208333, 0.4125]",TRACKING
NaVi-collect-20260919-024105-060-5a85f57b,170,35.218,358174340795296,images/170.png,car,0.36328125,True,False,"[0.47916666, 0.321875, 0.5375, 0.3921875]",TRACKING
NaVi-collect-20260919-024105-060-5a85f57b,171,35.428,358174541550362,images/171.png,car,0.4765625,True,False,"[0.65833336, 0.2953125, 0.77916664, 0.390625]",TRACKING
NaVi-collect-20260919-024105-060-5a85f57b,173,35.817,358174942894676,images/173.png,car,0.40625,True,False,"[0.2625, 0.3703125, 0.39166668, 0.4796875]",TRACKING
NaVi-collect-20260919-024105-060-5a85f57b,173,35.817,358174942894676,images/173.png,car,0.38671875,True,False,"[0.35625, 0.375, 0.41875, 0.4546875]",TRACKING
NaVi-collect-20260919-024105-060-5a85f57b,175,36.206,358175344527403,images/175.png,car,0.5703125,True,False,"[0.2875, 0.3140625, 0.46458334, 0.41875]",TRACKING
NaVi-collect-20260919-024105-060-5a85f57b,176,36.412,358175545122711,images/176.png,car,0.40625,True,False,"[0.31458333, 0.346875, 0.39791667, 0.4421875]",TRACKING
NaVi-collect-20260919-024105-060-5a85f57b,176,36.412,358175545122711,images/176.png,car,0.36328125,True,False,"[0.85, 0.3484375, 0.9895833, 0.4140625]",TRACKING
NaVi-collect-20260919-024105-060-5a85f57b,177,36.627,358175745933064,images/177.png,car,0.36328125,True,False,"[0.79375, 0.2953125, 0.9270833, 0.3703125]",TRACKING
NaVi-collect-20260919-024105-060-5a85f57b,178,36.821,358175946493617,images/178.png,car,0.4765625,True,False,"[0.16458334, 0.3625, 0.27083334, 0.4875]",TRACKING
NaVi-collect-20260919-024105-060-5a85f57b,178,36.821,358175946493617,images/178.png,car,0.40625,True,False,"[0.00625, 0.340625, 0.2125, 0.5609375]",TRACKING
NaVi-collect-20260919-024105-060-5a85f57b,178,36.821,358175946493617,images/178.png,car,0.36328125,True,False,"[0.70208335, 0.309375, 0.9625, 0.428125]",TRACKING
NaVi-collect-20260919-024105-060-5a85f57b,179,37.03,358176147134506,images/179.png,car,0.40625,True,False,"[0.21875, 0.3484375, 0.3125, 0.4328125]",TRACKING
NaVi-collect-20260919-024105-060-5a85f57b,180,37.219,358176347787799,images/180.png,car,0.453125,True,False,"[0.20625, 0.3734375, 0.33541667, 0.496875]",TRACKING
NaVi-collect-20260919-024105-060-5a85f57b,180,37.219,358176347787799,images/180.png,car,0.4296875,True,False,"[0.6770833, 0.29375, 0.99375, 0.440625]",TRACKING
NaVi-collect-20260919-024105-060-5a85f57b,181,37.423,358176548332323,images/181.png,elephant,0.59375,False,False,"[0.01875, 0.4265625, 0.775, 0.9921875]",TRACKING
NaVi-collect-20260919-024105-060-5a85f57b,183,37.83,358176949646343,images/183.png,car,0.4296875,True,False,"[0.34791666, 0.375, 0.43541667, 0.490625]",TRACKING
NaVi-collect-20260919-024105-060-5a85f57b,184,38.022,358177150093693,images/184.png,car,0.5234375,True,False,"[0.29166666, 0.3453125, 0.38333333, 0.503125]",TRACKING
NaVi-collect-20260919-024105-060-5a85f57b,184,38.022,358177150093693,images/184.png,car,0.36328125,True,False,"[0.74583334, 0.353125, 0.825, 0.409375]",TRACKING
NaVi-collect-20260919-024105-060-5a85f57b,185,38.224,358177350789556,images/185.png,car,0.38671875,True,False,"[0.8375, 0.3, 0.95625, 0.3734375]",TRACKING
NaVi-collect-20260919-024105-060-5a85f57b,187,38.636,358177752104129,images/187.png,car,0.40625,True,False,"[0.8, 0.2015625, 0.88958335, 0.2640625]",TRACKING
NaVi-collect-20260919-024105-060-5a85f57b,188,38.838,358177952733837,images/188.png,car,0.38671875,True,False,"[0.8208333, 0.2125, 0.89375, 0.2765625]",TRACKING
NaVi-collect-20260919-024105-060-5a85f57b,189,39.015,358178153563438,images/189.png,car,0.38671875,True,False,"[0.80625, 0.25625, 0.875, 0.315625]",TRACKING
NaVi-collect-20260919-024105-060-5a85f57b,192,39.627,358178755765146,images/192.png,car,0.453125,True,False,"[0.49583334, 0.175, 0.7625, 0.3671875]",TRACKING
NaVi-collect-20260919-024105-060-5a85f57b,192,39.627,358178755765146,images/192.png,car,0.38671875,True,False,"[0.22708334, 0.2609375, 0.34791666, 0.4015625]",TRACKING
NaVi-collect-20260919-024105-060-5a85f57b,193,39.834,358178956443061,images/193.png,car,0.40625,True,False,"[0.25833333, 0.190625, 0.39791667, 0.334375]",TRACKING
NaVi-collect-20260919-024105-060-5a85f57b,195,40.224,358179357801631,images/195.png,car,0.36328125,True,False,"[0.20416667, 0.11875, 0.3375, 0.2109375]",TRACKING
NaVi-collect-20260919-024105-060-5a85f57b,196,40.437,358179558179681,images/196.png,person,0.4765625,True,False,"[0.45833334, 0.090625, 0.925, 0.971875]",TRACKING
NaVi-collect-20260919-024105-060-5a85f57b,197,40.629,358179758667589,images/197.png,elephant,0.4765625,False,False,"[0.4, 0.0140625, 0.99791664, 0.984375]",TRACKING
NaVi-collect-20260919-024105-060-5a85f57b,198,40.826,358179959396025,images/198.png,elephant,0.69921875,False,False,"[0.01875, 0, 0.9791667, 1]",TRACKING
NaVi-collect-20260919-024105-060-5a85f57b,199,41.024,358180160049225,images/199.png,horse,0.5,False,False,"[0.008333334, 0, 0.95208335, 0.9796875]",TRACKING
NaVi-collect-20260919-024105-060-5a85f57b,200,41.232,358180360394773,images/200.png,person,0.61328125,True,True,"[0.35, 0.0046875, 0.98333335, 0.99375]",TRACKING
NaVi-collect-20260919-024105-060-5a85f57b,204,42.035,358181163070874,images/204.png,person,0.36328125,True,False,"[0.25208333, 0.309375, 0.325, 0.3828125]",TRACKING
NaVi-collect-20260919-024105-060-5a85f57b,206,42.428,358181564309540,images/206.png,bench,0.38671875,False,False,"[0.28333333, 0.403125, 0.39375, 0.5234375]",TRACKING
NaVi-collect-20260919-024204-341-339c8af2,2,0.088,358197999135910,images/2.png,person,0.69921875,True,True,"[0.004166667, 0.0125, 0.9916667, 1]",DEGRADED
NaVi-collect-20260919-024204-341-339c8af2,3,0.301,358198199753097,images/3.png,cat,0.4765625,False,False,"[0.004166667, 0.0046875, 0.9916667, 0.99375]",DEGRADED
NaVi-collect-20260919-024204-341-339c8af2,4,0.486,358198400370337,images/4.png,cat,0.75390625,False,False,"[0.041666668, 0, 0.99375, 1]",DEGRADED
NaVi-collect-20260919-024204-341-339c8af2,5,0.687,358198600987525,images/5.png,cat,0.71875,False,False,"[0.008333334, 0.01875, 0.9875, 0.9796875]",DEGRADED
NaVi-collect-20260919-024204-341-339c8af2,6,0.888,358198801604712,images/6.png,cat,0.5703125,False,False,"[0, 0.059375, 1, 0.975]",DEGRADED
NaVi-collect-20260919-024204-341-339c8af2,7,1.103,358199002221900,images/7.png,cat,0.65625,False,False,"[0.008333334, 0.075, 0.9875, 1]",DEGRADED
NaVi-collect-20260919-024204-341-339c8af2,8,1.335,358199202964715,images/8.png,cat,0.61328125,False,False,"[0.0125, 0.2890625, 0.98333335, 0.9875]",TRACKING
NaVi-collect-20260919-024204-341-339c8af2,27,5.463,358203310961087,images/27.png,car,0.4296875,True,False,"[0.1875, 0.2421875, 0.34583333, 0.3328125]",TRACKING
NaVi-collect-20260919-024204-341-339c8af2,31,6.367,358204210746577,images/31.png,car,0.38671875,True,False,"[0.004166667, 0.2734375, 0.18125, 0.3640625]",TRACKING
NaVi-collect-20260919-024204-341-339c8af2,31,6.367,358204210746577,images/31.png,car,0.36328125,True,False,"[0.45625, 0.215625, 1, 0.875]",TRACKING
NaVi-collect-20260919-024204-341-339c8af2,44,9.153,358206977520538,images/44.png,car,0.36328125,True,False,"[0, 0.3703125, 0.11875, 0.453125]",TRACKING
NaVi-collect-20260919-024204-341-339c8af2,49,10.193,358208044404211,images/49.png,car,0.546875,True,False,"[0.0125, 0.403125, 0.17083333, 0.478125]",TRACKING
NaVi-collect-20260919-024204-341-339c8af2,51,10.642,358208510722801,images/51.png,car,0.38671875,True,False,"[0, 0.334375, 0.15208334, 0.4109375]",TRACKING
NaVi-collect-20260919-024204-341-339c8af2,52,10.85,358208710831043,images/52.png,car,0.453125,True,False,"[0.0020833334, 0.303125, 0.18541667, 0.396875]",TRACKING
NaVi-collect-20260919-024204-341-339c8af2,53,11.05,358208910947044,images/53.png,car,0.38671875,True,False,"[0, 0.3765625, 0.16666667, 0.4625]",TRACKING
NaVi-collect-20260919-024204-341-339c8af2,80,16.776,358214638300223,images/80.png,cat,0.453125,False,False,"[0.004166667, 0.3609375, 0.99375, 0.9953125]",TRACKING
NaVi-collect-20260919-024204-341-339c8af2,82,17.19,358215040145982,images/82.png,car,0.40625,True,False,"[0.00625, 0.234375, 0.22083333, 0.378125]",TRACKING
NaVi-collect-20260919-024204-341-339c8af2,90,18.794,358216645318139,images/90.png,car,0.36328125,True,False,"[0.24166666, 0.221875, 0.32708332, 0.29375]",TRACKING
NaVi-collect-20260919-024204-341-339c8af2,90,18.794,358216645318139,images/90.png,car,0.36328125,True,False,"[0.33541667, 0.225, 0.42916667, 0.284375]",TRACKING
NaVi-collect-20260919-024204-341-339c8af2,94,19.588,358217447410488,images/94.png,cat,0.4296875,False,False,"[0.014583333, 0.2375, 0.98333335, 0.9796875]",TRACKING
NaVi-collect-20260919-024204-341-339c8af2,96,19.995,358217848746668,images/96.png,car,0.40625,True,False,"[0.42708334, 0.259375, 0.5708333, 0.3328125]",TRACKING
NaVi-collect-20260919-024204-341-339c8af2,96,19.995,358217848746668,images/96.png,car,0.36328125,True,False,"[0.20208333, 0.2515625, 0.4625, 0.3796875]",TRACKING
NaVi-collect-20260919-024204-341-339c8af2,100,20.78,358218651062030,images/100.png,dog,0.4296875,False,False,"[0.0125, 0.3515625, 0.98333335, 0.9859375]",TRACKING
NaVi-collect-20260919-024204-341-339c8af2,103,21.4,358219252782964,images/103.png,cat,0.4296875,False,False,"[0.004166667, 0.3828125, 0.99375, 0.99375]",TRACKING
NaVi-collect-20260919-024204-341-339c8af2,104,21.596,358219453345326,images/104.png,car,0.453125,True,False,"[0.36041668, 0.3859375, 0.44583333, 0.446875]",TRACKING
NaVi-collect-20260919-024204-341-339c8af2,106,21.999,358219854757579,images/106.png,cat,0.38671875,False,False,"[0.0125, 0.2578125, 0.98333335, 0.996875]",TRACKING
NaVi-collect-20260919-024204-341-339c8af2,109,22.598,358220456586018,images/109.png,dog,0.40625,False,False,"[0, 0.4265625, 0.97083336, 0.9921875]",TRACKING
NaVi-collect-20260919-024204-341-339c8af2,111,23.001,358220857480326,images/111.png,car,0.38671875,True,False,"[0.41458333, 0.4375, 0.51458335, 0.50625]",TRACKING
NaVi-collect-20260919-024204-341-339c8af2,113,23.403,358221259564592,images/113.png,cat,0.453125,False,False,"[0, 0.3453125, 0.97083336, 0.9921875]",TRACKING
NaVi-collect-20260919-024204-341-339c8af2,113,23.403,358221259564592,images/113.png,car,0.38671875,True,False,"[0.3625, 0.328125, 0.48125, 0.3890625]",TRACKING
NaVi-collect-20260919-024204-341-339c8af2,114,23.601,358221460737785,images/114.png,cat,0.4296875,False,False,"[0, 0.453125, 0.93333334, 0.9875]",TRACKING
NaVi-collect-20260919-024204-341-339c8af2,115,23.814,358221661469699,images/115.png,car,0.36328125,True,False,"[0.38333333, 0.425, 0.4875, 0.503125]",TRACKING
NaVi-collect-20260919-024204-341-339c8af2,117,24.203,358222062432293,images/117.png,cat,0.80078125,False,False,"[0, 0.2890625, 0.9895833, 0.9875]",TRACKING
NaVi-collect-20260919-024204-341-339c8af2,117,24.203,358222062432293,images/117.png,car,0.36328125,True,False,"[0.047916666, 0.375, 0.16875, 0.434375]",TRACKING
NaVi-collect-20260919-024204-341-339c8af2,118,24.421,358222262525284,images/118.png,cat,0.5703125,False,False,"[0.008333334, 0.0921875, 0.9875, 0.9828125]",TRACKING
NaVi-collect-20260919-024204-341-339c8af2,119,24.61,358222463034594,images/119.png,car,0.453125,True,False,"[0, 0.3671875, 0.21875, 0.465625]",TRACKING
NaVi-collect-20260919-024204-341-339c8af2,122,25.22,358223064597233,images/122.png,car,0.453125,True,False,"[0, 0.428125, 0.15833333, 0.525]",TRACKING
NaVi-collect-20260919-024204-341-339c8af2,123,25.412,358223265090451,images/123.png,cat,0.80078125,False,False,"[0, 0.328125, 1, 0.9875]",TRACKING
NaVi-collect-20260919-024204-341-339c8af2,124,25.618,358223465919238,images/124.png,cat,0.546875,False,False,"[0.008333334, 0.1546875, 0.9875, 0.9953125]",TRACKING
NaVi-collect-20260919-024204-341-339c8af2,124,25.618,358223465919238,images/124.png,car,0.546875,True,False,"[0.00625, 0.30625, 0.18958333, 0.4109375]",TRACKING
NaVi-collect-20260919-024204-341-339c8af2,126,26.008,358223867148647,images/126.png,car,0.38671875,True,False,"[0, 0.36875, 0.18125, 0.478125]",TRACKING
NaVi-collect-20260919-024204-341-339c8af2,127,26.239,358224067713424,images/127.png,car,0.4765625,True,False,"[0.42083332, 0.3515625, 0.53541666, 0.415625]",TRACKING
NaVi-collect-20260919-024204-341-339c8af2,129,26.603,358224468718717,images/129.png,cat,0.76953125,False,False,"[0, 0.4, 1, 0.9984375]",TRACKING
NaVi-collect-20260919-024204-341-339c8af2,130,26.822,358224669543817,images/130.png,cat,0.71875,False,False,"[0.004166667, 0.3828125, 0.99375, 0.99375]",TRACKING
NaVi-collect-20260919-024204-341-339c8af2,130,26.822,358224669543817,images/130.png,car,0.36328125,True,False,"[0, 0.3140625, 0.21458334, 0.421875]",TRACKING
NaVi-collect-20260919-024204-341-339c8af2,131,27.018,358224870007858,images/131.png,car,0.40625,True,False,"[0.41458333, 0.3203125, 0.54791665, 0.3875]",TRACKING
NaVi-collect-20260919-024204-341-339c8af2,131,27.018,358224870007858,images/131.png,car,0.36328125,True,False,"[0, 0.3484375, 0.18333334, 0.4671875]",TRACKING
NaVi-collect-20260919-024204-341-339c8af2,132,27.225,358225070547376,images/132.png,car,0.5703125,True,False,"[0, 0.403125, 0.17083333, 0.528125]",TRACKING
NaVi-collect-20260919-024204-341-339c8af2,133,27.432,358225271164213,images/133.png,car,0.5234375,True,False,"[0, 0.4125, 0.14583333, 0.6234375]",TRACKING
NaVi-collect-20260919-024204-341-339c8af2,135,27.82,358225672368346,images/135.png,car,0.40625,True,False,"[0, 0.371875, 0.10208333, 0.51875]",TRACKING
NaVi-collect-20260919-024204-341-339c8af2,135,27.82,358225672368346,images/135.png,car,0.38671875,True,False,"[0.37708333, 0.34375, 0.5, 0.409375]",TRACKING
NaVi-collect-20260919-024204-341-339c8af2,136,28.02,358225873104189,images/136.png,car,0.40625,True,False,"[0.6166667, 0.3359375, 0.99375, 0.5]",TRACKING
NaVi-collect-20260919-024204-341-339c8af2,136,28.02,358225873104189,images/136.png,car,0.36328125,True,False,"[0, 0.3359375, 0.09583333, 0.4828125]",TRACKING
NaVi-collect-20260919-024204-341-339c8af2,137,28.209,358226073757036,images/137.png,car,0.36328125,True,False,"[0.07083333, 0.346875, 0.2625, 0.4359375]",TRACKING
NaVi-collect-20260919-024204-341-339c8af2,138,28.439,358226274278859,images/138.png,car,0.4296875,True,False,"[0, 0.3859375, 0.08541667, 0.54375]",TRACKING
NaVi-collect-20260919-024204-341-339c8af2,138,28.439,358226274278859,images/138.png,car,0.38671875,True,False,"[0.375, 0.3421875, 0.49791667, 0.4078125]",TRACKING
NaVi-collect-20260919-024204-341-339c8af2,138,28.439,358226274278859,images/138.png,car,0.38671875,True,False,"[0.625, 0.3640625, 0.99375, 0.528125]",TRACKING
NaVi-collect-20260919-024204-341-339c8af2,138,28.439,358226274278859,images/138.png,car,0.36328125,True,False,"[0.114583336, 0.3375, 0.325, 0.428125]",TRACKING
NaVi-collect-20260919-024204-341-339c8af2,140,28.814,358226676067344,images/140.png,car,0.4765625,True,False,"[0, 0.34375, 0.08125, 0.4671875]",TRACKING
NaVi-collect-20260919-024204-341-339c8af2,140,28.814,358226676067344,images/140.png,car,0.4765625,True,False,"[0.67083335, 0.2140625, 0.99375, 0.5078125]",TRACKING
NaVi-collect-20260919-024204-341-339c8af2,140,28.814,358226676067344,images/140.png,car,0.36328125,True,False,"[0.010416667, 0.3078125, 0.108333334, 0.3640625]",TRACKING
NaVi-collect-20260919-024204-341-339c8af2,141,29.021,358226876486586,images/141.png,cat,0.61328125,False,False,"[0.004166667, 0.3828125, 0.99375, 0.99375]",TRACKING
NaVi-collect-20260919-024204-341-339c8af2,141,29.021,358226876486586,images/141.png,car,0.36328125,True,False,"[0.47291666, 0.26875, 0.59791666, 0.340625]",TRACKING
NaVi-collect-20260919-024204-341-339c8af2,141,29.021,358226876486586,images/141.png,car,0.36328125,True,False,"[0.76666665, 0.165625, 0.9916667, 0.753125]",TRACKING
NaVi-collect-20260919-024204-341-339c8af2,142,29.231,358227077368840,images/142.png,cat,0.40625,False,False,"[0.004166667, 0.3890625, 0.99375, 0.9875]",TRACKING
NaVi-collect-20260919-024204-341-339c8af2,142,29.231,358227077368840,images/142.png,car,0.38671875,True,False,"[0.53333336, 0.278125, 0.65416664, 0.353125]",TRACKING
NaVi-collect-20260919-024204-341-339c8af2,144,29.631,358227478661663,images/144.png,car,0.40625,True,False,"[0, 0.378125, 0.114583336, 0.51875]",TRACKING
NaVi-collect-20260919-024204-341-339c8af2,146,30.031,358227879673580,images/146.png,fire hydrant,0.40625,False,False,"[0.7125, 0.459375, 0.79375, 0.6140625]",TRACKING
NaVi-collect-20260919-024204-341-339c8af2,147,30.238,358228080366218,images/147.png,cat,0.4296875,False,False,"[0.008333334, 0.2734375, 0.9875, 0.9546875]",TRACKING
NaVi-collect-20260919-024204-341-339c8af2,147,30.238,358228080366218,images/147.png,car,0.40625,True,False,"[0.32291666, 0.328125, 0.45, 0.40625]",TRACKING
NaVi-collect-20260919-024204-341-339c8af2,153,31.428,358229283851668,images/153.png,fire hydrant,0.546875,False,False,"[0.7375, 0.3078125, 0.90833336, 0.51875]",TRACKING
NaVi-collect-20260919-024204-341-339c8af2,153,31.428,358229283851668,images/153.png,car,0.40625,True,False,"[0.1125, 0.153125, 0.27083334, 0.228125]",TRACKING
NaVi-collect-20260919-024204-341-339c8af2,154,31.637,358229484143392,images/154.png,car,0.40625,True,False,"[0.54375, 0.253125, 0.7083333, 0.3015625]",TRACKING
NaVi-collect-20260919-024204-341-339c8af2,154,31.637,358229484143392,images/154.png,car,0.38671875,True,False,"[0.9166667, 0.2359375, 0.99583334, 0.284375]",TRACKING
NaVi-collect-20260919-024204-341-339c8af2,156,32.031,358229885050424,images/156.png,fire hydrant,0.63671875,False,False,"[0.6958333, 0.3921875, 0.90208334, 0.66875]",TRACKING
NaVi-collect-20260919-024204-341-339c8af2,156,32.031,358229885050424,images/156.png,car,0.36328125,True,False,"[0.93125, 0.25, 0.99375, 0.3109375]",TRACKING
NaVi-collect-20260919-024204-341-339c8af2,157,32.225,358230085383633,images/157.png,car,0.38671875,True,False,"[0.825, 0.2046875, 0.9166667, 0.2625]",TRACKING
NaVi-collect-20260919-024204-341-339c8af2,161,33.034,358230888049104,images/161.png,car,0.36328125,True,False,"[0.0375, 0.3375, 0.21041666, 0.384375]",TRACKING
NaVi-collect-20260919-024204-341-339c8af2,162,33.23,358231088881873,images/162.png,skateboard,0.40625,False,False,"[0.56875, 0.3125, 0.9916667, 0.4484375]",TRACKING
NaVi-collect-20260919-024204-341-339c8af2,163,33.425,358231290071001,images/163.png,car,0.63671875,True,True,"[0.52916664, 0.2890625, 0.80625, 0.4125]",TRACKING
NaVi-collect-20260919-024204-341-339c8af2,164,33.662,358231490691004,images/164.png,car,0.75390625,True,True,"[0.525, 0.275, 0.8020833, 0.403125]",TRACKING
NaVi-collect-20260919-024204-341-339c8af2,166,34.032,358231892040607,images/166.png,car,0.453125,True,False,"[0.22291666, 0.3359375, 0.50416666, 0.45625]",TRACKING
NaVi-collect-20260919-024204-341-339c8af2,166,34.032,358231892040607,images/166.png,car,0.4296875,True,False,"[0, 0.3375, 0.083333336, 0.39375]",TRACKING
NaVi-collect-20260919-024204-341-339c8af2,167,34.232,358232092622521,images/167.png,car,0.5703125,True,False,"[0.14583333, 0.33125, 0.43333334, 0.475]",TRACKING
NaVi-collect-20260919-024204-341-339c8af2,170,34.828,358232694488530,images/170.png,car,0.5,True,False,"[0, 0.2921875, 0.33541667, 0.45625]",TRACKING
NaVi-collect-20260919-024204-341-339c8af2,173,35.428,358233296146611,images/173.png,car,0.4296875,True,False,"[0.6625, 0.2109375, 0.99791664, 0.409375]",TRACKING
NaVi-collect-20260919-024204-341-339c8af2,173,35.428,358233296146611,images/173.png,car,0.36328125,True,False,"[0.0020833334, 0.2640625, 0.35833332, 0.4625]",TRACKING
NaVi-collect-20260919-024204-341-339c8af2,176,36.048,358233897656748,images/176.png,car,0.38671875,True,False,"[0.7729167, 0.20625, 0.98333335, 0.3421875]",TRACKING
NaVi-collect-20260919-024204-341-339c8af2,183,37.45,358235302412616,images/183.png,bed,0.36328125,False,False,"[0.004166667, 0.03125, 0.9916667, 0.965625]",TRACKING
NaVi-collect-20260919-024204-341-339c8af2,189,38.649,358236505382276,images/189.png,car,0.4296875,True,False,"[0, 0.2890625, 0.27708334, 0.5046875]",TRACKING
NaVi-collect-20260919-024204-341-339c8af2,190,38.853,358236706381667,images/190.png,car,0.453125,True,False,"[0, 0.30625, 0.26666668, 0.4953125]",TRACKING
NaVi-collect-20260919-024204-341-339c8af2,191,39.06,358236907006459,images/191.png,car,0.4765625,True,False,"[0, 0.3453125, 0.26041666, 0.5484375]",TRACKING
NaVi-collect-20260919-024204-341-339c8af2,191,39.06,358236907006459,images/191.png,truck,0.38671875,True,False,"[0.29791668, 0.3015625, 0.47916666, 0.3765625]",TRACKING
NaVi-collect-20260919-024204-341-339c8af2,193,39.456,358237308028055,images/193.png,car,0.40625,True,False,"[0, 0.39375, 0.2375, 0.5890625]",TRACKING
NaVi-collect-20260919-024204-341-339c8af2,193,39.456,358237308028055,images/193.png,dog,0.40625,False,False,"[0.0125, 0.384375, 0.98333335, 0.971875]",TRACKING
NaVi-collect-20260919-024204-341-339c8af2,194,39.659,358237508760517,images/194.png,car,0.36328125,True,False,"[0, 0.3453125, 0.108333334, 0.5921875]",TRACKING
NaVi-collect-20260919-024204-341-339c8af2,198,40.469,358238311540002,images/198.png,truck,0.453125,True,False,"[0.29791668, 0.31875, 0.475, 0.396875]",TRACKING
NaVi-collect-20260919-024204-341-339c8af2,199,40.654,358238512126556,images/199.png,train,0.4296875,False,False,"[0, 0.0546875, 0.39166668, 0.43125]",TRACKING
NaVi-collect-20260919-024204-341-339c8af2,200,40.852,358238712545825,images/200.png,person,0.38671875,True,False,"[0.5208333, 0.34375, 0.5395833, 0.403125]",TRACKING
NaVi-collect-20260919-024204-341-339c8af2,202,41.27,358239113630186,images/202.png,car,0.5234375,True,False,"[0.16875, 0.35, 0.34583333, 0.428125]",TRACKING
NaVi-collect-20260919-024204-341-339c8af2,208,42.474,358240316801967,images/208.png,car,0.40625,True,False,"[0.84791666, 0.2390625, 0.99375, 0.5328125]",TRACKING
NaVi-collect-20260919-024204-341-339c8af2,210,42.862,358240718205827,images/210.png,car,0.36328125,True,False,"[0, 0.4015625, 0.17291667, 0.5]",TRACKING
NaVi-collect-20260919-024204-341-339c8af2,215,43.861,358241721338516,images/215.png,person,0.36328125,True,False,"[0.37083334, 0.3984375, 0.39166668, 0.4484375]",TRACKING
NaVi-collect-20260919-024204-341-339c8af2,220,44.866,358242724561474,images/220.png,person,0.38671875,True,False,"[0.3875, 0.3453125, 0.40208334, 0.3984375]",TRACKING
NaVi-collect-20260919-024204-341-339c8af2,226,46.071,358243928963809,images/226.png,person,0.38671875,True,False,"[0.5208333, 0.3046875, 0.54375, 0.3453125]",TRACKING
NaVi-collect-20260919-024204-341-339c8af2,228,46.488,358244330238123,images/228.png,person,0.40625,True,False,"[0.49583334, 0.278125, 0.5208333, 0.321875]",TRACKING
NaVi-collect-20260919-024204-341-339c8af2,228,46.488,358244330238123,images/228.png,person,0.36328125,True,False,"[0.110416666, 0.2671875, 0.13333334, 0.3140625]",TRACKING
NaVi-collect-20260919-024204-341-339c8af2,231,47.076,358244932184644,images/231.png,person,0.38671875,True,False,"[0.5229167, 0.25, 0.54375, 0.30625]",TRACKING
NaVi-collect-20260919-024204-341-339c8af2,232,47.274,358245133090128,images/232.png,cat,0.59375,False,False,"[0.004166667, 0.3515625, 0.99375, 0.9859375]",TRACKING
NaVi-collect-20260919-024204-341-339c8af2,232,47.274,358245133090128,images/232.png,car,0.40625,True,False,"[0.1125, 0.3359375, 0.26666668, 0.4125]",TRACKING
NaVi-collect-20260919-024204-341-339c8af2,233,47.476,358245333450073,images/233.png,person,0.38671875,True,False,"[0.37083334, 0.3421875, 0.38958332, 0.3984375]",TRACKING
NaVi-collect-20260919-024204-341-339c8af2,237,48.28,358246134967457,images/237.png,person,0.4296875,True,False,"[0.375, 0.34375, 0.39375, 0.3828125]",TRACKING
NaVi-collect-20260919-024204-341-339c8af2,244,49.681,358247539716760,images/244.png,person,0.38671875,True,False,"[0.37291667, 0.353125, 0.39375, 0.4109375]",TRACKING
NaVi-collect-20260919-024204-341-339c8af2,248,50.478,358248342450197,images/248.png,person,0.453125,True,False,"[0.52708334, 0.2625, 0.5520833, 0.321875]",TRACKING
NaVi-collect-20260919-024204-341-339c8af2,250,50.906,358248744001671,images/250.png,cat,0.5703125,False,False,"[0.0125, 0.1875, 0.98333335, 0.9859375]",TRACKING
NaVi-collect-20260919-024204-341-339c8af2,252,51.281,358249144891881,images/252.png,person,0.5234375,True,False,"[0.5229167, 0.2734375, 0.54375, 0.3296875]",TRACKING
NaVi-collect-20260919-024204-341-339c8af2,252,51.281,358249144891881,images/252.png,person,0.36328125,True,False,"[0.5104167, 0.2625, 0.52916664, 0.325]",TRACKING
NaVi-collect-20260919-024204-341-339c8af2,253,51.481,358249345729305,images/253.png,person,0.36328125,True,False,"[0.5541667, 0.2421875, 0.57708335, 0.2953125]",TRACKING
NaVi-collect-20260919-024204-341-339c8af2,254,51.699,358249546341996,images/254.png,cat,0.38671875,False,False,"[0.022916667, 0.2546875, 0.975, 0.9796875]",TRACKING
NaVi-collect-20260919-024204-341-339c8af2,255,51.889,358249746806479,images/255.png,cat,0.546875,False,False,"[0.004166667, 0.3890625, 0.99375, 0.9875]",TRACKING
NaVi-collect-20260919-024204-341-339c8af2,257,52.286,358250147929022,images/257.png,cat,0.36328125,False,False,"[0.004166667, 0.21875, 0.9916667, 0.9609375]",TRACKING
NaVi-collect-20260919-024204-341-339c8af2,259,52.688,358250549452006,images/259.png,cat,0.4765625,False,False,"[0.004166667, 0.3953125, 0.99375, 0.9828125]",TRACKING
NaVi-collect-20260919-024204-341-339c8af2,259,52.688,358250549452006,images/259.png,person,0.36328125,True,False,"[0.23333333, 0.36875, 0.25833333, 0.415625]",TRACKING
NaVi-collect-20260919-024204-341-339c8af2,261,53.096,358250950573458,images/261.png,cat,0.5703125,False,False,"[0, 0.3796875, 0.97083336, 0.978125]",TRACKING
NaVi-collect-20260919-024204-341-339c8af2,261,53.096,358250950573458,images/261.png,person,0.38671875,True,False,"[0.054166667, 0.390625, 0.08541667, 0.440625]",TRACKING
NaVi-collect-20260919-024204-341-339c8af2,262,53.291,358251151335369,images/262.png,cat,0.4765625,False,False,"[0.004166667, 0.340625, 0.99375, 0.975]",TRACKING
NaVi-collect-20260919-024204-341-339c8af2,263,53.498,358251351771037,images/263.png,cat,0.453125,False,False,"[0, 0.415625, 0.97083336, 0.98125]",TRACKING
NaVi-collect-20260919-024204-341-339c8af2,264,53.682,358251552237292,images/264.png,cat,0.5,False,False,"[0, 0.3890625, 1, 0.9875]",TRACKING
NaVi-collect-20260919-024204-341-339c8af2,265,53.954,358251752850092,images/265.png,cat,0.546875,False,False,"[0.004166667, 0.3796875, 0.99375, 0.978125]",TRACKING
NaVi-collect-20260919-024204-341-339c8af2,267,54.298,358252154325893,images/267.png,person,0.36328125,True,False,"[0.21875, 0.440625, 0.25625, 0.4875]",TRACKING
NaVi-collect-20260919-024204-341-339c8af2,268,54.497,358252355034138,images/268.png,cat,0.5,False,False,"[0, 0.471875, 1, 0.9859375]",TRACKING
NaVi-collect-20260919-024204-341-339c8af2,271,55.102,358252959736280,images/271.png,cat,0.38671875,False,False,"[0, 0.4875, 1, 0.9921875]",TRACKING
NaVi-collect-20260919-024204-341-339c8af2,273,55.506,358253364135622,images/273.png,person,0.38671875,True,False,"[0.15833333, 0.384375, 0.2125, 0.4484375]",TRACKING
NaVi-collect-20260919-024204-341-339c8af2,277,56.317,358254164573002,images/277.png,person,0.36328125,True,False,"[0.11666667, 0.4046875, 0.15416667, 0.4734375]",TRACKING
NaVi-collect-20260919-024204-341-339c8af2,279,56.779,358254631008601,images/279.png,person,0.4296875,True,False,"[0.14583333, 0.334375, 0.18333334, 0.3890625]",TRACKING
NaVi-collect-20260919-024204-341-339c8af2,281,57.2,358255064492373,images/281.png,person,0.36328125,True,False,"[0.114583336, 0.2515625, 0.16458334, 0.3140625]",TRACKING
NaVi-collect-20260919-024204-341-339c8af2,282,57.405,358255264578391,images/282.png,dog,0.40625,False,False,"[0.7604167, 0.3765625, 0.99791664, 0.9984375]",TRACKING
NaVi-collect-20260919-024204-341-339c8af2,283,57.601,358255464631848,images/283.png,bicycle,0.4296875,True,False,"[0.84791666, 0.4078125, 0.9770833, 0.56875]",TRACKING
NaVi-collect-20260919-024204-341-339c8af2,284,57.811,358255664697951,images/284.png,fire hydrant,0.36328125,False,False,"[0.0020833334, 0.30625, 0.047916666, 0.4]",TRACKING
NaVi-collect-20260919-024204-341-339c8af2,294,59.974,358257831346513,images/294.png,car,0.36328125,True,False,"[0, 0.2703125, 0.06666667, 0.3953125]",TRACKING
NaVi-collect-20260919-024204-341-339c8af2,301,61.506,358259364738014,images/301.png,bench,0.36328125,False,False,"[0.5854167, 0.4140625, 0.8520833, 0.575]",TRACKING
NaVi-collect-20260919-024204-341-339c8af2,314,64.362,358262231197447,images/314.png,car,0.453125,True,False,"[0.50625, 0.303125, 0.6020833, 0.359375]",TRACKING
NaVi-collect-20260919-024204-341-339c8af2,317,65.047,358262891028255,images/317.png,car,0.40625,True,False,"[0.5729167, 0.340625, 0.79583335, 0.515625]",TRACKING
NaVi-collect-20260919-024204-341-339c8af2,320,65.645,358263492790907,images/320.png,cat,0.4296875,False,False,"[0, 0.2296875, 0.97083336, 0.9828125]",TRACKING
NaVi-collect-20260919-024204-341-339c8af2,321,65.832,358263693323452,images/321.png,cat,0.38671875,False,False,"[0.49166667, 0.2734375, 0.99583334, 0.9859375]",TRACKING
NaVi-collect-20260919-024204-341-339c8af2,324,66.438,358264295166181,images/324.png,cat,0.61328125,False,False,"[0.0125, 0.2578125, 0.98333335, 0.996875]",TRACKING
NaVi-collect-20260919-024204-341-339c8af2,325,66.631,358264495350820,images/325.png,cat,0.4296875,False,False,"[0.004166667, 0.2890625, 0.99375, 0.9875]",TRACKING
NaVi-collect-20260919-024204-341-339c8af2,328,67.258,358265097019383,images/328.png,cat,0.6796875,False,False,"[0, 0.2890625, 0.97083336, 0.9875]",TRACKING
NaVi-collect-20260919-024204-341-339c8af2,329,67.432,358265297737312,images/329.png,cat,0.73828125,False,False,"[0, 0.3046875, 0.9895833, 0.9890625]",TRACKING
NaVi-collect-20260919-024204-341-339c8af2,330,67.673,358265498494746,images/330.png,cat,0.65625,False,False,"[0, 0.2640625, 0.9895833, 0.9890625]",TRACKING
NaVi-collect-20260919-024204-341-339c8af2,331,67.869,358265732795612,images/331.png,cat,0.4765625,False,False,"[0.004166667, 0.271875, 0.99375, 0.9828125]",TRACKING
NaVi-collect-20260919-024204-341-339c8af2,333,68.278,358266133788027,images/333.png,cat,0.69921875,False,False,"[0.004166667, 0.2640625, 0.99375, 0.9890625]",TRACKING
NaVi-collect-20260919-024204-341-339c8af2,334,68.479,358266334248893,images/334.png,cat,0.40625,False,False,"[0.004166667, 0.2890625, 0.99375, 0.9875]",TRACKING
NaVi-collect-20260919-024204-341-339c8af2,335,68.684,358266535266013,images/335.png,cat,0.453125,False,False,"[0.0125, 0.240625, 0.98333335, 0.99375]",TRACKING
NaVi-collect-20260919-024204-341-339c8af2,338,69.286,358267136930155,images/338.png,car,0.36328125,True,False,"[0.10625, 0.29375, 0.1625, 0.3359375]",TRACKING
NaVi-collect-20260919-024204-341-339c8af2,340,69.685,358267538175904,images/340.png,cat,0.59375,False,False,"[0, 0.28125, 0.97083336, 0.9921875]",TRACKING
NaVi-collect-20260919-024204-341-339c8af2,340,69.685,358267538175904,images/340.png,car,0.38671875,True,False,"[0, 0.2, 0.16458334, 0.31875]",TRACKING
NaVi-collect-20260919-024204-341-339c8af2,346,70.893,358268741478711,images/346.png,cat,0.40625,False,False,"[0.0020833334, 0.2890625, 0.95416665, 0.9875]",TRACKING
NaVi-collect-20260919-024204-341-339c8af2,348,71.286,358269142787640,images/348.png,cat,0.59375,False,False,"[0, 0.2890625, 0.97083336, 0.9875]",TRACKING
NaVi-collect-20260919-024204-341-339c8af2,348,71.286,358269142787640,images/348.png,car,0.36328125,True,False,"[0.15416667, 0.2890625, 0.21458334, 0.3328125]",TRACKING
NaVi-collect-20260919-024204-341-339c8af2,349,71.49,358269343437891,images/349.png,cat,0.40625,False,False,"[0.014583333, 0.1203125, 0.98333335, 0.984375]",TRACKING
NaVi-collect-20260919-024204-341-339c8af2,354,72.488,358270346582685,images/354.png,cat,0.59375,False,False,"[0, 0.3359375, 0.9916667, 0.9828125]",TRACKING
NaVi-collect-20260919-024204-341-339c8af2,356,72.899,358270751410786,images/356.png,cat,0.40625,False,False,"[0.0020833334, 0.278125, 0.95416665, 0.9765625]",TRACKING
NaVi-collect-20260919-024204-341-339c8af2,361,73.994,358271851242741,images/361.png,cat,0.4296875,False,False,"[0.004166667, 0.3796875, 0.99375, 0.978125]",TRACKING
NaVi-collect-20260919-024204-341-339c8af2,364,74.655,358272522017887,images/364.png,cat,0.5703125,False,False,"[0.004166667, 0.3796875, 0.99375, 0.978125]",TRACKING
NaVi-collect-20260919-024204-341-339c8af2,423,87.256,358285122498394,images/423.png,truck,0.4296875,True,False,"[0.39583334, 0.140625, 0.50416666, 0.2171875]",TRACKING
NaVi-collect-20260919-024204-341-339c8af2,446,92.203,358290055994033,images/446.png,cat,0.61328125,False,False,"[0.025, 0.315625, 1, 1]",TRACKING
NaVi-collect-20260919-024204-341-339c8af2,453,93.665,358291522674513,images/453.png,cat,0.4765625,False,False,"[0.0125, 0.3046875, 0.98333335, 0.9890625]",TRACKING
NaVi-collect-20260919-024204-341-339c8af2,455,94.097,358291955872860,images/455.png,bear,0.36328125,False,False,"[0.29791668, 0.2125, 0.98333335, 0.9828125]",TRACKING
NaVi-collect-20260919-024204-341-339c8af2,456,94.334,358292189286487,images/456.png,cat,0.6796875,False,False,"[0.008333334, 0.046875, 0.9875, 0.990625]",TRACKING
NaVi-collect-20260919-024204-341-339c8af2,462,95.632,358293489555499,images/462.png,cat,0.453125,False,False,"[0, 0.3453125, 0.97083336, 0.9921875]",TRACKING
NaVi-collect-20260919-024204-341-339c8af2,464,96.071,358293915129740,images/464.png,horse,0.4765625,False,False,"[0, 0.415625, 0.5541667, 0.9921875]",TRACKING
NaVi-collect-20260919-024204-341-339c8af2,465,96.27,358294115745186,images/465.png,cat,0.61328125,False,False,"[0.05, 0.1890625, 0.98333335, 0.990625]",TRACKING
NaVi-collect-20260919-024204-341-339c8af2,467,96.666,358294517112069,images/467.png,cat,0.453125,False,False,"[0.12083333, 0.0140625, 0.98541665, 0.984375]",TRACKING
NaVi-collect-20260919-024204-341-339c8af2,469,97.06,358294918121005,images/469.png,dog,0.36328125,False,False,"[0.027083334, 0.39375, 0.98125, 1]",TRACKING
NaVi-collect-20260919-024204-341-339c8af2,470,97.27,358295118480964,images/470.png,cat,0.71875,False,False,"[0, 0.3546875, 0.9895833, 1]",TRACKING
NaVi-collect-20260919-024204-341-339c8af2,472,97.696,358295519489016,images/472.png,cat,0.5234375,False,False,"[0.004166667, 0.196875, 0.99375, 0.9953125]",TRACKING
NaVi-collect-20260919-024204-341-339c8af2,473,97.867,358295719995731,images/473.png,cat,0.4296875,False,False,"[0, 0.2890625, 0.97083336, 0.9875]",TRACKING
NaVi-collect-20260919-024204-341-339c8af2,475,98.269,358296124526327,images/475.png,cat,0.546875,False,False,"[0, 0.321875, 0.9895833, 0.99375]",TRACKING
NaVi-collect-20260919-024204-341-339c8af2,480,99.372,358297225045004,images/480.png,cat,0.59375,False,False,"[0, 0.3125, 0.9895833, 0.984375]",TRACKING
NaVi-collect-20260919-024204-341-339c8af2,483,100.019,358297891281059,images/483.png,horse,0.5234375,False,False,"[0.0020833334, 0.321875, 0.95416665, 0.99375]",TRACKING
NaVi-collect-20260919-024204-341-339c8af2,487,100.862,358298728918245,images/487.png,cat,0.4296875,False,False,"[0.004166667, 0.28125, 0.99375, 0.9921875]",TRACKING
NaVi-collect-20260919-024204-341-339c8af2,489,101.303,358299162172849,images/489.png,car,0.40625,True,False,"[0.14791666, 0.275, 0.29375, 0.3625]",TRACKING
NaVi-collect-20260919-024204-341-339c8af2,490,101.489,358299362372497,images/490.png,car,0.4296875,True,False,"[0.09375, 0.3, 0.17083333, 0.36875]",TRACKING
NaVi-collect-20260919-024204-341-339c8af2,504,104.479,358302328920627,images/504.png,person,0.36328125,True,False,"[0.36041668, 0.2671875, 0.42083332, 0.3609375]",TRACKING
NaVi-collect-20260919-024204-341-339c8af2,505,104.668,358302528945748,images/505.png,person,0.40625,True,False,"[0.35625, 0.303125, 0.40833333, 0.403125]",TRACKING
NaVi-collect-20260919-024204-341-339c8af2,505,104.668,358302528945748,images/505.png,car,0.36328125,True,False,"[0.2375, 0.2828125, 0.34791666, 0.3734375]",TRACKING
NaVi-collect-20260919-024204-341-339c8af2,508,105.306,358303162357663,images/508.png,person,0.38671875,True,False,"[0.31458333, 0.3328125, 0.39375, 0.440625]",TRACKING
NaVi-collect-20260919-024204-341-339c8af2,513,106.434,358304262299412,images/513.png,person,0.38671875,True,False,"[0.25625, 0.284375, 0.30416667, 0.384375]",TRACKING
NaVi-collect-20260919-024204-341-339c8af2,513,106.434,358304262299412,images/513.png,car,0.36328125,True,False,"[0.29166666, 0.3109375, 0.46458334, 0.384375]",TRACKING
NaVi-collect-20260919-024204-341-339c8af2,516,107.039,358304895767825,images/516.png,person,0.4296875,True,False,"[0.18125, 0.2578125, 0.25416666, 0.3703125]",TRACKING
NaVi-collect-20260919-024204-341-339c8af2,520,107.942,358305795494533,images/520.png,person,0.5,True,False,"[0.16875, 0.209375, 0.25208333, 0.35625]",TRACKING
NaVi-collect-20260919-024204-341-339c8af2,521,108.187,358306029219483,images/521.png,person,0.453125,True,False,"[0.07083333, 0.20625, 0.16458334, 0.35625]",TRACKING
NaVi-collect-20260919-024204-341-339c8af2,522,108.396,358306262217798,images/522.png,person,0.4296875,True,False,"[0.19375, 0.36875, 0.27708334, 0.49375]",TRACKING
NaVi-collect-20260919-024204-341-339c8af2,538,111.837,358309662946576,images/538.png,car,0.4296875,True,False,"[0.25416666, 0.4234375, 0.3125, 0.4578125]",TRACKING
NaVi-collect-20260919-024204-341-339c8af2,540,112.247,358310095860496,images/540.png,car,0.453125,True,False,"[0.425, 0.20625, 0.51666665, 0.2546875]",TRACKING
NaVi-collect-20260919-024204-341-339c8af2,542,112.742,358310529239456,images/542.png,car,0.36328125,True,False,"[0.0020833334, 0.175, 0.13541667, 0.3328125]",TRACKING
NaVi-collect-20260919-024204-341-339c8af2,543,112.894,358310729428197,images/543.png,car,0.36328125,True,False,"[0, 0.2375, 0.09375, 0.384375]",TRACKING
NaVi-collect-20260919-024204-341-339c8af2,548,114.103,358311862361809,images/548.png,bench,0.4296875,False,False,"[0.58125, 0.4453125, 0.70416665, 0.5453125]",TRACKING
NaVi-collect-20260919-024204-341-339c8af2,551,114.683,358312528973067,images/551.png,person,0.40625,True,False,"[0.0020833334, 0.6671875, 0.52708334, 0.990625]",TRACKING
NaVi-collect-20260919-024204-341-339c8af2,553,115.072,358312929396439,images/553.png,bench,0.36328125,False,False,"[0.77708334, 0.4453125, 0.9916667, 0.6453125]",TRACKING
NaVi-collect-20260919-024204-341-339c8af2,556,115.759,358313628986748,images/556.png,person,0.38671875,True,False,"[0.004166667, 0.4640625, 0.54791665, 0.996875]",TRACKING
NaVi-collect-20260919-024204-341-339c8af2,560,116.6,358314429140253,images/560.png,dog,0.40625,False,False,"[0.00625, 0.69375, 0.49166667, 0.9921875]",TRACKING
NaVi-collect-20260919-024204-341-339c8af2,561,116.779,358314629354460,images/561.png,person,0.63671875,True,True,"[0.004166667, 0.5640625, 0.52708334, 0.9875]",TRACKING
NaVi-collect-20260919-024204-341-339c8af2,565,117.596,358315462909608,images/565.png,fire hydrant,0.36328125,False,False,"[0.39375, 0.4046875, 0.43125, 0.471875]",TRACKING
NaVi-collect-20260919-024204-341-339c8af2,567,118.027,358315896082418,images/567.png,fire hydrant,0.4765625,False,False,"[0.3125, 0.2328125, 0.35833332, 0.31875]",TRACKING
NaVi-collect-20260919-024204-341-339c8af2,568,118.296,358316129108004,images/568.png,fire hydrant,0.4765625,False,False,"[0.28333333, 0.2734375, 0.33125, 0.35]",TRACKING
NaVi-collect-20260919-024204-341-339c8af2,575,119.822,358317658467021,images/575.png,person,0.5,True,False,"[0.5104167, 0.3859375, 0.575, 0.4796875]",TRACKING
NaVi-collect-20260919-024204-341-339c8af2,575,119.822,358317658467021,images/575.png,person,0.40625,True,False,"[0.35625, 0.3609375, 0.40208334, 0.465625]",TRACKING
NaVi-collect-20260919-024204-341-339c8af2,578,120.493,358318288234978,images/578.png,car,0.40625,True,False,"[0, 0.24375, 0.31041667, 0.4390625]",TRACKING
NaVi-collect-20260919-024204-341-339c8af2,581,121.029,358318893616375,images/581.png,elephant,0.40625,False,False,"[0.004166667, 0.5875, 0.6145833, 0.9859375]",TRACKING
NaVi-collect-20260919-024204-341-339c8af2,590,123.001,358320864690064,images/590.png,car,0.36328125,True,False,"[0.7916667, 0.2578125, 0.99583334, 0.390625]",TRACKING
NaVi-collect-20260919-024204-341-339c8af2,596,124.295,358322164570926,images/596.png,car,0.5,True,False,"[0.70625, 0.253125, 0.99375, 0.4203125]",TRACKING
NaVi-collect-20260919-024204-341-339c8af2,599,124.972,358322823873072,images/599.png,fire hydrant,0.5234375,False,False,"[0.8520833, 0.4703125, 0.99583334, 0.9625]",TRACKING
NaVi-collect-20260919-024204-341-339c8af2,600,125.206,358323024606396,images/600.png,fire hydrant,0.4296875,False,False,"[0.5541667, 0.515625, 0.7729167, 0.8328125]",TRACKING
NaVi-collect-20260919-024204-341-339c8af2,603,125.769,358323626228611,images/603.png,fire hydrant,0.63671875,False,False,"[0.0020833334, 0.5734375, 0.30625, 0.98125]",TRACKING
NaVi-collect-20260919-024204-341-339c8af2,604,125.997,358323827306197,images/604.png,fire hydrant,0.36328125,False,False,"[0.28541666, 0.7140625, 0.62083334, 0.996875]",TRACKING
NaVi-collect-20260919-024204-341-339c8af2,608,126.777,358324629720037,images/608.png,person,0.38671875,True,False,"[0.00625, 0.3984375, 0.5208333, 0.975]",TRACKING
NaVi-collect-20260919-024204-341-339c8af2,621,129.401,358327238166809,images/621.png,fire hydrant,0.38671875,False,False,"[0.50625, 0.84375, 0.69375, 0.9875]",TRACKING
NaVi-collect-20260919-024204-341-339c8af2,622,129.62,358327471767627,images/622.png,fire hydrant,0.40625,False,False,"[0, 0.6078125, 0.19791667, 0.9921875]",TRACKING
NaVi-collect-20260919-024204-341-339c8af2,662,138.204,358336052350353,images/662.png,car,0.4765625,True,False,"[0.6625, 0.1453125, 0.98541665, 0.303125]",TRACKING
NaVi-collect-20260919-024204-341-339c8af2,663,138.426,358336285680049,images/663.png,car,0.5,True,False,"[0.56041664, 0.09375, 0.74375, 0.26875]",TRACKING
NaVi-collect-20260919-024204-341-339c8af2,663,138.426,358336285680049,images/663.png,car,0.40625,True,False,"[0.7104167, 0.1609375, 0.85625, 0.25]",TRACKING
NaVi-collect-20260919-024204-341-339c8af2,664,138.657,358336518920282,images/664.png,car,0.453125,True,False,"[0.56666666, 0.20625, 0.78125, 0.303125]",TRACKING
NaVi-collect-20260919-024204-341-339c8af2,664,138.657,358336518920282,images/664.png,car,0.38671875,True,False,"[0.71666664, 0.2078125, 0.79583335, 0.2828125]",TRACKING
NaVi-collect-20260919-024204-341-339c8af2,666,139.106,358336952063020,images/666.png,car,0.40625,True,False,"[0.70416665, 0.1984375, 0.77708334, 0.2828125]",TRACKING
NaVi-collect-20260919-024204-341-339c8af2,666,139.106,358336952063020,images/666.png,car,0.38671875,True,False,"[0.5833333, 0.215625, 0.68958336, 0.296875]",TRACKING
NaVi-collect-20260919-024204-341-339c8af2,667,139.299,358337152229271,images/667.png,car,0.546875,True,False,"[0.46458334, 0.2703125, 0.6479167, 0.3640625]",TRACKING
NaVi-collect-20260919-024204-341-339c8af2,670,139.912,358337785348318,images/670.png,car,0.5,True,False,"[0.40833333, 0.20625, 0.55833334, 0.3]",TRACKING
NaVi-collect-20260919-024204-341-339c8af2,670,139.912,358337785348318,images/670.png,car,0.4765625,True,False,"[0.32916668, 0.209375, 0.42916667, 0.3125]",TRACKING
NaVi-collect-20260919-024204-341-339c8af2,670,139.912,358337785348318,images/670.png,car,0.38671875,True,False,"[0.5125, 0.209375, 0.6166667, 0.3046875]",TRACKING
NaVi-collect-20260919-024204-341-339c8af2,671,140.153,358338018659404,images/671.png,car,0.40625,True,False,"[0.39375, 0.1671875, 0.5541667, 0.2609375]",TRACKING
NaVi-collect-20260919-024204-341-339c8af2,671,140.153,358338018659404,images/671.png,car,0.38671875,True,False,"[0.5395833, 0.165625, 0.6458333, 0.275]",TRACKING
NaVi-collect-20260919-024204-341-339c8af2,675,141.034,358338885154726,images/675.png,car,0.5,True,False,"[0.09583333, 0.278125, 0.21041666, 0.3890625]",TRACKING
NaVi-collect-20260919-024204-341-339c8af2,675,141.034,358338885154726,images/675.png,car,0.36328125,True,False,"[0.19375, 0.2703125, 0.3375, 0.365625]",TRACKING
NaVi-collect-20260919-024204-341-339c8af2,679,141.898,358339751954791,images/679.png,car,0.38671875,True,False,"[0, 0.23125, 0.11666667, 0.359375]",TRACKING
NaVi-collect-20260919-024204-341-339c8af2,680,142.116,358339985257174,images/680.png,car,0.6796875,True,True,"[0, 0.234375, 0.3, 0.4125]",TRACKING
NaVi-collect-20260919-024204-341-339c8af2,682,142.552,358340418665573,images/682.png,car,0.453125,True,False,"[0, 0.16875, 0.19583334, 0.31875]",TRACKING
NaVi-collect-20260919-024204-341-339c8af2,686,143.388,358341251961712,images/686.png,car,0.5,True,False,"[0, 0.2265625, 0.26666668, 0.4375]",TRACKING
NaVi-collect-20260919-024204-341-339c8af2,687,143.585,358341451987925,images/687.png,car,0.453125,True,False,"[0, 0.25625, 0.21041666, 0.4375]",TRACKING
NaVi-collect-20260919-024204-341-339c8af2,688,143.788,358341652059121,images/688.png,car,0.4296875,True,False,"[0, 0.2984375, 0.30416667, 0.521875]",TRACKING
NaVi-collect-20260919-024204-341-339c8af2,690,144.23,358342085280657,images/690.png,elephant,0.38671875,False,False,"[0.30625, 0.0015625, 0.9916667, 0.3859375]",TRACKING
NaVi-collect-20260919-024204-341-339c8af2,702,146.98,358344781775032,images/702.png,cat,0.4296875,False,False,"[0.42083332, 0.1640625, 0.99583334, 0.996875]",TRACKING
NaVi-collect-20260919-024204-341-339c8af2,705,147.548,358345383302470,images/705.png,cat,0.38671875,False,False,"[0.01875, 0.23125, 0.9791667, 0.9953125]",TRACKING
NaVi-collect-20260919-024204-341-339c8af2,707,147.92,358345784868923,images/707.png,dog,0.5,False,False,"[0.35208333, 0.471875, 0.99791664, 0.9953125]",TRACKING
NaVi-collect-20260919-024204-341-339c8af2,707,147.92,358345784868923,images/707.png,bicycle,0.4296875,True,False,"[0.175, 0.2125, 0.2625, 0.359375]",TRACKING
NaVi-collect-20260919-024204-341-339c8af2,708,148.144,358345985521351,images/708.png,dog,0.5,False,False,"[0.022916667, 0.4265625, 0.975, 0.9921875]",TRACKING
NaVi-collect-20260919-024204-341-339c8af2,711,148.726,358346587625943,images/711.png,cat,0.546875,False,False,"[0.077083334, 0.0046875, 0.99375, 0.99375]",TRACKING
NaVi-collect-20260919-024204-341-339c8af2,714,149.339,358347189650965,images/714.png,cat,0.5234375,False,False,"[0.004166667, 0.0140625, 0.9916667, 0.984375]",TRACKING
NaVi-collect-20260919-024204-341-339c8af2,722,150.938,358348793889409,images/722.png,cat,0.4765625,False,False,"[0.008333334, 0.3484375, 0.87291664, 1]",TRACKING
NaVi-collect-20260919-024204-341-339c8af2,724,151.34,358349194934678,images/724.png,cat,0.40625,False,False,"[0.36458334, 0, 0.9875, 0.5765625]",TRACKING
NaVi-collect-20260919-024204-341-339c8af2,727,152.006,358349863462223,images/727.png,cat,0.36328125,False,False,"[0, 0.1375, 0.95208335, 0.9703125]",TRACKING
NaVi-collect-20260919-024204-341-339c8af2,753,157.275,358355113902258,images/753.png,cat,0.38671875,False,False,"[0.0125, 0.2234375, 0.98333335, 0.9921875]",TRACKING
NaVi-collect-20260919-024204-341-339c8af2,761,158.898,358356752514766,images/761.png,dog,0.38671875,False,False,"[0.004166667, 0.3078125, 0.9916667, 0.9828125]",TRACKING
NaVi-collect-20260919-024204-341-339c8af2,765,159.711,358357555375448,images/765.png,cat,0.4296875,False,False,"[0, 0.3078125, 0.96875, 0.9828125]",TRACKING
NaVi-collect-20260919-024204-341-339c8af2,773,161.312,358359160397191,images/773.png,person,0.4296875,True,False,"[0.16666667, 0.1625, 0.26458332, 0.3546875]",TRACKING
NaVi-collect-20260919-024204-341-339c8af2,773,161.312,358359160397191,images/773.png,person,0.36328125,True,False,"[0.225, 0.1640625, 0.3125, 0.359375]",TRACKING
NaVi-collect-20260919-024204-341-339c8af2,774,161.517,358359360921610,images/774.png,umbrella,0.38671875,False,False,"[0.010416667, 0.0171875, 0.8354167, 0.9421875]",TRACKING
NaVi-collect-20260919-024204-341-339c8af2,776,161.905,358359761810820,images/776.png,bench,0.546875,False,False,"[0.03125, 0.009375, 0.21458334, 0.2609375]",TRACKING
NaVi-collect-20260919-024204-341-339c8af2,778,162.326,358360162605284,images/778.png,cat,0.546875,False,False,"[0.29791668, 0.015625, 0.98333335, 0.559375]",TRACKING
NaVi-collect-20260919-024204-341-339c8af2,788,164.318,358362169141200,images/788.png,person,0.38671875,True,False,"[0.17916666, 0.0140625, 0.96458334, 0.9484375]",TRACKING
NaVi-collect-20260919-024204-341-339c8af2,792,165.109,358362971594858,images/792.png,cat,0.36328125,False,False,"[0.004166667, 0.0140625, 0.95625, 0.9484375]",TRACKING
NaVi-collect-20260919-024204-341-339c8af2,797,166.14,358363974737527,images/797.png,cat,0.81640625,False,False,"[0.008333334, 0, 0.9875, 0.9609375]",TRACKING
NaVi-collect-20260919-024204-341-339c8af2,800,166.728,358364576662008,images/800.png,cat,0.4765625,False,False,"[0.004166667, 0.2234375, 0.99375, 0.9921875]",TRACKING
NaVi-collect-20260919-024204-341-339c8af2,801,166.924,358364776953001,images/801.png,cat,0.546875,False,False,"[0.0020833334, 0.3296875, 0.95625, 0.9890625]",TRACKING
NaVi-collect-20260919-024204-341-339c8af2,803,167.312,358365178282916,images/803.png,cat,0.65625,False,False,"[0.014583333, 0.2296875, 0.98333335, 0.9859375]",TRACKING
NaVi-collect-20260919-024204-341-339c8af2,806,167.954,358365780096442,images/806.png,car,0.40625,True,False,"[0.20208333, 0.103125, 0.30416667, 0.1984375]",TRACKING
NaVi-collect-20260919-024204-341-339c8af2,807,168.185,358365980832262,images/807.png,person,0.40625,True,False,"[0.008333334, 0.0828125, 0.9875, 0.990625]",TRACKING
NaVi-collect-20260919-024204-341-339c8af2,811,168.928,358366783421037,images/811.png,person,0.38671875,True,False,"[0.10208333, 0.009375, 0.99791664, 1]",TRACKING
NaVi-collect-20260919-024204-341-339c8af2,823,171.355,358369191108888,images/823.png,car,0.546875,True,False,"[0.0020833334, 0.1640625, 0.08125, 0.2671875]",TRACKING
NaVi-collect-20260919-024204-341-339c8af2,823,171.355,358369191108888,images/823.png,car,0.38671875,True,False,"[0.058333334, 0.1703125, 0.20416667, 0.2734375]",TRACKING
NaVi-collect-20260919-024204-341-339c8af2,826,171.962,358369792297517,images/826.png,person,0.4296875,True,False,"[0, 0, 0.14375, 0.3]",TRACKING
NaVi-collect-20260919-024204-341-339c8af2,827,172.145,358369992907669,images/827.png,person,0.4296875,True,False,"[0.08541667, 0, 0.34583333, 0.3703125]",TRACKING
NaVi-collect-20260919-024204-341-339c8af2,835,173.797,358371668686655,images/835.png,car,0.4296875,True,False,"[0.3625, 0.2890625, 0.45, 0.378125]",TRACKING
NaVi-collect-20260919-024204-341-339c8af2,842,175.306,358373165367505,images/842.png,cat,0.453125,False,False,"[0.05, 0.0046875, 0.98333335, 0.99375]",TRACKING
NaVi-collect-20260919-024204-341-339c8af2,845,175.936,358373798934741,images/845.png,bench,0.38671875,False,False,"[0.37916666, 0.425, 0.6020833, 0.5921875]",TRACKING
NaVi-collect-20260919-024204-341-339c8af2,846,176.178,358374031845817,images/846.png,car,0.453125,True,False,"[0.11875, 0.2875, 0.24791667, 0.3921875]",TRACKING
NaVi-collect-20260919-024204-341-339c8af2,848,176.604,358374469377047,images/848.png,car,0.38671875,True,False,"[0.69375, 0.0546875, 0.99791664, 0.2921875]",TRACKING
NaVi-collect-20260919-024204-341-339c8af2,849,176.804,358374669447135,images/849.png,tv,0.453125,False,False,"[0.49583334, 0.3171875, 0.7625, 0.5125]",TRACKING
NaVi-collect-20260919-024204-341-339c8af2,849,176.804,358374669447135,images/849.png,car,0.453125,True,False,"[0.15416667, 0.375, 0.33125, 0.4953125]",TRACKING
NaVi-collect-20260919-024204-341-339c8af2,850,177.043,358374898698267,images/850.png,car,0.5234375,True,False,"[0, 0.3609375, 0.32916668, 0.690625]",TRACKING
NaVi-collect-20260919-024204-341-339c8af2,854,177.901,358375766518125,images/854.png,car,0.4296875,True,False,"[0, 0.3125, 0.27708334, 0.5359375]",TRACKING
NaVi-collect-20260919-024204-341-339c8af2,854,177.901,358375766518125,images/854.png,person,0.40625,True,False,"[0.56458336, 0.196875, 1, 0.9515625]",TRACKING
NaVi-collect-20260919-024204-341-339c8af2,854,177.901,358375766518125,images/854.png,car,0.36328125,True,False,"[0.28333333, 0.2453125, 0.53541666, 0.4484375]",TRACKING
NaVi-collect-20260919-024204-341-339c8af2,856,178.348,358376196572883,images/856.png,tv,0.4765625,False,False,"[0.54791665, 0.1578125, 0.8833333, 0.434375]",TRACKING
NaVi-collect-20260919-024204-341-339c8af2,857,178.542,358376397205128,images/857.png,tv,0.36328125,False,False,"[0.54791665, 0, 0.9875, 0.384375]",TRACKING
NaVi-collect-20260919-024204-341-339c8af2,860,179.141,358376998897408,images/860.png,car,0.40625,True,False,"[0.004166667, 0.409375, 0.1625, 0.5671875]",TRACKING
NaVi-collect-20260919-024204-341-339c8af2,860,179.141,358376998897408,images/860.png,person,0.38671875,True,False,"[0.37708333, 0.3859375, 0.45208332, 0.5921875]",TRACKING
NaVi-collect-20260919-024204-341-339c8af2,861,179.344,358377199616867,images/861.png,car,0.453125,True,False,"[0.0020833334, 0.4203125, 0.17916666, 0.55625]",TRACKING
NaVi-collect-20260919-024204-341-339c8af2,861,179.344,358377199616867,images/861.png,tv,0.453125,False,False,"[0.57916665, 0.2734375, 0.98541665, 0.590625]",TRACKING
NaVi-collect-20260919-024719-670-dd86e6fb,5,0.054,358513839429816,images/5.png,person,0.36328125,True,False,"[0.01875, 0.0234375, 0.30625, 0.975]",DEGRADED
NaVi-collect-20260919-024719-670-dd86e6fb,7,0.414,358514240664243,images/7.png,person,0.38671875,True,False,"[0.020833334, 0.0046875, 0.5541667, 0.99375]",DEGRADED
NaVi-collect-20260919-024719-670-dd86e6fb,8,0.588,358514441281431,images/8.png,car,0.40625,True,False,"[0, 0.009375, 0.27083334, 0.4671875]",DEGRADED
NaVi-collect-20260919-024719-670-dd86e6fb,9,0.788,358514641898618,images/9.png,fire hydrant,0.4765625,False,False,"[0.1625, 0.278125, 0.23125, 0.40625]",DEGRADED
NaVi-collect-20260919-024719-670-dd86e6fb,32,5.435,358519255320795,images/32.png,dog,0.36328125,False,False,"[0.014583333, 0.0046875, 0.98333335, 0.99375]",TRACKING
NaVi-collect-20260919-024719-670-dd86e6fb,33,5.623,358519455900766,images/33.png,cat,0.61328125,False,False,"[0.008333334, 0, 0.9875, 0.9796875]",TRACKING
NaVi-collect-20260919-024719-670-dd86e6fb,37,6.435,358520258405991,images/37.png,dog,0.4296875,False,False,"[0.004166667, 0.03125, 0.95625, 1]",TRACKING
NaVi-collect-20260919-024719-670-dd86e6fb,38,6.644,358520458632051,images/38.png,cat,0.73828125,False,False,"[0, 0.046875, 0.9791667, 0.990625]",TRACKING
NaVi-collect-20260919-024719-670-dd86e6fb,39,6.852,358520659252542,images/39.png,cat,0.61328125,False,False,"[0.054166667, 0.1109375, 0.9791667, 1]",TRACKING
NaVi-collect-20260919-024719-670-dd86e6fb,40,7.033,358520859464291,images/40.png,cat,0.5703125,False,False,"[0.004166667, 0.0046875, 0.9916667, 0.99375]",TRACKING
NaVi-collect-20260919-024719-670-dd86e6fb,41,7.243,358521059962932,images/41.png,cat,0.5234375,False,False,"[0.004166667, 0.059375, 0.9916667, 0.975]",TRACKING
NaVi-collect-20260919-024719-670-dd86e6fb,42,7.444,358521260859000,images/42.png,cat,0.61328125,False,False,"[0, 0.1703125, 0.96875, 0.971875]",TRACKING
NaVi-collect-20260919-024719-670-dd86e6fb,43,7.642,358521461099396,images/43.png,cat,0.75390625,False,False,"[0, 0.3046875, 0.9791667, 1]",TRACKING
NaVi-collect-20260919-024719-670-dd86e6fb,44,7.842,358521661905451,images/44.png,cat,0.71875,False,False,"[0, 0.3109375, 0.96875, 0.971875]",TRACKING
NaVi-collect-20260919-024719-670-dd86e6fb,45,8.044,358521862727849,images/45.png,cat,0.73828125,False,False,"[0.010416667, 0.3953125, 0.94375, 0.9828125]",TRACKING
NaVi-collect-20260919-024719-670-dd86e6fb,46,8.239,358522063713651,images/46.png,cat,0.76953125,False,False,"[0, 0.3671875, 0.97083336, 0.9890625]",TRACKING
NaVi-collect-20260919-024719-670-dd86e6fb,47,8.443,358522264443538,images/47.png,cat,0.80078125,False,False,"[0, 0.3546875, 1, 1]",TRACKING
NaVi-collect-20260919-024719-670-dd86e6fb,49,8.843,358522666015894,images/49.png,cat,0.71875,False,False,"[0.004166667, 0.2234375, 0.99375, 0.9921875]",TRACKING
NaVi-collect-20260919-024719-670-dd86e6fb,58,10.664,358524470896682,images/58.png,cat,0.5234375,False,False,"[0.004166667, 0.3125, 0.99375, 0.984375]",TRACKING
NaVi-collect-20260919-024719-670-dd86e6fb,59,10.844,358524671740838,images/59.png,cat,0.69921875,False,False,"[0, 0.3828125, 0.9895833, 0.99375]",TRACKING
NaVi-collect-20260919-024719-670-dd86e6fb,62,11.444,358525273678826,images/62.png,cat,0.80078125,False,False,"[0, 0.3328125, 1, 1]",TRACKING
NaVi-collect-20260919-024719-670-dd86e6fb,63,11.645,358525474465395,images/63.png,cat,0.69921875,False,False,"[0, 0.378125, 1, 1]",TRACKING
NaVi-collect-20260919-024719-670-dd86e6fb,64,11.863,358525675106364,images/64.png,cat,0.73828125,False,False,"[0.004166667, 0.315625, 0.99375, 1]",TRACKING
NaVi-collect-20260919-024719-670-dd86e6fb,65,12.063,358525875679292,images/65.png,cat,0.61328125,False,False,"[0.004166667, 0.4625, 0.99375, 0.996875]",TRACKING
NaVi-collect-20260919-024719-670-dd86e6fb,66,12.275,358526076092540,images/66.png,cat,0.76953125,False,False,"[0.004166667, 0.275, 0.99375, 1]",TRACKING
NaVi-collect-20260919-024719-670-dd86e6fb,67,12.466,358526276406666,images/67.png,cat,0.75390625,False,False,"[0.004166667, 0.3328125, 0.99375, 1]",TRACKING
NaVi-collect-20260919-024719-670-dd86e6fb,69,12.867,358526677779604,images/69.png,cat,0.73828125,False,False,"[0.004166667, 0.39375, 0.99375, 1]",TRACKING
NaVi-collect-20260919-024719-670-dd86e6fb,70,13.064,358526878553123,images/70.png,cat,0.75390625,False,False,"[0.004166667, 0.3328125, 0.99375, 1]",TRACKING
NaVi-collect-20260919-024719-670-dd86e6fb,71,13.263,358527079281100,images/71.png,cat,0.40625,False,False,"[0, 0.4625, 1, 0.996875]",TRACKING
NaVi-collect-20260919-024719-670-dd86e6fb,74,13.866,358527680931638,images/74.png,cat,0.80078125,False,False,"[0, 0.4359375, 1, 1]",TRACKING
NaVi-collect-20260919-024719-670-dd86e6fb,75,14.067,358527881638463,images/75.png,cat,0.63671875,False,False,"[0.004166667, 0.446875, 0.99375, 0.990625]",TRACKING
NaVi-collect-20260919-024719-670-dd86e6fb,77,14.466,358528286157096,images/77.png,cat,0.5703125,False,False,"[0.004166667, 0.3953125, 0.99375, 0.9828125]",TRACKING
NaVi-collect-20260919-024719-670-dd86e6fb,78,14.698,358528515963317,images/78.png,cat,0.7890625,False,False,"[0, 0.4203125, 1, 0.996875]",TRACKING
NaVi-collect-20260919-024719-670-dd86e6fb,82,15.502,358529318829024,images/82.png,cat,0.63671875,False,False,"[0.004166667, 0.4671875, 0.99375, 0.990625]",TRACKING
NaVi-collect-20260919-024719-670-dd86e6fb,87,16.51,358530329292355,images/87.png,cat,0.453125,False,False,"[0.014583333, 0.275, 0.98333335, 0.975]",TRACKING
NaVi-collect-20260919-024719-670-dd86e6fb,92,17.569,358531395871423,images/92.png,teddy bear,0.4765625,False,False,"[0, 0.3046875, 0.97083336, 0.9890625]",TRACKING
NaVi-collect-20260919-024719-670-dd86e6fb,124,24.505,358538329880181,images/124.png,car,0.40625,True,False,"[0.42291668, 0.309375, 0.52916664, 0.3734375]",TRACKING
NaVi-collect-20260919-024719-670-dd86e6fb,125,24.71,358538529957503,images/125.png,car,0.38671875,True,False,"[0.39583334, 0.35625, 0.48333332, 0.40625]",TRACKING
NaVi-collect-20260919-024719-670-dd86e6fb,127,25.159,358538996372016,images/127.png,car,0.4296875,True,False,"[0.40416667, 0.353125, 0.49375, 0.4109375]",TRACKING
NaVi-collect-20260919-024719-670-dd86e6fb,127,25.159,358538996372016,images/127.png,car,0.38671875,True,False,"[0.55625, 0.3515625, 0.65208334, 0.4203125]",TRACKING
NaVi-collect-20260919-024719-670-dd86e6fb,131,26.043,358539863224941,images/131.png,car,0.38671875,True,False,"[0.43333334, 0.309375, 0.53541666, 0.3625]",TRACKING
NaVi-collect-20260919-024719-670-dd86e6fb,132,26.255,358540096435853,images/132.png,car,0.453125,True,False,"[0.41875, 0.3515625, 0.51666665, 0.4078125]",TRACKING
NaVi-collect-20260919-024719-670-dd86e6fb,134,26.723,358540563020930,images/134.png,car,0.38671875,True,False,"[0.40416667, 0.3109375, 0.5083333, 0.3703125]",TRACKING
NaVi-collect-20260919-024719-670-dd86e6fb,136,27.16,358540996456199,images/136.png,car,0.36328125,True,False,"[0.35833332, 0.3671875, 0.4625, 0.425]",TRACKING
NaVi-collect-20260919-024719-670-dd86e6fb,137,27.365,358541196478780,images/137.png,car,0.453125,True,False,"[0.40833333, 0.3796875, 0.50416666, 0.4359375]",TRACKING
NaVi-collect-20260919-024719-670-dd86e6fb,139,27.76,358541596658278,images/139.png,car,0.36328125,True,False,"[0.42708334, 0.359375, 0.51875, 0.409375]",TRACKING
NaVi-collect-20260919-024719-670-dd86e6fb,139,27.76,358541596658278,images/139.png,car,0.36328125,True,False,"[0.5833333, 0.340625, 0.68125, 0.4171875]",TRACKING
NaVi-collect-20260919-024719-670-dd86e6fb,141,28.196,358542029987152,images/141.png,car,0.5703125,True,False,"[0.40416667, 0.35, 0.5125, 0.415625]",TRACKING
NaVi-collect-20260919-024719-670-dd86e6fb,141,28.196,358542029987152,images/141.png,car,0.40625,True,False,"[0.56875, 0.3375, 0.6666667, 0.425]",TRACKING
NaVi-collect-20260919-024719-670-dd86e6fb,143,28.598,358542430131188,images/143.png,car,0.38671875,True,False,"[0, 0.1265625, 0.13333334, 0.321875]",TRACKING
NaVi-collect-20260919-024719-670-dd86e6fb,143,28.598,358542430131188,images/143.png,car,0.36328125,True,False,"[0.35833332, 0.3375, 0.46458334, 0.396875]",TRACKING
NaVi-collect-20260919-024719-670-dd86e6fb,144,28.83,358542663328788,images/144.png,car,0.4296875,True,False,"[0.2875, 0.3546875, 0.39583334, 0.4125]",TRACKING
NaVi-collect-20260919-024719-670-dd86e6fb,147,29.463,358543296711701,images/147.png,car,0.4296875,True,False,"[0.30208334, 0.35625, 0.41875, 0.4140625]",TRACKING
NaVi-collect-20260919-024719-670-dd86e6fb,148,29.707,358543525793776,images/148.png,car,0.38671875,True,False,"[0.31458333, 0.3296875, 0.41875, 0.384375]",TRACKING
NaVi-collect-20260919-024719-670-dd86e6fb,149,29.895,358543725804033,images/149.png,car,0.453125,True,False,"[0.51875, 0.3265625, 0.6145833, 0.409375]",TRACKING
NaVi-collect-20260919-024719-670-dd86e6fb,150,30.105,358543925836621,images/150.png,car,0.38671875,True,False,"[0.35208333, 0.3453125, 0.46458334, 0.4296875]",TRACKING
NaVi-collect-20260919-024719-670-dd86e6fb,151,30.332,358544159025773,images/151.png,car,0.36328125,True,False,"[0.40833333, 0.309375, 0.51666665, 0.3734375]",TRACKING
NaVi-collect-20260919-024719-670-dd86e6fb,153,30.733,358544559084163,images/153.png,car,0.38671875,True,False,"[0.32708332, 0.36875, 0.3875, 0.4421875]",TRACKING
NaVi-collect-20260919-024719-670-dd86e6fb,157,31.563,358545390422992,images/157.png,car,0.38671875,True,False,"[0.79375, 0.325, 0.99583334, 0.409375]",TRACKING
NaVi-collect-20260919-024719-670-dd86e6fb,158,31.764,358545590787140,images/158.png,car,0.546875,True,False,"[0.23958333, 0.290625, 0.375, 0.38125]",TRACKING
NaVi-collect-20260919-024719-670-dd86e6fb,158,31.764,358545590787140,images/158.png,elephant,0.40625,False,False,"[0, 0.415625, 1, 1]",TRACKING
NaVi-collect-20260919-024719-670-dd86e6fb,159,31.966,358545791405004,images/159.png,cat,0.71875,False,False,"[0.004166667, 0.321875, 0.99375, 0.99375]",TRACKING
NaVi-collect-20260919-024719-670-dd86e6fb,160,32.174,358545991716685,images/160.png,car,0.40625,True,False,"[0.7875, 0.3265625, 0.9791667, 0.396875]",TRACKING
NaVi-collect-20260919-024719-670-dd86e6fb,160,32.174,358545991716685,images/160.png,car,0.36328125,True,False,"[0.33958334, 0.315625, 0.39166668, 0.3421875]",TRACKING
NaVi-collect-20260919-024719-670-dd86e6fb,161,32.365,358546192319536,images/161.png,car,0.4296875,True,False,"[0.24166666, 0.3625, 0.36041668, 0.4484375]",TRACKING
NaVi-collect-20260919-024719-670-dd86e6fb,163,32.767,358546593037606,images/163.png,car,0.4296875,True,False,"[0.40208334, 0.2484375, 0.51666665, 0.33125]",TRACKING
NaVi-collect-20260919-024719-670-dd86e6fb,163,32.767,358546593037606,images/163.png,car,0.38671875,True,False,"[0.19166666, 0.296875, 0.34375, 0.3859375]",TRACKING
NaVi-collect-20260919-024719-670-dd86e6fb,165,33.169,358546994056310,images/165.png,car,0.546875,True,False,"[0.15625, 0.24375, 0.31666666, 0.3359375]",TRACKING
NaVi-collect-20260919-024719-670-dd86e6fb,165,33.169,358546994056310,images/165.png,car,0.453125,True,False,"[0.38958332, 0.2015625, 0.5, 0.315625]",TRACKING
NaVi-collect-20260919-024719-670-dd86e6fb,166,33.369,358547194843257,images/166.png,car,0.4296875,True,False,"[0.19791667, 0.3203125, 0.28333333, 0.4109375]",TRACKING
NaVi-collect-20260919-024719-670-dd86e6fb,167,33.569,358547395605905,images/167.png,car,0.40625,True,False,"[0.19791667, 0.2734375, 0.26458332, 0.35625]",TRACKING
NaVi-collect-20260919-024719-670-dd86e6fb,168,33.767,358547596584406,images/168.png,car,0.5703125,True,False,"[0.26458332, 0.2140625, 0.43125, 0.31875]",TRACKING
NaVi-collect-20260919-024719-670-dd86e6fb,168,33.767,358547596584406,images/168.png,cat,0.4765625,False,False,"[0.008333334, 0.2984375, 0.90833336, 0.996875]",TRACKING
NaVi-collect-20260919-024719-670-dd86e6fb,170,34.185,358547997791515,images/170.png,car,0.40625,True,False,"[0.70625, 0.221875, 0.85833335, 0.31875]",TRACKING
NaVi-collect-20260919-024719-670-dd86e6fb,170,34.185,358547997791515,images/170.png,car,0.38671875,True,False,"[0.18958333, 0.2484375, 0.26666668, 0.3625]",TRACKING
NaVi-collect-20260919-024719-670-dd86e6fb,171,34.371,358548198452111,images/171.png,car,0.36328125,True,False,"[0.71875, 0.2375, 0.87291664, 0.334375]",TRACKING
NaVi-collect-20260919-024719-670-dd86e6fb,171,34.371,358548198452111,images/171.png,car,0.36328125,True,False,"[0.20625, 0.278125, 0.37083334, 0.3609375]",TRACKING
NaVi-collect-20260919-024719-670-dd86e6fb,172,34.567,358548399070558,images/172.png,car,0.5234375,True,False,"[0.72083336, 0.3453125, 0.8645833, 0.4296875]",TRACKING
NaVi-collect-20260919-024719-670-dd86e6fb,173,34.768,358548599776530,images/173.png,elephant,0.4765625,False,False,"[0.004166667, 0.3765625, 0.63958335, 0.9984375]",TRACKING
NaVi-collect-20260919-024719-670-dd86e6fb,173,34.768,358548599776530,images/173.png,car,0.40625,True,False,"[0.14375, 0.29375, 0.33541667, 0.390625]",TRACKING
NaVi-collect-20260919-024719-670-dd86e6fb,175,35.188,358549001038073,images/175.png,car,0.5,True,False,"[0.2125, 0.325, 0.29166666, 0.4328125]",TRACKING
NaVi-collect-20260919-024719-670-dd86e6fb,176,35.386,358549201743838,images/176.png,car,0.453125,True,False,"[0.18333334, 0.321875, 0.28541666, 0.43125]",TRACKING
NaVi-collect-20260919-024719-670-dd86e6fb,177,35.586,358549402435654,images/177.png,car,0.453125,True,False,"[0.22083333, 0.35, 0.33958334, 0.478125]",TRACKING
NaVi-collect-20260919-024719-670-dd86e6fb,177,35.586,358549402435654,images/177.png,elephant,0.4296875,False,False,"[0.004166667, 0.4390625, 0.7291667, 1]",TRACKING
NaVi-collect-20260919-024719-670-dd86e6fb,178,35.787,358549602970157,images/178.png,car,0.4765625,True,False,"[0.65, 0.3453125, 0.98541665, 0.4828125]",TRACKING
NaVi-collect-20260919-024719-670-dd86e6fb,178,35.787,358549602970157,images/178.png,car,0.453125,True,False,"[0.17916666, 0.4078125, 0.275, 0.515625]",TRACKING
NaVi-collect-20260919-024719-670-dd86e6fb,179,35.984,358549803522991,images/179.png,car,0.5,True,False,"[0.15416667, 0.35, 0.25416666, 0.4734375]",TRACKING
NaVi-collect-20260919-024719-670-dd86e6fb,179,35.984,358549803522991,images/179.png,car,0.40625,True,False,"[0.7104167, 0.3015625, 0.9770833, 0.4453125]",TRACKING
NaVi-collect-20260919-024719-670-dd86e6fb,181,36.386,358550204963069,images/181.png,car,0.4296875,True,False,"[0.010416667, 0.3203125, 0.13125, 0.5125]",TRACKING
NaVi-collect-20260919-024719-670-dd86e6fb,181,36.386,358550204963069,images/181.png,car,0.38671875,True,False,"[0.61041665, 0.3546875, 0.7125, 0.425]",TRACKING
NaVi-collect-20260919-024719-670-dd86e6fb,182,36.613,358550405482180,images/182.png,car,0.4765625,True,False,"[0.63958335, 0.2515625, 0.81666666, 0.3765625]",TRACKING
NaVi-collect-20260919-024719-670-dd86e6fb,182,36.613,358550405482180,images/182.png,car,0.453125,True,False,"[0.035416666, 0.3203125, 0.15416667, 0.4671875]",TRACKING
NaVi-collect-20260919-024719-670-dd86e6fb,184,36.977,358550806730893,images/184.png,elephant,0.71875,False,False,"[0.0020833334, 0.465625, 0.6875, 1]",TRACKING
NaVi-collect-20260919-024719-670-dd86e6fb,184,36.977,358550806730893,images/184.png,car,0.4765625,True,False,"[0.072916664, 0.3484375, 0.19791667, 0.4859375]",TRACKING
NaVi-collect-20260919-024719-670-dd86e6fb,184,36.977,358550806730893,images/184.png,car,0.40625,True,False,"[0.6645833, 0.2921875, 0.8833333, 0.4296875]",TRACKING
NaVi-collect-20260919-024719-670-dd86e6fb,185,37.193,358551007504421,images/185.png,car,0.4765625,True,False,"[0.7104167, 0.3296875, 0.8875, 0.4]",TRACKING
NaVi-collect-20260919-024719-670-dd86e6fb,185,37.193,358551007504421,images/185.png,car,0.38671875,True,False,"[0.62291664, 0.3296875, 0.69166666, 0.3859375]",TRACKING
NaVi-collect-20260919-024719-670-dd86e6fb,188,37.795,358551608708867,images/188.png,elephant,0.453125,False,False,"[0, 0.44375, 0.62291664, 0.9984375]",TRACKING
NaVi-collect-20260919-024719-670-dd86e6fb,189,37.998,358551809338178,images/189.png,car,0.36328125,True,False,"[0.65208334, 0.396875, 0.84791666, 0.4671875]",TRACKING
NaVi-collect-20260919-024719-670-dd86e6fb,192,38.589,358552411461248,images/192.png,elephant,0.4765625,False,False,"[0.004166667, 0.4265625, 0.99375, 0.9921875]",TRACKING
NaVi-collect-20260919-024719-670-dd86e6fb,192,38.589,358552411461248,images/192.png,car,0.453125,True,False,"[0.0020833334, 0.2828125, 0.18333334, 0.58125]",TRACKING
NaVi-collect-20260919-024719-670-dd86e6fb,194,38.988,358552812575431,images/194.png,elephant,0.5,False,False,"[0, 0.4765625, 0.7125, 0.990625]",TRACKING
NaVi-collect-20260919-024719-670-dd86e6fb,196,39.388,358553213881244,images/196.png,elephant,0.546875,False,False,"[0, 0.415625, 0.7395833, 1]",TRACKING
NaVi-collect-20260919-024719-670-dd86e6fb,197,39.591,358553414278950,images/197.png,elephant,0.4296875,False,False,"[0, 0.4, 0.88125, 0.9984375]",TRACKING
NaVi-collect-20260919-024719-670-dd86e6fb,197,39.591,358553414278950,images/197.png,car,0.40625,True,False,"[0.1, 0.2765625, 0.22916667, 0.371875]",TRACKING
NaVi-collect-20260919-024719-670-dd86e6fb,197,39.591,358553414278950,images/197.png,car,0.40625,True,False,"[0.68958336, 0.18125, 0.99375, 0.3453125]",TRACKING
NaVi-collect-20260919-024719-670-dd86e6fb,197,39.591,358553414278950,images/197.png,car,0.36328125,True,False,"[0.32083333, 0.265625, 0.375, 0.3125]",TRACKING
NaVi-collect-20260919-024719-670-dd86e6fb,198,39.791,358553614711672,images/198.png,car,0.59375,True,False,"[0.075, 0.325, 0.25833333, 0.4078125]",TRACKING
NaVi-collect-20260919-024719-670-dd86e6fb,198,39.791,358553614711672,images/198.png,car,0.453125,True,False,"[0.74375, 0.1921875, 0.99583334, 0.3921875]",TRACKING
NaVi-collect-20260919-024719-670-dd86e6fb,198,39.791,358553614711672,images/198.png,car,0.36328125,True,False,"[0.4125, 0.1921875, 0.68333334, 0.3953125]",TRACKING
NaVi-collect-20260919-024719-670-dd86e6fb,199,40.0,358553815517933,images/199.png,car,0.36328125,True,False,"[0.34791666, 0.2640625, 0.6458333, 0.45625]",TRACKING
NaVi-collect-20260919-024719-670-dd86e6fb,199,40.0,358553815517933,images/199.png,car,0.36328125,True,False,"[0.62291664, 0.321875, 1, 0.4859375]",TRACKING
NaVi-collect-20260919-024719-670-dd86e6fb,200,40.202,358554016341255,images/200.png,car,0.40625,True,False,"[0.85, 0.3015625, 0.99583334, 0.421875]",TRACKING
NaVi-collect-20260919-024719-670-dd86e6fb,200,40.202,358554016341255,images/200.png,elephant,0.38671875,False,False,"[0, 0.43125, 0.7708333, 0.9859375]",TRACKING
NaVi-collect-20260919-024719-670-dd86e6fb,201,40.403,358554217290888,images/201.png,car,0.40625,True,False,"[0.18541667, 0.371875, 0.29583332, 0.4734375]",TRACKING
NaVi-collect-20260919-024719-670-dd86e6fb,204,41.022,358554818984744,images/204.png,car,0.36328125,True,False,"[0.21875, 0.340625, 0.36458334, 0.4375]",TRACKING
NaVi-collect-20260919-024719-670-dd86e6fb,207,41.613,358555420672500,images/207.png,cat,0.546875,False,False,"[0, 0.3828125, 1, 0.99375]",TRACKING
NaVi-collect-20260919-024719-670-dd86e6fb,209,42.02,358555821841054,images/209.png,cat,0.4765625,False,False,"[0.04375, 0.334375, 0.99583334, 0.98125]",TRACKING
NaVi-collect-20260919-024719-670-dd86e6fb,210,42.236,358556022481025,images/210.png,cat,0.4296875,False,False,"[0.033333335, 0.4046875, 1, 0.9921875]",TRACKING
NaVi-collect-20260919-024719-670-dd86e6fb,211,42.403,358556223311646,images/211.png,person,0.40625,True,False,"[0.16875, 0.284375, 0.25833333, 0.403125]",TRACKING
NaVi-collect-20260919-024719-670-dd86e6fb,212,42.609,358556424409191,images/212.png,car,0.40625,True,False,"[0.2625, 0.3546875, 0.42916667, 0.43125]",TRACKING
NaVi-collect-20260919-024719-670-dd86e6fb,212,42.609,358556424409191,images/212.png,cat,0.40625,False,False,"[0.072916664, 0.3671875, 1, 0.9890625]",TRACKING
NaVi-collect-20260919-024719-670-dd86e6fb,213,42.8,358556624843048,images/213.png,car,0.36328125,True,False,"[0.28125, 0.3453125, 0.45416668, 0.4296875]",TRACKING
NaVi-collect-20260919-024719-670-dd86e6fb,219,44.022,358557828401358,images/219.png,car,0.38671875,True,False,"[0.2625, 0.1984375, 0.3875, 0.2609375]",TRACKING
NaVi-collect-20260919-024719-670-dd86e6fb,222,44.606,358558430398823,images/222.png,car,0.4765625,True,False,"[0.31875, 0.2421875, 0.44791666, 0.375]",TRACKING
NaVi-collect-20260919-024719-670-dd86e6fb,222,44.606,358558430398823,images/222.png,car,0.38671875,True,False,"[0, 0.1890625, 0.15833333, 0.3359375]",TRACKING
NaVi-collect-20260919-024719-670-dd86e6fb,224,45.02,358558831371516,images/224.png,car,0.36328125,True,False,"[0.29166666, 0.225, 0.40625, 0.2875]",TRACKING
NaVi-collect-20260919-024719-670-dd86e6fb,224,45.02,358558831371516,images/224.png,car,0.36328125,True,False,"[0.035416666, 0.246875, 0.30208334, 0.4015625]",TRACKING
NaVi-collect-20260919-024719-670-dd86e6fb,225,45.211,358559032133486,images/225.png,car,0.36328125,True,False,"[0.26666668, 0.23125, 0.35416666, 0.2765625]",TRACKING
NaVi-collect-20260919-024719-670-dd86e6fb,226,45.421,358559232650217,images/226.png,person,0.36328125,True,False,"[0.5208333, 0.05, 0.59166664, 0.2234375]",TRACKING
NaVi-collect-20260919-024719-670-dd86e6fb,229,46.024,358559834221151,images/229.png,car,0.453125,True,False,"[0.0020833334, 0.1234375, 0.39375, 0.34375]",TRACKING
NaVi-collect-20260919-024719-670-dd86e6fb,232,46.623,358560435986408,images/232.png,fire hydrant,0.4296875,False,False,"[0.28958333, 0.2265625, 0.34166667, 0.3234375]",TRACKING
NaVi-collect-20260919-024719-670-dd86e6fb,238,47.825,358561640184683,images/238.png,fire hydrant,0.36328125,False,False,"[0.31666666, 0.0609375, 0.41875, 0.2046875]",TRACKING
NaVi-collect-20260919-024719-670-dd86e6fb,241,48.428,358562241720428,images/241.png,boat,0.36328125,False,False,"[0.008333334, 0.01875, 0.9875, 0.9796875]",TRACKING
NaVi-collect-20260919-024719-670-dd86e6fb,246,49.442,358563245293912,images/246.png,fire hydrant,0.4765625,False,False,"[0.30833334, 0.3203125, 0.38125, 0.4453125]",TRACKING
NaVi-collect-20260919-024719-670-dd86e6fb,251,50.482,358564281637745,images/251.png,fire hydrant,0.59375,False,False,"[0.20625, 0.3296875, 0.27916667, 0.453125]",TRACKING
NaVi-collect-20260919-024719-670-dd86e6fb,256,51.488,358565284624249,images/256.png,person,0.73828125,True,True,"[0, 0.0046875, 0.96875, 0.99375]",TRACKING
NaVi-collect-20260919-024719-670-dd86e6fb,259,52.085,358565886930669,images/259.png,cat,0.38671875,False,False,"[0.004166667, 0.003125, 0.9916667, 1]",TRACKING
NaVi-collect-20260919-024719-670-dd86e6fb,261,52.508,358566288246879,images/261.png,cat,0.7890625,False,False,"[0.008333334, 0.01875, 0.9875, 0.9796875]",TRACKING
NaVi-collect-20260919-024719-670-dd86e6fb,262,52.685,358566489060808,images/262.png,cat,0.76953125,False,False,"[0, 0.009375, 1, 0.9890625]",TRACKING
NaVi-collect-20260919-024719-670-dd86e6fb,263,52.878,358566690129083,images/263.png,person,0.5,True,False,"[0.21875, 0.8546875, 0.5541667, 0.9984375]",TRACKING
NaVi-collect-20260919-024719-670-dd86e6fb,266,53.485,358567292019260,images/266.png,cat,0.65625,False,False,"[0, 0.01875, 1, 0.9796875]",TRACKING
NaVi-collect-20260919-024719-670-dd86e6fb,268,53.888,358567692950711,images/268.png,cat,0.5234375,False,False,"[0.008333334, 0.009375, 0.9875, 0.9890625]",TRACKING
NaVi-collect-20260919-024719-670-dd86e6fb,270,54.299,358568094911067,images/270.png,cat,0.73828125,False,False,"[0, 0.009375, 1, 0.9890625]",TRACKING
NaVi-collect-20260919-024719-670-dd86e6fb,272,54.707,358568496181997,images/272.png,cat,0.69921875,False,False,"[0.008333334, 0.0828125, 0.9875, 0.990625]",TRACKING
NaVi-collect-20260919-024719-670-dd86e6fb,275,55.288,358569097559520,images/275.png,cat,0.73828125,False,False,"[0, 0, 1, 1]",TRACKING
NaVi-collect-20260919-024719-670-dd86e6fb,277,55.702,358569499250932,images/277.png,cat,0.5234375,False,False,"[0, 0.01875, 1, 0.9796875]",TRACKING
NaVi-collect-20260919-024719-670-dd86e6fb,278,55.891,358569700092053,images/278.png,cat,0.4296875,False,False,"[0, 0.0140625, 1, 0.984375]",TRACKING
NaVi-collect-20260919-024719-670-dd86e6fb,279,56.108,358569900396267,images/279.png,cat,0.59375,False,False,"[0, 0.009375, 1, 0.9890625]",TRACKING
NaVi-collect-20260919-024719-670-dd86e6fb,284,57.092,358570902836309,images/284.png,cat,0.5234375,False,False,"[0.004166667, 0.0046875, 0.9916667, 0.99375]",TRACKING
NaVi-collect-20260919-024719-670-dd86e6fb,285,57.308,358571103504472,images/285.png,cat,0.546875,False,False,"[0, 0.046875, 1, 0.990625]",TRACKING
NaVi-collect-20260919-024719-670-dd86e6fb,286,57.515,358571304125746,images/286.png,dog,0.453125,False,False,"[0.48541668, 0, 0.81458336, 0.1609375]",TRACKING
NaVi-collect-20260919-024719-670-dd86e6fb,290,58.321,358572105861732,images/290.png,person,0.5,True,False,"[0.20208333, 0.003125, 0.41666666, 0.2546875]",TRACKING
NaVi-collect-20260919-024719-670-dd86e6fb,290,58.321,358572105861732,images/290.png,cat,0.36328125,False,False,"[0.083333336, 0.046875, 0.9916667, 0.990625]",TRACKING
NaVi-collect-20260919-024719-670-dd86e6fb,296,59.505,358573309780142,images/296.png,fire hydrant,0.40625,False,False,"[0, 0.115625, 0.075, 0.33125]",TRACKING
NaVi-collect-20260919-024719-670-dd86e6fb,298,59.914,358573710657521,images/298.png,car,0.38671875,True,False,"[0.8333333, 0.0515625, 0.9916667, 0.2328125]",TRACKING
NaVi-collect-20260919-024719-670-dd86e6fb,298,59.914,358573710657521,images/298.png,car,0.38671875,True,False,"[0.016666668, 0.25625, 0.30416667, 0.40625]",TRACKING
NaVi-collect-20260919-024719-670-dd86e6fb,303,61.002,358574813594896,images/303.png,cat,0.61328125,False,False,"[0.014583333, 0.0046875, 0.98333335, 0.99375]",TRACKING
NaVi-collect-20260919-024719-670-dd86e6fb,304,61.211,358575014324480,images/304.png,cat,0.75390625,False,False,"[0.008333334, 0.0828125, 0.9875, 0.990625]",TRACKING
NaVi-collect-20260919-024719-670-dd86e6fb,305,61.43,358575215266293,images/305.png,cat,0.61328125,False,False,"[0.03125, 0.0765625, 1, 0.9921875]",TRACKING
NaVi-collect-20260919-024719-670-dd86e6fb,309,62.211,358576017561018,images/309.png,cat,0.546875,False,False,"[0.004166667, 0.0421875, 0.93958336, 0.9046875]",TRACKING
NaVi-collect-20260919-024719-670-dd86e6fb,310,62.418,358576218461878,images/310.png,cat,0.38671875,False,False,"[0.0020833334, 0.2109375, 0.525, 0.7875]",TRACKING
NaVi-collect-20260919-024719-670-dd86e6fb,313,63.015,358576820322681,images/313.png,cat,0.63671875,False,False,"[0.0125, 0.25, 0.91041666, 0.9640625]",TRACKING
NaVi-collect-20260919-024719-670-dd86e6fb,314,63.223,358577020695339,images/314.png,cat,0.40625,False,False,"[0, 0.0453125, 0.97291666, 0.9765625]",TRACKING
NaVi-collect-20260919-024719-670-dd86e6fb,316,63.637,358577421875245,images/316.png,person,0.36328125,True,False,"[0.072916664, 0.009375, 0.9625, 0.9890625]",TRACKING
NaVi-collect-20260919-024719-670-dd86e6fb,319,64.214,358578022991042,images/319.png,cat,0.5,False,False,"[0, 0.01875, 0.9791667, 0.9796875]",TRACKING
NaVi-collect-20260919-024719-670-dd86e6fb,320,64.433,358578223402236,images/320.png,cat,0.65625,False,False,"[0.008333334, 0, 0.9875, 0.9796875]",TRACKING
NaVi-collect-20260919-024719-670-dd86e6fb,321,64.616,358578423801234,images/321.png,cat,0.65625,False,False,"[0.035416666, 0.0078125, 0.9604167, 0.9515625]",TRACKING
NaVi-collect-20260919-024719-670-dd86e6fb,322,64.84,358578624492297,images/322.png,cat,0.76953125,False,False,"[0.008333334, 0.009375, 0.9875, 0.9890625]",TRACKING
NaVi-collect-20260919-024719-670-dd86e6fb,323,65.016,358578825236732,images/323.png,cat,0.453125,False,False,"[0.041666668, 0.0234375, 0.99375, 0.975]",TRACKING
NaVi-collect-20260919-024719-670-dd86e6fb,325,65.416,358579226915463,images/325.png,cat,0.61328125,False,False,"[0.008333334, 0.0546875, 0.9875, 0.9796875]",TRACKING
NaVi-collect-20260919-024719-670-dd86e6fb,326,65.639,358579427396582,images/326.png,cat,0.71875,False,False,"[0.014583333, 0.2046875, 0.98333335, 0.975]",TRACKING
NaVi-collect-20260919-024719-670-dd86e6fb,327,65.825,358579628347431,images/327.png,cat,0.61328125,False,False,"[0.004166667, 0.1453125, 0.99375, 0.975]",TRACKING
NaVi-collect-20260919-024719-670-dd86e6fb,329,66.268,358580029697464,images/329.png,cat,0.71875,False,False,"[0.008333334, 0.0171875, 0.9875, 0.9421875]",TRACKING
NaVi-collect-20260919-024719-670-dd86e6fb,331,66.634,358580431052054,images/331.png,cat,0.5703125,False,False,"[0.004166667, 0.0765625, 0.9916667, 0.9921875]",TRACKING
NaVi-collect-20260919-024719-670-dd86e6fb,332,66.82,358580631910739,images/332.png,cat,0.59375,False,False,"[0.0125, 0.18125, 0.98333335, 0.9796875]",TRACKING
NaVi-collect-20260919-024719-670-dd86e6fb,333,67.024,358580832529801,images/333.png,cat,0.546875,False,False,"[0.014583333, 0.05, 0.98333335, 0.984375]",TRACKING
NaVi-collect-20260919-024719-670-dd86e6fb,335,67.433,358581233663494,images/335.png,cat,0.38671875,False,False,"[0.01875, 0.046875, 0.9791667, 0.990625]",TRACKING
NaVi-collect-20260919-024719-670-dd86e6fb,336,67.636,358581434138439,images/336.png,cat,0.453125,False,False,"[0.004166667, 0.0140625, 0.9916667, 0.984375]",TRACKING
NaVi-collect-20260919-024719-670-dd86e6fb,338,68.033,358581835498475,images/338.png,cat,0.6796875,False,False,"[0.041666668, 0.2046875, 0.99375, 0.975]",TRACKING
NaVi-collect-20260919-024719-670-dd86e6fb,339,68.258,358582036205804,images/339.png,cat,0.5234375,False,False,"[0.008333334, 0.0546875, 0.9875, 0.9796875]",TRACKING
NaVi-collect-20260919-024719-670-dd86e6fb,340,68.423,358582236864131,images/340.png,cat,0.546875,False,False,"[0.01875, 0.01875, 0.9791667, 0.9796875]",TRACKING
NaVi-collect-20260919-024719-670-dd86e6fb,342,68.836,358582637805942,images/342.png,cat,0.61328125,False,False,"[0.004166667, 0.05, 0.9916667, 0.984375]",TRACKING
NaVi-collect-20260919-024719-670-dd86e6fb,345,69.441,358583239808977,images/345.png,cat,0.453125,False,False,"[0, 0.1109375, 0.9916667, 0.990625]",TRACKING
NaVi-collect-20260919-024719-670-dd86e6fb,346,69.637,358583440745880,images/346.png,cat,0.73828125,False,False,"[0, 0.0546875, 1, 0.9796875]",TRACKING
NaVi-collect-20260919-024719-670-dd86e6fb,349,70.247,358584042451014,images/349.png,cat,0.59375,False,False,"[0.004166667, 0.196875, 0.9916667, 0.9828125]",TRACKING
NaVi-collect-20260919-024719-670-dd86e6fb,351,70.639,358584443770514,images/351.png,cat,0.71875,False,False,"[0.008333334, 0.0828125, 0.9875, 0.990625]",TRACKING
NaVi-collect-20260919-024719-670-dd86e6fb,354,71.242,358585045345646,images/354.png,cat,0.71875,False,False,"[0, 0.01875, 1, 0.9796875]",TRACKING
NaVi-collect-20260919-024719-670-dd86e6fb,357,71.847,358585647581377,images/357.png,cat,0.63671875,False,False,"[0.0125, 0.2, 0.98333335, 0.9828125]",TRACKING
NaVi-collect-20260919-024719-670-dd86e6fb,359,72.292,358586085216288,images/359.png,cat,0.6796875,False,False,"[0.004166667, 0.2109375, 0.9916667, 0.9671875]",TRACKING
NaVi-collect-20260919-024719-670-dd86e6fb,364,73.379,358587149428117,images/364.png,cat,0.36328125,False,False,"[0, 0.1328125, 0.9875, 0.9796875]",TRACKING
NaVi-collect-20260919-024719-670-dd86e6fb,366,73.763,358587557752607,images/366.png,cat,0.36328125,False,False,"[0.041666668, 0.0046875, 0.99375, 0.99375]",TRACKING
NaVi-collect-20260919-024719-670-dd86e6fb,368,74.175,358587983493299,images/368.png,car,0.453125,True,False,"[0.1625, 0, 0.9604167, 0.3234375]",TRACKING
NaVi-collect-20260919-024719-670-dd86e6fb,369,74.413,358588184376705,images/369.png,cat,0.36328125,False,False,"[0.14375, 0, 0.9770833, 0.5546875]",TRACKING
NaVi-collect-20260919-024719-670-dd86e6fb,371,74.786,358588593145524,images/371.png,cat,0.546875,False,False,"[0.004166667, 0.128125, 0.9916667, 0.9765625]",TRACKING
NaVi-collect-20260919-024719-670-dd86e6fb,372,75.015,358588826147948,images/372.png,cat,0.4765625,False,False,"[0.004166667, 0.0046875, 0.9916667, 0.99375]",TRACKING
NaVi-collect-20260919-024719-670-dd86e6fb,374,75.408,358589226672278,images/374.png,cat,0.4296875,False,False,"[0.12708333, 0.0109375, 0.9916667, 0.565625]",TRACKING
NaVi-collect-20260919-024719-670-dd86e6fb,374,75.408,358589226672278,images/374.png,car,0.40625,True,False,"[0, 0.003125, 0.27708334, 0.20625]",TRACKING
NaVi-collect-20260919-024719-670-dd86e6fb,378,76.314,358590126490699,images/378.png,bird,0.38671875,False,False,"[0.27083334, 0.9328125, 0.46666667, 0.9953125]",TRACKING
NaVi-collect-20260919-024719-670-dd86e6fb,422,85.831,358599624923930,images/422.png,car,0.40625,True,False,"[0.36666667, 0.275, 0.5541667, 0.353125]",TRACKING
NaVi-collect-20260919-024719-670-dd86e6fb,422,85.831,358599624923930,images/422.png,car,0.36328125,True,False,"[0.46666667, 0.18125, 0.61875, 0.2640625]",TRACKING
NaVi-collect-20260919-024719-670-dd86e6fb,423,86.027,358599825445566,images/423.png,car,0.40625,True,False,"[0.041666668, 0.2234375, 0.17916666, 0.2796875]",TRACKING
NaVi-collect-20260919-024719-670-dd86e6fb,427,86.81,358600627824553,images/427.png,person,0.40625,True,False,"[0, 0.35625, 0.27083334, 0.990625]",TRACKING
NaVi-collect-20260919-024719-670-dd86e6fb,429,87.237,358601029086316,images/429.png,tv,0.36328125,False,False,"[0.14791666, 0, 0.99375, 0.3484375]",TRACKING
NaVi-collect-20260919-024719-670-dd86e6fb,433,88.024,358601831867218,images/433.png,cat,0.6796875,False,False,"[0, 0.0046875, 1, 0.99375]",TRACKING
NaVi-collect-20260919-024719-670-dd86e6fb,435,88.435,358602233042676,images/435.png,car,0.40625,True,False,"[0.079166666, 0.15, 0.22083333, 0.228125]",TRACKING
NaVi-collect-20260919-024719-670-dd86e6fb,435,88.435,358602233042676,images/435.png,car,0.36328125,True,False,"[0.20625, 0.1328125, 0.32083333, 0.215625]",TRACKING
NaVi-collect-20260919-024719-670-dd86e6fb,438,89.031,358602834759401,images/438.png,cat,0.61328125,False,False,"[0, 0.28125, 0.9895833, 0.9921875]",TRACKING
NaVi-collect-20260919-024719-670-dd86e6fb,439,89.24,358603035557201,images/439.png,elephant,0.4296875,False,False,"[0, 0.1375, 0.9875, 0.9703125]",TRACKING
NaVi-collect-20260919-024719-670-dd86e6fb,441,89.627,358603436847938,images/441.png,cat,0.40625,False,False,"[0.0125, 0.240625, 0.98333335, 0.99375]",TRACKING
NaVi-collect-20260919-024719-670-dd86e6fb,448,91.033,358604841109959,images/448.png,car,0.5,True,False,"[0, 0.303125, 0.12916666, 0.40625]",TRACKING
NaVi-collect-20260919-024719-670-dd86e6fb,448,91.033,358604841109959,images/448.png,car,0.4296875,True,False,"[0.35208333, 0.303125, 0.45, 0.36875]",TRACKING
NaVi-collect-20260919-024719-670-dd86e6fb,448,91.033,358604841109959,images/448.png,person,0.36328125,True,False,"[0.004166667, 0.0140625, 0.92083335, 0.984375]",TRACKING
NaVi-collect-20260919-024719-670-dd86e6fb,449,91.243,358605041723920,images/449.png,cat,0.61328125,False,False,"[0.004166667, 0.2640625, 0.99375, 0.9890625]",TRACKING
NaVi-collect-20260919-024719-670-dd86e6fb,449,91.243,358605041723920,images/449.png,car,0.36328125,True,False,"[0.33333334, 0.3, 0.43333334, 0.3640625]",TRACKING
NaVi-collect-20260919-024719-670-dd86e6fb,450,91.444,358605242426708,images/450.png,car,0.453125,True,False,"[0, 0.284375, 0.09375, 0.3859375]",TRACKING
NaVi-collect-20260919-024719-670-dd86e6fb,452,91.833,358605643892279,images/452.png,car,0.453125,True,False,"[0.25833333, 0.25625, 0.3875, 0.3265625]",TRACKING
NaVi-collect-20260919-024719-670-dd86e6fb,453,92.032,358605844226036,images/453.png,car,0.453125,True,False,"[0.25625, 0.225, 0.38958332, 0.303125]",TRACKING
NaVi-collect-20260919-024719-670-dd86e6fb,455,92.452,358606245247727,images/455.png,cat,0.63671875,False,False,"[0, 0.246875, 0.9895833, 0.9859375]",TRACKING
NaVi-collect-20260919-024719-670-dd86e6fb,455,92.452,358606245247727,images/455.png,car,0.36328125,True,False,"[0.5520833, 0.221875, 0.70416665, 0.3171875]",TRACKING
NaVi-collect-20260919-024719-670-dd86e6fb,459,93.277,358607047677640,images/459.png,car,0.5234375,True,False,"[0.48541668, 0.1921875, 0.6041667, 0.2734375]",TRACKING
NaVi-collect-20260919-024719-670-dd86e6fb,459,93.277,358607047677640,images/459.png,car,0.36328125,True,False,"[0, 0.1765625, 0.20833333, 0.334375]",TRACKING
NaVi-collect-20260919-024719-670-dd86e6fb,460,93.467,358607248270823,images/460.png,car,0.453125,True,False,"[0.5416667, 0.19375, 0.6666667, 0.2578125]",TRACKING
NaVi-collect-20260919-024719-670-dd86e6fb,460,93.467,358607248270823,images/460.png,car,0.40625,True,False,"[0.32291666, 0.2109375, 0.45625, 0.2640625]",TRACKING
NaVi-collect-20260919-024719-670-dd86e6fb,460,93.467,358607248270823,images/460.png,cat,0.38671875,False,False,"[0.0125, 0.2296875, 0.98333335, 0.9828125]",TRACKING
NaVi-collect-20260919-024719-670-dd86e6fb,462,93.85,358607649627120,images/462.png,car,0.36328125,True,False,"[0.59166664, 0.1796875, 0.72083336, 0.259375]",TRACKING
NaVi-collect-20260919-024719-670-dd86e6fb,464,94.237,358608050608735,images/464.png,car,0.36328125,True,False,"[0, 0.2921875, 0.1375, 0.5078125]",TRACKING
NaVi-collect-20260919-024719-670-dd86e6fb,464,94.237,358608050608735,images/464.png,car,0.36328125,True,False,"[0.68125, 0.1859375, 0.98541665, 0.6703125]",TRACKING
NaVi-collect-20260919-024719-670-dd86e6fb,468,95.053,358608853458757,images/468.png,cat,0.5234375,False,False,"[0.0125, 0.2546875, 0.98333335, 0.9796875]",TRACKING
NaVi-collect-20260919-024719-670-dd86e6fb,468,95.053,358608853458757,images/468.png,car,0.40625,True,False,"[0.32916668, 0.1390625, 0.43958333, 0.196875]",TRACKING
NaVi-collect-20260919-024719-670-dd86e6fb,471,95.647,358609455557038,images/471.png,car,0.5,True,False,"[0.175, 0.246875, 0.325, 0.33125]",TRACKING
NaVi-collect-20260919-024719-670-dd86e6fb,471,95.647,358609455557038,images/471.png,car,0.453125,True,False,"[0.59375, 0.2125, 0.8229167, 0.35625]",TRACKING
NaVi-collect-20260919-024719-670-dd86e6fb,472,95.847,358609656308670,images/472.png,car,0.453125,True,False,"[0.2125, 0.2046875, 0.35625, 0.28125]",TRACKING
NaVi-collect-20260919-024719-670-dd86e6fb,472,95.847,358609656308670,images/472.png,person,0.453125,True,False,"[0.69166666, 0.3359375, 0.8125, 0.5171875]",TRACKING
NaVi-collect-20260919-024719-670-dd86e6fb,473,96.066,358609856805324,images/473.png,car,0.5,True,False,"[0.2375, 0.1375, 0.40208334, 0.2265625]",TRACKING
NaVi-collect-20260919-024719-670-dd86e6fb,473,96.066,358609856805324,images/473.png,fire hydrant,0.38671875,False,False,"[0.7708333, 0.259375, 0.8958333, 0.4234375]",TRACKING
NaVi-collect-20260919-024719-670-dd86e6fb,476,96.688,358610458209613,images/476.png,car,0.38671875,True,False,"[0.88125, 0.371875, 0.99791664, 0.465625]",TRACKING
NaVi-collect-20260919-024719-670-dd86e6fb,476,96.688,358610458209613,images/476.png,fire hydrant,0.36328125,False,False,"[0.56041664, 0.4625, 0.66875, 0.64375]",TRACKING
NaVi-collect-20260919-024719-670-dd86e6fb,482,97.902,358611695255542,images/482.png,fire hydrant,0.61328125,False,False,"[0.45416668, 0.434375, 0.7416667, 0.834375]",TRACKING
NaVi-collect-20260919-024719-670-dd86e6fb,483,98.09,358611895890047,images/483.png,car,0.546875,True,False,"[0.64375, 0.0046875, 0.98541665, 0.246875]",TRACKING
NaVi-collect-20260919-024719-670-dd86e6fb,483,98.09,358611895890047,images/483.png,fire hydrant,0.5234375,False,False,"[0.56875, 0.36875, 0.85625, 0.809375]",TRACKING
NaVi-collect-20260919-024719-670-dd86e6fb,485,98.489,358612297181606,images/485.png,car,0.546875,True,False,"[0.42083332, 0.0296875, 0.99583334, 0.2578125]",TRACKING
NaVi-collect-20260919-024719-670-dd86e6fb,485,98.489,358612297181606,images/485.png,car,0.4296875,True,False,"[0.16458334, 0.1171875, 0.31875, 0.1875]",TRACKING
NaVi-collect-20260919-024719-670-dd86e6fb,485,98.489,358612297181606,images/485.png,person,0.40625,True,False,"[0.65416664, 0.453125, 0.9895833, 0.9984375]",TRACKING
NaVi-collect-20260919-024719-670-dd86e6fb,486,98.705,358612497559671,images/486.png,car,0.546875,True,False,"[0.29791668, 0.2078125, 0.5854167, 0.3515625]",TRACKING
NaVi-collect-20260919-024719-670-dd86e6fb,486,98.705,358612497559671,images/486.png,car,0.38671875,True,False,"[0.09583333, 0.2140625, 0.18125, 0.2671875]",TRACKING
NaVi-collect-20260919-024719-670-dd86e6fb,487,98.906,358612697910921,images/487.png,car,0.63671875,True,True,"[0.29583332, 0.1609375, 0.6, 0.31875]",TRACKING
NaVi-collect-20260919-024719-670-dd86e6fb,487,98.906,358612697910921,images/487.png,car,0.4765625,True,False,"[0.0020833334, 0.1265625, 0.16875, 0.21875]",TRACKING
NaVi-collect-20260919-024719-670-dd86e6fb,488,99.108,358612898616201,images/488.png,car,0.63671875,True,True,"[0.22083333, 0.0984375, 0.55, 0.2828125]",TRACKING
NaVi-collect-20260919-024719-670-dd86e6fb,488,99.108,358612898616201,images/488.png,car,0.5234375,True,False,"[0, 0.0703125, 0.083333336, 0.1546875]",TRACKING
NaVi-collect-20260919-024719-670-dd86e6fb,489,99.31,358613099340675,images/489.png,car,0.38671875,True,False,"[0.11875, 0.1171875, 0.46666667, 0.3046875]",TRACKING
NaVi-collect-20260919-024719-670-dd86e6fb,502,101.879,358615706587960,images/502.png,car,0.38671875,True,False,"[0, 0.0078125, 0.12708333, 0.09375]",TRACKING
NaVi-collect-20260919-024719-670-dd86e6fb,503,102.086,358615907224582,images/503.png,car,0.453125,True,False,"[0, 0.0375, 0.114583336, 0.1453125]",TRACKING
NaVi-collect-20260919-024719-670-dd86e6fb,506,102.693,358616508845635,images/506.png,car,0.38671875,True,False,"[0, 0.040625, 0.13958333, 0.140625]",TRACKING
NaVi-collect-20260919-024719-670-dd86e6fb,511,103.695,358617512038187,images/511.png,car,0.4765625,True,False,"[0, 0.115625, 0.104166664, 0.196875]",TRACKING
NaVi-collect-20260919-024719-670-dd86e6fb,512,103.886,358617712652351,images/512.png,keyboard,0.38671875,False,False,"[0, 0.0078125, 0.38333333, 0.2796875]",TRACKING
NaVi-collect-20260919-024719-670-dd86e6fb,516,104.705,358618515506261,images/516.png,cat,0.36328125,False,False,"[0.016666668, 0.034375, 0.95, 0.546875]",TRACKING
NaVi-collect-20260919-024719-670-dd86e6fb,520,105.495,358619318110621,images/520.png,car,0.453125,True,False,"[0.0020833334, 0.334375, 0.19791667, 0.44375]",TRACKING
NaVi-collect-20260919-024719-670-dd86e6fb,521,105.685,358619518830146,images/521.png,airplane,0.38671875,False,False,"[0, 0.18125, 0.17708333, 0.3765625]",TRACKING
NaVi-collect-20260919-024719-670-dd86e6fb,523,106.105,358619919341709,images/523.png,person,0.5,True,False,"[0.29791668, 0.1859375, 0.49375, 0.3890625]",TRACKING
NaVi-collect-20260919-024719-670-dd86e6fb,524,106.309,358620120194168,images/524.png,car,0.4296875,True,False,"[0, 0.2, 0.12916666, 0.3296875]",TRACKING
NaVi-collect-20260919-024719-670-dd86e6fb,530,107.512,358621324778353,images/530.png,person,0.36328125,True,False,"[0.17291667, 0.3015625, 0.20833333, 0.365625]",TRACKING
NaVi-collect-20260919-024719-670-dd86e6fb,536,108.731,358622528948617,images/536.png,person,0.59375,True,False,"[0.052083332, 0.43125, 0.98541665, 1]",TRACKING
NaVi-collect-20260919-024719-670-dd86e6fb,545,110.532,358624334881713,images/545.png,dog,0.38671875,False,False,"[0.04375, 0.3953125, 0.99583334, 0.9828125]",TRACKING
NaVi-collect-20260919-024719-670-dd86e6fb,551,111.753,358625537987958,images/551.png,person,0.38671875,True,False,"[0.15208334, 0.2609375, 0.21875, 0.3453125]",TRACKING
NaVi-collect-20260919-024719-670-dd86e6fb,552,111.935,358625738746381,images/552.png,truck,0.38671875,True,False,"[0.027083334, 0.2078125, 0.36875, 0.33125]",TRACKING
NaVi-collect-20260919-024719-670-dd86e6fb,554,112.337,358626139822150,images/554.png,person,0.36328125,True,False,"[0.17916666, 0.05, 0.96458334, 0.984375]",TRACKING
NaVi-collect-20260919-024719-670-dd86e6fb,555,112.535,358626340444356,images/555.png,person,0.4765625,True,False,"[0.2625, 0.2265625, 0.9895833, 0.996875]",TRACKING
NaVi-collect-20260919-024719-670-dd86e6fb,560,113.545,358627342812034,images/560.png,person,0.4296875,True,False,"[0.475, 0.2859375, 0.49375, 0.33125]",TRACKING
NaVi-collect-20260919-024719-670-dd86e6fb,561,113.752,358627543450973,images/561.png,airplane,0.5234375,False,False,"[0, 0.0109375, 0.35625, 0.334375]",TRACKING
NaVi-collect-20260919-024719-670-dd86e6fb,561,113.752,358627543450973,images/561.png,person,0.36328125,True,False,"[0.079166666, 0.2703125, 0.14791666, 0.3484375]",TRACKING
NaVi-collect-20260919-024719-670-dd86e6fb,564,114.339,358628144949262,images/564.png,cat,0.4765625,False,False,"[0.033333335, 0.328125, 1, 0.9875]",TRACKING
NaVi-collect-20260919-024719-670-dd86e6fb,565,114.571,358628345250767,images/565.png,cat,0.5234375,False,False,"[0.052083332, 0.278125, 0.98541665, 0.9765625]",TRACKING
NaVi-collect-20260919-024719-670-dd86e6fb,569,115.34,358629147695044,images/569.png,cat,0.40625,False,False,"[0.0125, 0.2640625, 0.98333335, 0.9890625]",TRACKING
NaVi-collect-20260919-024719-670-dd86e6fb,572,115.943,358629749385677,images/572.png,person,0.38671875,True,False,"[0.31458333, 0.2609375, 0.35833332, 0.30625]",TRACKING
NaVi-collect-20260919-024719-670-dd86e6fb,572,115.943,358629749385677,images/572.png,cat,0.36328125,False,False,"[0.004166667, 0.278125, 0.99375, 0.9765625]",TRACKING
NaVi-collect-20260919-024719-670-dd86e6fb,573,116.149,358629949994622,images/573.png,cat,0.546875,False,False,"[0.004166667, 0.2640625, 0.99375, 0.9890625]",TRACKING
NaVi-collect-20260919-024719-670-dd86e6fb,573,116.149,358629949994622,images/573.png,person,0.40625,True,False,"[0.28541666, 0.2703125, 0.31041667, 0.3171875]",TRACKING
NaVi-collect-20260919-024719-670-dd86e6fb,574,116.344,358630150377193,images/574.png,cat,0.5234375,False,False,"[0.004166667, 0.2640625, 0.99375, 0.9890625]",TRACKING
NaVi-collect-20260919-024719-670-dd86e6fb,574,116.344,358630150377193,images/574.png,person,0.5,True,False,"[0.28333333, 0.2703125, 0.30833334, 0.315625]",TRACKING
NaVi-collect-20260919-024719-670-dd86e6fb,575,116.539,358630350846673,images/575.png,cat,0.61328125,False,False,"[0.004166667, 0.28125, 0.99375, 0.9921875]",TRACKING
NaVi-collect-20260919-024719-670-dd86e6fb,581,117.76,358631555423917,images/581.png,cat,0.61328125,False,False,"[0, 0.128125, 0.9875, 0.9765625]",TRACKING
NaVi-collect-20260919-024719-670-dd86e6fb,582,117.962,358631756468813,images/582.png,cat,0.4296875,False,False,"[0, 0.3015625, 0.97083336, 0.9734375]",TRACKING
NaVi-collect-20260919-024719-670-dd86e6fb,584,118.362,358632157792421,images/584.png,cat,0.65625,False,False,"[0.004166667, 0.3046875, 0.99375, 0.9890625]",TRACKING
NaVi-collect-20260919-024719-670-dd86e6fb,584,118.362,358632157792421,images/584.png,person,0.36328125,True,False,"[0.17291667, 0.2796875, 0.22291666, 0.3328125]",TRACKING
NaVi-collect-20260919-024719-670-dd86e6fb,585,118.569,358632358384263,images/585.png,dog,0.40625,False,False,"[0.004166667, 0.246875, 0.99375, 0.9859375]",TRACKING
NaVi-collect-20260919-024719-670-dd86e6fb,587,118.989,358632795717078,images/587.png,person,0.453125,True,False,"[0.35, 0.0546875, 0.41041666, 0.1171875]",TRACKING
NaVi-collect-20260919-024719-670-dd86e6fb,587,118.989,358632795717078,images/587.png,cat,0.40625,False,False,"[0.077083334, 0.040625, 0.99375, 0.9921875]",TRACKING
NaVi-collect-20260919-024719-670-dd86e6fb,589,119.403,358633196120391,images/589.png,person,0.4765625,True,False,"[0.375, 0.003125, 0.45833334, 0.1078125]",TRACKING
NaVi-collect-20260919-024719-670-dd86e6fb,589,119.403,358633196120391,images/589.png,cat,0.36328125,False,False,"[0.041666668, 0.09375, 0.99375, 0.975]",TRACKING
NaVi-collect-20260919-024719-670-dd86e6fb,590,119.577,358633396485233,images/590.png,cat,0.453125,False,False,"[0.004166667, 0.2453125, 0.99375, 0.9984375]",TRACKING
NaVi-collect-20260919-024719-670-dd86e6fb,591,119.785,358633600873517,images/591.png,person,0.38671875,True,False,"[0.24166666, 0.2828125, 0.27916667, 0.3765625]",TRACKING
NaVi-collect-20260919-024719-670-dd86e6fb,594,120.48,358634267685285,images/594.png,person,0.4296875,True,False,"[0.15833333, 0.2890625, 0.2125, 0.3421875]",TRACKING
NaVi-collect-20260919-024719-670-dd86e6fb,598,121.363,358635167770030,images/598.png,bench,0.36328125,False,False,"[0.68125, 0.3453125, 0.825, 0.46875]",TRACKING
NaVi-collect-20260919-024719-670-dd86e6fb,611,124.148,358637967936887,images/611.png,bench,0.36328125,False,False,"[0.6479167, 0.2859375, 0.93541664, 0.4890625]",TRACKING
NaVi-collect-20260919-024719-670-dd86e6fb,614,124.832,358638634523109,images/614.png,bench,0.4296875,False,False,"[0.5854167, 0.3390625, 0.73333335, 0.46875]",TRACKING
NaVi-collect-20260919-024719-670-dd86e6fb,616,125.259,358639067844237,images/616.png,bench,0.453125,False,False,"[0.4875, 0.3109375, 0.6645833, 0.471875]",TRACKING
NaVi-collect-20260919-024719-670-dd86e6fb,626,127.451,358641267555363,images/626.png,cat,0.453125,False,False,"[0.08125, 0.275, 0.99791664, 1]",TRACKING
NaVi-collect-20260919-024719-670-dd86e6fb,630,128.296,358642094101080,images/630.png,dog,0.4765625,False,False,"[0.5541667, 0.5359375, 0.70208335, 0.6875]",TRACKING
NaVi-collect-20260919-024719-670-dd86e6fb,634,129.105,358642896762746,images/634.png,cat,0.75390625,False,False,"[0.004166667, 0.196875, 0.99375, 0.9953125]",TRACKING
NaVi-collect-20260919-024719-670-dd86e6fb,635,129.323,358643097651041,images/635.png,cat,0.80078125,False,False,"[0.004166667, 0.1546875, 0.9916667, 0.9875]",TRACKING
NaVi-collect-20260919-024719-670-dd86e6fb,637,129.718,358643498698240,images/637.png,cat,0.40625,False,False,"[0.014583333, 0.128125, 0.98333335, 0.9765625]",TRACKING
NaVi-collect-20260919-024719-670-dd86e6fb,638,129.912,358643699345812,images/638.png,cat,0.5234375,False,False,"[0, 0.0859375, 1, 0.984375]",TRACKING
NaVi-collect-20260919-024719-670-dd86e6fb,639,130.099,358643899889684,images/639.png,cat,0.71875,False,False,"[0.008333334, 0.01875, 0.9875, 0.9796875]",TRACKING
NaVi-collect-20260919-024719-670-dd86e6fb,641,130.513,358644301074197,images/641.png,cat,0.36328125,False,False,"[0.05, 0.2375, 0.98333335, 0.9796875]",TRACKING
NaVi-collect-20260919-024719-670-dd86e6fb,642,130.706,358644501576855,images/642.png,cat,0.63671875,False,False,"[0.004166667, 0.1625, 0.9916667, 0.9796875]",TRACKING
NaVi-collect-20260919-024719-670-dd86e6fb,644,131.106,358644902796428,images/644.png,cat,0.5703125,False,False,"[0.077083334, 0.040625, 0.99375, 0.9921875]",TRACKING
NaVi-collect-20260919-024719-670-dd86e6fb,645,131.289,358645103324048,images/645.png,cat,0.4765625,False,False,"[0.11875, 0.496875, 0.65208334, 1]",TRACKING
NaVi-collect-20260919-024719-670-dd86e6fb,645,131.289,358645103324048,images/645.png,cat,0.36328125,False,False,"[0.18125, 0.03125, 0.99791664, 1]",TRACKING
NaVi-collect-20260919-024719-670-dd86e6fb,647,131.698,358645504314392,images/647.png,person,0.546875,True,False,"[0.1375, 0.0765625, 0.96875, 0.9921875]",TRACKING
NaVi-collect-20260919-024719-670-dd86e6fb,648,131.905,358645704873346,images/648.png,person,0.36328125,True,False,"[0, 0.4578125, 0.75625, 0.98125]",TRACKING
NaVi-collect-20260919-024719-670-dd86e6fb,649,132.112,358645904933297,images/649.png,person,0.453125,True,False,"[0.00625, 0.578125, 0.48958334, 0.99375]",TRACKING
NaVi-collect-20260919-024719-670-dd86e6fb,651,132.518,358646306590839,images/651.png,person,0.546875,True,False,"[0.114583336, 0.340625, 0.9625, 0.975]",TRACKING
NaVi-collect-20260919-024719-670-dd86e6fb,657,133.71,358647510348437,images/657.png,umbrella,0.5,False,False,"[0.37916666, 0.215625, 0.9916667, 0.9859375]",TRACKING
NaVi-collect-20260919-024719-670-dd86e6fb,657,133.71,358647510348437,images/657.png,person,0.38671875,True,False,"[0.175, 0.396875, 0.38541666, 0.7265625]",TRACKING
NaVi-collect-20260919-024719-670-dd86e6fb,659,134.11,358647911577561,images/659.png,person,0.59375,True,False,"[0.28958333, 0.0859375, 0.96458334, 0.984375]",TRACKING
NaVi-collect-20260919-024719-670-dd86e6fb,665,135.347,358649147665275,images/665.png,person,0.40625,True,False,"[0.045833334, 0.0828125, 0.9895833, 0.990625]",TRACKING
NaVi-collect-20260919-024719-670-dd86e6fb,666,135.542,358649348366822,images/666.png,cat,0.38671875,False,False,"[0.0125, 0.2640625, 0.98333335, 0.9890625]",TRACKING
NaVi-collect-20260919-024719-670-dd86e6fb,671,136.613,358650416022103,images/671.png,cat,0.5,False,False,"[0.014583333, 0.1703125, 0.98333335, 0.971875]",TRACKING
NaVi-collect-20260919-024719-670-dd86e6fb,672,136.835,358650616836102,images/672.png,cat,0.40625,False,False,"[0.0125, 0.3046875, 0.98333335, 0.9890625]",TRACKING
NaVi-collect-20260919-024719-670-dd86e6fb,680,138.451,358652260710175,images/680.png,person,0.40625,True,False,"[0.14583333, 0.0859375, 0.99375, 0.984375]",TRACKING
NaVi-collect-20260919-024719-670-dd86e6fb,681,138.682,358652489998917,images/681.png,cat,0.61328125,False,False,"[0.004166667, 0.2578125, 0.99375, 0.996875]",TRACKING
NaVi-collect-20260919-024719-670-dd86e6fb,683,139.081,358652894486949,images/683.png,person,0.40625,True,False,"[0.0125, 0.2984375, 0.98333335, 0.996875]",TRACKING
NaVi-collect-20260919-024719-670-dd86e6fb,686,139.723,358653527945939,images/686.png,person,0.40625,True,False,"[0.2625, 0.1859375, 0.9895833, 0.9859375]",TRACKING
NaVi-collect-20260919-024719-670-dd86e6fb,688,140.179,358653994350133,images/688.png,dog,0.4765625,False,False,"[0.04375, 0.328125, 0.99583334, 0.9875]",TRACKING
NaVi-collect-20260919-024719-670-dd86e6fb,688,140.179,358653994350133,images/688.png,car,0.38671875,True,False,"[0.1625, 0.1734375, 0.425, 0.340625]",TRACKING
NaVi-collect-20260919-024719-670-dd86e6fb,691,140.846,358654660869379,images/691.png,cat,0.546875,False,False,"[0.12083333, 0.2375, 0.98541665, 0.9796875]",TRACKING
NaVi-collect-20260919-024719-670-dd86e6fb,724,148.08,358661894239097,images/724.png,person,0.546875,True,False,"[0.0020833334, 0.8140625, 0.23541667, 0.9984375]",TRACKING
NaVi-collect-20260919-024719-670-dd86e6fb,733,149.973,358663794473128,images/733.png,person,0.4296875,True,False,"[0.014583333, 0.8828125, 0.33125, 0.9953125]",TRACKING
NaVi-collect-20260919-024719-670-dd86e6fb,734,150.231,358664027673770,images/734.png,person,0.73828125,True,True,"[0.0020833334, 0.5109375, 0.49583334, 0.9859375]",TRACKING
NaVi-collect-20260919-024719-670-dd86e6fb,743,152.18,358665994046116,images/743.png,person,0.38671875,True,False,"[0.16041666, 0.6828125, 0.78333336, 0.9875]",TRACKING
NaVi-collect-20260919-024719-670-dd86e6fb,744,152.394,358666194090740,images/744.png,cat,0.38671875,False,False,"[0.26041666, 0.64375, 0.8354167, 0.98125]",TRACKING
NaVi-collect-20260919-024719-670-dd86e6fb,745,152.586,358666394279815,images/745.png,person,0.71875,True,True,"[0.2625, 0.6078125, 0.8854167, 0.9921875]",TRACKING
NaVi-collect-20260919-024719-670-dd86e6fb,747,153.047,358666860789820,images/747.png,cat,0.6796875,False,False,"[0.09583333, 0.50625, 0.8208333, 0.990625]",TRACKING
NaVi-collect-20260919-024719-670-dd86e6fb,748,153.283,358667090149832,images/748.png,bear,0.38671875,False,False,"[0.05, 0.05, 1, 0.984375]",TRACKING
NaVi-collect-20260919-024719-670-dd86e6fb,750,153.748,358667556600021,images/750.png,cat,0.453125,False,False,"[0.052083332, 0.56875, 0.6625, 0.984375]",TRACKING
NaVi-collect-20260919-024719-670-dd86e6fb,767,157.461,358671256799754,images/767.png,cat,0.63671875,False,False,"[0.004166667, 0.059375, 0.9916667, 0.975]",TRACKING
NaVi-collect-20260919-024719-670-dd86e6fb,773,158.72,358672528476219,images/773.png,cat,0.5703125,False,False,"[0.004166667, 0.3046875, 0.99375, 0.9890625]",TRACKING
NaVi-collect-20260919-024719-670-dd86e6fb,780,160.261,358674061873605,images/780.png,cat,0.71875,False,False,"[0.004166667, 0.2046875, 0.9916667, 0.975]",TRACKING
NaVi-collect-20260919-024719-670-dd86e6fb,785,161.385,358675161636799,images/785.png,cat,0.4296875,False,False,"[0.041666668, 0.2109375, 0.99375, 0.9671875]",TRACKING
NaVi-collect-20260919-024719-670-dd86e6fb,786,161.608,358675394499990,images/786.png,car,0.36328125,True,False,"[0.09583333, 0.090625, 0.22083333, 0.1515625]",TRACKING
NaVi-collect-20260919-024719-670-dd86e6fb,791,162.592,358676395224324,images/791.png,person,0.36328125,True,False,"[0.56666666, 0.1, 0.6354167, 0.2375]",TRACKING
NaVi-collect-20260919-024719-670-dd86e6fb,792,162.82,358676628401856,images/792.png,person,0.38671875,True,False,"[0.5729167, 0.0046875, 0.6458333, 0.11875]",TRACKING
NaVi-collect-20260919-024719-670-dd86e6fb,799,164.307,358678095412141,images/799.png,person,0.4296875,True,False,"[0.77916664, 0.003125, 0.87708336, 0.1765625]",TRACKING
NaVi-collect-20260919-024719-670-dd86e6fb,801,164.711,358678528866497,images/801.png,person,0.61328125,True,True,"[0.7729167, 0.0921875, 0.8625, 0.25625]",TRACKING
NaVi-collect-20260919-024719-670-dd86e6fb,805,165.631,358679428597683,images/805.png,person,0.4765625,True,False,"[0.4625, 0.1125, 0.58958334, 0.284375]",TRACKING
NaVi-collect-20260919-024719-670-dd86e6fb,807,166.047,358679828986394,images/807.png,person,0.36328125,True,False,"[0.5208333, 0.140625, 0.62916666, 0.315625]",TRACKING
NaVi-collect-20260919-024719-670-dd86e6fb,810,166.72,358680528754635,images/810.png,person,0.63671875,True,True,"[0.010416667, 0.640625, 0.37291667, 0.9828125]",TRACKING
NaVi-collect-20260919-024719-670-dd86e6fb,814,167.549,358681362182862,images/814.png,car,0.4296875,True,False,"[0.12708333, 0, 0.9895833, 0.3234375]",TRACKING
NaVi-collect-20260919-024719-670-dd86e6fb,815,167.789,358681595340910,images/815.png,person,0.6796875,True,True,"[0, 0.58125, 0.53333336, 0.9890625]",TRACKING
NaVi-collect-20260919-024719-670-dd86e6fb,821,169.127,358682928707544,images/821.png,car,0.5,True,False,"[0.71875, 0.33125, 0.8208333, 0.378125]",TRACKING
NaVi-collect-20260919-024719-670-dd86e6fb,822,169.332,358683128805303,images/822.png,car,0.40625,True,False,"[0.68541664, 0.2875, 0.7916667, 0.3375]",TRACKING
NaVi-collect-20260919-024719-670-dd86e6fb,825,169.948,358683728930984,images/825.png,person,0.5,True,False,"[0, 0.7859375, 0.26041666, 0.996875]",TRACKING
NaVi-collect-20260919-024719-670-dd86e6fb,837,172.593,358686395407294,images/837.png,person,0.38671875,True,False,"[0.027083334, 0.7015625, 0.55, 0.9953125]",TRACKING
NaVi-collect-20260919-024719-670-dd86e6fb,837,172.593,358686395407294,images/837.png,car,0.36328125,True,False,"[0, 0.3609375, 0.10625, 0.49375]",TRACKING
NaVi-collect-20260919-024719-670-dd86e6fb,840,173.279,358687095306656,images/840.png,dog,0.5,False,False,"[0.033333335, 0.578125, 0.55625, 0.99375]",TRACKING
NaVi-collect-20260919-024719-670-dd86e6fb,842,173.731,358687528749403,images/842.png,fire hydrant,0.36328125,False,False,"[0.53333336, 0.353125, 0.575, 0.4234375]",TRACKING
NaVi-collect-20260919-024719-670-dd86e6fb,843,173.935,358687728839869,images/843.png,person,0.40625,True,False,"[0.78541666, 0.3703125, 0.8333333, 0.446875]",TRACKING
NaVi-collect-20260919-024719-670-dd86e6fb,843,173.935,358687728839869,images/843.png,person,0.36328125,True,False,"[0.05, 0.546875, 0.67291665, 1]",TRACKING
NaVi-collect-20260919-024719-670-dd86e6fb,846,174.544,358688328982963,images/846.png,person,0.4296875,True,False,"[0.6875, 0.4296875, 0.7270833, 0.50625]",TRACKING
NaVi-collect-20260919-024719-670-dd86e6fb,846,174.544,358688328982963,images/846.png,person,0.40625,True,False,"[0.54791665, 0.4265625, 0.5875, 0.503125]",TRACKING
NaVi-collect-20260919-024719-670-dd86e6fb,849,175.253,358689028870641,images/849.png,person,0.5234375,True,False,"[0.7875, 0.4671875, 0.8375, 0.55625]",TRACKING
NaVi-collect-20260919-024719-670-dd86e6fb,849,175.253,358689028870641,images/849.png,fire hydrant,0.38671875,False,False,"[0.48333332, 0.48125, 0.53125, 0.5671875]",TRACKING
NaVi-collect-20260919-024719-670-dd86e6fb,853,176.17,358689961760644,images/853.png,fire hydrant,0.36328125,False,False,"[0.59166664, 0.46875, 0.65, 0.5734375]",TRACKING
NaVi-collect-20260919-024719-670-dd86e6fb,853,176.17,358689961760644,images/853.png,fire hydrant,0.36328125,False,False,"[0.76875, 0.45, 0.82916665, 0.559375]",TRACKING
NaVi-collect-20260919-024719-670-dd86e6fb,860,177.746,358691554445823,images/860.png,sports ball,0.36328125,False,False,"[0.7875, 0.0046875, 0.975, 0.1328125]",TRACKING
NaVi-collect-20260919-024719-670-dd86e6fb,870,179.773,358693567093468,images/870.png,car,0.4296875,True,False,"[0.67083335, 0.1453125, 0.9875, 0.315625]",TRACKING
