run	frame_id	elapsed_ms	label	score	left	top	right	bottom
NaVi-collect-20260919-022341-193-a2b8792d	2	95	traffic_cone	0.8692977	0.19270833	0.3125	0.265625	0.4140625
NaVi-collect-20260919-022341-193-a2b8792d	3	329	traffic_cone	0.83292305	0.19791667	0.2734375	0.27083334	0.375
NaVi-collect-20260919-022341-193-a2b8792d	4	496	traffic_cone	0.860625	0.1875	0.296875	0.26041666	0.40234375
NaVi-collect-20260919-022341-193-a2b8792d	5	694	traffic_cone	0.7804525	0.19270833	0.32421875	0.27083334	0.42578125
NaVi-collect-20260919-022341-193-a2b8792d	6	952	traffic_cone	0.8753846	0.20833333	0.34375	0.27604166	0.4453125
NaVi-collect-20260919-022341-193-a2b8792d	7	1176	traffic_cone	0.8102564	0.19791667	0.359375	0.27604166	0.45703125
NaVi-collect-20260919-022341-193-a2b8792d	8	1408	traffic_cone	0.8487179	0.1875	0.359375	0.26041666	0.4609375
NaVi-collect-20260919-022341-193-a2b8792d	10	1759	traffic_cone	0.8389189	0.20833333	0.34765625	0.28125	0.453125
NaVi-collect-20260919-022341-193-a2b8792d	11	1985	traffic_cone	0.8297596	0.20833333	0.3515625	0.28645834	0.453125
NaVi-collect-20260919-022341-193-a2b8792d	12	2174	traffic_cone	0.7569231	0.20833333	0.34375	0.3125	0.4453125
NaVi-collect-20260919-022341-193-a2b8792d	14	2571	traffic_cone	0.8134491	0.16666667	0.33203125	0.25	0.4375
NaVi-collect-20260919-022341-193-a2b8792d	15	2761	traffic_cone	0.86210525	0.171875	0.328125	0.25	0.4375
NaVi-collect-20260919-022341-193-a2b8792d	16	2969	traffic_cone	0.76996654	0.171875	0.32421875	0.28645834	0.42578125
NaVi-collect-20260919-022341-193-a2b8792d	18	3418	traffic_cone	0.8223611	0.1875	0.30859375	0.26041666	0.4140625
NaVi-collect-20260919-022341-193-a2b8792d	19	3570	traffic_cone	0.7649231	0.19270833	0.30859375	0.30208334	0.41015625
NaVi-collect-20260919-022341-193-a2b8792d	20	3806	traffic_cone	0.80172616	0.1875	0.30078125	0.265625	0.41015625
NaVi-collect-20260919-022341-193-a2b8792d	22	4240	traffic_cone	0.7472559	0.140625	0.2890625	0.22395833	0.39453125
NaVi-collect-20260919-022341-193-a2b8792d	24	4661	none	0	0	0	0	0
NaVi-collect-20260919-022341-193-a2b8792d	25	4805	none	0	0	0	0	0
NaVi-collect-20260919-022341-193-a2b8792d	27	5203	traffic_cone	0.7922581	0.119791664	0.55859375	0.17708333	0.6796875
NaVi-collect-20260919-022341-193-a2b8792d	28	5398	traffic_cone	0.86025643	0.020833334	0.4375	0.104166664	0.5546875
NaVi-collect-20260919-022341-193-a2b8792d	29	5602	none	0	0	0	0	0
NaVi-collect-20260919-022341-193-a2b8792d	31	5996	none	0	0	0	0	0
NaVi-collect-20260919-022341-193-a2b8792d	32	6220	none	0	0	0	0	0
NaVi-collect-20260919-022341-193-a2b8792d	33	6447	none	0	0	0	0	0
NaVi-collect-20260919-022341-193-a2b8792d	34	6637	none	0	0	0	0	0
NaVi-collect-20260919-022341-193-a2b8792d	36	7053	none	0	0	0	0	0
NaVi-collect-20260919-022341-193-a2b8792d	37	7250	none	0	0	0	0	0
NaVi-collect-20260919-022341-193-a2b8792d	38	7445	none	0	0	0	0	0
NaVi-collect-20260919-022341-193-a2b8792d	39	7650	none	0	0	0	0	0
NaVi-collect-20260919-022341-193-a2b8792d	40	7847	none	0	0	0	0	0
NaVi-collect-20260919-022341-193-a2b8792d	41	8040	none	0	0	0	0	0
NaVi-collect-20260919-022341-193-a2b8792d	42	8247	none	0	0	0	0	0
NaVi-collect-20260919-022341-193-a2b8792d	43	8447	none	0	0	0	0	0
NaVi-collect-20260919-022341-193-a2b8792d	44	8645	none	0	0	0	0	0
NaVi-collect-20260919-022341-193-a2b8792d	45	8853	none	0	0	0	0	0
NaVi-collect-20260919-022341-193-a2b8792d	46	9052	none	0	0	0	0	0
NaVi-collect-20260919-022341-193-a2b8792d	47	9250	none	0	0	0	0	0
NaVi-collect-20260919-022341-193-a2b8792d	48	9449	none	0	0	0	0	0
NaVi-collect-20260919-022341-193-a2b8792d	49	9656	none	0	0	0	0	0
NaVi-collect-20260919-022341-193-a2b8792d	50	9858	none	0	0	0	0	0
NaVi-collect-20260919-022341-193-a2b8792d	51	10053	none	0	0	0	0	0
NaVi-collect-20260919-022341-193-a2b8792d	52	10266	none	0	0	0	0	0
NaVi-collect-20260919-022341-193-a2b8792d	53	10476	none	0	0	0	0	0
NaVi-collect-20260919-022341-193-a2b8792d	54	10676	none	0	0	0	0	0
NaVi-collect-20260919-022341-193-a2b8792d	55	10853	none	0	0	0	0	0
NaVi-collect-20260919-022341-193-a2b8792d	56	11054	none	0	0	0	0	0
NaVi-collect-20260919-022341-193-a2b8792d	57	11265	none	0	0	0	0	0
NaVi-collect-20260919-022341-193-a2b8792d	58	11464	none	0	0	0	0	0
NaVi-collect-20260919-022341-193-a2b8792d	59	11654	none	0	0	0	0	0
NaVi-collect-20260919-022341-193-a2b8792d	60	11880	none	0	0	0	0	0
NaVi-collect-20260919-022341-193-a2b8792d	61	12061	none	0	0	0	0	0
NaVi-collect-20260919-022341-193-a2b8792d	62	12272	none	0	0	0	0	0
NaVi-collect-20260919-022341-193-a2b8792d	63	12473	none	0	0	0	0	0
NaVi-collect-20260919-022341-193-a2b8792d	65	12854	none	0	0	0	0	0
NaVi-collect-20260919-022341-193-a2b8792d	66	13062	none	0	0	0	0	0
NaVi-collect-20260919-022341-193-a2b8792d	67	13265	none	0	0	0	0	0
NaVi-collect-20260919-022341-193-a2b8792d	68	13470	none	0	0	0	0	0
NaVi-collect-20260919-022341-193-a2b8792d	69	13659	none	0	0	0	0	0
NaVi-collect-20260919-022341-193-a2b8792d	70	13868	none	0	0	0	0	0
NaVi-collect-20260919-022341-193-a2b8792d	71	14060	none	0	0	0	0	0
NaVi-collect-20260919-022341-193-a2b8792d	72	14274	none	0	0	0	0	0
NaVi-collect-20260919-022341-193-a2b8792d	73	14479	none	0	0	0	0	0
NaVi-collect-20260919-022341-193-a2b8792d	74	14672	none	0	0	0	0	0
NaVi-collect-20260919-022341-193-a2b8792d	75	14869	none	0	0	0	0	0
NaVi-collect-20260919-022341-193-a2b8792d	76	15078	none	0	0	0	0	0
NaVi-collect-20260919-022341-193-a2b8792d	77	15269	none	0	0	0	0	0
NaVi-collect-20260919-022341-193-a2b8792d	78	15468	none	0	0	0	0	0
NaVi-collect-20260919-022341-193-a2b8792d	79	15667	none	0	0	0	0	0
NaVi-collect-20260919-022341-193-a2b8792d	80	15873	none	0	0	0	0	0
NaVi-collect-20260919-022341-193-a2b8792d	81	16089	none	0	0	0	0	0
NaVi-collect-20260919-022341-193-a2b8792d	82	16277	none	0	0	0	0	0
NaVi-collect-20260919-022341-193-a2b8792d	83	16479	none	0	0	0	0	0
NaVi-collect-20260919-022341-193-a2b8792d	84	16673	none	0	0	0	0	0
NaVi-collect-20260919-022341-193-a2b8792d	85	16872	none	0	0	0	0	0
NaVi-collect-20260919-022341-193-a2b8792d	86	17076	none	0	0	0	0	0
NaVi-collect-20260919-022341-193-a2b8792d	87	17336	none	0	0	0	0	0
NaVi-collect-20260919-022341-193-a2b8792d	88	17526	none	0	0	0	0	0
NaVi-collect-20260919-022341-193-a2b8792d	89	17706	none	0	0	0	0	0
NaVi-collect-20260919-022341-193-a2b8792d	90	17917	none	0	0	0	0	0
NaVi-collect-20260919-022341-193-a2b8792d	91	18115	none	0	0	0	0	0
NaVi-collect-20260919-022341-193-a2b8792d	92	18314	none	0	0	0	0	0
NaVi-collect-20260919-022341-193-a2b8792d	93	18541	none	0	0	0	0	0
NaVi-collect-20260919-022341-193-a2b8792d	94	18740	none	0	0	0	0	0
NaVi-collect-20260919-022341-193-a2b8792d	95	18945	none	0	0	0	0	0
NaVi-collect-20260919-022341-193-a2b8792d	96	19143	none	0	0	0	0	0
NaVi-collect-20260919-022341-193-a2b8792d	97	19375	none	0	0	0	0	0
NaVi-collect-20260919-022341-193-a2b8792d	98	19621	none	0	0	0	0	0
NaVi-collect-20260919-022341-193-a2b8792d	99	19817	none	0	0	0	0	0
NaVi-collect-20260919-022341-193-a2b8792d	100	20013	none	0	0	0	0	0
NaVi-collect-20260919-022341-193-a2b8792d	101	20212	none	0	0	0	0	0
NaVi-collect-20260919-022341-193-a2b8792d	102	20446	none	0	0	0	0	0
NaVi-collect-20260919-022341-193-a2b8792d	103	20688	none	0	0	0	0	0
NaVi-collect-20260919-022341-193-a2b8792d	104	20917	none	0	0	0	0	0
NaVi-collect-20260919-022341-193-a2b8792d	105	21145	none	0	0	0	0	0
NaVi-collect-20260919-022341-193-a2b8792d	106	21376	none	0	0	0	0	0
NaVi-collect-20260919-022341-193-a2b8792d	107	21603	none	0	0	0	0	0
NaVi-collect-20260919-022341-193-a2b8792d	108	21802	none	0	0	0	0	0
NaVi-collect-20260919-022341-193-a2b8792d	109	22030	none	0	0	0	0	0
NaVi-collect-20260919-022341-193-a2b8792d	110	22256	none	0	0	0	0	0
NaVi-collect-20260919-022341-193-a2b8792d	111	22454	none	0	0	0	0	0
NaVi-collect-20260919-022341-193-a2b8792d	112	22655	none	0	0	0	0	0
NaVi-collect-20260919-022341-193-a2b8792d	113	22834	none	0	0	0	0	0
NaVi-collect-20260919-022341-193-a2b8792d	114	23093	none	0	0	0	0	0
NaVi-collect-20260919-022341-193-a2b8792d	115	23314	none	0	0	0	0	0
NaVi-collect-20260919-022341-193-a2b8792d	116	23559	none	0	0	0	0	0
NaVi-collect-20260919-022341-193-a2b8792d	117	23750	none	0	0	0	0	0
NaVi-collect-20260919-022341-193-a2b8792d	118	23979	none	0	0	0	0	0
NaVi-collect-20260919-022341-193-a2b8792d	119	24183	none	0	0	0	0	0
NaVi-collect-20260919-022341-193-a2b8792d	120	24420	none	0	0	0	0	0
NaVi-collect-20260919-022341-193-a2b8792d	121	24616	none	0	0	0	0	0
NaVi-collect-20260919-022341-193-a2b8792d	122	24808	none	0	0	0	0	0
NaVi-collect-20260919-022341-193-a2b8792d	123	25020	none	0	0	0	0	0
NaVi-collect-20260919-022341-193-a2b8792d	124	25202	none	0	0	0	0	0
NaVi-collect-20260919-022341-193-a2b8792d	125	25413	none	0	0	0	0	0
NaVi-collect-20260919-022341-193-a2b8792d	126	25608	none	0	0	0	0	0
NaVi-collect-20260919-022341-193-a2b8792d	127	25842	none	0	0	0	0	0
NaVi-collect-20260919-022341-193-a2b8792d	128	26052	none	0	0	0	0	0
NaVi-collect-20260919-022341-193-a2b8792d	129	26239	none	0	0	0	0	0
NaVi-collect-20260919-022341-193-a2b8792d	130	26479	none	0	0	0	0	0
NaVi-collect-20260919-022341-193-a2b8792d	131	26678	none	0	0	0	0	0
NaVi-collect-20260919-022341-193-a2b8792d	132	26909	none	0	0	0	0	0
NaVi-collect-20260919-022341-193-a2b8792d	133	27160	none	0	0	0	0	0
NaVi-collect-20260919-022341-193-a2b8792d	134	27340	none	0	0	0	0	0
NaVi-collect-20260919-022341-193-a2b8792d	135	27544	none	0	0	0	0	0
NaVi-collect-20260919-022341-193-a2b8792d	136	27738	none	0	0	0	0	0
NaVi-collect-20260919-022341-193-a2b8792d	137	27935	none	0	0	0	0	0
NaVi-collect-20260919-022341-193-a2b8792d	138	28158	none	0	0	0	0	0
NaVi-collect-20260919-022341-193-a2b8792d	139	28394	none	0	0	0	0	0
NaVi-collect-20260919-022341-193-a2b8792d	140	28617	none	0	0	0	0	0
NaVi-collect-20260919-022341-193-a2b8792d	141	28844	none	0	0	0	0	0
NaVi-collect-20260919-022341-193-a2b8792d	142	29090	none	0	0	0	0	0
NaVi-collect-20260919-022341-193-a2b8792d	143	29313	none	0	0	0	0	0
NaVi-collect-20260919-022341-193-a2b8792d	144	29517	none	0	0	0	0	0
NaVi-collect-20260919-022341-193-a2b8792d	145	29756	none	0	0	0	0	0
NaVi-collect-20260919-022341-193-a2b8792d	146	29940	none	0	0	0	0	0
NaVi-collect-20260919-022341-193-a2b8792d	147	30179	none	0	0	0	0	0
NaVi-collect-20260919-022341-193-a2b8792d	148	30404	none	0	0	0	0	0
NaVi-collect-20260919-022341-193-a2b8792d	149	30655	none	0	0	0	0	0
NaVi-collect-20260919-022341-193-a2b8792d	150	30837	none	0	0	0	0	0
NaVi-collect-20260919-022341-193-a2b8792d	151	31047	none	0	0	0	0	0
NaVi-collect-20260919-022341-193-a2b8792d	152	31250	none	0	0	0	0	0
NaVi-collect-20260919-022341-193-a2b8792d	153	31472	none	0	0	0	0	0
NaVi-collect-20260919-022341-193-a2b8792d	154	31708	none	0	0	0	0	0
NaVi-collect-20260919-022341-193-a2b8792d	155	31917	none	0	0	0	0	0
NaVi-collect-20260919-022341-193-a2b8792d	156	32144	none	0	0	0	0	0
NaVi-collect-20260919-022341-193-a2b8792d	157	32378	none	0	0	0	0	0
NaVi-collect-20260919-022341-193-a2b8792d	158	32581	none	0	0	0	0	0
NaVi-collect-20260919-022341-193-a2b8792d	159	32815	none	0	0	0	0	0
NaVi-collect-20260919-022341-193-a2b8792d	160	33015	none	0	0	0	0	0
NaVi-collect-20260919-022341-193-a2b8792d	161	33213	none	0	0	0	0	0
NaVi-collect-20260919-022341-193-a2b8792d	162	33417	none	0	0	0	0	0
NaVi-collect-20260919-022341-193-a2b8792d	163	33646	none	0	0	0	0	0
NaVi-collect-20260919-022341-193-a2b8792d	164	33849	none	0	0	0	0	0
NaVi-collect-20260919-022341-193-a2b8792d	165	34083	none	0	0	0	0	0
NaVi-collect-20260919-022341-193-a2b8792d	166	34312	none	0	0	0	0	0
NaVi-collect-20260919-022341-193-a2b8792d	167	34544	none	0	0	0	0	0
NaVi-collect-20260919-022341-193-a2b8792d	168	34782	none	0	0	0	0	0
NaVi-collect-20260919-022341-193-a2b8792d	169	35008	none	0	0	0	0	0
NaVi-collect-20260919-022341-193-a2b8792d	170	35244	none	0	0	0	0	0
NaVi-collect-20260919-022341-193-a2b8792d	171	35451	none	0	0	0	0	0
NaVi-collect-20260919-022341-193-a2b8792d	172	35682	none	0	0	0	0	0
NaVi-collect-20260919-022341-193-a2b8792d	173	35919	none	0	0	0	0	0
NaVi-collect-20260919-022341-193-a2b8792d	174	36120	none	0	0	0	0	0
NaVi-collect-20260919-022341-193-a2b8792d	175	36318	none	0	0	0	0	0
NaVi-collect-20260919-022341-193-a2b8792d	176	36545	none	0	0	0	0	0
NaVi-collect-20260919-022341-193-a2b8792d	177	36776	none	0	0	0	0	0
NaVi-collect-20260919-022341-193-a2b8792d	178	36981	none	0	0	0	0	0
NaVi-collect-20260919-022341-193-a2b8792d	179	37192	none	0	0	0	0	0
NaVi-collect-20260919-022341-193-a2b8792d	180	37396	none	0	0	0	0	0
NaVi-collect-20260919-022341-193-a2b8792d	181	37594	none	0	0	0	0	0
NaVi-collect-20260919-022341-193-a2b8792d	182	37826	none	0	0	0	0	0
NaVi-collect-20260919-022341-193-a2b8792d	183	38019	none	0	0	0	0	0
NaVi-collect-20260919-022341-193-a2b8792d	184	38219	none	0	0	0	0	0
NaVi-collect-20260919-022341-193-a2b8792d	185	38432	none	0	0	0	0	0
NaVi-collect-20260919-022341-193-a2b8792d	186	38635	none	0	0	0	0	0
NaVi-collect-20260919-022341-193-a2b8792d	187	38827	none	0	0	0	0	0
NaVi-collect-20260919-022341-193-a2b8792d	188	39024	none	0	0	0	0	0
NaVi-collect-20260919-022341-193-a2b8792d	189	39224	none	0	0	0	0	0
NaVi-collect-20260919-022341-193-a2b8792d	190	39432	none	0	0	0	0	0
NaVi-collect-20260919-022341-193-a2b8792d	191	39645	none	0	0	0	0	0
NaVi-collect-20260919-022341-193-a2b8792d	192	39824	none	0	0	0	0	0
NaVi-collect-20260919-022341-193-a2b8792d	193	40033	none	0	0	0	0	0
NaVi-collect-20260919-022341-193-a2b8792d	194	40250	none	0	0	0	0	0
NaVi-collect-20260919-022341-193-a2b8792d	196	40623	none	0	0	0	0	0
NaVi-collect-20260919-022341-193-a2b8792d	197	40825	none	0	0	0	0	0
NaVi-collect-20260919-022341-193-a2b8792d	198	41030	none	0	0	0	0	0
NaVi-collect-20260919-022341-193-a2b8792d	199	41235	none	0	0	0	0	0
NaVi-collect-20260919-022341-193-a2b8792d	200	41438	none	0	0	0	0	0
NaVi-collect-20260919-022341-193-a2b8792d	201	41630	none	0	0	0	0	0
NaVi-collect-20260919-022341-193-a2b8792d	202	41833	none	0	0	0	0	0
NaVi-collect-20260919-022341-193-a2b8792d	204	42227	none	0	0	0	0	0
NaVi-collect-20260919-022341-193-a2b8792d	205	42434	none	0	0	0	0	0
NaVi-collect-20260919-022341-193-a2b8792d	206	42646	none	0	0	0	0	0
NaVi-collect-20260919-022341-193-a2b8792d	207	42829	none	0	0	0	0	0
NaVi-collect-20260919-022341-193-a2b8792d	208	43039	none	0	0	0	0	0
NaVi-collect-20260919-022341-193-a2b8792d	209	43237	none	0	0	0	0	0
NaVi-collect-20260919-022341-193-a2b8792d	210	43456	none	0	0	0	0	0
NaVi-collect-20260919-022341-193-a2b8792d	211	43649	none	0	0	0	0	0
NaVi-collect-20260919-022341-193-a2b8792d	213	44026	none	0	0	0	0	0
NaVi-collect-20260919-022341-193-a2b8792d	214	44238	none	0	0	0	0	0
NaVi-collect-20260919-022341-193-a2b8792d	215	44456	none	0	0	0	0	0
NaVi-collect-20260919-022341-193-a2b8792d	216	44633	none	0	0	0	0	0
NaVi-collect-20260919-022341-193-a2b8792d	217	44855	none	0	0	0	0	0
NaVi-collect-20260919-022341-193-a2b8792d	218	45052	none	0	0	0	0	0
NaVi-collect-20260919-022341-193-a2b8792d	219	45245	none	0	0	0	0	0
NaVi-collect-20260919-022341-193-a2b8792d	220	45447	none	0	0	0	0	0
NaVi-collect-20260919-022341-193-a2b8792d	222	45857	none	0	0	0	0	0
NaVi-collect-20260919-022341-193-a2b8792d	223	46054	none	0	0	0	0	0
NaVi-collect-20260919-022341-193-a2b8792d	224	46247	none	0	0	0	0	0
NaVi-collect-20260919-022341-193-a2b8792d	225	46444	none	0	0	0	0	0
NaVi-collect-20260919-022341-193-a2b8792d	226	46649	none	0	0	0	0	0
NaVi-collect-20260919-022341-193-a2b8792d	227	46852	none	0	0	0	0	0
NaVi-collect-20260919-022341-193-a2b8792d	229	47260	none	0	0	0	0	0
NaVi-collect-20260919-022341-193-a2b8792d	230	47468	none	0	0	0	0	0
NaVi-collect-20260919-022341-193-a2b8792d	231	47681	none	0	0	0	0	0
NaVi-collect-20260919-022341-193-a2b8792d	232	47849	none	0	0	0	0	0
NaVi-collect-20260919-022341-193-a2b8792d	233	48079	none	0	0	0	0	0
NaVi-collect-20260919-022341-193-a2b8792d	234	48259	none	0	0	0	0	0
NaVi-collect-20260919-022341-193-a2b8792d	236	48650	none	0	0	0	0	0
NaVi-collect-20260919-022341-193-a2b8792d	237	48863	none	0	0	0	0	0
NaVi-collect-20260919-022341-193-a2b8792d	238	49066	none	0	0	0	0	0
NaVi-collect-20260919-022341-193-a2b8792d	239	49258	none	0	0	0	0	0
NaVi-collect-20260919-022341-193-a2b8792d	241	49691	none	0	0	0	0	0
NaVi-collect-20260919-022341-193-a2b8792d	242	49889	none	0	0	0	0	0
NaVi-collect-20260919-022341-193-a2b8792d	243	50068	none	0	0	0	0	0
NaVi-collect-20260919-022341-193-a2b8792d	245	50454	none	0	0	0	0	0
NaVi-collect-20260919-022341-193-a2b8792d	246	50656	none	0	0	0	0	0
NaVi-collect-20260919-022341-193-a2b8792d	247	50860	none	0	0	0	0	0
NaVi-collect-20260919-022341-193-a2b8792d	248	51054	none	0	0	0	0	0
NaVi-collect-20260919-022341-193-a2b8792d	249	51262	none	0	0	0	0	0
NaVi-collect-20260919-022341-193-a2b8792d	250	51478	none	0	0	0	0	0
NaVi-collect-20260919-022341-193-a2b8792d	251	51652	none	0	0	0	0	0
NaVi-collect-20260919-022341-193-a2b8792d	252	51850	none	0	0	0	0	0
NaVi-collect-20260919-022341-193-a2b8792d	253	52073	none	0	0	0	0	0
NaVi-collect-20260919-022341-193-a2b8792d	254	52255	none	0	0	0	0	0
NaVi-collect-20260919-022341-193-a2b8792d	255	52455	traffic_cone	0.8755556	0.39583334	0.42578125	0.4375	0.5
NaVi-collect-20260919-022341-193-a2b8792d	256	52660	none	0	0	0	0	0
NaVi-collect-20260919-022341-193-a2b8792d	257	52863	none	0	0	0	0	0
NaVi-collect-20260919-022341-193-a2b8792d	258	53055	none	0	0	0	0	0
NaVi-collect-20260919-022341-193-a2b8792d	259	53268	none	0	0	0	0	0
NaVi-collect-20260919-022341-193-a2b8792d	260	53480	traffic_cone	0.75333333	0.19791667	0.42578125	0.25	0.5078125
NaVi-collect-20260919-022341-193-a2b8792d	261	53675	traffic_cone	0.8711111	0.20833333	0.39453125	0.26041666	0.53515625
NaVi-collect-20260919-022341-193-a2b8792d	262	53874	none	0	0	0	0	0
NaVi-collect-20260919-022341-193-a2b8792d	263	54068	traffic_cone	0.87904763	0.18229167	0.453125	0.23958333	0.6171875
NaVi-collect-20260919-022341-193-a2b8792d	264	54266	traffic_cone	0.7501149	0.3125	0.4765625	0.36979166	0.58984375
NaVi-collect-20260919-022341-193-a2b8792d	266	54668	traffic_cone	0.8625641	0.3125	0.4140625	0.375	0.56640625
NaVi-collect-20260919-022341-193-a2b8792d	267	54874	none	0	0	0	0	0
NaVi-collect-20260919-022341-193-a2b8792d	268	55075	traffic_cone	0.88	0.30208334	0.4375	0.375	0.53515625
NaVi-collect-20260919-022341-193-a2b8792d	269	55281	none	0	0	0	0	0
NaVi-collect-20260919-022341-193-a2b8792d	270	55484	traffic_cone	0.81140095	0.22916667	0.40625	0.32291666	0.5859375
NaVi-collect-20260919-022341-193-a2b8792d	271	55681	traffic_cone	0.7817391	0.26041666	0.3828125	0.34895834	0.5625
NaVi-collect-20260919-022341-193-a2b8792d	273	56084	traffic_cone	0.8543396	0.32291666	0.4375	0.41666666	0.64453125
NaVi-collect-20260919-022341-193-a2b8792d	274	56287	none	0	0	0	0	0
NaVi-collect-20260919-022341-193-a2b8792d	275	56473	none	0	0	0	0	0
NaVi-collect-20260919-022341-193-a2b8792d	276	56696	none	0	0	0	0	0
NaVi-collect-20260919-022341-193-a2b8792d	278	57105	none	0	0	0	0	0
NaVi-collect-20260919-022341-193-a2b8792d	279	57304	none	0	0	0	0	0
NaVi-collect-20260919-022341-193-a2b8792d	281	57704	none	0	0	0	0	0
NaVi-collect-20260919-022341-193-a2b8792d	282	57879	none	0	0	0	0	0
NaVi-collect-20260919-022341-193-a2b8792d	283	58087	traffic_cone	0.9	0.26041666	0.203125	0.29166666	0.2734375
NaVi-collect-20260919-022341-193-a2b8792d	283	58087	traffic_cone	0.8711111	0.40625	0.234375	0.44270834	0.3046875
NaVi-collect-20260919-022341-193-a2b8792d	285	58489	none	0	0	0	0	0
NaVi-collect-20260919-022341-193-a2b8792d	286	58721	none	0	0	0	0	0
NaVi-collect-20260919-022341-193-a2b8792d	288	59096	traffic_cone	0.77492535	0.041666668	0.109375	0.27083334	0.37109375
NaVi-collect-20260919-022341-193-a2b8792d	289	59284	traffic_cone	0.80477613	0.072916664	0.109375	0.27604166	0.37109375
NaVi-collect-20260919-022341-193-a2b8792d	290	59511	traffic_cone	0.8041176	0.09375	0.140625	0.28645834	0.40625
NaVi-collect-20260919-022341-193-a2b8792d	291	59704	none	0	0	0	0	0
NaVi-collect-20260919-022341-193-a2b8792d	293	60103	none	0	0	0	0	0
NaVi-collect-20260919-022341-193-a2b8792d	294	60332	none	0	0	0	0	0
NaVi-collect-20260919-022341-193-a2b8792d	296	60735	none	0	0	0	0	0
NaVi-collect-20260919-022341-193-a2b8792d	297	60900	none	0	0	0	0	0
NaVi-collect-20260919-022341-193-a2b8792d	299	61315	none	0	0	0	0	0
NaVi-collect-20260919-022341-193-a2b8792d	300	61546	none	0	0	0	0	0
NaVi-collect-20260919-022341-193-a2b8792d	302	61912	none	0	0	0	0	0
NaVi-collect-20260919-022341-193-a2b8792d	303	62179	none	0	0	0	0	0
NaVi-collect-20260919-022341-193-a2b8792d	305	62513	none	0	0	0	0	0
NaVi-collect-20260919-022341-193-a2b8792d	306	62710	traffic_cone	0.8188235	0.23958333	0.25	0.29166666	0.31640625
NaVi-collect-20260919-022341-193-a2b8792d	308	63116	none	0	0	0	0	0
NaVi-collect-20260919-022341-193-a2b8792d	309	63302	none	0	0	0	0	0
NaVi-collect-20260919-022341-193-a2b8792d	311	63735	none	0	0	0	0	0
NaVi-collect-20260919-022341-193-a2b8792d	312	63916	none	0	0	0	0	0
NaVi-collect-20260919-022341-193-a2b8792d	313	64131	none	0	0	0	0	0
NaVi-collect-20260919-022341-193-a2b8792d	315	64532	none	0	0	0	0	0
NaVi-collect-20260919-022341-193-a2b8792d	316	64770	none	0	0	0	0	0
NaVi-collect-20260919-022341-193-a2b8792d	317	64909	none	0	0	0	0	0
NaVi-collect-20260919-022341-193-a2b8792d	318	65122	none	0	0	0	0	0
NaVi-collect-20260919-022341-193-a2b8792d	320	65509	none	0	0	0	0	0
NaVi-collect-20260919-022341-193-a2b8792d	321	65739	none	0	0	0	0	0
NaVi-collect-20260919-022341-193-a2b8792d	322	65910	none	0	0	0	0	0
NaVi-collect-20260919-022341-193-a2b8792d	324	66319	none	0	0	0	0	0
NaVi-collect-20260919-022341-193-a2b8792d	325	66523	none	0	0	0	0	0
NaVi-collect-20260919-022341-193-a2b8792d	326	66718	none	0	0	0	0	0
NaVi-collect-20260919-022341-193-a2b8792d	328	67128	none	0	0	0	0	0
NaVi-collect-20260919-022341-193-a2b8792d	329	67331	none	0	0	0	0	0
NaVi-collect-20260919-022341-193-a2b8792d	331	67729	none	0	0	0	0	0
NaVi-collect-20260919-022341-193-a2b8792d	332	67938	none	0	0	0	0	0
NaVi-collect-20260919-022341-193-a2b8792d	333	68164	none	0	0	0	0	0
NaVi-collect-20260919-022341-193-a2b8792d	335	68524	none	0	0	0	0	0
NaVi-collect-20260919-022341-193-a2b8792d	336	68739	none	0	0	0	0	0
NaVi-collect-20260919-022341-193-a2b8792d	337	68930	none	0	0	0	0	0
NaVi-collect-20260919-022341-193-a2b8792d	339	69343	none	0	0	0	0	0
NaVi-collect-20260919-022341-193-a2b8792d	340	69528	none	0	0	0	0	0
NaVi-collect-20260919-022341-193-a2b8792d	342	69930	none	0	0	0	0	0
NaVi-collect-20260919-022341-193-a2b8792d	343	70128	none	0	0	0	0	0
NaVi-collect-20260919-022341-193-a2b8792d	344	70337	none	0	0	0	0	0
NaVi-collect-20260919-022341-193-a2b8792d	346	70736	traffic_cone	0.80545455	0.34895834	0.15234375	0.41666666	0.23828125
NaVi-collect-20260919-022341-193-a2b8792d	347	70929	none	0	0	0	0	0
NaVi-collect-20260919-022341-193-a2b8792d	349	71339	none	0	0	0	0	0
NaVi-collect-20260919-022341-193-a2b8792d	350	71531	traffic_cone	0.7214848	0.30729166	0.0625	0.375	0.16796875
NaVi-collect-20260919-022341-193-a2b8792d	351	71734	none	0	0	0	0	0
NaVi-collect-20260919-022341-193-a2b8792d	353	72168	none	0	0	0	0	0
NaVi-collect-20260919-022341-193-a2b8792d	354	72365	none	0	0	0	0	0
NaVi-collect-20260919-022341-193-a2b8792d	356	72747	none	0	0	0	0	0
NaVi-collect-20260919-022341-193-a2b8792d	357	72946	none	0	0	0	0	0
NaVi-collect-20260919-022341-193-a2b8792d	359	73345	none	0	0	0	0	0
NaVi-collect-20260919-022341-193-a2b8792d	360	73531	none	0	0	0	0	0
NaVi-collect-20260919-022341-193-a2b8792d	362	73935	none	0	0	0	0	0
NaVi-collect-20260919-022341-193-a2b8792d	363	74137	none	0	0	0	0	0
NaVi-collect-20260919-022341-193-a2b8792d	364	74342	none	0	0	0	0	0
NaVi-collect-20260919-022341-193-a2b8792d	366	74737	none	0	0	0	0	0
NaVi-collect-20260919-022341-193-a2b8792d	367	74963	traffic_cone	0.7715205	0.088541664	0.16015625	0.21354167	0.30859375
NaVi-collect-20260919-022341-193-a2b8792d	367	74963	traffic_cone	0.746591	0.16666667	0.1953125	0.453125	0.50390625
NaVi-collect-20260919-022341-193-a2b8792d	369	75369	none	0	0	0	0	0
NaVi-collect-20260919-022341-193-a2b8792d	370	75567	none	0	0	0	0	0
NaVi-collect-20260919-022341-193-a2b8792d	372	75956	traffic_cone	0.81	0.38541666	0.20703125	0.47916666	0.36328125
NaVi-collect-20260919-022341-193-a2b8792d	373	76210	none	0	0	0	0	0
NaVi-collect-20260919-022341-193-a2b8792d	375	76549	none	0	0	0	0	0
NaVi-collect-20260919-022341-193-a2b8792d	377	76955	none	0	0	0	0	0
NaVi-collect-20260919-022341-193-a2b8792d	378	77166	none	0	0	0	0	0
NaVi-collect-20260919-022341-193-a2b8792d	379	77359	none	0	0	0	0	0
NaVi-collect-20260919-022341-193-a2b8792d	381	77754	none	0	0	0	0	0
NaVi-collect-20260919-022341-193-a2b8792d	382	77954	none	0	0	0	0	0
NaVi-collect-20260919-022341-193-a2b8792d	384	78379	none	0	0	0	0	0
NaVi-collect-20260919-022341-193-a2b8792d	385	78566	none	0	0	0	0	0
NaVi-collect-20260919-022341-193-a2b8792d	386	78768	none	0	0	0	0	0
NaVi-collect-20260919-022341-193-a2b8792d	388	79151	none	0	0	0	0	0
NaVi-collect-20260919-022341-193-a2b8792d	389	79382	none	0	0	0	0	0
NaVi-collect-20260919-022341-193-a2b8792d	391	79764	none	0	0	0	0	0
NaVi-collect-20260919-022341-193-a2b8792d	392	79966	none	0	0	0	0	0
NaVi-collect-20260919-022341-193-a2b8792d	393	80159	traffic_cone	0.79846156	0.59375	0.4296875	0.6927083	0.53125
NaVi-collect-20260919-022341-193-a2b8792d	395	80567	none	0	0	0	0	0
NaVi-collect-20260919-022341-193-a2b8792d	396	80789	none	0	0	0	0	0
NaVi-collect-20260919-022341-193-a2b8792d	398	81156	none	0	0	0	0	0
NaVi-collect-20260919-022341-193-a2b8792d	399	81372	none	0	0	0	0	0
NaVi-collect-20260919-022341-193-a2b8792d	401	81772	none	0	0	0	0	0
NaVi-collect-20260919-022341-193-a2b8792d	402	81965	none	0	0	0	0	0
NaVi-collect-20260919-022341-193-a2b8792d	404	82362	none	0	0	0	0	0
NaVi-collect-20260919-022341-193-a2b8792d	406	82785	none	0	0	0	0	0
NaVi-collect-20260919-022341-193-a2b8792d	407	82972	none	0	0	0	0	0
NaVi-collect-20260919-022341-193-a2b8792d	408	83162	none	0	0	0	0	0
NaVi-collect-20260919-022341-193-a2b8792d	410	83562	none	0	0	0	0	0
NaVi-collect-20260919-022341-193-a2b8792d	411	83779	none	0	0	0	0	0
NaVi-collect-20260919-022341-193-a2b8792d	413	84162	none	0	0	0	0	0
NaVi-collect-20260919-022341-193-a2b8792d	414	84363	none	0	0	0	0	0
NaVi-collect-20260919-022341-193-a2b8792d	415	84574	none	0	0	0	0	0
NaVi-collect-20260919-022341-193-a2b8792d	417	84977	none	0	0	0	0	0
NaVi-collect-20260919-022341-193-a2b8792d	418	85198	none	0	0	0	0	0
NaVi-collect-20260919-022341-193-a2b8792d	420	85568	none	0	0	0	0	0
NaVi-collect-20260919-022341-193-a2b8792d	421	85793	none	0	0	0	0	0
NaVi-collect-20260919-022341-193-a2b8792d	422	86011	none	0	0	0	0	0
NaVi-collect-20260919-022341-193-a2b8792d	424	86394	none	0	0	0	0	0
NaVi-collect-20260919-022341-193-a2b8792d	425	86590	none	0	0	0	0	0
NaVi-collect-20260919-022341-193-a2b8792d	426	86777	none	0	0	0	0	0
NaVi-collect-20260919-022341-193-a2b8792d	428	87192	none	0	0	0	0	0
NaVi-collect-20260919-022341-193-a2b8792d	429	87408	none	0	0	0	0	0
NaVi-collect-20260919-022341-193-a2b8792d	431	87790	none	0	0	0	0	0
NaVi-collect-20260919-022341-193-a2b8792d	432	87983	none	0	0	0	0	0
NaVi-collect-20260919-022341-193-a2b8792d	434	88393	none	0	0	0	0	0
NaVi-collect-20260919-022341-193-a2b8792d	435	88592	none	0	0	0	0	0
NaVi-collect-20260919-022341-193-a2b8792d	436	88785	none	0	0	0	0	0
NaVi-collect-20260919-022341-193-a2b8792d	438	89185	none	0	0	0	0	0
NaVi-collect-20260919-022341-193-a2b8792d	439	89384	none	0	0	0	0	0
NaVi-collect-20260919-022341-193-a2b8792d	441	89793	none	0	0	0	0	0
NaVi-collect-20260919-022341-193-a2b8792d	442	90023	none	0	0	0	0	0
NaVi-collect-20260919-022341-193-a2b8792d	443	90235	none	0	0	0	0	0
NaVi-collect-20260919-022341-193-a2b8792d	445	90654	none	0	0	0	0	0
NaVi-collect-20260919-022341-193-a2b8792d	446	90865	none	0	0	0	0	0
NaVi-collect-20260919-022341-193-a2b8792d	447	91090	none	0	0	0	0	0
NaVi-collect-20260919-022341-193-a2b8792d	448	91293	none	0	0	0	0	0
NaVi-collect-20260919-022341-193-a2b8792d	449	91522	none	0	0	0	0	0
NaVi-collect-20260919-022341-193-a2b8792d	451	91944	none	0	0	0	0	0
NaVi-collect-20260919-022341-193-a2b8792d	452	92130	none	0	0	0	0	0
NaVi-collect-20260919-022341-193-a2b8792d	453	92367	none	0	0	0	0	0
NaVi-collect-20260919-022341-193-a2b8792d	455	92772	none	0	0	0	0	0
NaVi-collect-20260919-022341-193-a2b8792d	456	93023	none	0	0	0	0	0
NaVi-collect-20260919-022341-193-a2b8792d	457	93236	none	0	0	0	0	0
NaVi-collect-20260919-022341-193-a2b8792d	458	93466	none	0	0	0	0	0
NaVi-collect-20260919-022341-193-a2b8792d	459	93700	none	0	0	0	0	0
NaVi-collect-20260919-022341-193-a2b8792d	460	93926	none	0	0	0	0	0
NaVi-collect-20260919-022341-193-a2b8792d	462	94352	none	0	0	0	0	0
NaVi-collect-20260919-022341-193-a2b8792d	463	94552	none	0	0	0	0	0
NaVi-collect-20260919-022341-193-a2b8792d	464	94768	none	0	0	0	0	0
NaVi-collect-20260919-022341-193-a2b8792d	465	94983	none	0	0	0	0	0
NaVi-collect-20260919-022341-193-a2b8792d	467	95420	none	0	0	0	0	0
NaVi-collect-20260919-022341-193-a2b8792d	468	95660	none	0	0	0	0	0
NaVi-collect-20260919-022341-193-a2b8792d	469	95853	none	0	0	0	0	0
NaVi-collect-20260919-022341-193-a2b8792d	470	96066	none	0	0	0	0	0
NaVi-collect-20260919-022341-193-a2b8792d	472	96503	none	0	0	0	0	0
NaVi-collect-20260919-022341-193-a2b8792d	473	96718	none	0	0	0	0	0
NaVi-collect-20260919-022341-193-a2b8792d	474	96955	none	0	0	0	0	0
NaVi-collect-20260919-022341-193-a2b8792d	475	97175	none	0	0	0	0	0
NaVi-collect-20260919-022341-193-a2b8792d	476	97358	none	0	0	0	0	0
NaVi-collect-20260919-022341-193-a2b8792d	477	97553	none	0	0	0	0	0
NaVi-collect-20260919-022341-193-a2b8792d	479	98012	none	0	0	0	0	0
NaVi-collect-20260919-022341-193-a2b8792d	480	98261	none	0	0	0	0	0
NaVi-collect-20260919-022341-193-a2b8792d	481	98480	none	0	0	0	0	0
NaVi-collect-20260919-022341-193-a2b8792d	482	98792	none	0	0	0	0	0
NaVi-collect-20260919-022341-193-a2b8792d	483	98921	none	0	0	0	0	0
NaVi-collect-20260919-022341-193-a2b8792d	485	99348	none	0	0	0	0	0
NaVi-collect-20260919-022341-193-a2b8792d	486	99559	none	0	0	0	0	0
NaVi-collect-20260919-022341-193-a2b8792d	487	99779	none	0	0	0	0	0
NaVi-collect-20260919-022341-193-a2b8792d	489	100216	none	0	0	0	0	0
NaVi-collect-20260919-022341-193-a2b8792d	490	100422	none	0	0	0	0	0
NaVi-collect-20260919-022341-193-a2b8792d	491	100617	none	0	0	0	0	0
NaVi-collect-20260919-022341-193-a2b8792d	493	101068	none	0	0	0	0	0
NaVi-collect-20260919-022341-193-a2b8792d	494	101294	none	0	0	0	0	0
NaVi-collect-20260919-022341-193-a2b8792d	495	101526	none	0	0	0	0	0
NaVi-collect-20260919-022341-193-a2b8792d	496	101743	none	0	0	0	0	0
NaVi-collect-20260919-022341-193-a2b8792d	497	101957	none	0	0	0	0	0
NaVi-collect-20260919-022341-193-a2b8792d	498	102182	none	0	0	0	0	0
NaVi-collect-20260919-022341-193-a2b8792d	500	102582	none	0	0	0	0	0
NaVi-collect-20260919-022341-193-a2b8792d	501	102798	none	0	0	0	0	0
NaVi-collect-20260919-022341-193-a2b8792d	502	102978	none	0	0	0	0	0
NaVi-collect-20260919-022341-193-a2b8792d	503	103226	none	0	0	0	0	0
NaVi-collect-20260919-022341-193-a2b8792d	505	103649	none	0	0	0	0	0
NaVi-collect-20260919-022341-193-a2b8792d	506	103862	none	0	0	0	0	0
NaVi-collect-20260919-022341-193-a2b8792d	507	104075	none	0	0	0	0	0
NaVi-collect-20260919-022341-193-a2b8792d	508	104320	none	0	0	0	0	0
NaVi-collect-20260919-022341-193-a2b8792d	509	104546	none	0	0	0	0	0
NaVi-collect-20260919-022341-193-a2b8792d	511	104993	none	0	0	0	0	0
NaVi-collect-20260919-022341-193-a2b8792d	512	105228	none	0	0	0	0	0
NaVi-collect-20260919-022341-193-a2b8792d	513	105463	none	0	0	0	0	0
NaVi-collect-20260919-022341-193-a2b8792d	514	105653	none	0	0	0	0	0
NaVi-collect-20260919-022341-193-a2b8792d	515	105853	none	0	0	0	0	0
NaVi-collect-20260919-022341-193-a2b8792d	517	106308	none	0	0	0	0	0
NaVi-collect-20260919-022341-193-a2b8792d	518	106486	none	0	0	0	0	0
NaVi-collect-20260919-022341-193-a2b8792d	519	106731	none	0	0	0	0	0
NaVi-collect-20260919-022341-193-a2b8792d	520	106960	none	0	0	0	0	0
NaVi-collect-20260919-022341-193-a2b8792d	522	107396	none	0	0	0	0	0
NaVi-collect-20260919-022341-193-a2b8792d	523	107621	none	0	0	0	0	0
NaVi-collect-20260919-022341-193-a2b8792d	524	107852	none	0	0	0	0	0
NaVi-collect-20260919-022341-193-a2b8792d	525	108058	none	0	0	0	0	0
NaVi-collect-20260919-022341-193-a2b8792d	527	108456	none	0	0	0	0	0
NaVi-collect-20260919-022341-193-a2b8792d	528	108651	none	0	0	0	0	0
NaVi-collect-20260919-022341-193-a2b8792d	529	108901	none	0	0	0	0	0
NaVi-collect-20260919-022341-193-a2b8792d	530	109132	none	0	0	0	0	0
NaVi-collect-20260919-022341-193-a2b8792d	531	109357	none	0	0	0	0	0
NaVi-collect-20260919-022341-193-a2b8792d	533	109785	none	0	0	0	0	0
NaVi-collect-20260919-022341-193-a2b8792d	535	110186	none	0	0	0	0	0
NaVi-collect-20260919-022341-193-a2b8792d	536	110405	none	0	0	0	0	0
NaVi-collect-20260919-022341-193-a2b8792d	537	110603	none	0	0	0	0	0
NaVi-collect-20260919-022341-193-a2b8792d	539	110991	none	0	0	0	0	0
NaVi-collect-20260919-022341-193-a2b8792d	540	111186	none	0	0	0	0	0
NaVi-collect-20260919-022341-193-a2b8792d	542	111589	none	0	0	0	0	0
NaVi-collect-20260919-022341-193-a2b8792d	543	111795	none	0	0	0	0	0
NaVi-collect-20260919-022341-193-a2b8792d	545	112189	none	0	0	0	0	0
NaVi-collect-20260919-022341-193-a2b8792d	546	112399	none	0	0	0	0	0
NaVi-collect-20260919-022341-193-a2b8792d	547	112596	none	0	0	0	0	0
NaVi-collect-20260919-022341-193-a2b8792d	549	112990	none	0	0	0	0	0
NaVi-collect-20260919-022341-193-a2b8792d	550	113193	none	0	0	0	0	0
NaVi-collect-20260919-022341-193-a2b8792d	552	113606	none	0	0	0	0	0
NaVi-collect-20260919-022341-193-a2b8792d	553	113803	none	0	0	0	0	0
NaVi-collect-20260919-022341-193-a2b8792d	554	113993	none	0	0	0	0	0
NaVi-collect-20260919-022341-193-a2b8792d	556	114434	none	0	0	0	0	0
NaVi-collect-20260919-022341-193-a2b8792d	557	114607	none	0	0	0	0	0
NaVi-collect-20260919-022341-193-a2b8792d	559	114999	none	0	0	0	0	0
NaVi-collect-20260919-022341-193-a2b8792d	560	115192	none	0	0	0	0	0
NaVi-collect-20260919-022341-193-a2b8792d	562	115612	none	0	0	0	0	0
NaVi-collect-20260919-022341-193-a2b8792d	563	115816	none	0	0	0	0	0
NaVi-collect-20260919-022341-193-a2b8792d	564	115998	none	0	0	0	0	0
NaVi-collect-20260919-022341-193-a2b8792d	566	116422	none	0	0	0	0	0
NaVi-collect-20260919-022341-193-a2b8792d	567	116622	none	0	0	0	0	0
NaVi-collect-20260919-022341-193-a2b8792d	569	117012	none	0	0	0	0	0
NaVi-collect-20260919-022341-193-a2b8792d	570	117220	none	0	0	0	0	0
NaVi-collect-20260919-022341-193-a2b8792d	572	117615	none	0	0	0	0	0
NaVi-collect-20260919-022341-193-a2b8792d	573	117829	none	0	0	0	0	0
NaVi-collect-20260919-022341-193-a2b8792d	574	118001	none	0	0	0	0	0
NaVi-collect-20260919-022341-193-a2b8792d	576	118426	none	0	0	0	0	0
NaVi-collect-20260919-022341-193-a2b8792d	577	118626	none	0	0	0	0	0
NaVi-collect-20260919-022341-193-a2b8792d	578	118810	none	0	0	0	0	0
NaVi-collect-20260919-022341-193-a2b8792d	580	119213	none	0	0	0	0	0
NaVi-collect-20260919-022341-193-a2b8792d	581	119430	none	0	0	0	0	0
NaVi-collect-20260919-022341-193-a2b8792d	583	119829	none	0	0	0	0	0
NaVi-collect-20260919-022341-193-a2b8792d	584	120040	none	0	0	0	0	0
NaVi-collect-20260919-022341-193-a2b8792d	586	120431	none	0	0	0	0	0
NaVi-collect-20260919-022341-193-a2b8792d	588	120819	none	0	0	0	0	0
NaVi-collect-20260919-022341-193-a2b8792d	589	121028	none	0	0	0	0	0
NaVi-collect-20260919-022341-193-a2b8792d	590	121222	none	0	0	0	0	0
NaVi-collect-20260919-022341-193-a2b8792d	592	121617	none	0	0	0	0	0
NaVi-collect-20260919-022341-193-a2b8792d	593	121833	none	0	0	0	0	0
NaVi-collect-20260919-022341-193-a2b8792d	594	122028	none	0	0	0	0	0
NaVi-collect-20260919-022341-193-a2b8792d	596	122442	none	0	0	0	0	0
NaVi-collect-20260919-022341-193-a2b8792d	597	122626	none	0	0	0	0	0
NaVi-collect-20260919-022341-193-a2b8792d	599	123042	none	0	0	0	0	0
NaVi-collect-20260919-022341-193-a2b8792d	600	123232	none	0	0	0	0	0
NaVi-collect-20260919-022341-193-a2b8792d	601	123430	none	0	0	0	0	0
NaVi-collect-20260919-022341-193-a2b8792d	603	123839	none	0	0	0	0	0
NaVi-collect-20260919-022341-193-a2b8792d	604	124034	none	0	0	0	0	0
NaVi-collect-20260919-022341-193-a2b8792d	606	124436	none	0	0	0	0	0
NaVi-collect-20260919-022341-193-a2b8792d	607	124649	none	0	0	0	0	0
NaVi-collect-20260919-022341-193-a2b8792d	609	125033	none	0	0	0	0	0
NaVi-collect-20260919-022341-193-a2b8792d	610	125222	none	0	0	0	0	0
NaVi-collect-20260919-022341-193-a2b8792d	611	125442	none	0	0	0	0	0
NaVi-collect-20260919-022341-193-a2b8792d	613	125832	none	0	0	0	0	0
NaVi-collect-20260919-022341-193-a2b8792d	614	126026	none	0	0	0	0	0
NaVi-collect-20260919-022341-193-a2b8792d	615	126255	none	0	0	0	0	0
NaVi-collect-20260919-022341-193-a2b8792d	617	126642	none	0	0	0	0	0
NaVi-collect-20260919-022341-193-a2b8792d	618	126840	none	0	0	0	0	0
NaVi-collect-20260919-022341-193-a2b8792d	619	127035	none	0	0	0	0	0
NaVi-collect-20260919-022341-193-a2b8792d	621	127438	none	0	0	0	0	0
NaVi-collect-20260919-022341-193-a2b8792d	622	127703	none	0	0	0	0	0
NaVi-collect-20260919-022341-193-a2b8792d	624	128047	none	0	0	0	0	0
NaVi-collect-20260919-022341-193-a2b8792d	625	128254	none	0	0	0	0	0
NaVi-collect-20260919-022341-193-a2b8792d	626	128483	none	0	0	0	0	0
NaVi-collect-20260919-022341-193-a2b8792d	628	128844	none	0	0	0	0	0
NaVi-collect-20260919-022341-193-a2b8792d	629	129045	none	0	0	0	0	0
NaVi-collect-20260919-022341-193-a2b8792d	630	129251	none	0	0	0	0	0
NaVi-collect-20260919-022341-193-a2b8792d	631	129446	none	0	0	0	0	0
NaVi-collect-20260919-022341-193-a2b8792d	633	129842	none	0	0	0	0	0
NaVi-collect-20260919-022341-193-a2b8792d	634	130052	none	0	0	0	0	0
NaVi-collect-20260919-022341-193-a2b8792d	635	130229	none	0	0	0	0	0
NaVi-collect-20260919-022341-193-a2b8792d	636	130450	none	0	0	0	0	0
NaVi-collect-20260919-022341-193-a2b8792d	637	130653	none	0	0	0	0	0
NaVi-collect-20260919-022341-193-a2b8792d	639	131043	none	0	0	0	0	0
NaVi-collect-20260919-022341-193-a2b8792d	640	131246	none	0	0	0	0	0
NaVi-collect-20260919-022341-193-a2b8792d	641	131444	none	0	0	0	0	0
NaVi-collect-20260919-022341-193-a2b8792d	643	131860	none	0	0	0	0	0
NaVi-collect-20260919-022341-193-a2b8792d	644	132055	none	0	0	0	0	0
NaVi-collect-20260919-022341-193-a2b8792d	645	132260	none	0	0	0	0	0
NaVi-collect-20260919-022341-193-a2b8792d	647	132649	none	0	0	0	0	0
NaVi-collect-20260919-022341-193-a2b8792d	648	132860	none	0	0	0	0	0
NaVi-collect-20260919-022341-193-a2b8792d	649	133050	none	0	0	0	0	0
NaVi-collect-20260919-022341-193-a2b8792d	651	133463	none	0	0	0	0	0
NaVi-collect-20260919-022341-193-a2b8792d	652	133676	none	0	0	0	0	0
NaVi-collect-20260919-022341-193-a2b8792d	653	133867	none	0	0	0	0	0
NaVi-collect-20260919-022341-193-a2b8792d	655	134263	none	0	0	0	0	0
NaVi-collect-20260919-022341-193-a2b8792d	656	134462	none	0	0	0	0	0
NaVi-collect-20260919-022341-193-a2b8792d	658	134864	none	0	0	0	0	0
NaVi-collect-20260919-022341-193-a2b8792d	659	135078	none	0	0	0	0	0
NaVi-collect-20260919-022341-193-a2b8792d	661	135463	none	0	0	0	0	0
NaVi-collect-20260919-022341-193-a2b8792d	662	135677	none	0	0	0	0	0
NaVi-collect-20260919-022341-193-a2b8792d	663	135884	none	0	0	0	0	0
NaVi-collect-20260919-022341-193-a2b8792d	665	136281	none	0	0	0	0	0
NaVi-collect-20260919-022341-193-a2b8792d	666	136465	none	0	0	0	0	0
NaVi-collect-20260919-022341-193-a2b8792d	668	136880	none	0	0	0	0	0
NaVi-collect-20260919-022341-193-a2b8792d	669	137070	none	0	0	0	0	0
NaVi-collect-20260919-022341-193-a2b8792d	671	137469	none	0	0	0	0	0
NaVi-collect-20260919-022341-193-a2b8792d	672	137686	none	0	0	0	0	0
NaVi-collect-20260919-022341-193-a2b8792d	674	138078	none	0	0	0	0	0
NaVi-collect-20260919-022341-193-a2b8792d	675	138290	none	0	0	0	0	0
NaVi-collect-20260919-022341-193-a2b8792d	676	138477	none	0	0	0	0	0
NaVi-collect-20260919-022341-193-a2b8792d	678	138872	none	0	0	0	0	0
NaVi-collect-20260919-022341-193-a2b8792d	679	139069	none	0	0	0	0	0
NaVi-collect-20260919-022341-193-a2b8792d	681	139485	none	0	0	0	0	0
NaVi-collect-20260919-022341-193-a2b8792d	682	139679	none	0	0	0	0	0
NaVi-collect-20260919-022341-193-a2b8792d	684	140075	none	0	0	0	0	0
NaVi-collect-20260919-022341-193-a2b8792d	685	140274	none	0	0	0	0	0
NaVi-collect-20260919-022341-193-a2b8792d	686	140476	none	0	0	0	0	0
NaVi-collect-20260919-022341-193-a2b8792d	688	140875	none	0	0	0	0	0
NaVi-collect-20260919-022341-193-a2b8792d	689	141085	none	0	0	0	0	0
NaVi-collect-20260919-022341-193-a2b8792d	690	141286	none	0	0	0	0	0
NaVi-collect-20260919-022341-193-a2b8792d	692	141695	none	0	0	0	0	0
NaVi-collect-20260919-022341-193-a2b8792d	693	141881	none	0	0	0	0	0
NaVi-collect-20260919-022341-193-a2b8792d	695	142305	none	0	0	0	0	0
NaVi-collect-20260919-022341-193-a2b8792d	696	142488	none	0	0	0	0	0
NaVi-collect-20260919-022341-193-a2b8792d	697	142702	none	0	0	0	0	0
NaVi-collect-20260919-022341-193-a2b8792d	699	143102	none	0	0	0	0	0
NaVi-collect-20260919-022341-193-a2b8792d	700	143302	none	0	0	0	0	0
NaVi-collect-20260919-022341-193-a2b8792d	701	143496	none	0	0	0	0	0
NaVi-collect-20260919-022341-193-a2b8792d	703	143892	none	0	0	0	0	0
NaVi-collect-20260919-022341-193-a2b8792d	704	144091	none	0	0	0	0	0
NaVi-collect-20260919-022341-193-a2b8792d	706	144496	none	0	0	0	0	0
NaVi-collect-20260919-022341-193-a2b8792d	707	144711	none	0	0	0	0	0
NaVi-collect-20260919-022341-193-a2b8792d	708	144908	none	0	0	0	0	0
NaVi-collect-20260919-022341-193-a2b8792d	710	145296	none	0	0	0	0	0
NaVi-collect-20260919-022341-193-a2b8792d	711	145495	none	0	0	0	0	0
NaVi-collect-20260919-022341-193-a2b8792d	712	145696	none	0	0	0	0	0
NaVi-collect-20260919-022341-193-a2b8792d	714	146103	none	0	0	0	0	0
NaVi-collect-20260919-022341-193-a2b8792d	715	146324	none	0	0	0	0	0
NaVi-collect-20260919-022341-193-a2b8792d	716	146494	none	0	0	0	0	0
NaVi-collect-20260919-022341-193-a2b8792d	718	146916	none	0	0	0	0	0
NaVi-collect-20260919-022341-193-a2b8792d	719	147108	none	0	0	0	0	0
NaVi-collect-20260919-022341-193-a2b8792d	720	147342	none	0	0	0	0	0
NaVi-collect-20260919-022341-193-a2b8792d	722	147763	none	0	0	0	0	0
NaVi-collect-20260919-022341-193-a2b8792d	723	147975	none	0	0	0	0	0
NaVi-collect-20260919-022341-193-a2b8792d	724	148170	none	0	0	0	0	0
NaVi-collect-20260919-022341-193-a2b8792d	726	148574	none	0	0	0	0	0
NaVi-collect-20260919-022341-193-a2b8792d	727	148824	none	0	0	0	0	0
NaVi-collect-20260919-022341-193-a2b8792d	728	149033	none	0	0	0	0	0
NaVi-collect-20260919-022341-193-a2b8792d	729	149276	none	0	0	0	0	0
NaVi-collect-20260919-022341-193-a2b8792d	730	149495	none	0	0	0	0	0
NaVi-collect-20260919-022341-193-a2b8792d	732	149896	none	0	0	0	0	0
NaVi-collect-20260919-022341-193-a2b8792d	733	150111	none	0	0	0	0	0
NaVi-collect-20260919-022341-193-a2b8792d	734	150335	none	0	0	0	0	0
NaVi-collect-20260919-022341-193-a2b8792d	736	150746	none	0	0	0	0	0
NaVi-collect-20260919-022341-193-a2b8792d	737	150967	none	0	0	0	0	0
NaVi-collect-20260919-022341-193-a2b8792d	738	151184	none	0	0	0	0	0
NaVi-collect-20260919-022341-193-a2b8792d	740	151612	none	0	0	0	0	0
NaVi-collect-20260919-022341-193-a2b8792d	741	151834	none	0	0	0	0	0
NaVi-collect-20260919-022341-193-a2b8792d	743	152262	none	0	0	0	0	0
NaVi-collect-20260919-022341-193-a2b8792d	744	152482	none	0	0	0	0	0
NaVi-collect-20260919-022341-193-a2b8792d	745	152712	none	0	0	0	0	0
NaVi-collect-20260919-022341-193-a2b8792d	747	153133	none	0	0	0	0	0
NaVi-collect-20260919-022341-193-a2b8792d	748	153339	none	0	0	0	0	0
NaVi-collect-20260919-022341-193-a2b8792d	749	153520	none	0	0	0	0	0
NaVi-collect-20260919-022341-193-a2b8792d	751	153934	none	0	0	0	0	0
NaVi-collect-20260919-022341-193-a2b8792d	752	154142	none	0	0	0	0	0
NaVi-collect-20260919-022341-193-a2b8792d	753	154388	none	0	0	0	0	0
NaVi-collect-20260919-022341-193-a2b8792d	755	154856	none	0	0	0	0	0
NaVi-collect-20260919-022341-193-a2b8792d	756	155069	none	0	0	0	0	0
NaVi-collect-20260919-022341-193-a2b8792d	757	155267	none	0	0	0	0	0
NaVi-collect-20260919-022341-193-a2b8792d	759	155659	none	0	0	0	0	0
NaVi-collect-20260919-022341-193-a2b8792d	760	155895	none	0	0	0	0	0
NaVi-collect-20260919-022341-193-a2b8792d	761	156117	none	0	0	0	0	0
NaVi-collect-20260919-022341-193-a2b8792d	762	156300	none	0	0	0	0	0
NaVi-collect-20260919-022341-193-a2b8792d	763	156538	none	0	0	0	0	0
NaVi-collect-20260919-022341-193-a2b8792d	765	156974	none	0	0	0	0	0
NaVi-collect-20260919-022341-193-a2b8792d	766	157199	none	0	0	0	0	0
NaVi-collect-20260919-022341-193-a2b8792d	768	157659	none	0	0	0	0	0
NaVi-collect-20260919-022341-193-a2b8792d	769	157869	none	0	0	0	0	0
NaVi-collect-20260919-022341-193-a2b8792d	770	158109	none	0	0	0	0	0
NaVi-collect-20260919-022341-193-a2b8792d	772	158529	none	0	0	0	0	0
NaVi-collect-20260919-022341-193-a2b8792d	773	158751	none	0	0	0	0	0
NaVi-collect-20260919-022341-193-a2b8792d	774	158930	none	0	0	0	0	0
NaVi-collect-20260919-022341-193-a2b8792d	776	159357	none	0	0	0	0	0
NaVi-collect-20260919-022341-193-a2b8792d	777	159535	none	0	0	0	0	0
NaVi-collect-20260919-022341-193-a2b8792d	779	159938	none	0	0	0	0	0
NaVi-collect-20260919-022341-193-a2b8792d	780	160148	none	0	0	0	0	0
NaVi-collect-20260919-022341-193-a2b8792d	782	160569	none	0	0	0	0	0
NaVi-collect-20260919-022341-193-a2b8792d	783	160753	none	0	0	0	0	0
NaVi-collect-20260919-022341-193-a2b8792d	785	161136	none	0	0	0	0	0
NaVi-collect-20260919-022341-193-a2b8792d	787	161553	none	0	0	0	0	0
NaVi-collect-20260919-022341-193-a2b8792d	789	161963	none	0	0	0	0	0
NaVi-collect-20260919-022341-193-a2b8792d	790	162140	none	0	0	0	0	0
NaVi-collect-20260919-022341-193-a2b8792d	791	162350	none	0	0	0	0	0
NaVi-collect-20260919-022341-193-a2b8792d	793	162748	none	0	0	0	0	0
NaVi-collect-20260919-022341-193-a2b8792d	795	163150	none	0	0	0	0	0
NaVi-collect-20260919-022341-193-a2b8792d	796	163371	none	0	0	0	0	0
NaVi-collect-20260919-022341-193-a2b8792d	797	163557	none	0	0	0	0	0
NaVi-collect-20260919-022341-193-a2b8792d	799	163950	none	0	0	0	0	0
NaVi-collect-20260919-022341-193-a2b8792d	800	164159	none	0	0	0	0	0
NaVi-collect-20260919-022341-193-a2b8792d	802	164552	none	0	0	0	0	0
NaVi-collect-20260919-022341-193-a2b8792d	804	164958	none	0	0	0	0	0
NaVi-collect-20260919-022341-193-a2b8792d	805	165156	none	0	0	0	0	0
NaVi-collect-20260919-022341-193-a2b8792d	807	165554	none	0	0	0	0	0
NaVi-collect-20260919-022341-193-a2b8792d	808	165787	none	0	0	0	0	0
NaVi-collect-20260919-022341-193-a2b8792d	810	166165	none	0	0	0	0	0
NaVi-collect-20260919-022341-193-a2b8792d	811	166371	none	0	0	0	0	0
NaVi-collect-20260919-022341-193-a2b8792d	813	166772	none	0	0	0	0	0
NaVi-collect-20260919-022341-193-a2b8792d	814	166968	none	0	0	0	0	0
NaVi-collect-20260919-022341-193-a2b8792d	816	167412	none	0	0	0	0	0
NaVi-collect-20260919-022341-193-a2b8792d	818	167757	none	0	0	0	0	0
NaVi-collect-20260919-022341-193-a2b8792d	819	167954	none	0	0	0	0	0
NaVi-collect-20260919-022341-193-a2b8792d	821	168375	none	0	0	0	0	0
NaVi-collect-20260919-022341-193-a2b8792d	822	168555	none	0	0	0	0	0
NaVi-collect-20260919-022341-193-a2b8792d	824	168990	none	0	0	0	0	0
NaVi-collect-20260919-022341-193-a2b8792d	825	169161	none	0	0	0	0	0
NaVi-collect-20260919-022341-193-a2b8792d	827	169560	none	0	0	0	0	0
NaVi-collect-20260919-022341-193-a2b8792d	828	169781	none	0	0	0	0	0
NaVi-collect-20260919-022341-193-a2b8792d	830	170182	none	0	0	0	0	0
NaVi-collect-20260919-022341-193-a2b8792d	832	170575	none	0	0	0	0	0
NaVi-collect-20260919-022341-193-a2b8792d	833	170801	none	0	0	0	0	0
NaVi-collect-20260919-022341-193-a2b8792d	835	171188	none	0	0	0	0	0
NaVi-collect-20260919-022341-193-a2b8792d	837	171587	none	0	0	0	0	0
NaVi-collect-20260919-022341-193-a2b8792d	838	171791	none	0	0	0	0	0
NaVi-collect-20260919-022341-193-a2b8792d	840	172181	none	0	0	0	0	0
NaVi-collect-20260919-022341-193-a2b8792d	842	172578	none	0	0	0	0	0
NaVi-collect-20260919-022341-193-a2b8792d	843	172799	none	0	0	0	0	0
NaVi-collect-20260919-022341-193-a2b8792d	845	173198	none	0	0	0	0	0
NaVi-collect-20260919-022341-193-a2b8792d	846	173376	none	0	0	0	0	0
NaVi-collect-20260919-022341-193-a2b8792d	848	173819	none	0	0	0	0	0
NaVi-collect-20260919-022341-193-a2b8792d	849	173995	none	0	0	0	0	0
NaVi-collect-20260919-022341-193-a2b8792d	851	174396	none	0	0	0	0	0
NaVi-collect-20260919-022341-193-a2b8792d	852	174595	none	0	0	0	0	0
NaVi-collect-20260919-022341-193-a2b8792d	854	175023	none	0	0	0	0	0
NaVi-collect-20260919-022341-193-a2b8792d	856	175384	none	0	0	0	0	0
NaVi-collect-20260919-022341-193-a2b8792d	857	175611	none	0	0	0	0	0
NaVi-collect-20260919-022341-193-a2b8792d	859	175995	none	0	0	0	0	0
NaVi-collect-20260919-022341-193-a2b8792d	860	176195	none	0	0	0	0	0
NaVi-collect-20260919-022341-193-a2b8792d	862	176583	none	0	0	0	0	0
NaVi-collect-20260919-022341-193-a2b8792d	863	176798	none	0	0	0	0	0
NaVi-collect-20260919-022341-193-a2b8792d	865	177196	none	0	0	0	0	0
NaVi-collect-20260919-022341-193-a2b8792d	867	177605	none	0	0	0	0	0
NaVi-collect-20260919-022341-193-a2b8792d	868	177786	none	0	0	0	0	0
NaVi-collect-20260919-022341-193-a2b8792d	870	178211	none	0	0	0	0	0
NaVi-collect-20260919-022341-193-a2b8792d	871	178392	none	0	0	0	0	0
NaVi-collect-20260919-022341-193-a2b8792d	873	178800	none	0	0	0	0	0
NaVi-collect-20260919-022341-193-a2b8792d	874	179015	none	0	0	0	0	0
NaVi-collect-20260919-022341-193-a2b8792d	875	179219	none	0	0	0	0	0
NaVi-collect-20260919-022341-193-a2b8792d	876	179404	none	0	0	0	0	0
NaVi-collect-20260919-022341-193-a2b8792d	877	179608	none	0	0	0	0	0
NaVi-collect-20260919-023430-697-4a81ff58	2	75	none	0	0	0	0	0
NaVi-collect-20260919-023430-697-4a81ff58	3	278	none	0	0	0	0	0
NaVi-collect-20260919-023430-697-4a81ff58	4	475	none	0	0	0	0	0
NaVi-collect-20260919-023430-697-4a81ff58	5	659	none	0	0	0	0	0
NaVi-collect-20260919-023430-697-4a81ff58	6	876	none	0	0	0	0	0
NaVi-collect-20260919-023430-697-4a81ff58	7	1075	none	0	0	0	0	0
NaVi-collect-20260919-023430-697-4a81ff58	8	1277	none	0	0	0	0	0
NaVi-collect-20260919-023430-697-4a81ff58	9	1480	none	0	0	0	0	0
NaVi-collect-20260919-023430-697-4a81ff58	10	1679	none	0	0	0	0	0
NaVi-collect-20260919-023430-697-4a81ff58	11	1878	none	0	0	0	0	0
NaVi-collect-20260919-023430-697-4a81ff58	12	2122	none	0	0	0	0	0
NaVi-collect-20260919-023430-697-4a81ff58	13	2300	none	0	0	0	0	0
NaVi-collect-20260919-023430-697-4a81ff58	14	2534	none	0	0	0	0	0
NaVi-collect-20260919-023430-697-4a81ff58	15	2734	none	0	0	0	0	0
NaVi-collect-20260919-023430-697-4a81ff58	16	2940	none	0	0	0	0	0
NaVi-collect-20260919-023430-697-4a81ff58	17	3142	none	0	0	0	0	0
NaVi-collect-20260919-023430-697-4a81ff58	18	3367	none	0	0	0	0	0
NaVi-collect-20260919-023430-697-4a81ff58	19	3573	none	0	0	0	0	0
NaVi-collect-20260919-023430-697-4a81ff58	20	3774	none	0	0	0	0	0
NaVi-collect-20260919-023430-697-4a81ff58	21	3969	none	0	0	0	0	0
NaVi-collect-20260919-023430-697-4a81ff58	22	4176	none	0	0	0	0	0
NaVi-collect-20260919-023430-697-4a81ff58	23	4376	none	0	0	0	0	0
NaVi-collect-20260919-023430-697-4a81ff58	24	4568	none	0	0	0	0	0
NaVi-collect-20260919-023430-697-4a81ff58	25	4777	none	0	0	0	0	0
NaVi-collect-20260919-023430-697-4a81ff58	26	4973	none	0	0	0	0	0
NaVi-collect-20260919-023430-697-4a81ff58	27	5175	none	0	0	0	0	0
NaVi-collect-20260919-023430-697-4a81ff58	28	5373	none	0	0	0	0	0
NaVi-collect-20260919-023430-697-4a81ff58	29	5573	none	0	0	0	0	0
NaVi-collect-20260919-023430-697-4a81ff58	30	5773	none	0	0	0	0	0
NaVi-collect-20260919-023430-697-4a81ff58	31	5987	none	0	0	0	0	0
NaVi-collect-20260919-023430-697-4a81ff58	32	6187	none	0	0	0	0	0
NaVi-collect-20260919-023430-697-4a81ff58	33	6387	none	0	0	0	0	0
NaVi-collect-20260919-023430-697-4a81ff58	34	6587	none	0	0	0	0	0
NaVi-collect-20260919-023430-697-4a81ff58	35	6787	none	0	0	0	0	0
NaVi-collect-20260919-023430-697-4a81ff58	36	6991	none	0	0	0	0	0
NaVi-collect-20260919-023430-697-4a81ff58	37	7174	none	0	0	0	0	0
NaVi-collect-20260919-023430-697-4a81ff58	38	7389	none	0	0	0	0	0
NaVi-collect-20260919-023430-697-4a81ff58	39	7591	none	0	0	0	0	0
NaVi-collect-20260919-023430-697-4a81ff58	40	7791	none	0	0	0	0	0
NaVi-collect-20260919-023430-697-4a81ff58	41	7990	none	0	0	0	0	0
NaVi-collect-20260919-023430-697-4a81ff58	42	8201	none	0	0	0	0	0
NaVi-collect-20260919-023430-697-4a81ff58	43	8397	none	0	0	0	0	0
NaVi-collect-20260919-023430-697-4a81ff58	44	8595	none	0	0	0	0	0
NaVi-collect-20260919-023430-697-4a81ff58	45	8790	none	0	0	0	0	0
NaVi-collect-20260919-023430-697-4a81ff58	46	9002	none	0	0	0	0	0
NaVi-collect-20260919-023430-697-4a81ff58	47	9229	none	0	0	0	0	0
NaVi-collect-20260919-023430-697-4a81ff58	48	9419	none	0	0	0	0	0
NaVi-collect-20260919-023430-697-4a81ff58	50	9788	none	0	0	0	0	0
NaVi-collect-20260919-023430-697-4a81ff58	51	10001	none	0	0	0	0	0
NaVi-collect-20260919-023430-697-4a81ff58	52	10238	none	0	0	0	0	0
NaVi-collect-20260919-023430-697-4a81ff58	53	10404	none	0	0	0	0	0
NaVi-collect-20260919-023430-697-4a81ff58	55	10799	none	0	0	0	0	0
NaVi-collect-20260919-023430-697-4a81ff58	56	11005	none	0	0	0	0	0
NaVi-collect-20260919-023430-697-4a81ff58	57	11202	none	0	0	0	0	0
NaVi-collect-20260919-023430-697-4a81ff58	58	11410	none	0	0	0	0	0
NaVi-collect-20260919-023430-697-4a81ff58	60	11811	none	0	0	0	0	0
NaVi-collect-20260919-023430-697-4a81ff58	61	12143	none	0	0	0	0	0
NaVi-collect-20260919-023430-697-4a81ff58	63	12506	none	0	0	0	0	0
NaVi-collect-20260919-023430-697-4a81ff58	65	12899	none	0	0	0	0	0
NaVi-collect-20260919-023430-697-4a81ff58	66	13101	none	0	0	0	0	0
NaVi-collect-20260919-023430-697-4a81ff58	67	13407	none	0	0	0	0	0
NaVi-collect-20260919-023430-697-4a81ff58	69	13723	none	0	0	0	0	0
NaVi-collect-20260919-023430-697-4a81ff58	70	13935	none	0	0	0	0	0
NaVi-collect-20260919-023430-697-4a81ff58	71	14132	none	0	0	0	0	0
NaVi-collect-20260919-023430-697-4a81ff58	72	14326	none	0	0	0	0	0
NaVi-collect-20260919-023430-697-4a81ff58	74	14762	none	0	0	0	0	0
NaVi-collect-20260919-023430-697-4a81ff58	75	14976	none	0	0	0	0	0
NaVi-collect-20260919-023430-697-4a81ff58	77	15367	none	0	0	0	0	0
NaVi-collect-20260919-023430-697-4a81ff58	78	15556	none	0	0	0	0	0
NaVi-collect-20260919-023430-697-4a81ff58	79	15849	none	0	0	0	0	0
NaVi-collect-20260919-023430-697-4a81ff58	81	16192	none	0	0	0	0	0
NaVi-collect-20260919-023430-697-4a81ff58	83	16608	none	0	0	0	0	0
NaVi-collect-20260919-023430-697-4a81ff58	84	16872	none	0	0	0	0	0
NaVi-collect-20260919-023430-697-4a81ff58	86	17248	none	0	0	0	0	0
NaVi-collect-20260919-023430-697-4a81ff58	87	17472	none	0	0	0	0	0
NaVi-collect-20260919-023430-697-4a81ff58	88	17685	none	0	0	0	0	0
NaVi-collect-20260919-023430-697-4a81ff58	90	18131	none	0	0	0	0	0
NaVi-collect-20260919-023430-697-4a81ff58	91	18324	none	0	0	0	0	0
NaVi-collect-20260919-023430-697-4a81ff58	92	18550	none	0	0	0	0	0
NaVi-collect-20260919-023430-697-4a81ff58	93	18773	none	0	0	0	0	0
NaVi-collect-20260919-023430-697-4a81ff58	94	18958	none	0	0	0	0	0
NaVi-collect-20260919-023430-697-4a81ff58	95	19154	none	0	0	0	0	0
NaVi-collect-20260919-023430-697-4a81ff58	96	19388	none	0	0	0	0	0
NaVi-collect-20260919-023430-697-4a81ff58	97	19611	none	0	0	0	0	0
NaVi-collect-20260919-023430-697-4a81ff58	98	19805	none	0	0	0	0	0
NaVi-collect-20260919-023430-697-4a81ff58	99	20063	none	0	0	0	0	0
NaVi-collect-20260919-023430-697-4a81ff58	100	20296	none	0	0	0	0	0
NaVi-collect-20260919-023430-697-4a81ff58	101	20506	none	0	0	0	0	0
NaVi-collect-20260919-023430-697-4a81ff58	102	20760	none	0	0	0	0	0
NaVi-collect-20260919-023430-697-4a81ff58	103	20943	none	0	0	0	0	0
NaVi-collect-20260919-023430-697-4a81ff58	104	21166	none	0	0	0	0	0
NaVi-collect-20260919-023430-697-4a81ff58	105	21381	none	0	0	0	0	0
NaVi-collect-20260919-023430-697-4a81ff58	106	21611	none	0	0	0	0	0
NaVi-collect-20260919-023430-697-4a81ff58	107	21870	none	0	0	0	0	0
NaVi-collect-20260919-023430-697-4a81ff58	108	22083	none	0	0	0	0	0
NaVi-collect-20260919-023430-697-4a81ff58	109	22297	none	0	0	0	0	0
NaVi-collect-20260919-023430-697-4a81ff58	110	22491	none	0	0	0	0	0
NaVi-collect-20260919-023430-697-4a81ff58	111	22742	none	0	0	0	0	0
NaVi-collect-20260919-023430-697-4a81ff58	112	22917	none	0	0	0	0	0
NaVi-collect-20260919-023430-697-4a81ff58	113	23123	none	0	0	0	0	0
NaVi-collect-20260919-023430-697-4a81ff58	114	23315	none	0	0	0	0	0
NaVi-collect-20260919-023430-697-4a81ff58	115	23511	none	0	0	0	0	0
NaVi-collect-20260919-023430-697-4a81ff58	116	23732	none	0	0	0	0	0
NaVi-collect-20260919-023430-697-4a81ff58	117	23949	none	0	0	0	0	0
NaVi-collect-20260919-023430-697-4a81ff58	118	24181	none	0	0	0	0	0
NaVi-collect-20260919-023430-697-4a81ff58	119	24428	none	0	0	0	0	0
NaVi-collect-20260919-023430-697-4a81ff58	120	24649	none	0	0	0	0	0
NaVi-collect-20260919-023430-697-4a81ff58	121	24853	none	0	0	0	0	0
NaVi-collect-20260919-023430-697-4a81ff58	122	25088	none	0	0	0	0	0
NaVi-collect-20260919-023430-697-4a81ff58	123	25332	none	0	0	0	0	0
NaVi-collect-20260919-023430-697-4a81ff58	124	25551	none	0	0	0	0	0
NaVi-collect-20260919-023430-697-4a81ff58	125	25747	none	0	0	0	0	0
NaVi-collect-20260919-023430-697-4a81ff58	126	25958	none	0	0	0	0	0
NaVi-collect-20260919-023430-697-4a81ff58	127	26155	none	0	0	0	0	0
NaVi-collect-20260919-023430-697-4a81ff58	128	26406	none	0	0	0	0	0
NaVi-collect-20260919-023430-697-4a81ff58	129	26589	none	0	0	0	0	0
NaVi-collect-20260919-023430-697-4a81ff58	130	26829	none	0	0	0	0	0
NaVi-collect-20260919-023430-697-4a81ff58	131	27053	none	0	0	0	0	0
NaVi-collect-20260919-023430-697-4a81ff58	132	27257	none	0	0	0	0	0
NaVi-collect-20260919-023430-697-4a81ff58	133	27489	none	0	0	0	0	0
NaVi-collect-20260919-023430-697-4a81ff58	134	27696	none	0	0	0	0	0
NaVi-collect-20260919-023430-697-4a81ff58	135	27914	none	0	0	0	0	0
NaVi-collect-20260919-023430-697-4a81ff58	136	28123	none	0	0	0	0	0
NaVi-collect-20260919-023430-697-4a81ff58	137	28314	none	0	0	0	0	0
NaVi-collect-20260919-023430-697-4a81ff58	138	28525	none	0	0	0	0	0
NaVi-collect-20260919-023430-697-4a81ff58	139	28748	none	0	0	0	0	0
NaVi-collect-20260919-023430-697-4a81ff58	140	28950	none	0	0	0	0	0
NaVi-collect-20260919-023430-697-4a81ff58	141	29158	none	0	0	0	0	0
NaVi-collect-20260919-023430-697-4a81ff58	142	29394	none	0	0	0	0	0
NaVi-collect-20260919-023430-697-4a81ff58	143	29638	none	0	0	0	0	0
NaVi-collect-20260919-023430-697-4a81ff58	144	29825	none	0	0	0	0	0
NaVi-collect-20260919-023430-697-4a81ff58	145	30055	none	0	0	0	0	0
NaVi-collect-20260919-023430-697-4a81ff58	146	30301	none	0	0	0	0	0
NaVi-collect-20260919-023430-697-4a81ff58	147	30527	none	0	0	0	0	0
NaVi-collect-20260919-023430-697-4a81ff58	148	30727	none	0	0	0	0	0
NaVi-collect-20260919-023430-697-4a81ff58	149	30956	none	0	0	0	0	0
NaVi-collect-20260919-023430-697-4a81ff58	150	31161	none	0	0	0	0	0
NaVi-collect-20260919-023430-697-4a81ff58	151	31386	none	0	0	0	0	0
NaVi-collect-20260919-023430-697-4a81ff58	152	31585	none	0	0	0	0	0
NaVi-collect-20260919-023430-697-4a81ff58	153	31820	none	0	0	0	0	0
NaVi-collect-20260919-023430-697-4a81ff58	154	32028	none	0	0	0	0	0
NaVi-collect-20260919-023430-697-4a81ff58	155	32231	none	0	0	0	0	0
NaVi-collect-20260919-023430-697-4a81ff58	156	32464	none	0	0	0	0	0
NaVi-collect-20260919-023430-697-4a81ff58	157	32662	none	0	0	0	0	0
NaVi-collect-20260919-023430-697-4a81ff58	158	32891	none	0	0	0	0	0
NaVi-collect-20260919-023430-697-4a81ff58	159	33099	none	0	0	0	0	0
NaVi-collect-20260919-023430-697-4a81ff58	160	33289	none	0	0	0	0	0
NaVi-collect-20260919-023430-697-4a81ff58	161	33487	none	0	0	0	0	0
NaVi-collect-20260919-023430-697-4a81ff58	162	33726	none	0	0	0	0	0
NaVi-collect-20260919-023430-697-4a81ff58	163	33936	none	0	0	0	0	0
NaVi-collect-20260919-023430-697-4a81ff58	164	34140	none	0	0	0	0	0
NaVi-collect-20260919-023430-697-4a81ff58	165	34409	none	0	0	0	0	0
NaVi-collect-20260919-023430-697-4a81ff58	166	34603	none	0	0	0	0	0
NaVi-collect-20260919-023430-697-4a81ff58	167	34820	none	0	0	0	0	0
NaVi-collect-20260919-023430-697-4a81ff58	168	35040	none	0	0	0	0	0
NaVi-collect-20260919-023430-697-4a81ff58	169	35182	none	0	0	0	0	0
NaVi-collect-20260919-023430-697-4a81ff58	170	35427	none	0	0	0	0	0
NaVi-collect-20260919-023430-697-4a81ff58	171	35632	none	0	0	0	0	0
NaVi-collect-20260919-023430-697-4a81ff58	172	35832	none	0	0	0	0	0
NaVi-collect-20260919-023430-697-4a81ff58	173	36038	none	0	0	0	0	0
NaVi-collect-20260919-023430-697-4a81ff58	174	36250	none	0	0	0	0	0
NaVi-collect-20260919-023430-697-4a81ff58	175	36433	none	0	0	0	0	0
NaVi-collect-20260919-023430-697-4a81ff58	177	36832	none	0	0	0	0	0
NaVi-collect-20260919-023430-697-4a81ff58	178	37032	none	0	0	0	0	0
NaVi-collect-20260919-023430-697-4a81ff58	179	37230	none	0	0	0	0	0
NaVi-collect-20260919-023430-697-4a81ff58	180	37429	none	0	0	0	0	0
NaVi-collect-20260919-023430-697-4a81ff58	181	37629	none	0	0	0	0	0
NaVi-collect-20260919-023430-697-4a81ff58	182	37833	none	0	0	0	0	0
NaVi-collect-20260919-023430-697-4a81ff58	184	38235	none	0	0	0	0	0
NaVi-collect-20260919-023430-697-4a81ff58	185	38436	none	0	0	0	0	0
NaVi-collect-20260919-023430-697-4a81ff58	186	38637	none	0	0	0	0	0
NaVi-collect-20260919-023430-697-4a81ff58	187	38828	none	0	0	0	0	0
NaVi-collect-20260919-023430-697-4a81ff58	188	39039	none	0	0	0	0	0
NaVi-collect-20260919-023430-697-4a81ff58	189	39257	none	0	0	0	0	0
NaVi-collect-20260919-023430-697-4a81ff58	190	39456	none	0	0	0	0	0
NaVi-collect-20260919-023430-697-4a81ff58	191	39636	none	0	0	0	0	0
NaVi-collect-20260919-023430-697-4a81ff58	192	39837	none	0	0	0	0	0
NaVi-collect-20260919-023430-697-4a81ff58	194	40241	none	0	0	0	0	0
NaVi-collect-20260919-023430-697-4a81ff58	195	40434	none	0	0	0	0	0
NaVi-collect-20260919-023430-697-4a81ff58	196	40662	none	0	0	0	0	0
NaVi-collect-20260919-023430-697-4a81ff58	197	40848	none	0	0	0	0	0
NaVi-collect-20260919-023430-697-4a81ff58	198	41034	none	0	0	0	0	0
NaVi-collect-20260919-023430-697-4a81ff58	199	41240	none	0	0	0	0	0
NaVi-collect-20260919-023430-697-4a81ff58	200	41460	none	0	0	0	0	0
NaVi-collect-20260919-023430-697-4a81ff58	201	41638	none	0	0	0	0	0
NaVi-collect-20260919-023430-697-4a81ff58	203	42042	none	0	0	0	0	0
NaVi-collect-20260919-023430-697-4a81ff58	204	42254	none	0	0	0	0	0
NaVi-collect-20260919-023430-697-4a81ff58	205	42451	none	0	0	0	0	0
NaVi-collect-20260919-023430-697-4a81ff58	206	42633	none	0	0	0	0	0
NaVi-collect-20260919-023430-697-4a81ff58	207	42851	none	0	0	0	0	0
NaVi-collect-20260919-023430-697-4a81ff58	208	43034	none	0	0	0	0	0
NaVi-collect-20260919-023430-697-4a81ff58	209	43248	none	0	0	0	0	0
NaVi-collect-20260919-023430-697-4a81ff58	211	43638	none	0	0	0	0	0
NaVi-collect-20260919-023430-697-4a81ff58	212	43858	none	0	0	0	0	0
NaVi-collect-20260919-023430-697-4a81ff58	213	44061	none	0	0	0	0	0
NaVi-collect-20260919-023430-697-4a81ff58	214	44251	none	0	0	0	0	0
NaVi-collect-20260919-023430-697-4a81ff58	215	44452	none	0	0	0	0	0
NaVi-collect-20260919-023430-697-4a81ff58	216	44659	none	0	0	0	0	0
NaVi-collect-20260919-023430-697-4a81ff58	217	44860	none	0	0	0	0	0
NaVi-collect-20260919-023430-697-4a81ff58	218	45068	none	0	0	0	0	0
NaVi-collect-20260919-023430-697-4a81ff58	219	45256	none	0	0	0	0	0
NaVi-collect-20260919-023430-697-4a81ff58	220	45456	none	0	0	0	0	0
NaVi-collect-20260919-023430-697-4a81ff58	222	45869	none	0	0	0	0	0
NaVi-collect-20260919-023430-697-4a81ff58	223	46070	none	0	0	0	0	0
NaVi-collect-20260919-023430-697-4a81ff58	224	46263	none	0	0	0	0	0
NaVi-collect-20260919-023430-697-4a81ff58	226	46670	none	0	0	0	0	0
NaVi-collect-20260919-023430-697-4a81ff58	227	46867	none	0	0	0	0	0
NaVi-collect-20260919-023430-697-4a81ff58	228	47073	none	0	0	0	0	0
NaVi-collect-20260919-023430-697-4a81ff58	230	47490	none	0	0	0	0	0
NaVi-collect-20260919-023430-697-4a81ff58	231	47668	none	0	0	0	0	0
NaVi-collect-20260919-023430-697-4a81ff58	232	47882	none	0	0	0	0	0
NaVi-collect-20260919-023430-697-4a81ff58	233	48084	none	0	0	0	0	0
NaVi-collect-20260919-023430-697-4a81ff58	235	48465	none	0	0	0	0	0
NaVi-collect-20260919-023430-697-4a81ff58	236	48668	none	0	0	0	0	0
NaVi-collect-20260919-023430-697-4a81ff58	237	48901	none	0	0	0	0	0
NaVi-collect-20260919-023430-697-4a81ff58	239	49284	none	0	0	0	0	0
NaVi-collect-20260919-023430-697-4a81ff58	240	49482	none	0	0	0	0	0
NaVi-collect-20260919-023430-697-4a81ff58	241	49667	none	0	0	0	0	0
NaVi-collect-20260919-023430-697-4a81ff58	243	50098	none	0	0	0	0	0
NaVi-collect-20260919-023430-697-4a81ff58	244	50298	none	0	0	0	0	0
NaVi-collect-20260919-023430-697-4a81ff58	245	50475	none	0	0	0	0	0
NaVi-collect-20260919-023430-697-4a81ff58	247	50909	none	0	0	0	0	0
NaVi-collect-20260919-023430-697-4a81ff58	248	51097	none	0	0	0	0	0
NaVi-collect-20260919-023430-697-4a81ff58	249	51291	none	0	0	0	0	0
NaVi-collect-20260919-023430-697-4a81ff58	250	51486	none	0	0	0	0	0
NaVi-collect-20260919-023430-697-4a81ff58	251	51688	none	0	0	0	0	0
NaVi-collect-20260919-023430-697-4a81ff58	253	52089	none	0	0	0	0	0
NaVi-collect-20260919-023430-697-4a81ff58	254	52284	none	0	0	0	0	0
NaVi-collect-20260919-023430-697-4a81ff58	255	52503	none	0	0	0	0	0
NaVi-collect-20260919-023430-697-4a81ff58	256	52688	none	0	0	0	0	0
NaVi-collect-20260919-023430-697-4a81ff58	257	52902	none	0	0	0	0	0
NaVi-collect-20260919-023430-697-4a81ff58	258	53091	none	0	0	0	0	0
NaVi-collect-20260919-023430-697-4a81ff58	259	53293	none	0	0	0	0	0
NaVi-collect-20260919-023430-697-4a81ff58	260	53505	none	0	0	0	0	0
NaVi-collect-20260919-023430-697-4a81ff58	261	53694	none	0	0	0	0	0
NaVi-collect-20260919-023430-697-4a81ff58	263	54103	none	0	0	0	0	0
NaVi-collect-20260919-023430-697-4a81ff58	264	54301	traffic_cone	0.86285716	0.375	0.4140625	0.40625	0.4921875
NaVi-collect-20260919-023430-697-4a81ff58	265	54507	none	0	0	0	0	0
NaVi-collect-20260919-023430-697-4a81ff58	266	54699	none	0	0	0	0	0
NaVi-collect-20260919-023430-697-4a81ff58	267	54903	none	0	0	0	0	0
NaVi-collect-20260919-023430-697-4a81ff58	268	55120	none	0	0	0	0	0
NaVi-collect-20260919-023430-697-4a81ff58	269	55290	none	0	0	0	0	0
NaVi-collect-20260919-023430-697-4a81ff58	270	55498	none	0	0	0	0	0
NaVi-collect-20260919-023430-697-4a81ff58	271	55718	none	0	0	0	0	0
NaVi-collect-20260919-023430-697-4a81ff58	272	55902	none	0	0	0	0	0
NaVi-collect-20260919-023430-697-4a81ff58	274	56307	none	0	0	0	0	0
NaVi-collect-20260919-023430-697-4a81ff58	275	56493	none	0	0	0	0	0
NaVi-collect-20260919-023430-697-4a81ff58	276	56702	none	0	0	0	0	0
NaVi-collect-20260919-023430-697-4a81ff58	277	56900	none	0	0	0	0	0
NaVi-collect-20260919-023430-697-4a81ff58	278	57118	none	0	0	0	0	0
NaVi-collect-20260919-023430-697-4a81ff58	279	57318	none	0	0	0	0	0
NaVi-collect-20260919-023430-697-4a81ff58	280	57508	none	0	0	0	0	0
NaVi-collect-20260919-023430-697-4a81ff58	282	57899	none	0	0	0	0	0
NaVi-collect-20260919-023430-697-4a81ff58	283	58123	none	0	0	0	0	0
NaVi-collect-20260919-023430-697-4a81ff58	284	58320	none	0	0	0	0	0
NaVi-collect-20260919-023430-697-4a81ff58	285	58510	none	0	0	0	0	0
NaVi-collect-20260919-023430-697-4a81ff58	286	58726	none	0	0	0	0	0
NaVi-collect-20260919-023430-697-4a81ff58	287	58914	none	0	0	0	0	0
NaVi-collect-20260919-023430-697-4a81ff58	289	59312	none	0	0	0	0	0
NaVi-collect-20260919-023430-697-4a81ff58	290	59515	none	0	0	0	0	0
NaVi-collect-20260919-023430-697-4a81ff58	291	59727	none	0	0	0	0	0
NaVi-collect-20260919-023430-697-4a81ff58	292	59926	none	0	0	0	0	0
NaVi-collect-20260919-023430-697-4a81ff58	294	60343	none	0	0	0	0	0
NaVi-collect-20260919-023430-697-4a81ff58	296	60742	none	0	0	0	0	0
NaVi-collect-20260919-023430-697-4a81ff58	298	61159	traffic_cone	0.80142856	0.44270834	0.37109375	0.48958334	0.46484375
NaVi-collect-20260919-023430-697-4a81ff58	300	61531	traffic_cone	0.9	0.41145834	0.40625	0.45833334	0.5
NaVi-collect-20260919-023430-697-4a81ff58	301	61731	traffic_cone	0.9	0.40625	0.41015625	0.453125	0.515625
NaVi-collect-20260919-023430-697-4a81ff58	303	62120	traffic_cone	0.8204762	0.41145834	0.4375	0.46354166	0.546875
NaVi-collect-20260919-023430-697-4a81ff58	304	62339	none	0	0	0	0	0
NaVi-collect-20260919-023430-697-4a81ff58	306	62718	none	0	0	0	0	0
NaVi-collect-20260919-023430-697-4a81ff58	307	62927	none	0	0	0	0	0
NaVi-collect-20260919-023430-697-4a81ff58	308	63138	none	0	0	0	0	0
NaVi-collect-20260919-023430-697-4a81ff58	310	63520	none	0	0	0	0	0
NaVi-collect-20260919-023430-697-4a81ff58	311	63733	none	0	0	0	0	0
NaVi-collect-20260919-023430-697-4a81ff58	312	63933	none	0	0	0	0	0
NaVi-collect-20260919-023430-697-4a81ff58	314	64325	none	0	0	0	0	0
NaVi-collect-20260919-023430-697-4a81ff58	315	64527	traffic_cone	0.8484091	0.421875	0.26171875	0.5208333	0.47265625
NaVi-collect-20260919-023430-697-4a81ff58	316	64730	traffic_cone	0.7772414	0.171875	0.234375	0.3125	0.4609375
NaVi-collect-20260919-023430-697-4a81ff58	318	65123	none	0	0	0	0	0
NaVi-collect-20260919-023430-697-4a81ff58	319	65339	none	0	0	0	0	0
NaVi-collect-20260919-023430-697-4a81ff58	320	65533	none	0	0	0	0	0
NaVi-collect-20260919-023430-697-4a81ff58	322	65928	none	0	0	0	0	0
NaVi-collect-20260919-023430-697-4a81ff58	323	66134	none	0	0	0	0	0
NaVi-collect-20260919-023430-697-4a81ff58	324	66338	none	0	0	0	0	0
NaVi-collect-20260919-023430-697-4a81ff58	326	66730	none	0	0	0	0	0
NaVi-collect-20260919-023430-697-4a81ff58	327	66948	none	0	0	0	0	0
NaVi-collect-20260919-023430-697-4a81ff58	328	67140	none	0	0	0	0	0
NaVi-collect-20260919-023430-697-4a81ff58	330	67557	none	0	0	0	0	0
NaVi-collect-20260919-023430-697-4a81ff58	331	67748	traffic_cone	0.7508	0.0052083335	0.01171875	0.30208334	0.32421875
NaVi-collect-20260919-023430-697-4a81ff58	333	68137	none	0	0	0	0	0
NaVi-collect-20260919-023430-697-4a81ff58	334	68347	none	0	0	0	0	0
NaVi-collect-20260919-023430-697-4a81ff58	336	68733	none	0	0	0	0	0
NaVi-collect-20260919-023430-697-4a81ff58	337	68944	none	0	0	0	0	0
NaVi-collect-20260919-023430-697-4a81ff58	338	69142	none	0	0	0	0	0
NaVi-collect-20260919-023430-697-4a81ff58	339	69345	none	0	0	0	0	0
NaVi-collect-20260919-023430-697-4a81ff58	341	69756	none	0	0	0	0	0
NaVi-collect-20260919-023430-697-4a81ff58	342	69949	none	0	0	0	0	0
NaVi-collect-20260919-023430-697-4a81ff58	343	70140	none	0	0	0	0	0
NaVi-collect-20260919-023430-697-4a81ff58	345	70541	none	0	0	0	0	0
NaVi-collect-20260919-023430-697-4a81ff58	346	70747	none	0	0	0	0	0
NaVi-collect-20260919-023430-697-4a81ff58	347	70947	none	0	0	0	0	0
NaVi-collect-20260919-023430-697-4a81ff58	349	71363	none	0	0	0	0	0
NaVi-collect-20260919-023430-697-4a81ff58	350	71546	none	0	0	0	0	0
NaVi-collect-20260919-023430-697-4a81ff58	352	71953	none	0	0	0	0	0
NaVi-collect-20260919-023430-697-4a81ff58	353	72144	none	0	0	0	0	0
NaVi-collect-20260919-023430-697-4a81ff58	355	72546	none	0	0	0	0	0
NaVi-collect-20260919-023430-697-4a81ff58	356	72744	none	0	0	0	0	0
NaVi-collect-20260919-023430-697-4a81ff58	357	72948	none	0	0	0	0	0
NaVi-collect-20260919-023430-697-4a81ff58	359	73367	none	0	0	0	0	0
NaVi-collect-20260919-023430-697-4a81ff58	360	73555	none	0	0	0	0	0
NaVi-collect-20260919-023430-697-4a81ff58	361	73744	none	0	0	0	0	0
NaVi-collect-20260919-023430-697-4a81ff58	363	74155	none	0	0	0	0	0
NaVi-collect-20260919-023430-697-4a81ff58	364	74365	none	0	0	0	0	0
NaVi-collect-20260919-023430-697-4a81ff58	365	74556	none	0	0	0	0	0
NaVi-collect-20260919-023430-697-4a81ff58	367	74973	none	0	0	0	0	0
NaVi-collect-20260919-023430-697-4a81ff58	368	75149	none	0	0	0	0	0
NaVi-collect-20260919-023430-697-4a81ff58	370	75572	none	0	0	0	0	0
NaVi-collect-20260919-023430-697-4a81ff58	371	75776	none	0	0	0	0	0
NaVi-collect-20260919-023430-697-4a81ff58	373	76157	traffic_cone	0.81461537	0.45833334	0.4375	0.53125	0.5390625
NaVi-collect-20260919-023430-697-4a81ff58	374	76375	traffic_cone	0.7831674	0.5052083	0.43359375	0.578125	0.53515625
NaVi-collect-20260919-023430-697-4a81ff58	375	76575	traffic_cone	0.7383851	0.375	0.4140625	0.46354166	0.50390625
NaVi-collect-20260919-023430-697-4a81ff58	377	76969	none	0	0	0	0	0
NaVi-collect-20260919-023430-697-4a81ff58	378	77174	none	0	0	0	0	0
NaVi-collect-20260919-023430-697-4a81ff58	380	77564	none	0	0	0	0	0
NaVi-collect-20260919-023430-697-4a81ff58	381	77777	none	0	0	0	0	0
NaVi-collect-20260919-023430-697-4a81ff58	382	78003	none	0	0	0	0	0
NaVi-collect-20260919-023430-697-4a81ff58	384	78371	none	0	0	0	0	0
NaVi-collect-20260919-023430-697-4a81ff58	385	78567	none	0	0	0	0	0
NaVi-collect-20260919-023430-697-4a81ff58	386	78798	none	0	0	0	0	0
NaVi-collect-20260919-023430-697-4a81ff58	388	79180	none	0	0	0	0	0
NaVi-collect-20260919-023430-697-4a81ff58	389	79391	none	0	0	0	0	0
NaVi-collect-20260919-023430-697-4a81ff58	390	79604	none	0	0	0	0	0
NaVi-collect-20260919-023430-697-4a81ff58	392	79988	none	0	0	0	0	0
NaVi-collect-20260919-023430-697-4a81ff58	393	80184	none	0	0	0	0	0
NaVi-collect-20260919-023430-697-4a81ff58	394	80369	none	0	0	0	0	0
NaVi-collect-20260919-023430-697-4a81ff58	396	80782	none	0	0	0	0	0
NaVi-collect-20260919-023430-697-4a81ff58	397	80980	none	0	0	0	0	0
NaVi-collect-20260919-023430-697-4a81ff58	398	81178	none	0	0	0	0	0
NaVi-collect-20260919-023430-697-4a81ff58	399	81379	none	0	0	0	0	0
NaVi-collect-20260919-023430-697-4a81ff58	401	81767	none	0	0	0	0	0
NaVi-collect-20260919-023430-697-4a81ff58	402	81982	none	0	0	0	0	0
NaVi-collect-20260919-023430-697-4a81ff58	403	82178	none	0	0	0	0	0
NaVi-collect-20260919-023430-697-4a81ff58	405	82581	none	0	0	0	0	0
NaVi-collect-20260919-023430-697-4a81ff58	406	82790	none	0	0	0	0	0
NaVi-collect-20260919-023430-697-4a81ff58	408	83189	none	0	0	0	0	0
NaVi-collect-20260919-023430-697-4a81ff58	409	83413	none	0	0	0	0	0
NaVi-collect-20260919-023430-697-4a81ff58	410	83601	none	0	0	0	0	0
NaVi-collect-20260919-023430-697-4a81ff58	412	83995	none	0	0	0	0	0
NaVi-collect-20260919-023430-697-4a81ff58	413	84187	none	0	0	0	0	0
NaVi-collect-20260919-023430-697-4a81ff58	415	84591	none	0	0	0	0	0
NaVi-collect-20260919-023430-697-4a81ff58	416	84792	none	0	0	0	0	0
NaVi-collect-20260919-023430-697-4a81ff58	417	84999	none	0	0	0	0	0
NaVi-collect-20260919-023430-697-4a81ff58	419	85410	none	0	0	0	0	0
NaVi-collect-20260919-023430-697-4a81ff58	420	85603	traffic_cone	0.7960193	0.28645834	0.3359375	0.46875	0.578125
NaVi-collect-20260919-023430-697-4a81ff58	421	85820	traffic_cone	0.65478843	0.7239583	0.25390625	0.8645833	0.4921875
NaVi-collect-20260919-023430-697-4a81ff58	423	86196	none	0	0	0	0	0
NaVi-collect-20260919-023430-697-4a81ff58	424	86401	none	0	0	0	0	0
NaVi-collect-20260919-023430-697-4a81ff58	426	86801	traffic_cone	0.7688751	0.1875	0.12109375	0.27083334	0.2421875
NaVi-collect-20260919-023430-697-4a81ff58	427	87002	none	0	0	0	0	0
NaVi-collect-20260919-023430-697-4a81ff58	428	87190	traffic_cone	0.7252062	0.28645834	0.15625	0.6145833	0.453125
NaVi-collect-20260919-023430-697-4a81ff58	430	87592	none	0	0	0	0	0
NaVi-collect-20260919-023430-697-4a81ff58	431	87806	none	0	0	0	0	0
NaVi-collect-20260919-023430-697-4a81ff58	433	88191	none	0	0	0	0	0
NaVi-collect-20260919-023430-697-4a81ff58	434	88413	none	0	0	0	0	0
NaVi-collect-20260919-023430-697-4a81ff58	435	88603	none	0	0	0	0	0
NaVi-collect-20260919-023430-697-4a81ff58	437	89007	none	0	0	0	0	0
NaVi-collect-20260919-023430-697-4a81ff58	438	89213	none	0	0	0	0	0
NaVi-collect-20260919-023430-697-4a81ff58	440	89611	none	0	0	0	0	0
NaVi-collect-20260919-023430-697-4a81ff58	441	89800	none	0	0	0	0	0
NaVi-collect-20260919-023430-697-4a81ff58	443	90193	none	0	0	0	0	0
NaVi-collect-20260919-023430-697-4a81ff58	444	90417	none	0	0	0	0	0
NaVi-collect-20260919-023430-697-4a81ff58	445	90612	none	0	0	0	0	0
NaVi-collect-20260919-023430-697-4a81ff58	446	90800	none	0	0	0	0	0
NaVi-collect-20260919-023430-697-4a81ff58	448	91230	none	0	0	0	0	0
NaVi-collect-20260919-023430-697-4a81ff58	449	91443	none	0	0	0	0	0
NaVi-collect-20260919-023430-697-4a81ff58	450	91641	none	0	0	0	0	0
NaVi-collect-20260919-023430-697-4a81ff58	452	92060	none	0	0	0	0	0
NaVi-collect-20260919-023430-697-4a81ff58	453	92230	none	0	0	0	0	0
NaVi-collect-20260919-023430-697-4a81ff58	455	92631	none	0	0	0	0	0
NaVi-collect-20260919-023430-697-4a81ff58	456	92848	none	0	0	0	0	0
NaVi-collect-20260919-023430-697-4a81ff58	457	93050	none	0	0	0	0	0
NaVi-collect-20260919-023430-697-4a81ff58	459	93483	none	0	0	0	0	0
NaVi-collect-20260919-023430-697-4a81ff58	460	93634	none	0	0	0	0	0
NaVi-collect-20260919-023430-697-4a81ff58	461	93897	none	0	0	0	0	0
NaVi-collect-20260919-023430-697-4a81ff58	463	94280	none	0	0	0	0	0
NaVi-collect-20260919-023430-697-4a81ff58	464	94501	none	0	0	0	0	0
NaVi-collect-20260919-023430-697-4a81ff58	465	94732	none	0	0	0	0	0
NaVi-collect-20260919-023430-697-4a81ff58	466	94915	none	0	0	0	0	0
NaVi-collect-20260919-023430-697-4a81ff58	468	95347	none	0	0	0	0	0
NaVi-collect-20260919-023430-697-4a81ff58	469	95544	none	0	0	0	0	0
NaVi-collect-20260919-023430-697-4a81ff58	470	95793	none	0	0	0	0	0
NaVi-collect-20260919-023430-697-4a81ff58	471	95970	none	0	0	0	0	0
NaVi-collect-20260919-023430-697-4a81ff58	473	96375	none	0	0	0	0	0
NaVi-collect-20260919-023430-697-4a81ff58	474	96600	none	0	0	0	0	0
NaVi-collect-20260919-023430-697-4a81ff58	475	96815	none	0	0	0	0	0
NaVi-collect-20260919-023430-697-4a81ff58	476	97040	none	0	0	0	0	0
NaVi-collect-20260919-023430-697-4a81ff58	477	97280	none	0	0	0	0	0
NaVi-collect-20260919-023430-697-4a81ff58	479	97754	none	0	0	0	0	0
NaVi-collect-20260919-023430-697-4a81ff58	480	97973	none	0	0	0	0	0
NaVi-collect-20260919-023430-697-4a81ff58	481	98222	none	0	0	0	0	0
NaVi-collect-20260919-023430-697-4a81ff58	482	98451	none	0	0	0	0	0
NaVi-collect-20260919-023430-697-4a81ff58	483	98638	none	0	0	0	0	0
NaVi-collect-20260919-023430-697-4a81ff58	485	99086	none	0	0	0	0	0
NaVi-collect-20260919-023430-697-4a81ff58	486	99315	none	0	0	0	0	0
NaVi-collect-20260919-023430-697-4a81ff58	487	99517	none	0	0	0	0	0
NaVi-collect-20260919-023430-697-4a81ff58	488	99705	none	0	0	0	0	0
NaVi-collect-20260919-023430-697-4a81ff58	490	100140	none	0	0	0	0	0
NaVi-collect-20260919-023430-697-4a81ff58	491	100369	none	0	0	0	0	0
NaVi-collect-20260919-023430-697-4a81ff58	492	100581	none	0	0	0	0	0
NaVi-collect-20260919-023430-697-4a81ff58	493	100804	none	0	0	0	0	0
NaVi-collect-20260919-023430-697-4a81ff58	494	101040	none	0	0	0	0	0
NaVi-collect-20260919-023430-697-4a81ff58	496	101518	none	0	0	0	0	0
NaVi-collect-20260919-023430-697-4a81ff58	497	101709	none	0	0	0	0	0
NaVi-collect-20260919-023430-697-4a81ff58	499	102118	none	0	0	0	0	0
NaVi-collect-20260919-023430-697-4a81ff58	500	102305	none	0	0	0	0	0
NaVi-collect-20260919-023430-697-4a81ff58	501	102517	none	0	0	0	0	0
NaVi-collect-20260919-023430-697-4a81ff58	503	102917	none	0	0	0	0	0
NaVi-collect-20260919-023430-697-4a81ff58	504	103111	none	0	0	0	0	0
NaVi-collect-20260919-023430-697-4a81ff58	505	103348	none	0	0	0	0	0
NaVi-collect-20260919-023430-697-4a81ff58	506	103544	none	0	0	0	0	0
NaVi-collect-20260919-023430-697-4a81ff58	507	103778	none	0	0	0	0	0
NaVi-collect-20260919-023430-697-4a81ff58	508	104018	none	0	0	0	0	0
NaVi-collect-20260919-023430-697-4a81ff58	510	104438	none	0	0	0	0	0
NaVi-collect-20260919-023430-697-4a81ff58	511	104643	none	0	0	0	0	0
NaVi-collect-20260919-023430-697-4a81ff58	512	104840	none	0	0	0	0	0
NaVi-collect-20260919-023430-697-4a81ff58	514	105251	none	0	0	0	0	0
NaVi-collect-20260919-023430-697-4a81ff58	515	105447	none	0	0	0	0	0
NaVi-collect-20260919-023430-697-4a81ff58	517	105866	none	0	0	0	0	0
NaVi-collect-20260919-023430-697-4a81ff58	518	106048	none	0	0	0	0	0
NaVi-collect-20260919-023430-697-4a81ff58	519	106273	none	0	0	0	0	0
NaVi-collect-20260919-023430-697-4a81ff58	521	106657	none	0	0	0	0	0
NaVi-collect-20260919-023430-697-4a81ff58	522	106867	none	0	0	0	0	0
NaVi-collect-20260919-023430-697-4a81ff58	524	107257	none	0	0	0	0	0
NaVi-collect-20260919-023430-697-4a81ff58	525	107462	none	0	0	0	0	0
NaVi-collect-20260919-023430-697-4a81ff58	527	107864	none	0	0	0	0	0
NaVi-collect-20260919-023430-697-4a81ff58	528	108045	none	0	0	0	0	0
NaVi-collect-20260919-023430-697-4a81ff58	530	108450	none	0	0	0	0	0
NaVi-collect-20260919-023430-697-4a81ff58	531	108647	none	0	0	0	0	0
NaVi-collect-20260919-023430-697-4a81ff58	532	108878	none	0	0	0	0	0
NaVi-collect-20260919-023430-697-4a81ff58	534	109277	none	0	0	0	0	0
NaVi-collect-20260919-023430-697-4a81ff58	535	109478	none	0	0	0	0	0
NaVi-collect-20260919-023430-697-4a81ff58	536	109667	none	0	0	0	0	0
NaVi-collect-20260919-023430-697-4a81ff58	538	110076	none	0	0	0	0	0
NaVi-collect-20260919-023430-697-4a81ff58	539	110263	none	0	0	0	0	0
NaVi-collect-20260919-023430-697-4a81ff58	540	110475	none	0	0	0	0	0
NaVi-collect-20260919-023430-697-4a81ff58	542	110866	none	0	0	0	0	0
NaVi-collect-20260919-023430-697-4a81ff58	543	111087	none	0	0	0	0	0
NaVi-collect-20260919-023430-697-4a81ff58	545	111481	none	0	0	0	0	0
NaVi-collect-20260919-023430-697-4a81ff58	546	111698	none	0	0	0	0	0
NaVi-collect-20260919-023430-697-4a81ff58	548	112054	none	0	0	0	0	0
NaVi-collect-20260919-023430-697-4a81ff58	549	112275	none	0	0	0	0	0
NaVi-collect-20260919-023430-697-4a81ff58	550	112481	none	0	0	0	0	0
NaVi-collect-20260919-023430-697-4a81ff58	551	112675	none	0	0	0	0	0
NaVi-collect-20260919-023430-697-4a81ff58	553	113094	none	0	0	0	0	0
NaVi-collect-20260919-023430-697-4a81ff58	554	113274	none	0	0	0	0	0
NaVi-collect-20260919-023430-697-4a81ff58	556	113683	none	0	0	0	0	0
NaVi-collect-20260919-023430-697-4a81ff58	557	113869	none	0	0	0	0	0
NaVi-collect-20260919-023430-697-4a81ff58	559	114278	none	0	0	0	0	0
NaVi-collect-20260919-023430-697-4a81ff58	560	114476	none	0	0	0	0	0
NaVi-collect-20260919-023430-697-4a81ff58	561	114671	none	0	0	0	0	0
NaVi-collect-20260919-023430-697-4a81ff58	563	115090	none	0	0	0	0	0
NaVi-collect-20260919-023430-697-4a81ff58	564	115271	none	0	0	0	0	0
NaVi-collect-20260919-023430-697-4a81ff58	565	115479	none	0	0	0	0	0
NaVi-collect-20260919-023430-697-4a81ff58	566	115673	none	0	0	0	0	0
NaVi-collect-20260919-023430-697-4a81ff58	568	116106	none	0	0	0	0	0
NaVi-collect-20260919-023430-697-4a81ff58	569	116289	none	0	0	0	0	0
NaVi-collect-20260919-023430-697-4a81ff58	570	116486	none	0	0	0	0	0
NaVi-collect-20260919-023430-697-4a81ff58	572	116898	none	0	0	0	0	0
NaVi-collect-20260919-023430-697-4a81ff58	573	117088	none	0	0	0	0	0
NaVi-collect-20260919-023430-697-4a81ff58	575	117487	none	0	0	0	0	0
NaVi-collect-20260919-023430-697-4a81ff58	576	117673	none	0	0	0	0	0
NaVi-collect-20260919-023430-697-4a81ff58	577	117879	none	0	0	0	0	0
NaVi-collect-20260919-023430-697-4a81ff58	579	118302	none	0	0	0	0	0
NaVi-collect-20260919-023430-697-4a81ff58	580	118490	none	0	0	0	0	0
NaVi-collect-20260919-023430-697-4a81ff58	582	118893	none	0	0	0	0	0
NaVi-collect-20260919-023430-697-4a81ff58	583	119105	none	0	0	0	0	0
NaVi-collect-20260919-023430-697-4a81ff58	584	119302	none	0	0	0	0	0
NaVi-collect-20260919-023430-697-4a81ff58	586	119693	none	0	0	0	0	0
NaVi-collect-20260919-023430-697-4a81ff58	587	119906	none	0	0	0	0	0
NaVi-collect-20260919-023430-697-4a81ff58	589	120319	none	0	0	0	0	0
NaVi-collect-20260919-023430-697-4a81ff58	590	120572	none	0	0	0	0	0
NaVi-collect-20260919-023430-697-4a81ff58	592	120894	none	0	0	0	0	0
NaVi-collect-20260919-023430-697-4a81ff58	593	121121	none	0	0	0	0	0
NaVi-collect-20260919-023430-697-4a81ff58	595	121506	none	0	0	0	0	0
NaVi-collect-20260919-023430-697-4a81ff58	596	121738	none	0	0	0	0	0
NaVi-collect-20260919-023430-697-4a81ff58	598	122108	none	0	0	0	0	0
NaVi-collect-20260919-023430-697-4a81ff58	599	122306	none	0	0	0	0	0
NaVi-collect-20260919-023430-697-4a81ff58	600	122498	none	0	0	0	0	0
NaVi-collect-20260919-023430-697-4a81ff58	602	122905	none	0	0	0	0	0
NaVi-collect-20260919-023430-697-4a81ff58	603	123104	none	0	0	0	0	0
NaVi-collect-20260919-023430-697-4a81ff58	605	123503	none	0	0	0	0	0
NaVi-collect-20260919-023430-697-4a81ff58	606	123703	none	0	0	0	0	0
NaVi-collect-20260919-023430-697-4a81ff58	608	124114	none	0	0	0	0	0
NaVi-collect-20260919-023430-697-4a81ff58	609	124313	none	0	0	0	0	0
NaVi-collect-20260919-023430-697-4a81ff58	611	124706	none	0	0	0	0	0
NaVi-collect-20260919-023430-697-4a81ff58	612	124909	none	0	0	0	0	0
NaVi-collect-20260919-023430-697-4a81ff58	613	125120	none	0	0	0	0	0
NaVi-collect-20260919-023430-697-4a81ff58	615	125523	none	0	0	0	0	0
NaVi-collect-20260919-023430-697-4a81ff58	616	125703	none	0	0	0	0	0
NaVi-collect-20260919-023430-697-4a81ff58	618	126126	none	0	0	0	0	0
NaVi-collect-20260919-023430-697-4a81ff58	619	126302	none	0	0	0	0	0
NaVi-collect-20260919-023430-697-4a81ff58	620	126534	none	0	0	0	0	0
NaVi-collect-20260919-023430-697-4a81ff58	622	126918	none	0	0	0	0	0
NaVi-collect-20260919-023430-697-4a81ff58	623	127136	none	0	0	0	0	0
NaVi-collect-20260919-023430-697-4a81ff58	624	127312	none	0	0	0	0	0
NaVi-collect-20260919-023430-697-4a81ff58	626	127704	none	0	0	0	0	0
NaVi-collect-20260919-023430-697-4a81ff58	627	127930	none	0	0	0	0	0
NaVi-collect-20260919-023430-697-4a81ff58	628	128122	none	0	0	0	0	0
NaVi-collect-20260919-023430-697-4a81ff58	630	128517	none	0	0	0	0	0
NaVi-collect-20260919-023430-697-4a81ff58	631	128732	none	0	0	0	0	0
NaVi-collect-20260919-023430-697-4a81ff58	633	129148	none	0	0	0	0	0
NaVi-collect-20260919-023430-697-4a81ff58	635	129531	none	0	0	0	0	0
NaVi-collect-20260919-023430-697-4a81ff58	636	129720	none	0	0	0	0	0
NaVi-collect-20260919-023430-697-4a81ff58	637	129944	none	0	0	0	0	0
NaVi-collect-20260919-023430-697-4a81ff58	639	130324	none	0	0	0	0	0
NaVi-collect-20260919-023430-697-4a81ff58	640	130520	none	0	0	0	0	0
NaVi-collect-20260919-023430-697-4a81ff58	641	130729	none	0	0	0	0	0
NaVi-collect-20260919-023430-697-4a81ff58	643	131135	none	0	0	0	0	0
NaVi-collect-20260919-023430-697-4a81ff58	644	131327	none	0	0	0	0	0
NaVi-collect-20260919-023430-697-4a81ff58	645	131543	none	0	0	0	0	0
NaVi-collect-20260919-023430-697-4a81ff58	647	131931	none	0	0	0	0	0
NaVi-collect-20260919-023430-697-4a81ff58	648	132152	none	0	0	0	0	0
NaVi-collect-20260919-023430-697-4a81ff58	649	132397	none	0	0	0	0	0
NaVi-collect-20260919-023430-697-4a81ff58	651	132768	none	0	0	0	0	0
NaVi-collect-20260919-023430-697-4a81ff58	652	132994	none	0	0	0	0	0
NaVi-collect-20260919-023430-697-4a81ff58	654	133357	none	0	0	0	0	0
NaVi-collect-20260919-023430-697-4a81ff58	655	133583	none	0	0	0	0	0
NaVi-collect-20260919-023430-697-4a81ff58	657	133956	none	0	0	0	0	0
NaVi-collect-20260919-023430-697-4a81ff58	658	134177	none	0	0	0	0	0
NaVi-collect-20260919-023430-697-4a81ff58	659	134374	none	0	0	0	0	0
NaVi-collect-20260919-023430-697-4a81ff58	661	134770	none	0	0	0	0	0
NaVi-collect-20260919-023430-697-4a81ff58	662	134984	none	0	0	0	0	0
NaVi-collect-20260919-023430-697-4a81ff58	664	135385	none	0	0	0	0	0
NaVi-collect-20260919-023430-697-4a81ff58	665	135585	none	0	0	0	0	0
NaVi-collect-20260919-023430-697-4a81ff58	667	135976	none	0	0	0	0	0
NaVi-collect-20260919-023430-697-4a81ff58	668	136176	none	0	0	0	0	0
NaVi-collect-20260919-023430-697-4a81ff58	669	136395	none	0	0	0	0	0
NaVi-collect-20260919-023430-697-4a81ff58	671	136790	none	0	0	0	0	0
NaVi-collect-20260919-023430-697-4a81ff58	672	136987	none	0	0	0	0	0
NaVi-collect-20260919-023430-697-4a81ff58	674	137387	none	0	0	0	0	0
NaVi-collect-20260919-023430-697-4a81ff58	675	137578	none	0	0	0	0	0
NaVi-collect-20260919-023430-697-4a81ff58	677	137980	none	0	0	0	0	0
NaVi-collect-20260919-023430-697-4a81ff58	678	138180	none	0	0	0	0	0
NaVi-collect-20260919-023430-697-4a81ff58	679	138379	none	0	0	0	0	0
NaVi-collect-20260919-023430-697-4a81ff58	681	138791	none	0	0	0	0	0
NaVi-collect-20260919-023430-697-4a81ff58	682	138978	none	0	0	0	0	0
NaVi-collect-20260919-023430-697-4a81ff58	684	139383	none	0	0	0	0	0
NaVi-collect-20260919-023430-697-4a81ff58	685	139588	none	0	0	0	0	0
NaVi-collect-20260919-023430-697-4a81ff58	687	139993	none	0	0	0	0	0
NaVi-collect-20260919-023430-697-4a81ff58	688	140206	none	0	0	0	0	0
NaVi-collect-20260919-023430-697-4a81ff58	690	140590	none	0	0	0	0	0
NaVi-collect-20260919-023430-697-4a81ff58	691	140804	none	0	0	0	0	0
NaVi-collect-20260919-023430-697-4a81ff58	693	141213	none	0	0	0	0	0
NaVi-collect-20260919-023430-697-4a81ff58	694	141395	none	0	0	0	0	0
NaVi-collect-20260919-023430-697-4a81ff58	695	141600	none	0	0	0	0	0
NaVi-collect-20260919-023430-697-4a81ff58	697	142008	none	0	0	0	0	0
NaVi-collect-20260919-023430-697-4a81ff58	698	142211	none	0	0	0	0	0
NaVi-collect-20260919-023430-697-4a81ff58	699	142386	none	0	0	0	0	0
NaVi-collect-20260919-023430-697-4a81ff58	701	142819	none	0	0	0	0	0
NaVi-collect-20260919-023430-697-4a81ff58	702	143017	none	0	0	0	0	0
NaVi-collect-20260919-023430-697-4a81ff58	704	143470	none	0	0	0	0	0
NaVi-collect-20260919-023430-697-4a81ff58	705	143691	none	0	0	0	0	0
NaVi-collect-20260919-023430-697-4a81ff58	706	143881	none	0	0	0	0	0
NaVi-collect-20260919-023430-697-4a81ff58	707	144099	none	0	0	0	0	0
NaVi-collect-20260919-023430-697-4a81ff58	708	144320	none	0	0	0	0	0
NaVi-collect-20260919-023430-697-4a81ff58	710	144796	none	0	0	0	0	0
NaVi-collect-20260919-023430-697-4a81ff58	711	144992	none	0	0	0	0	0
NaVi-collect-20260919-023430-697-4a81ff58	713	145406	none	0	0	0	0	0
NaVi-collect-20260919-023430-697-4a81ff58	714	145590	none	0	0	0	0	0
NaVi-collect-20260919-023430-697-4a81ff58	715	145836	none	0	0	0	0	0
NaVi-collect-20260919-023430-697-4a81ff58	716	146026	none	0	0	0	0	0
NaVi-collect-20260919-023430-697-4a81ff58	718	146471	none	0	0	0	0	0
NaVi-collect-20260919-023430-697-4a81ff58	719	146703	none	0	0	0	0	0
NaVi-collect-20260919-023430-697-4a81ff58	720	146902	none	0	0	0	0	0
NaVi-collect-20260919-023430-697-4a81ff58	722	147328	none	0	0	0	0	0
NaVi-collect-20260919-023430-697-4a81ff58	723	147535	none	0	0	0	0	0
NaVi-collect-20260919-023430-697-4a81ff58	724	147734	none	0	0	0	0	0
NaVi-collect-20260919-023430-697-4a81ff58	726	148172	none	0	0	0	0	0
NaVi-collect-20260919-023430-697-4a81ff58	727	148405	none	0	0	0	0	0
NaVi-collect-20260919-023430-697-4a81ff58	728	148607	none	0	0	0	0	0
NaVi-collect-20260919-023430-697-4a81ff58	730	148989	none	0	0	0	0	0
NaVi-collect-20260919-023430-697-4a81ff58	731	149217	none	0	0	0	0	0
NaVi-collect-20260919-023430-697-4a81ff58	732	149397	none	0	0	0	0	0
NaVi-collect-20260919-023430-697-4a81ff58	734	149822	none	0	0	0	0	0
NaVi-collect-20260919-023430-697-4a81ff58	735	150022	none	0	0	0	0	0
NaVi-collect-20260919-023430-697-4a81ff58	737	150470	none	0	0	0	0	0
NaVi-collect-20260919-023430-697-4a81ff58	738	150699	none	0	0	0	0	0
NaVi-collect-20260919-023430-697-4a81ff58	739	150915	none	0	0	0	0	0
NaVi-collect-20260919-023430-697-4a81ff58	741	151325	none	0	0	0	0	0
NaVi-collect-20260919-023430-697-4a81ff58	742	151524	none	0	0	0	0	0
NaVi-collect-20260919-023430-697-4a81ff58	743	151739	none	0	0	0	0	0
NaVi-collect-20260919-023430-697-4a81ff58	745	152149	none	0	0	0	0	0
NaVi-collect-20260919-023430-697-4a81ff58	746	152417	none	0	0	0	0	0
NaVi-collect-20260919-023430-697-4a81ff58	748	152861	none	0	0	0	0	0
NaVi-collect-20260919-023430-697-4a81ff58	750	153276	none	0	0	0	0	0
NaVi-collect-20260919-023430-697-4a81ff58	751	153508	none	0	0	0	0	0
NaVi-collect-20260919-023430-697-4a81ff58	752	153730	none	0	0	0	0	0
NaVi-collect-20260919-023430-697-4a81ff58	754	154132	none	0	0	0	0	0
NaVi-collect-20260919-023430-697-4a81ff58	755	154340	none	0	0	0	0	0
NaVi-collect-20260919-023430-697-4a81ff58	756	154543	none	0	0	0	0	0
NaVi-collect-20260919-023430-697-4a81ff58	758	154940	none	0	0	0	0	0
NaVi-collect-20260919-023430-697-4a81ff58	759	155147	none	0	0	0	0	0
NaVi-collect-20260919-023430-697-4a81ff58	761	155530	none	0	0	0	0	0
NaVi-collect-20260919-023430-697-4a81ff58	762	155738	none	0	0	0	0	0
NaVi-collect-20260919-023430-697-4a81ff58	764	156145	none	0	0	0	0	0
NaVi-collect-20260919-023430-697-4a81ff58	765	156335	none	0	0	0	0	0
NaVi-collect-20260919-023430-697-4a81ff58	766	156566	none	0	0	0	0	0
NaVi-collect-20260919-023430-697-4a81ff58	768	156948	none	0	0	0	0	0
NaVi-collect-20260919-023430-697-4a81ff58	769	157149	none	0	0	0	0	0
NaVi-collect-20260919-023430-697-4a81ff58	770	157354	none	0	0	0	0	0
NaVi-collect-20260919-023430-697-4a81ff58	772	157776	none	0	0	0	0	0
NaVi-collect-20260919-023430-697-4a81ff58	774	158150	none	0	0	0	0	0
NaVi-collect-20260919-023430-697-4a81ff58	775	158381	none	0	0	0	0	0
NaVi-collect-20260919-023430-697-4a81ff58	776	158573	none	0	0	0	0	0
NaVi-collect-20260919-023430-697-4a81ff58	777	158777	none	0	0	0	0	0
NaVi-collect-20260919-023430-697-4a81ff58	779	159165	none	0	0	0	0	0
NaVi-collect-20260919-023430-697-4a81ff58	780	159373	none	0	0	0	0	0
NaVi-collect-20260919-023430-697-4a81ff58	781	159601	none	0	0	0	0	0
NaVi-collect-20260919-023430-697-4a81ff58	783	159978	none	0	0	0	0	0
NaVi-collect-20260919-023430-697-4a81ff58	784	160180	none	0	0	0	0	0
NaVi-collect-20260919-023430-697-4a81ff58	786	160581	none	0	0	0	0	0
NaVi-collect-20260919-023430-697-4a81ff58	787	160787	none	0	0	0	0	0
NaVi-collect-20260919-023430-697-4a81ff58	789	161186	none	0	0	0	0	0
NaVi-collect-20260919-023430-697-4a81ff58	790	161399	none	0	0	0	0	0
NaVi-collect-20260919-023430-697-4a81ff58	791	161596	none	0	0	0	0	0
NaVi-collect-20260919-023430-697-4a81ff58	793	161994	none	0	0	0	0	0
NaVi-collect-20260919-023430-697-4a81ff58	794	162199	none	0	0	0	0	0
NaVi-collect-20260919-023430-697-4a81ff58	796	162590	none	0	0	0	0	0
NaVi-collect-20260919-023430-697-4a81ff58	797	162831	none	0	0	0	0	0
NaVi-collect-20260919-023430-697-4a81ff58	799	163203	none	0	0	0	0	0
NaVi-collect-20260919-023430-697-4a81ff58	800	163391	none	0	0	0	0	0
NaVi-collect-20260919-023430-697-4a81ff58	802	163796	none	0	0	0	0	0
NaVi-collect-20260919-023430-697-4a81ff58	803	163989	none	0	0	0	0	0
NaVi-collect-20260919-023430-697-4a81ff58	805	164404	none	0	0	0	0	0
NaVi-collect-20260919-023430-697-4a81ff58	806	164591	none	0	0	0	0	0
NaVi-collect-20260919-023430-697-4a81ff58	807	164796	none	0	0	0	0	0
NaVi-collect-20260919-023430-697-4a81ff58	809	165206	none	0	0	0	0	0
NaVi-collect-20260919-023430-697-4a81ff58	810	165391	none	0	0	0	0	0
NaVi-collect-20260919-023430-697-4a81ff58	812	165799	none	0	0	0	0	0
NaVi-collect-20260919-023430-697-4a81ff58	813	166011	none	0	0	0	0	0
NaVi-collect-20260919-023430-697-4a81ff58	814	166205	none	0	0	0	0	0
NaVi-collect-20260919-023430-697-4a81ff58	816	166624	none	0	0	0	0	0
NaVi-collect-20260919-023430-697-4a81ff58	817	166793	none	0	0	0	0	0
NaVi-collect-20260919-023430-697-4a81ff58	819	167261	none	0	0	0	0	0
NaVi-collect-20260919-023430-697-4a81ff58	821	167615	none	0	0	0	0	0
NaVi-collect-20260919-023430-697-4a81ff58	822	167866	none	0	0	0	0	0
NaVi-collect-20260919-023430-697-4a81ff58	824	168214	none	0	0	0	0	0
NaVi-collect-20260919-023430-697-4a81ff58	825	168417	none	0	0	0	0	0
NaVi-collect-20260919-023430-697-4a81ff58	827	168821	none	0	0	0	0	0
NaVi-collect-20260919-023430-697-4a81ff58	828	169003	none	0	0	0	0	0
NaVi-collect-20260919-023430-697-4a81ff58	830	169427	none	0	0	0	0	0
NaVi-collect-20260919-023430-697-4a81ff58	832	169832	none	0	0	0	0	0
NaVi-collect-20260919-023430-697-4a81ff58	833	170058	none	0	0	0	0	0
NaVi-collect-20260919-023430-697-4a81ff58	835	170419	none	0	0	0	0	0
NaVi-collect-20260919-023430-697-4a81ff58	836	170619	none	0	0	0	0	0
NaVi-collect-20260919-023430-697-4a81ff58	838	171018	none	0	0	0	0	0
NaVi-collect-20260919-023430-697-4a81ff58	840	171421	none	0	0	0	0	0
NaVi-collect-20260919-023430-697-4a81ff58	841	171628	none	0	0	0	0	0
NaVi-collect-20260919-023430-697-4a81ff58	842	171850	none	0	0	0	0	0
NaVi-collect-20260919-023430-697-4a81ff58	844	172217	none	0	0	0	0	0
NaVi-collect-20260919-023430-697-4a81ff58	845	172419	none	0	0	0	0	0
NaVi-collect-20260919-023430-697-4a81ff58	846	172629	none	0	0	0	0	0
NaVi-collect-20260919-023430-697-4a81ff58	848	173096	none	0	0	0	0	0
NaVi-collect-20260919-023430-697-4a81ff58	849	173288	none	0	0	0	0	0
NaVi-collect-20260919-023430-697-4a81ff58	851	173720	none	0	0	0	0	0
NaVi-collect-20260919-023430-697-4a81ff58	852	173952	none	0	0	0	0	0
NaVi-collect-20260919-023430-697-4a81ff58	854	174454	none	0	0	0	0	0
NaVi-collect-20260919-023430-697-4a81ff58	855	174625	none	0	0	0	0	0
NaVi-collect-20260919-023430-697-4a81ff58	857	175043	none	0	0	0	0	0
NaVi-collect-20260919-023430-697-4a81ff58	858	175281	none	0	0	0	0	0
NaVi-collect-20260919-023430-697-4a81ff58	860	175724	none	0	0	0	0	0
NaVi-collect-20260919-023430-697-4a81ff58	861	175935	none	0	0	0	0	0
NaVi-collect-20260919-023430-697-4a81ff58	863	176326	none	0	0	0	0	0
NaVi-collect-20260919-023430-697-4a81ff58	864	176524	none	0	0	0	0	0
NaVi-collect-20260919-023430-697-4a81ff58	866	176989	none	0	0	0	0	0
NaVi-collect-20260919-023430-697-4a81ff58	867	177236	none	0	0	0	0	0
NaVi-collect-20260919-023430-697-4a81ff58	868	177432	none	0	0	0	0	0
NaVi-collect-20260919-023430-697-4a81ff58	870	177866	none	0	0	0	0	0
NaVi-collect-20260919-023430-697-4a81ff58	872	178264	none	0	0	0	0	0
NaVi-collect-20260919-023430-697-4a81ff58	873	178509	none	0	0	0	0	0
NaVi-collect-20260919-023430-697-4a81ff58	874	178700	none	0	0	0	0	0
NaVi-collect-20260919-023430-697-4a81ff58	876	179117	none	0	0	0	0	0
NaVi-collect-20260919-023430-697-4a81ff58	877	179342	none	0	0	0	0	0
NaVi-collect-20260919-023430-697-4a81ff58	879	179761	none	0	0	0	0	0
NaVi-collect-20260919-023430-697-4a81ff58	880	179978	none	0	0	0	0	0
NaVi-collect-20260919-024105-060-5a85f57b	2	101	none	0	0	0	0	0
NaVi-collect-20260919-024105-060-5a85f57b	3	301	none	0	0	0	0	0
NaVi-collect-20260919-024105-060-5a85f57b	4	484	none	0	0	0	0	0
NaVi-collect-20260919-024105-060-5a85f57b	5	684	traffic_cone	0.9	0.3125	0.375	0.36458334	0.44921875
NaVi-collect-20260919-024105-060-5a85f57b	6	887	traffic_cone	0.8138346	0.28645834	0.35546875	0.35416666	0.4296875
NaVi-collect-20260919-024105-060-5a85f57b	7	1108	traffic_cone	0.7871429	0.25520834	0.34375	0.31770834	0.421875
NaVi-collect-20260919-024105-060-5a85f57b	8	1344	traffic_cone	0.76529413	0.20833333	0.390625	0.27604166	0.46875
NaVi-collect-20260919-024105-060-5a85f57b	9	1552	traffic_cone	0.79333335	0.171875	0.328125	0.22916667	0.40625
NaVi-collect-20260919-024105-060-5a85f57b	10	1747	traffic_cone	0.9	0.13020833	0.31640625	0.1875	0.40234375
NaVi-collect-20260919-024105-060-5a85f57b	11	1986	traffic_cone	0.85333335	0.109375	0.296875	0.16666667	0.3828125
NaVi-collect-20260919-024105-060-5a85f57b	12	2167	traffic_cone	0.88666666	0.098958336	0.3046875	0.15625	0.390625
NaVi-collect-20260919-024105-060-5a85f57b	13	2362	traffic_cone	0.9	0.104166664	0.328125	0.14583333	0.4140625
NaVi-collect-20260919-024105-060-5a85f57b	14	2562	traffic_cone	0.8731319	0.098958336	0.296875	0.16145833	0.390625
NaVi-collect-20260919-024105-060-5a85f57b	15	2761	traffic_cone	0.8046154	0.078125	0.2890625	0.14583333	0.3828125
NaVi-collect-20260919-024105-060-5a85f57b	16	2983	traffic_cone	0.8092857	0.041666668	0.328125	0.104166664	0.421875
NaVi-collect-20260919-024105-060-5a85f57b	17	3170	traffic_cone	0.81871796	0.052083332	0.328125	0.104166664	0.4296875
NaVi-collect-20260919-024105-060-5a85f57b	18	3359	traffic_cone	0.7967857	0.0625	0.3359375	0.114583336	0.4375
NaVi-collect-20260919-024105-060-5a85f57b	19	3560	traffic_cone	0.875	0.072916664	0.34765625	0.125	0.453125
NaVi-collect-20260919-024105-060-5a85f57b	20	3766	traffic_cone	0.8422222	0.083333336	0.33203125	0.140625	0.44140625
NaVi-collect-20260919-024105-060-5a85f57b	21	3962	traffic_cone	0.87826085	0.041666668	0.3515625	0.104166664	0.46875
NaVi-collect-20260919-024105-060-5a85f57b	22	4161	none	0	0	0	0	0
NaVi-collect-20260919-024105-060-5a85f57b	23	4370	none	0	0	0	0	0
NaVi-collect-20260919-024105-060-5a85f57b	24	4567	none	0	0	0	0	0
NaVi-collect-20260919-024105-060-5a85f57b	25	4781	none	0	0	0	0	0
NaVi-collect-20260919-024105-060-5a85f57b	26	4971	none	0	0	0	0	0
NaVi-collect-20260919-024105-060-5a85f57b	27	5173	none	0	0	0	0	0
NaVi-collect-20260919-024105-060-5a85f57b	28	5394	none	0	0	0	0	0
NaVi-collect-20260919-024105-060-5a85f57b	29	5581	none	0	0	0	0	0
NaVi-collect-20260919-024105-060-5a85f57b	31	5992	none	0	0	0	0	0
NaVi-collect-20260919-024105-060-5a85f57b	32	6189	none	0	0	0	0	0
NaVi-collect-20260919-024105-060-5a85f57b	33	6403	none	0	0	0	0	0
NaVi-collect-20260919-024105-060-5a85f57b	34	6597	none	0	0	0	0	0
NaVi-collect-20260919-024105-060-5a85f57b	35	6799	none	0	0	0	0	0
NaVi-collect-20260919-024105-060-5a85f57b	37	7188	none	0	0	0	0	0
NaVi-collect-20260919-024105-060-5a85f57b	38	7437	none	0	0	0	0	0
NaVi-collect-20260919-024105-060-5a85f57b	39	7615	none	0	0	0	0	0
NaVi-collect-20260919-024105-060-5a85f57b	40	7813	none	0	0	0	0	0
NaVi-collect-20260919-024105-060-5a85f57b	41	8027	none	0	0	0	0	0
NaVi-collect-20260919-024105-060-5a85f57b	42	8246	none	0	0	0	0	0
NaVi-collect-20260919-024105-060-5a85f57b	43	8422	none	0	0	0	0	0
NaVi-collect-20260919-024105-060-5a85f57b	45	8815	none	0	0	0	0	0
NaVi-collect-20260919-024105-060-5a85f57b	46	9039	none	0	0	0	0	0
NaVi-collect-20260919-024105-060-5a85f57b	47	9219	none	0	0	0	0	0
NaVi-collect-20260919-024105-060-5a85f57b	48	9421	none	0	0	0	0	0
NaVi-collect-20260919-024105-060-5a85f57b	49	9620	none	0	0	0	0	0
NaVi-collect-20260919-024105-060-5a85f57b	50	9817	none	0	0	0	0	0
NaVi-collect-20260919-024105-060-5a85f57b	51	10038	none	0	0	0	0	0
NaVi-collect-20260919-024105-060-5a85f57b	53	10426	none	0	0	0	0	0
NaVi-collect-20260919-024105-060-5a85f57b	54	10618	none	0	0	0	0	0
NaVi-collect-20260919-024105-060-5a85f57b	55	10822	none	0	0	0	0	0
NaVi-collect-20260919-024105-060-5a85f57b	56	11019	none	0	0	0	0	0
NaVi-collect-20260919-024105-060-5a85f57b	57	11220	none	0	0	0	0	0
NaVi-collect-20260919-024105-060-5a85f57b	58	11422	none	0	0	0	0	0
NaVi-collect-20260919-024105-060-5a85f57b	59	11626	none	0	0	0	0	0
NaVi-collect-20260919-024105-060-5a85f57b	60	11822	none	0	0	0	0	0
NaVi-collect-20260919-024105-060-5a85f57b	61	12020	none	0	0	0	0	0
NaVi-collect-20260919-024105-060-5a85f57b	62	12218	none	0	0	0	0	0
NaVi-collect-20260919-024105-060-5a85f57b	63	12449	none	0	0	0	0	0
NaVi-collect-20260919-024105-060-5a85f57b	64	12641	none	0	0	0	0	0
NaVi-collect-20260919-024105-060-5a85f57b	65	12840	none	0	0	0	0	0
NaVi-collect-20260919-024105-060-5a85f57b	66	13058	none	0	0	0	0	0
NaVi-collect-20260919-024105-060-5a85f57b	67	13290	none	0	0	0	0	0
NaVi-collect-20260919-024105-060-5a85f57b	68	13526	none	0	0	0	0	0
NaVi-collect-20260919-024105-060-5a85f57b	69	13732	none	0	0	0	0	0
NaVi-collect-20260919-024105-060-5a85f57b	70	13956	none	0	0	0	0	0
NaVi-collect-20260919-024105-060-5a85f57b	71	14161	none	0	0	0	0	0
NaVi-collect-20260919-024105-060-5a85f57b	72	14357	none	0	0	0	0	0
NaVi-collect-20260919-024105-060-5a85f57b	73	14565	none	0	0	0	0	0
NaVi-collect-20260919-024105-060-5a85f57b	74	14772	none	0	0	0	0	0
NaVi-collect-20260919-024105-060-5a85f57b	75	15000	none	0	0	0	0	0
NaVi-collect-20260919-024105-060-5a85f57b	76	15193	none	0	0	0	0	0
NaVi-collect-20260919-024105-060-5a85f57b	77	15400	none	0	0	0	0	0
NaVi-collect-20260919-024105-060-5a85f57b	78	15599	none	0	0	0	0	0
NaVi-collect-20260919-024105-060-5a85f57b	79	15827	none	0	0	0	0	0
NaVi-collect-20260919-024105-060-5a85f57b	80	16057	none	0	0	0	0	0
NaVi-collect-20260919-024105-060-5a85f57b	81	16258	none	0	0	0	0	0
NaVi-collect-20260919-024105-060-5a85f57b	82	16459	none	0	0	0	0	0
NaVi-collect-20260919-024105-060-5a85f57b	83	16676	none	0	0	0	0	0
NaVi-collect-20260919-024105-060-5a85f57b	84	16898	none	0	0	0	0	0
NaVi-collect-20260919-024105-060-5a85f57b	85	17105	none	0	0	0	0	0
NaVi-collect-20260919-024105-060-5a85f57b	86	17293	none	0	0	0	0	0
NaVi-collect-20260919-024105-060-5a85f57b	87	17528	none	0	0	0	0	0
NaVi-collect-20260919-024105-060-5a85f57b	88	17734	none	0	0	0	0	0
NaVi-collect-20260919-024105-060-5a85f57b	89	17941	none	0	0	0	0	0
NaVi-collect-20260919-024105-060-5a85f57b	90	18158	none	0	0	0	0	0
NaVi-collect-20260919-024105-060-5a85f57b	91	18398	none	0	0	0	0	0
NaVi-collect-20260919-024105-060-5a85f57b	92	18627	none	0	0	0	0	0
NaVi-collect-20260919-024105-060-5a85f57b	93	18826	none	0	0	0	0	0
NaVi-collect-20260919-024105-060-5a85f57b	94	19078	none	0	0	0	0	0
NaVi-collect-20260919-024105-060-5a85f57b	95	19280	none	0	0	0	0	0
NaVi-collect-20260919-024105-060-5a85f57b	96	19460	none	0	0	0	0	0
NaVi-collect-20260919-024105-060-5a85f57b	97	19659	none	0	0	0	0	0
NaVi-collect-20260919-024105-060-5a85f57b	98	19898	none	0	0	0	0	0
NaVi-collect-20260919-024105-060-5a85f57b	99	20120	none	0	0	0	0	0
NaVi-collect-20260919-024105-060-5a85f57b	100	20360	none	0	0	0	0	0
NaVi-collect-20260919-024105-060-5a85f57b	101	20568	none	0	0	0	0	0
NaVi-collect-20260919-024105-060-5a85f57b	102	20772	none	0	0	0	0	0
NaVi-collect-20260919-024105-060-5a85f57b	103	20947	none	0	0	0	0	0
NaVi-collect-20260919-024105-060-5a85f57b	104	21158	none	0	0	0	0	0
NaVi-collect-20260919-024105-060-5a85f57b	105	21398	none	0	0	0	0	0
NaVi-collect-20260919-024105-060-5a85f57b	106	21639	none	0	0	0	0	0
NaVi-collect-20260919-024105-060-5a85f57b	107	21864	none	0	0	0	0	0
NaVi-collect-20260919-024105-060-5a85f57b	108	22071	none	0	0	0	0	0
NaVi-collect-20260919-024105-060-5a85f57b	109	22254	none	0	0	0	0	0
NaVi-collect-20260919-024105-060-5a85f57b	110	22496	none	0	0	0	0	0
NaVi-collect-20260919-024105-060-5a85f57b	111	22729	none	0	0	0	0	0
NaVi-collect-20260919-024105-060-5a85f57b	112	22940	none	0	0	0	0	0
NaVi-collect-20260919-024105-060-5a85f57b	113	23139	none	0	0	0	0	0
NaVi-collect-20260919-024105-060-5a85f57b	114	23347	none	0	0	0	0	0
NaVi-collect-20260919-024105-060-5a85f57b	115	23539	none	0	0	0	0	0
NaVi-collect-20260919-024105-060-5a85f57b	116	23732	none	0	0	0	0	0
NaVi-collect-20260919-024105-060-5a85f57b	117	23960	none	0	0	0	0	0
NaVi-collect-20260919-024105-060-5a85f57b	118	24195	none	0	0	0	0	0
NaVi-collect-20260919-024105-060-5a85f57b	119	24425	none	0	0	0	0	0
NaVi-collect-20260919-024105-060-5a85f57b	120	24679	none	0	0	0	0	0
NaVi-collect-20260919-024105-060-5a85f57b	121	24938	none	0	0	0	0	0
NaVi-collect-20260919-024105-060-5a85f57b	122	25105	none	0	0	0	0	0
NaVi-collect-20260919-024105-060-5a85f57b	123	25322	none	0	0	0	0	0
NaVi-collect-20260919-024105-060-5a85f57b	124	25526	none	0	0	0	0	0
NaVi-collect-20260919-024105-060-5a85f57b	125	25725	none	0	0	0	0	0
NaVi-collect-20260919-024105-060-5a85f57b	126	25972	none	0	0	0	0	0
NaVi-collect-20260919-024105-060-5a85f57b	127	26205	none	0	0	0	0	0
NaVi-collect-20260919-024105-060-5a85f57b	128	26394	none	0	0	0	0	0
NaVi-collect-20260919-024105-060-5a85f57b	129	26599	none	0	0	0	0	0
NaVi-collect-20260919-024105-060-5a85f57b	130	26802	none	0	0	0	0	0
NaVi-collect-20260919-024105-060-5a85f57b	131	27005	none	0	0	0	0	0
NaVi-collect-20260919-024105-060-5a85f57b	132	27245	none	0	0	0	0	0
NaVi-collect-20260919-024105-060-5a85f57b	133	27432	none	0	0	0	0	0
NaVi-collect-20260919-024105-060-5a85f57b	134	27675	none	0	0	0	0	0
NaVi-collect-20260919-024105-060-5a85f57b	136	28094	none	0	0	0	0	0
NaVi-collect-20260919-024105-060-5a85f57b	137	28328	none	0	0	0	0	0
NaVi-collect-20260919-024105-060-5a85f57b	138	28557	none	0	0	0	0	0
NaVi-collect-20260919-024105-060-5a85f57b	139	28767	none	0	0	0	0	0
NaVi-collect-20260919-024105-060-5a85f57b	140	28966	none	0	0	0	0	0
NaVi-collect-20260919-024105-060-5a85f57b	141	29199	none	0	0	0	0	0
NaVi-collect-20260919-024105-060-5a85f57b	142	29402	none	0	0	0	0	0
NaVi-collect-20260919-024105-060-5a85f57b	143	29612	none	0	0	0	0	0
NaVi-collect-20260919-024105-060-5a85f57b	144	29836	none	0	0	0	0	0
NaVi-collect-20260919-024105-060-5a85f57b	145	30030	none	0	0	0	0	0
NaVi-collect-20260919-024105-060-5a85f57b	146	30234	none	0	0	0	0	0
NaVi-collect-20260919-024105-060-5a85f57b	147	30461	none	0	0	0	0	0
NaVi-collect-20260919-024105-060-5a85f57b	148	30697	none	0	0	0	0	0
NaVi-collect-20260919-024105-060-5a85f57b	149	30934	none	0	0	0	0	0
NaVi-collect-20260919-024105-060-5a85f57b	150	31165	none	0	0	0	0	0
NaVi-collect-20260919-024105-060-5a85f57b	151	31402	none	0	0	0	0	0
NaVi-collect-20260919-024105-060-5a85f57b	152	31606	none	0	0	0	0	0
NaVi-collect-20260919-024105-060-5a85f57b	153	31797	none	0	0	0	0	0
NaVi-collect-20260919-024105-060-5a85f57b	154	31996	none	0	0	0	0	0
NaVi-collect-20260919-024105-060-5a85f57b	155	32197	none	0	0	0	0	0
NaVi-collect-20260919-024105-060-5a85f57b	156	32398	none	0	0	0	0	0
NaVi-collect-20260919-024105-060-5a85f57b	157	32604	none	0	0	0	0	0
NaVi-collect-20260919-024105-060-5a85f57b	158	32813	none	0	0	0	0	0
NaVi-collect-20260919-024105-060-5a85f57b	159	32997	none	0	0	0	0	0
NaVi-collect-20260919-024105-060-5a85f57b	160	33217	none	0	0	0	0	0
NaVi-collect-20260919-024105-060-5a85f57b	161	33405	none	0	0	0	0	0
NaVi-collect-20260919-024105-060-5a85f57b	162	33604	none	0	0	0	0	0
NaVi-collect-20260919-024105-060-5a85f57b	163	33812	none	0	0	0	0	0
NaVi-collect-20260919-024105-060-5a85f57b	164	34001	none	0	0	0	0	0
NaVi-collect-20260919-024105-060-5a85f57b	165	34217	none	0	0	0	0	0
NaVi-collect-20260919-024105-060-5a85f57b	166	34414	none	0	0	0	0	0
NaVi-collect-20260919-024105-060-5a85f57b	168	34807	none	0	0	0	0	0
NaVi-collect-20260919-024105-060-5a85f57b	169	35018	none	0	0	0	0	0
NaVi-collect-20260919-024105-060-5a85f57b	170	35218	none	0	0	0	0	0
NaVi-collect-20260919-024105-060-5a85f57b	171	35428	none	0	0	0	0	0
NaVi-collect-20260919-024105-060-5a85f57b	172	35618	none	0	0	0	0	0
NaVi-collect-20260919-024105-060-5a85f57b	173	35817	none	0	0	0	0	0
NaVi-collect-20260919-024105-060-5a85f57b	175	36206	none	0	0	0	0	0
NaVi-collect-20260919-024105-060-5a85f57b	176	36412	none	0	0	0	0	0
NaVi-collect-20260919-024105-060-5a85f57b	177	36627	none	0	0	0	0	0
NaVi-collect-20260919-024105-060-5a85f57b	178	36821	none	0	0	0	0	0
NaVi-collect-20260919-024105-060-5a85f57b	179	37030	none	0	0	0	0	0
NaVi-collect-20260919-024105-060-5a85f57b	180	37219	none	0	0	0	0	0
NaVi-collect-20260919-024105-060-5a85f57b	181	37423	none	0	0	0	0	0
NaVi-collect-20260919-024105-060-5a85f57b	183	37830	none	0	0	0	0	0
NaVi-collect-20260919-024105-060-5a85f57b	184	38022	none	0	0	0	0	0
NaVi-collect-20260919-024105-060-5a85f57b	185	38224	none	0	0	0	0	0
NaVi-collect-20260919-024105-060-5a85f57b	186	38422	none	0	0	0	0	0
NaVi-collect-20260919-024105-060-5a85f57b	187	38636	none	0	0	0	0	0
NaVi-collect-20260919-024105-060-5a85f57b	188	38838	none	0	0	0	0	0
NaVi-collect-20260919-024105-060-5a85f57b	189	39015	none	0	0	0	0	0
NaVi-collect-20260919-024105-060-5a85f57b	190	39220	none	0	0	0	0	0
NaVi-collect-20260919-024105-060-5a85f57b	192	39627	none	0	0	0	0	0
NaVi-collect-20260919-024105-060-5a85f57b	193	39834	none	0	0	0	0	0
NaVi-collect-20260919-024105-060-5a85f57b	194	40032	none	0	0	0	0	0
NaVi-collect-20260919-024105-060-5a85f57b	195	40224	none	0	0	0	0	0
NaVi-collect-20260919-024105-060-5a85f57b	196	40437	none	0	0	0	0	0
NaVi-collect-20260919-024105-060-5a85f57b	197	40629	none	0	0	0	0	0
NaVi-collect-20260919-024105-060-5a85f57b	198	40826	none	0	0	0	0	0
NaVi-collect-20260919-024105-060-5a85f57b	199	41024	none	0	0	0	0	0
NaVi-collect-20260919-024105-060-5a85f57b	200	41232	none	0	0	0	0	0
NaVi-collect-20260919-024105-060-5a85f57b	201	41426	none	0	0	0	0	0
NaVi-collect-20260919-024105-060-5a85f57b	202	41637	none	0	0	0	0	0
NaVi-collect-20260919-024105-060-5a85f57b	204	42035	none	0	0	0	0	0
NaVi-collect-20260919-024105-060-5a85f57b	205	42235	none	0	0	0	0	0
NaVi-collect-20260919-024105-060-5a85f57b	206	42428	none	0	0	0	0	0
NaVi-collect-20260919-024105-060-5a85f57b	207	42641	none	0	0	0	0	0
NaVi-collect-20260919-024105-060-5a85f57b	208	42826	none	0	0	0	0	0
NaVi-collect-20260919-024105-060-5a85f57b	209	43035	none	0	0	0	0	0
NaVi-collect-20260919-024105-060-5a85f57b	210	43250	none	0	0	0	0	0
NaVi-collect-20260919-024105-060-5a85f57b	211	43457	none	0	0	0	0	0
NaVi-collect-20260919-024105-060-5a85f57b	212	43627	none	0	0	0	0	0
NaVi-collect-20260919-024105-060-5a85f57b	213	43847	none	0	0	0	0	0
NaVi-collect-20260919-024105-060-5a85f57b	214	44033	none	0	0	0	0	0
NaVi-collect-20260919-024204-341-339c8af2	2	88	none	0	0	0	0	0
NaVi-collect-20260919-024204-341-339c8af2	3	301	none	0	0	0	0	0
NaVi-collect-20260919-024204-341-339c8af2	4	486	none	0	0	0	0	0
NaVi-collect-20260919-024204-341-339c8af2	5	687	none	0	0	0	0	0
NaVi-collect-20260919-024204-341-339c8af2	6	888	none	0	0	0	0	0
NaVi-collect-20260919-024204-341-339c8af2	7	1103	none	0	0	0	0	0
NaVi-collect-20260919-024204-341-339c8af2	8	1335	none	0	0	0	0	0
NaVi-collect-20260919-024204-341-339c8af2	9	1528	none	0	0	0	0	0
NaVi-collect-20260919-024204-341-339c8af2	10	1726	none	0	0	0	0	0
NaVi-collect-20260919-024204-341-339c8af2	11	1920	none	0	0	0	0	0
NaVi-collect-20260919-024204-341-339c8af2	12	2155	none	0	0	0	0	0
NaVi-collect-20260919-024204-341-339c8af2	13	2418	none	0	0	0	0	0
NaVi-collect-20260919-024204-341-339c8af2	14	2644	none	0	0	0	0	0
NaVi-collect-20260919-024204-341-339c8af2	16	3080	none	0	0	0	0	0
NaVi-collect-20260919-024204-341-339c8af2	17	3278	none	0	0	0	0	0
NaVi-collect-20260919-024204-341-339c8af2	18	3511	none	0	0	0	0	0
NaVi-collect-20260919-024204-341-339c8af2	19	3744	none	0	0	0	0	0
NaVi-collect-20260919-024204-341-339c8af2	20	3951	none	0	0	0	0	0
NaVi-collect-20260919-024204-341-339c8af2	22	4369	none	0	0	0	0	0
NaVi-collect-20260919-024204-341-339c8af2	23	4582	none	0	0	0	0	0
NaVi-collect-20260919-024204-341-339c8af2	24	4784	none	0	0	0	0	0
NaVi-collect-20260919-024204-341-339c8af2	25	4980	none	0	0	0	0	0
NaVi-collect-20260919-024204-341-339c8af2	27	5463	none	0	0	0	0	0
NaVi-collect-20260919-024204-341-339c8af2	28	5680	none	0	0	0	0	0
NaVi-collect-20260919-024204-341-339c8af2	29	5950	none	0	0	0	0	0
NaVi-collect-20260919-024204-341-339c8af2	31	6367	none	0	0	0	0	0
NaVi-collect-20260919-024204-341-339c8af2	32	6581	none	0	0	0	0	0
NaVi-collect-20260919-024204-341-339c8af2	33	6743	none	0	0	0	0	0
NaVi-collect-20260919-024204-341-339c8af2	34	6970	none	0	0	0	0	0
NaVi-collect-20260919-024204-341-339c8af2	36	7415	none	0	0	0	0	0
NaVi-collect-20260919-024204-341-339c8af2	37	7654	none	0	0	0	0	0
NaVi-collect-20260919-024204-341-339c8af2	38	7846	none	0	0	0	0	0
NaVi-collect-20260919-024204-341-339c8af2	40	8292	none	0	0	0	0	0
NaVi-collect-20260919-024204-341-339c8af2	41	8468	none	0	0	0	0	0
NaVi-collect-20260919-024204-341-339c8af2	43	8883	none	0	0	0	0	0
NaVi-collect-20260919-024204-341-339c8af2	44	9153	none	0	0	0	0	0
NaVi-collect-20260919-024204-341-339c8af2	45	9334	none	0	0	0	0	0
NaVi-collect-20260919-024204-341-339c8af2	47	9761	none	0	0	0	0	0
NaVi-collect-20260919-024204-341-339c8af2	48	9966	none	0	0	0	0	0
NaVi-collect-20260919-024204-341-339c8af2	49	10193	none	0	0	0	0	0
NaVi-collect-20260919-024204-341-339c8af2	51	10642	none	0	0	0	0	0
NaVi-collect-20260919-024204-341-339c8af2	52	10850	none	0	0	0	0	0
NaVi-collect-20260919-024204-341-339c8af2	53	11050	none	0	0	0	0	0
NaVi-collect-20260919-024204-341-339c8af2	55	11488	none	0	0	0	0	0
NaVi-collect-20260919-024204-341-339c8af2	56	11693	none	0	0	0	0	0
NaVi-collect-20260919-024204-341-339c8af2	57	11873	none	0	0	0	0	0
NaVi-collect-20260919-024204-341-339c8af2	58	12127	none	0	0	0	0	0
NaVi-collect-20260919-024204-341-339c8af2	60	12518	none	0	0	0	0	0
NaVi-collect-20260919-024204-341-339c8af2	61	12707	none	0	0	0	0	0
NaVi-collect-20260919-024204-341-339c8af2	62	12943	none	0	0	0	0	0
NaVi-collect-20260919-024204-341-339c8af2	63	13188	none	0	0	0	0	0
NaVi-collect-20260919-024204-341-339c8af2	64	13402	none	0	0	0	0	0
NaVi-collect-20260919-024204-341-339c8af2	66	13811	none	0	0	0	0	0
NaVi-collect-20260919-024204-341-339c8af2	67	14004	none	0	0	0	0	0
NaVi-collect-20260919-024204-341-339c8af2	68	14256	none	0	0	0	0	0
NaVi-collect-20260919-024204-341-339c8af2	69	14461	none	0	0	0	0	0
NaVi-collect-20260919-024204-341-339c8af2	70	14647	none	0	0	0	0	0
NaVi-collect-20260919-024204-341-339c8af2	71	14880	none	0	0	0	0	0
NaVi-collect-20260919-024204-341-339c8af2	72	15080	none	0	0	0	0	0
NaVi-collect-20260919-024204-341-339c8af2	74	15514	none	0	0	0	0	0
NaVi-collect-20260919-024204-341-339c8af2	75	15739	none	0	0	0	0	0
NaVi-collect-20260919-024204-341-339c8af2	76	15979	none	0	0	0	0	0
NaVi-collect-20260919-024204-341-339c8af2	77	16210	none	0	0	0	0	0
NaVi-collect-20260919-024204-341-339c8af2	78	16381	none	0	0	0	0	0
NaVi-collect-20260919-024204-341-339c8af2	80	16776	none	0	0	0	0	0
NaVi-collect-20260919-024204-341-339c8af2	81	16980	none	0	0	0	0	0
NaVi-collect-20260919-024204-341-339c8af2	82	17190	none	0	0	0	0	0
NaVi-collect-20260919-024204-341-339c8af2	83	17384	none	0	0	0	0	0
NaVi-collect-20260919-024204-341-339c8af2	85	17782	none	0	0	0	0	0
NaVi-collect-20260919-024204-341-339c8af2	86	17978	none	0	0	0	0	0
NaVi-collect-20260919-024204-341-339c8af2	87	18191	none	0	0	0	0	0
NaVi-collect-20260919-024204-341-339c8af2	89	18583	none	0	0	0	0	0
NaVi-collect-20260919-024204-341-339c8af2	90	18794	none	0	0	0	0	0
NaVi-collect-20260919-024204-341-339c8af2	91	18997	none	0	0	0	0	0
NaVi-collect-20260919-024204-341-339c8af2	93	19395	none	0	0	0	0	0
NaVi-collect-20260919-024204-341-339c8af2	94	19588	none	0	0	0	0	0
NaVi-collect-20260919-024204-341-339c8af2	96	19995	none	0	0	0	0	0
NaVi-collect-20260919-024204-341-339c8af2	97	20185	none	0	0	0	0	0
NaVi-collect-20260919-024204-341-339c8af2	98	20399	none	0	0	0	0	0
NaVi-collect-20260919-024204-341-339c8af2	100	20780	none	0	0	0	0	0
NaVi-collect-20260919-024204-341-339c8af2	101	20997	none	0	0	0	0	0
NaVi-collect-20260919-024204-341-339c8af2	103	21400	none	0	0	0	0	0
NaVi-collect-20260919-024204-341-339c8af2	104	21596	none	0	0	0	0	0
NaVi-collect-20260919-024204-341-339c8af2	105	21795	none	0	0	0	0	0
NaVi-collect-20260919-024204-341-339c8af2	106	21999	none	0	0	0	0	0
NaVi-collect-20260919-024204-341-339c8af2	108	22396	none	0	0	0	0	0
NaVi-collect-20260919-024204-341-339c8af2	109	22598	none	0	0	0	0	0
NaVi-collect-20260919-024204-341-339c8af2	110	22799	none	0	0	0	0	0
NaVi-collect-20260919-024204-341-339c8af2	111	23001	none	0	0	0	0	0
NaVi-collect-20260919-024204-341-339c8af2	113	23403	none	0	0	0	0	0
NaVi-collect-20260919-024204-341-339c8af2	114	23601	none	0	0	0	0	0
NaVi-collect-20260919-024204-341-339c8af2	115	23814	none	0	0	0	0	0
NaVi-collect-20260919-024204-341-339c8af2	117	24203	none	0	0	0	0	0
NaVi-collect-20260919-024204-341-339c8af2	118	24421	none	0	0	0	0	0
NaVi-collect-20260919-024204-341-339c8af2	119	24610	none	0	0	0	0	0
NaVi-collect-20260919-024204-341-339c8af2	121	25001	none	0	0	0	0	0
NaVi-collect-20260919-024204-341-339c8af2	122	25220	none	0	0	0	0	0
NaVi-collect-20260919-024204-341-339c8af2	123	25412	none	0	0	0	0	0
NaVi-collect-20260919-024204-341-339c8af2	124	25618	none	0	0	0	0	0
NaVi-collect-20260919-024204-341-339c8af2	126	26008	none	0	0	0	0	0
NaVi-collect-20260919-024204-341-339c8af2	127	26239	none	0	0	0	0	0
NaVi-collect-20260919-024204-341-339c8af2	129	26603	none	0	0	0	0	0
NaVi-collect-20260919-024204-341-339c8af2	130	26822	none	0	0	0	0	0
NaVi-collect-20260919-024204-341-339c8af2	131	27018	none	0	0	0	0	0
NaVi-collect-20260919-024204-341-339c8af2	132	27225	none	0	0	0	0	0
NaVi-collect-20260919-024204-341-339c8af2	133	27432	none	0	0	0	0	0
NaVi-collect-20260919-024204-341-339c8af2	135	27820	none	0	0	0	0	0
NaVi-collect-20260919-024204-341-339c8af2	136	28020	none	0	0	0	0	0
NaVi-collect-20260919-024204-341-339c8af2	137	28209	none	0	0	0	0	0
NaVi-collect-20260919-024204-341-339c8af2	138	28439	none	0	0	0	0	0
NaVi-collect-20260919-024204-341-339c8af2	140	28814	none	0	0	0	0	0
NaVi-collect-20260919-024204-341-339c8af2	141	29021	none	0	0	0	0	0
NaVi-collect-20260919-024204-341-339c8af2	142	29231	none	0	0	0	0	0
NaVi-collect-20260919-024204-341-339c8af2	144	29631	none	0	0	0	0	0
NaVi-collect-20260919-024204-341-339c8af2	145	29810	traffic_cone	0.64847827	0.8697917	0.5	0.9166667	0.58984375
NaVi-collect-20260919-024204-341-339c8af2	146	30031	none	0	0	0	0	0
NaVi-collect-20260919-024204-341-339c8af2	147	30238	traffic_cone	0.7002214	0.734375	0.453125	0.8229167	0.58203125
NaVi-collect-20260919-024204-341-339c8af2	149	30621	none	0	0	0	0	0
NaVi-collect-20260919-024204-341-339c8af2	150	30824	none	0	0	0	0	0
NaVi-collect-20260919-024204-341-339c8af2	151	31034	none	0	0	0	0	0
NaVi-collect-20260919-024204-341-339c8af2	153	31428	none	0	0	0	0	0
NaVi-collect-20260919-024204-341-339c8af2	154	31637	traffic_cone	0.7353749	0.65625	0.359375	0.796875	0.5703125
NaVi-collect-20260919-024204-341-339c8af2	156	32031	none	0	0	0	0	0
NaVi-collect-20260919-024204-341-339c8af2	157	32225	none	0	0	0	0	0
NaVi-collect-20260919-024204-341-339c8af2	158	32433	none	0	0	0	0	0
NaVi-collect-20260919-024204-341-339c8af2	160	32823	none	0	0	0	0	0
NaVi-collect-20260919-024204-341-339c8af2	161	33034	none	0	0	0	0	0
NaVi-collect-20260919-024204-341-339c8af2	162	33230	none	0	0	0	0	0
NaVi-collect-20260919-024204-341-339c8af2	163	33425	none	0	0	0	0	0
NaVi-collect-20260919-024204-341-339c8af2	164	33662	none	0	0	0	0	0
NaVi-collect-20260919-024204-341-339c8af2	165	33836	none	0	0	0	0	0
NaVi-collect-20260919-024204-341-339c8af2	166	34032	none	0	0	0	0	0
NaVi-collect-20260919-024204-341-339c8af2	167	34232	none	0	0	0	0	0
NaVi-collect-20260919-024204-341-339c8af2	168	34437	none	0	0	0	0	0
NaVi-collect-20260919-024204-341-339c8af2	169	34640	none	0	0	0	0	0
NaVi-collect-20260919-024204-341-339c8af2	170	34828	none	0	0	0	0	0
NaVi-collect-20260919-024204-341-339c8af2	171	35049	none	0	0	0	0	0
NaVi-collect-20260919-024204-341-339c8af2	172	35247	none	0	0	0	0	0
NaVi-collect-20260919-024204-341-339c8af2	173	35428	none	0	0	0	0	0
NaVi-collect-20260919-024204-341-339c8af2	174	35629	none	0	0	0	0	0
NaVi-collect-20260919-024204-341-339c8af2	175	35838	none	0	0	0	0	0
NaVi-collect-20260919-024204-341-339c8af2	176	36048	none	0	0	0	0	0
NaVi-collect-20260919-024204-341-339c8af2	177	36251	none	0	0	0	0	0
NaVi-collect-20260919-024204-341-339c8af2	178	36427	none	0	0	0	0	0
NaVi-collect-20260919-024204-341-339c8af2	179	36637	none	0	0	0	0	0
NaVi-collect-20260919-024204-341-339c8af2	180	36832	none	0	0	0	0	0
NaVi-collect-20260919-024204-341-339c8af2	181	37054	none	0	0	0	0	0
NaVi-collect-20260919-024204-341-339c8af2	182	37246	none	0	0	0	0	0
NaVi-collect-20260919-024204-341-339c8af2	183	37450	none	0	0	0	0	0
NaVi-collect-20260919-024204-341-339c8af2	184	37638	none	0	0	0	0	0
NaVi-collect-20260919-024204-341-339c8af2	185	37837	none	0	0	0	0	0
NaVi-collect-20260919-024204-341-339c8af2	186	38048	none	0	0	0	0	0
NaVi-collect-20260919-024204-341-339c8af2	187	38248	none	0	0	0	0	0
NaVi-collect-20260919-024204-341-339c8af2	188	38450	none	0	0	0	0	0
NaVi-collect-20260919-024204-341-339c8af2	189	38649	none	0	0	0	0	0
NaVi-collect-20260919-024204-341-339c8af2	190	38853	none	0	0	0	0	0
NaVi-collect-20260919-024204-341-339c8af2	191	39060	none	0	0	0	0	0
NaVi-collect-20260919-024204-341-339c8af2	192	39233	none	0	0	0	0	0
NaVi-collect-20260919-024204-341-339c8af2	193	39456	none	0	0	0	0	0
NaVi-collect-20260919-024204-341-339c8af2	194	39659	none	0	0	0	0	0
NaVi-collect-20260919-024204-341-339c8af2	195	39854	none	0	0	0	0	0
NaVi-collect-20260919-024204-341-339c8af2	196	40053	none	0	0	0	0	0
NaVi-collect-20260919-024204-341-339c8af2	197	40252	none	0	0	0	0	0
NaVi-collect-20260919-024204-341-339c8af2	198	40469	none	0	0	0	0	0
NaVi-collect-20260919-024204-341-339c8af2	199	40654	none	0	0	0	0	0
NaVi-collect-20260919-024204-341-339c8af2	200	40852	none	0	0	0	0	0
NaVi-collect-20260919-024204-341-339c8af2	201	41051	none	0	0	0	0	0
NaVi-collect-20260919-024204-341-339c8af2	202	41270	none	0	0	0	0	0
NaVi-collect-20260919-024204-341-339c8af2	203	41471	none	0	0	0	0	0
NaVi-collect-20260919-024204-341-339c8af2	204	41654	none	0	0	0	0	0
NaVi-collect-20260919-024204-341-339c8af2	205	41858	none	0	0	0	0	0
NaVi-collect-20260919-024204-341-339c8af2	206	42053	none	0	0	0	0	0
NaVi-collect-20260919-024204-341-339c8af2	207	42254	none	0	0	0	0	0
NaVi-collect-20260919-024204-341-339c8af2	208	42474	none	0	0	0	0	0
NaVi-collect-20260919-024204-341-339c8af2	209	42661	none	0	0	0	0	0
NaVi-collect-20260919-024204-341-339c8af2	210	42862	none	0	0	0	0	0
NaVi-collect-20260919-024204-341-339c8af2	211	43078	none	0	0	0	0	0
NaVi-collect-20260919-024204-341-339c8af2	212	43258	none	0	0	0	0	0
NaVi-collect-20260919-024204-341-339c8af2	213	43457	none	0	0	0	0	0
NaVi-collect-20260919-024204-341-339c8af2	214	43662	none	0	0	0	0	0
NaVi-collect-20260919-024204-341-339c8af2	215	43861	none	0	0	0	0	0
NaVi-collect-20260919-024204-341-339c8af2	216	44084	none	0	0	0	0	0
NaVi-collect-20260919-024204-341-339c8af2	217	44268	none	0	0	0	0	0
NaVi-collect-20260919-024204-341-339c8af2	218	44472	none	0	0	0	0	0
NaVi-collect-20260919-024204-341-339c8af2	219	44661	none	0	0	0	0	0
NaVi-collect-20260919-024204-341-339c8af2	220	44866	none	0	0	0	0	0
NaVi-collect-20260919-024204-341-339c8af2	221	45072	none	0	0	0	0	0
NaVi-collect-20260919-024204-341-339c8af2	222	45258	none	0	0	0	0	0
NaVi-collect-20260919-024204-341-339c8af2	223	45460	none	0	0	0	0	0
NaVi-collect-20260919-024204-341-339c8af2	224	45676	none	0	0	0	0	0
NaVi-collect-20260919-024204-341-339c8af2	225	45873	none	0	0	0	0	0
NaVi-collect-20260919-024204-341-339c8af2	226	46071	none	0	0	0	0	0
NaVi-collect-20260919-024204-341-339c8af2	227	46292	none	0	0	0	0	0
NaVi-collect-20260919-024204-341-339c8af2	228	46488	none	0	0	0	0	0
NaVi-collect-20260919-024204-341-339c8af2	230	46875	none	0	0	0	0	0
NaVi-collect-20260919-024204-341-339c8af2	231	47076	none	0	0	0	0	0
NaVi-collect-20260919-024204-341-339c8af2	232	47274	none	0	0	0	0	0
NaVi-collect-20260919-024204-341-339c8af2	233	47476	none	0	0	0	0	0
NaVi-collect-20260919-024204-341-339c8af2	234	47673	none	0	0	0	0	0
NaVi-collect-20260919-024204-341-339c8af2	235	47888	none	0	0	0	0	0
NaVi-collect-20260919-024204-341-339c8af2	237	48280	none	0	0	0	0	0
NaVi-collect-20260919-024204-341-339c8af2	238	48477	none	0	0	0	0	0
NaVi-collect-20260919-024204-341-339c8af2	239	48680	none	0	0	0	0	0
NaVi-collect-20260919-024204-341-339c8af2	240	48890	none	0	0	0	0	0
NaVi-collect-20260919-024204-341-339c8af2	242	49277	none	0	0	0	0	0
NaVi-collect-20260919-024204-341-339c8af2	243	49480	none	0	0	0	0	0
NaVi-collect-20260919-024204-341-339c8af2	244	49681	none	0	0	0	0	0
NaVi-collect-20260919-024204-341-339c8af2	245	49890	none	0	0	0	0	0
NaVi-collect-20260919-024204-341-339c8af2	247	50282	none	0	0	0	0	0
NaVi-collect-20260919-024204-341-339c8af2	248	50478	none	0	0	0	0	0
NaVi-collect-20260919-024204-341-339c8af2	249	50679	none	0	0	0	0	0
NaVi-collect-20260919-024204-341-339c8af2	250	50906	none	0	0	0	0	0
NaVi-collect-20260919-024204-341-339c8af2	252	51281	none	0	0	0	0	0
NaVi-collect-20260919-024204-341-339c8af2	253	51481	none	0	0	0	0	0
NaVi-collect-20260919-024204-341-339c8af2	254	51699	none	0	0	0	0	0
NaVi-collect-20260919-024204-341-339c8af2	255	51889	none	0	0	0	0	0
NaVi-collect-20260919-024204-341-339c8af2	257	52286	none	0	0	0	0	0
NaVi-collect-20260919-024204-341-339c8af2	258	52482	none	0	0	0	0	0
NaVi-collect-20260919-024204-341-339c8af2	259	52688	none	0	0	0	0	0
NaVi-collect-20260919-024204-341-339c8af2	260	52881	none	0	0	0	0	0
NaVi-collect-20260919-024204-341-339c8af2	261	53096	none	0	0	0	0	0
NaVi-collect-20260919-024204-341-339c8af2	262	53291	none	0	0	0	0	0
NaVi-collect-20260919-024204-341-339c8af2	263	53498	none	0	0	0	0	0
NaVi-collect-20260919-024204-341-339c8af2	264	53682	none	0	0	0	0	0
NaVi-collect-20260919-024204-341-339c8af2	265	53954	none	0	0	0	0	0
NaVi-collect-20260919-024204-341-339c8af2	267	54298	none	0	0	0	0	0
NaVi-collect-20260919-024204-341-339c8af2	268	54497	none	0	0	0	0	0
NaVi-collect-20260919-024204-341-339c8af2	269	54700	none	0	0	0	0	0
NaVi-collect-20260919-024204-341-339c8af2	270	54901	none	0	0	0	0	0
NaVi-collect-20260919-024204-341-339c8af2	271	55102	none	0	0	0	0	0
NaVi-collect-20260919-024204-341-339c8af2	272	55307	none	0	0	0	0	0
NaVi-collect-20260919-024204-341-339c8af2	273	55506	none	0	0	0	0	0
NaVi-collect-20260919-024204-341-339c8af2	274	55687	none	0	0	0	0	0
NaVi-collect-20260919-024204-341-339c8af2	276	56106	none	0	0	0	0	0
NaVi-collect-20260919-024204-341-339c8af2	277	56317	none	0	0	0	0	0
NaVi-collect-20260919-024204-341-339c8af2	278	56534	none	0	0	0	0	0
NaVi-collect-20260919-024204-341-339c8af2	279	56779	none	0	0	0	0	0
NaVi-collect-20260919-024204-341-339c8af2	281	57200	none	0	0	0	0	0
NaVi-collect-20260919-024204-341-339c8af2	282	57405	none	0	0	0	0	0
NaVi-collect-20260919-024204-341-339c8af2	283	57601	none	0	0	0	0	0
NaVi-collect-20260919-024204-341-339c8af2	284	57811	none	0	0	0	0	0
NaVi-collect-20260919-024204-341-339c8af2	285	58026	none	0	0	0	0	0
NaVi-collect-20260919-024204-341-339c8af2	286	58280	none	0	0	0	0	0
NaVi-collect-20260919-024204-341-339c8af2	287	58501	none	0	0	0	0	0
NaVi-collect-20260919-024204-341-339c8af2	289	58928	none	0	0	0	0	0
NaVi-collect-20260919-024204-341-339c8af2	290	59160	none	0	0	0	0	0
NaVi-collect-20260919-024204-341-339c8af2	291	59376	none	0	0	0	0	0
NaVi-collect-20260919-024204-341-339c8af2	293	59756	none	0	0	0	0	0
NaVi-collect-20260919-024204-341-339c8af2	294	59974	none	0	0	0	0	0
NaVi-collect-20260919-024204-341-339c8af2	295	60284	none	0	0	0	0	0
NaVi-collect-20260919-024204-341-339c8af2	296	60439	none	0	0	0	0	0
NaVi-collect-20260919-024204-341-339c8af2	298	60871	none	0	0	0	0	0
NaVi-collect-20260919-024204-341-339c8af2	299	61097	none	0	0	0	0	0
NaVi-collect-20260919-024204-341-339c8af2	301	61506	none	0	0	0	0	0
NaVi-collect-20260919-024204-341-339c8af2	302	61709	none	0	0	0	0	0
NaVi-collect-20260919-024204-341-339c8af2	303	61935	none	0	0	0	0	0
NaVi-collect-20260919-024204-341-339c8af2	304	62127	none	0	0	0	0	0
NaVi-collect-20260919-024204-341-339c8af2	305	62368	none	0	0	0	0	0
NaVi-collect-20260919-024204-341-339c8af2	306	62614	none	0	0	0	0	0
NaVi-collect-20260919-024204-341-339c8af2	307	62832	none	0	0	0	0	0
NaVi-collect-20260919-024204-341-339c8af2	308	63076	none	0	0	0	0	0
NaVi-collect-20260919-024204-341-339c8af2	309	63296	none	0	0	0	0	0
NaVi-collect-20260919-024204-341-339c8af2	311	63697	none	0	0	0	0	0
NaVi-collect-20260919-024204-341-339c8af2	312	63948	none	0	0	0	0	0
NaVi-collect-20260919-024204-341-339c8af2	313	64129	none	0	0	0	0	0
NaVi-collect-20260919-024204-341-339c8af2	314	64362	none	0	0	0	0	0
NaVi-collect-20260919-024204-341-339c8af2	315	64594	none	0	0	0	0	0
NaVi-collect-20260919-024204-341-339c8af2	317	65047	none	0	0	0	0	0
NaVi-collect-20260919-024204-341-339c8af2	318	65229	none	0	0	0	0	0
NaVi-collect-20260919-024204-341-339c8af2	320	65645	none	0	0	0	0	0
NaVi-collect-20260919-024204-341-339c8af2	321	65832	none	0	0	0	0	0
NaVi-collect-20260919-024204-341-339c8af2	322	66061	none	0	0	0	0	0
NaVi-collect-20260919-024204-341-339c8af2	324	66438	none	0	0	0	0	0
NaVi-collect-20260919-024204-341-339c8af2	325	66631	none	0	0	0	0	0
NaVi-collect-20260919-024204-341-339c8af2	327	67037	none	0	0	0	0	0
NaVi-collect-20260919-024204-341-339c8af2	328	67258	none	0	0	0	0	0
NaVi-collect-20260919-024204-341-339c8af2	329	67432	none	0	0	0	0	0
NaVi-collect-20260919-024204-341-339c8af2	330	67673	none	0	0	0	0	0
NaVi-collect-20260919-024204-341-339c8af2	331	67869	none	0	0	0	0	0
NaVi-collect-20260919-024204-341-339c8af2	333	68278	none	0	0	0	0	0
NaVi-collect-20260919-024204-341-339c8af2	334	68479	none	0	0	0	0	0
NaVi-collect-20260919-024204-341-339c8af2	335	68684	none	0	0	0	0	0
NaVi-collect-20260919-024204-341-339c8af2	336	68908	none	0	0	0	0	0
NaVi-collect-20260919-024204-341-339c8af2	338	69286	none	0	0	0	0	0
NaVi-collect-20260919-024204-341-339c8af2	339	69489	none	0	0	0	0	0
NaVi-collect-20260919-024204-341-339c8af2	340	69685	none	0	0	0	0	0
NaVi-collect-20260919-024204-341-339c8af2	341	69893	none	0	0	0	0	0
NaVi-collect-20260919-024204-341-339c8af2	343	70282	none	0	0	0	0	0
NaVi-collect-20260919-024204-341-339c8af2	344	70489	none	0	0	0	0	0
NaVi-collect-20260919-024204-341-339c8af2	345	70688	none	0	0	0	0	0
NaVi-collect-20260919-024204-341-339c8af2	346	70893	none	0	0	0	0	0
NaVi-collect-20260919-024204-341-339c8af2	348	71286	none	0	0	0	0	0
NaVi-collect-20260919-024204-341-339c8af2	349	71490	none	0	0	0	0	0
NaVi-collect-20260919-024204-341-339c8af2	350	71687	none	0	0	0	0	0
NaVi-collect-20260919-024204-341-339c8af2	352	72093	none	0	0	0	0	0
NaVi-collect-20260919-024204-341-339c8af2	353	72278	none	0	0	0	0	0
NaVi-collect-20260919-024204-341-339c8af2	354	72488	none	0	0	0	0	0
NaVi-collect-20260919-024204-341-339c8af2	355	72698	none	0	0	0	0	0
NaVi-collect-20260919-024204-341-339c8af2	356	72899	none	0	0	0	0	0
NaVi-collect-20260919-024204-341-339c8af2	357	73088	none	0	0	0	0	0
NaVi-collect-20260919-024204-341-339c8af2	359	73551	none	0	0	0	0	0
NaVi-collect-20260919-024204-341-339c8af2	360	73790	none	0	0	0	0	0
NaVi-collect-20260919-024204-341-339c8af2	361	73994	none	0	0	0	0	0
NaVi-collect-20260919-024204-341-339c8af2	362	74194	none	0	0	0	0	0
NaVi-collect-20260919-024204-341-339c8af2	363	74421	none	0	0	0	0	0
NaVi-collect-20260919-024204-341-339c8af2	364	74655	none	0	0	0	0	0
NaVi-collect-20260919-024204-341-339c8af2	365	74853	none	0	0	0	0	0
NaVi-collect-20260919-024204-341-339c8af2	367	75333	none	0	0	0	0	0
NaVi-collect-20260919-024204-341-339c8af2	368	75553	none	0	0	0	0	0
NaVi-collect-20260919-024204-341-339c8af2	369	75757	none	0	0	0	0	0
NaVi-collect-20260919-024204-341-339c8af2	370	75993	none	0	0	0	0	0
NaVi-collect-20260919-024204-341-339c8af2	372	76417	none	0	0	0	0	0
NaVi-collect-20260919-024204-341-339c8af2	373	76601	none	0	0	0	0	0
NaVi-collect-20260919-024204-341-339c8af2	375	76983	none	0	0	0	0	0
NaVi-collect-20260919-024204-341-339c8af2	376	77228	none	0	0	0	0	0
NaVi-collect-20260919-024204-341-339c8af2	377	77459	none	0	0	0	0	0
NaVi-collect-20260919-024204-341-339c8af2	379	77894	none	0	0	0	0	0
NaVi-collect-20260919-024204-341-339c8af2	380	78073	none	0	0	0	0	0
NaVi-collect-20260919-024204-341-339c8af2	382	78478	none	0	0	0	0	0
NaVi-collect-20260919-024204-341-339c8af2	383	78733	none	0	0	0	0	0
NaVi-collect-20260919-024204-341-339c8af2	385	79099	none	0	0	0	0	0
NaVi-collect-20260919-024204-341-339c8af2	386	79340	none	0	0	0	0	0
NaVi-collect-20260919-024204-341-339c8af2	387	79590	none	0	0	0	0	0
NaVi-collect-20260919-024204-341-339c8af2	389	80039	none	0	0	0	0	0
NaVi-collect-20260919-024204-341-339c8af2	390	80274	none	0	0	0	0	0
NaVi-collect-20260919-024204-341-339c8af2	392	80666	none	0	0	0	0	0
NaVi-collect-20260919-024204-341-339c8af2	393	80920	none	0	0	0	0	0
NaVi-collect-20260919-024204-341-339c8af2	394	81123	none	0	0	0	0	0
NaVi-collect-20260919-024204-341-339c8af2	396	81512	none	0	0	0	0	0
NaVi-collect-20260919-024204-341-339c8af2	398	81892	none	0	0	0	0	0
NaVi-collect-20260919-024204-341-339c8af2	399	82113	none	0	0	0	0	0
NaVi-collect-20260919-024204-341-339c8af2	401	82519	none	0	0	0	0	0
NaVi-collect-20260919-024204-341-339c8af2	402	82727	none	0	0	0	0	0
NaVi-collect-20260919-024204-341-339c8af2	403	82950	none	0	0	0	0	0
NaVi-collect-20260919-024204-341-339c8af2	405	83407	none	0	0	0	0	0
NaVi-collect-20260919-024204-341-339c8af2	406	83639	none	0	0	0	0	0
NaVi-collect-20260919-024204-341-339c8af2	407	83848	none	0	0	0	0	0
NaVi-collect-20260919-024204-341-339c8af2	409	84256	none	0	0	0	0	0
NaVi-collect-20260919-024204-341-339c8af2	410	84493	none	0	0	0	0	0
NaVi-collect-20260919-024204-341-339c8af2	411	84695	none	0	0	0	0	0
NaVi-collect-20260919-024204-341-339c8af2	413	85121	none	0	0	0	0	0
NaVi-collect-20260919-024204-341-339c8af2	414	85326	none	0	0	0	0	0
NaVi-collect-20260919-024204-341-339c8af2	415	85555	none	0	0	0	0	0
NaVi-collect-20260919-024204-341-339c8af2	417	85961	none	0	0	0	0	0
NaVi-collect-20260919-024204-341-339c8af2	418	86257	none	0	0	0	0	0
NaVi-collect-20260919-024204-341-339c8af2	420	86599	none	0	0	0	0	0
NaVi-collect-20260919-024204-341-339c8af2	421	86825	none	0	0	0	0	0
NaVi-collect-20260919-024204-341-339c8af2	422	87057	none	0	0	0	0	0
NaVi-collect-20260919-024204-341-339c8af2	423	87256	none	0	0	0	0	0
NaVi-collect-20260919-024204-341-339c8af2	425	87694	none	0	0	0	0	0
NaVi-collect-20260919-024204-341-339c8af2	426	87892	none	0	0	0	0	0
NaVi-collect-20260919-024204-341-339c8af2	427	88099	none	0	0	0	0	0
NaVi-collect-20260919-024204-341-339c8af2	429	88561	none	0	0	0	0	0
NaVi-collect-20260919-024204-341-339c8af2	430	88760	none	0	0	0	0	0
NaVi-collect-20260919-024204-341-339c8af2	431	88989	none	0	0	0	0	0
NaVi-collect-20260919-024204-341-339c8af2	433	89414	none	0	0	0	0	0
NaVi-collect-20260919-024204-341-339c8af2	434	89594	none	0	0	0	0	0
NaVi-collect-20260919-024204-341-339c8af2	435	89827	none	0	0	0	0	0
NaVi-collect-20260919-024204-341-339c8af2	437	90264	none	0	0	0	0	0
NaVi-collect-20260919-024204-341-339c8af2	438	90494	none	0	0	0	0	0
NaVi-collect-20260919-024204-341-339c8af2	439	90700	none	0	0	0	0	0
NaVi-collect-20260919-024204-341-339c8af2	441	91132	none	0	0	0	0	0
NaVi-collect-20260919-024204-341-339c8af2	442	91377	none	0	0	0	0	0
NaVi-collect-20260919-024204-341-339c8af2	443	91589	none	0	0	0	0	0
NaVi-collect-20260919-024204-341-339c8af2	445	92005	none	0	0	0	0	0
NaVi-collect-20260919-024204-341-339c8af2	446	92203	none	0	0	0	0	0
NaVi-collect-20260919-024204-341-339c8af2	447	92394	none	0	0	0	0	0
NaVi-collect-20260919-024204-341-339c8af2	449	92834	none	0	0	0	0	0
NaVi-collect-20260919-024204-341-339c8af2	450	93050	none	0	0	0	0	0
NaVi-collect-20260919-024204-341-339c8af2	452	93431	none	0	0	0	0	0
NaVi-collect-20260919-024204-341-339c8af2	453	93665	none	0	0	0	0	0
NaVi-collect-20260919-024204-341-339c8af2	455	94097	none	0	0	0	0	0
NaVi-collect-20260919-024204-341-339c8af2	456	94334	none	0	0	0	0	0
NaVi-collect-20260919-024204-341-339c8af2	458	94720	none	0	0	0	0	0
NaVi-collect-20260919-024204-341-339c8af2	459	94940	none	0	0	0	0	0
NaVi-collect-20260919-024204-341-339c8af2	460	95166	none	0	0	0	0	0
NaVi-collect-20260919-024204-341-339c8af2	461	95387	none	0	0	0	0	0
NaVi-collect-20260919-024204-341-339c8af2	462	95632	none	0	0	0	0	0
NaVi-collect-20260919-024204-341-339c8af2	464	96071	none	0	0	0	0	0
NaVi-collect-20260919-024204-341-339c8af2	465	96270	none	0	0	0	0	0
NaVi-collect-20260919-024204-341-339c8af2	467	96666	none	0	0	0	0	0
NaVi-collect-20260919-024204-341-339c8af2	469	97060	none	0	0	0	0	0
NaVi-collect-20260919-024204-341-339c8af2	470	97270	none	0	0	0	0	0
NaVi-collect-20260919-024204-341-339c8af2	472	97696	none	0	0	0	0	0
NaVi-collect-20260919-024204-341-339c8af2	473	97867	none	0	0	0	0	0
NaVi-collect-20260919-024204-341-339c8af2	475	98269	none	0	0	0	0	0
NaVi-collect-20260919-024204-341-339c8af2	476	98468	none	0	0	0	0	0
NaVi-collect-20260919-024204-341-339c8af2	477	98716	none	0	0	0	0	0
NaVi-collect-20260919-024204-341-339c8af2	479	99130	none	0	0	0	0	0
NaVi-collect-20260919-024204-341-339c8af2	480	99372	none	0	0	0	0	0
NaVi-collect-20260919-024204-341-339c8af2	482	99799	none	0	0	0	0	0
NaVi-collect-20260919-024204-341-339c8af2	483	100019	none	0	0	0	0	0
NaVi-collect-20260919-024204-341-339c8af2	485	100419	none	0	0	0	0	0
NaVi-collect-20260919-024204-341-339c8af2	486	100669	none	0	0	0	0	0
NaVi-collect-20260919-024204-341-339c8af2	487	100862	none	0	0	0	0	0
NaVi-collect-20260919-024204-341-339c8af2	489	101303	none	0	0	0	0	0
NaVi-collect-20260919-024204-341-339c8af2	490	101489	none	0	0	0	0	0
NaVi-collect-20260919-024204-341-339c8af2	492	101915	none	0	0	0	0	0
NaVi-collect-20260919-024204-341-339c8af2	493	102153	none	0	0	0	0	0
NaVi-collect-20260919-024204-341-339c8af2	494	102364	none	0	0	0	0	0
NaVi-collect-20260919-024204-341-339c8af2	496	102777	none	0	0	0	0	0
NaVi-collect-20260919-024204-341-339c8af2	498	103198	none	0	0	0	0	0
NaVi-collect-20260919-024204-341-339c8af2	499	103397	none	0	0	0	0	0
NaVi-collect-20260919-024204-341-339c8af2	500	103632	none	0	0	0	0	0
NaVi-collect-20260919-024204-341-339c8af2	502	104034	none	0	0	0	0	0
NaVi-collect-20260919-024204-341-339c8af2	504	104479	none	0	0	0	0	0
NaVi-collect-20260919-024204-341-339c8af2	505	104668	none	0	0	0	0	0
NaVi-collect-20260919-024204-341-339c8af2	507	105062	none	0	0	0	0	0
NaVi-collect-20260919-024204-341-339c8af2	508	105306	none	0	0	0	0	0
NaVi-collect-20260919-024204-341-339c8af2	509	105503	none	0	0	0	0	0
NaVi-collect-20260919-024204-341-339c8af2	510	105748	none	0	0	0	0	0
NaVi-collect-20260919-024204-341-339c8af2	512	106162	none	0	0	0	0	0
NaVi-collect-20260919-024204-341-339c8af2	513	106434	none	0	0	0	0	0
NaVi-collect-20260919-024204-341-339c8af2	515	106827	none	0	0	0	0	0
NaVi-collect-20260919-024204-341-339c8af2	516	107039	none	0	0	0	0	0
NaVi-collect-20260919-024204-341-339c8af2	517	107272	none	0	0	0	0	0
NaVi-collect-20260919-024204-341-339c8af2	519	107726	none	0	0	0	0	0
NaVi-collect-20260919-024204-341-339c8af2	520	107942	none	0	0	0	0	0
NaVi-collect-20260919-024204-341-339c8af2	521	108187	none	0	0	0	0	0
NaVi-collect-20260919-024204-341-339c8af2	522	108396	none	0	0	0	0	0
NaVi-collect-20260919-024204-341-339c8af2	523	108661	none	0	0	0	0	0
NaVi-collect-20260919-024204-341-339c8af2	525	109034	none	0	0	0	0	0
NaVi-collect-20260919-024204-341-339c8af2	527	109437	none	0	0	0	0	0
NaVi-collect-20260919-024204-341-339c8af2	528	109663	none	0	0	0	0	0
NaVi-collect-20260919-024204-341-339c8af2	529	109920	none	0	0	0	0	0
NaVi-collect-20260919-024204-341-339c8af2	530	110107	none	0	0	0	0	0
NaVi-collect-20260919-024204-341-339c8af2	532	110531	none	0	0	0	0	0
NaVi-collect-20260919-024204-341-339c8af2	533	110731	none	0	0	0	0	0
NaVi-collect-20260919-024204-341-339c8af2	534	110964	none	0	0	0	0	0
NaVi-collect-20260919-024204-341-339c8af2	535	111169	none	0	0	0	0	0
NaVi-collect-20260919-024204-341-339c8af2	537	111596	none	0	0	0	0	0
NaVi-collect-20260919-024204-341-339c8af2	538	111837	none	0	0	0	0	0
NaVi-collect-20260919-024204-341-339c8af2	539	112054	none	0	0	0	0	0
NaVi-collect-20260919-024204-341-339c8af2	540	112247	none	0	0	0	0	0
NaVi-collect-20260919-024204-341-339c8af2	542	112742	none	0	0	0	0	0
NaVi-collect-20260919-024204-341-339c8af2	543	112894	none	0	0	0	0	0
NaVi-collect-20260919-024204-341-339c8af2	545	113300	none	0	0	0	0	0
NaVi-collect-20260919-024204-341-339c8af2	546	113535	none	0	0	0	0	0
NaVi-collect-20260919-024204-341-339c8af2	547	113767	none	0	0	0	0	0
NaVi-collect-20260919-024204-341-339c8af2	548	114103	none	0	0	0	0	0
NaVi-collect-20260919-024204-341-339c8af2	549	114240	none	0	0	0	0	0
NaVi-collect-20260919-024204-341-339c8af2	551	114683	traffic_cone	0.836	0.7760417	0.28515625	0.8125	0.34765625
NaVi-collect-20260919-024204-341-339c8af2	552	114874	none	0	0	0	0	0
NaVi-collect-20260919-024204-341-339c8af2	553	115072	none	0	0	0	0	0
NaVi-collect-20260919-024204-341-339c8af2	555	115526	none	0	0	0	0	0
NaVi-collect-20260919-024204-341-339c8af2	556	115759	none	0	0	0	0	0
NaVi-collect-20260919-024204-341-339c8af2	557	115983	none	0	0	0	0	0
NaVi-collect-20260919-024204-341-339c8af2	560	116600	none	0	0	0	0	0
NaVi-collect-20260919-024204-341-339c8af2	561	116779	none	0	0	0	0	0
NaVi-collect-20260919-024204-341-339c8af2	563	117159	traffic_cone	0.87764704	0.5208333	0.328125	0.5677083	0.39453125
NaVi-collect-20260919-024204-341-339c8af2	564	117393	traffic_cone	0.9	0.45833334	0.40625	0.5	0.4765625
NaVi-collect-20260919-024204-341-339c8af2	565	117596	traffic_cone	0.825	0.39583334	0.41015625	0.4375	0.47265625
NaVi-collect-20260919-024204-341-339c8af2	565	117596	traffic_cone	0.7281203	0.515625	0.41796875	0.5520833	0.4921875
NaVi-collect-20260919-024204-341-339c8af2	567	118027	traffic_cone	0.8490476	0.44270834	0.2421875	0.5	0.32421875
NaVi-collect-20260919-024204-341-339c8af2	567	118027	traffic_cone	0.8042857	0.31770834	0.234375	0.359375	0.3125
NaVi-collect-20260919-024204-341-339c8af2	568	118296	traffic_cone	0.7994805	0.421875	0.2734375	0.47395834	0.359375
NaVi-collect-20260919-024204-341-339c8af2	568	118296	traffic_cone	0.67700535	0.29166666	0.28515625	0.33333334	0.3515625
NaVi-collect-20260919-024204-341-339c8af2	569	118505	traffic_cone	0.80069596	0.42708334	0.33203125	0.484375	0.42578125
NaVi-collect-20260919-024204-341-339c8af2	569	118505	traffic_cone	0.74164706	0.296875	0.33984375	0.33854166	0.40625
NaVi-collect-20260919-024204-341-339c8af2	570	118738	traffic_cone	0.84695655	0.375	0.33203125	0.4375	0.421875
NaVi-collect-20260919-024204-341-339c8af2	570	118738	traffic_cone	0.783268	0.22916667	0.33984375	0.29166666	0.41015625
NaVi-collect-20260919-024204-341-339c8af2	572	119202	traffic_cone	0.8340741	0.5625	0.21875	0.6302083	0.32421875
NaVi-collect-20260919-024204-341-339c8af2	572	119202	traffic_cone	0.72658384	0.41666666	0.234375	0.46354166	0.3125
NaVi-collect-20260919-024204-341-339c8af2	573	119395	traffic_cone	0.8753846	0.546875	0.27734375	0.6197917	0.37890625
NaVi-collect-20260919-024204-341-339c8af2	573	119395	traffic_cone	0.8094737	0.39583334	0.296875	0.45833334	0.375
NaVi-collect-20260919-024204-341-339c8af2	575	119822	traffic_cone	0.8093651	0.16666667	0.3671875	0.25	0.4765625
NaVi-collect-20260919-024204-341-339c8af2	576	119999	traffic_cone	0.8597619	0.14583333	0.2578125	0.234375	0.3828125
NaVi-collect-20260919-024204-341-339c8af2	576	119999	traffic_cone	0.8225	0.33333334	0.26953125	0.43229166	0.39453125
NaVi-collect-20260919-024204-341-339c8af2	578	120493	traffic_cone	0.9	0.46875	0.30859375	0.5416667	0.4375
NaVi-collect-20260919-024204-341-339c8af2	578	120493	traffic_cone	0.7988461	0.265625	0.3359375	0.33854166	0.4375
NaVi-collect-20260919-024204-341-339c8af2	579	120632	traffic_cone	0.87764704	0.234375	0.3515625	0.32291666	0.484375
NaVi-collect-20260919-024204-341-339c8af2	579	120632	traffic_cone	0.7959722	0.44270834	0.359375	0.5364583	0.484375
NaVi-collect-20260919-024204-341-339c8af2	581	121029	traffic_cone	0.8488889	0.38020834	0.4921875	0.5	0.66796875
NaVi-collect-20260919-024204-341-339c8af2	582	121243	none	0	0	0	0	0
NaVi-collect-20260919-024204-341-339c8af2	584	121663	none	0	0	0	0	0
NaVi-collect-20260919-024204-341-339c8af2	585	121919	none	0	0	0	0	0
NaVi-collect-20260919-024204-341-339c8af2	587	122381	none	0	0	0	0	0
NaVi-collect-20260919-024204-341-339c8af2	588	122595	none	0	0	0	0	0
NaVi-collect-20260919-024204-341-339c8af2	590	123001	none	0	0	0	0	0
NaVi-collect-20260919-024204-341-339c8af2	591	123245	none	0	0	0	0	0
NaVi-collect-20260919-024204-341-339c8af2	593	123667	none	0	0	0	0	0
NaVi-collect-20260919-024204-341-339c8af2	594	123879	none	0	0	0	0	0
NaVi-collect-20260919-024204-341-339c8af2	596	124295	none	0	0	0	0	0
NaVi-collect-20260919-024204-341-339c8af2	597	124542	none	0	0	0	0	0
NaVi-collect-20260919-024204-341-339c8af2	599	124972	none	0	0	0	0	0
NaVi-collect-20260919-024204-341-339c8af2	600	125206	traffic_cone	0.72010905	0.48958334	0.52734375	0.9114583	0.88671875
NaVi-collect-20260919-024204-341-339c8af2	601	125362	traffic_cone	0.7249458	0.15625	0.57421875	0.5520833	0.92578125
NaVi-collect-20260919-024204-341-339c8af2	603	125769	none	0	0	0	0	0
NaVi-collect-20260919-024204-341-339c8af2	604	125997	none	0	0	0	0	0
NaVi-collect-20260919-024204-341-339c8af2	606	126385	traffic_cone	0.7899029	0.31770834	0.7890625	0.484375	0.98828125
NaVi-collect-20260919-024204-341-339c8af2	608	126777	none	0	0	0	0	0
NaVi-collect-20260919-024204-341-339c8af2	609	127035	traffic_cone	0.83111113	0.5885417	0.40625	0.6458333	0.4765625
NaVi-collect-20260919-024204-341-339c8af2	611	127384	none	0	0	0	0	0
NaVi-collect-20260919-024204-341-339c8af2	612	127584	none	0	0	0	0	0
NaVi-collect-20260919-024204-341-339c8af2	614	127980	none	0	0	0	0	0
NaVi-collect-20260919-024204-341-339c8af2	615	128192	none	0	0	0	0	0
NaVi-collect-20260919-024204-341-339c8af2	617	128581	none	0	0	0	0	0
NaVi-collect-20260919-024204-341-339c8af2	618	128784	none	0	0	0	0	0
NaVi-collect-20260919-024204-341-339c8af2	620	129209	traffic_cone	0.8552381	0.578125	0.359375	0.6666667	0.44140625
NaVi-collect-20260919-024204-341-339c8af2	620	129209	traffic_cone	0.70620346	0.15625	0.52734375	0.6041667	0.9296875
NaVi-collect-20260919-024204-341-339c8af2	621	129401	traffic_cone	0.8552381	0.36458334	0.359375	0.43229166	0.44140625
NaVi-collect-20260919-024204-341-339c8af2	622	129620	none	0	0	0	0	0
NaVi-collect-20260919-024204-341-339c8af2	624	130024	traffic_cone	0.77216935	0.4375	0.50390625	0.7760417	0.8984375
NaVi-collect-20260919-024204-341-339c8af2	626	130430	none	0	0	0	0	0
NaVi-collect-20260919-024204-341-339c8af2	627	130652	none	0	0	0	0	0
NaVi-collect-20260919-024204-341-339c8af2	629	131027	none	0	0	0	0	0
NaVi-collect-20260919-024204-341-339c8af2	630	131257	none	0	0	0	0	0
NaVi-collect-20260919-024204-341-339c8af2	632	131624	none	0	0	0	0	0
NaVi-collect-20260919-024204-341-339c8af2	633	131860	none	0	0	0	0	0
NaVi-collect-20260919-024204-341-339c8af2	635	132286	none	0	0	0	0	0
NaVi-collect-20260919-024204-341-339c8af2	636	132490	none	0	0	0	0	0
NaVi-collect-20260919-024204-341-339c8af2	638	132955	none	0	0	0	0	0
NaVi-collect-20260919-024204-341-339c8af2	639	133202	none	0	0	0	0	0
NaVi-collect-20260919-024204-341-339c8af2	641	133619	none	0	0	0	0	0
NaVi-collect-20260919-024204-341-339c8af2	642	133866	none	0	0	0	0	0
NaVi-collect-20260919-024204-341-339c8af2	643	134096	none	0	0	0	0	0
NaVi-collect-20260919-024204-341-339c8af2	644	134311	none	0	0	0	0	0
NaVi-collect-20260919-024204-341-339c8af2	646	134725	none	0	0	0	0	0
NaVi-collect-20260919-024204-341-339c8af2	647	134922	none	0	0	0	0	0
NaVi-collect-20260919-024204-341-339c8af2	649	135363	none	0	0	0	0	0
NaVi-collect-20260919-024204-341-339c8af2	650	135687	none	0	0	0	0	0
NaVi-collect-20260919-024204-341-339c8af2	652	136091	none	0	0	0	0	0
NaVi-collect-20260919-024204-341-339c8af2	653	136296	none	0	0	0	0	0
NaVi-collect-20260919-024204-341-339c8af2	655	136675	none	0	0	0	0	0
NaVi-collect-20260919-024204-341-339c8af2	656	136895	none	0	0	0	0	0
NaVi-collect-20260919-024204-341-339c8af2	658	137326	none	0	0	0	0	0
NaVi-collect-20260919-024204-341-339c8af2	659	137525	none	0	0	0	0	0
NaVi-collect-20260919-024204-341-339c8af2	660	137777	none	0	0	0	0	0
NaVi-collect-20260919-024204-341-339c8af2	662	138204	none	0	0	0	0	0
NaVi-collect-20260919-024204-341-339c8af2	663	138426	none	0	0	0	0	0
NaVi-collect-20260919-024204-341-339c8af2	664	138657	none	0	0	0	0	0
NaVi-collect-20260919-024204-341-339c8af2	666	139106	none	0	0	0	0	0
NaVi-collect-20260919-024204-341-339c8af2	667	139299	none	0	0	0	0	0
NaVi-collect-20260919-024204-341-339c8af2	669	139725	none	0	0	0	0	0
NaVi-collect-20260919-024204-341-339c8af2	670	139912	none	0	0	0	0	0
NaVi-collect-20260919-024204-341-339c8af2	671	140153	none	0	0	0	0	0
NaVi-collect-20260919-024204-341-339c8af2	673	140579	none	0	0	0	0	0
NaVi-collect-20260919-024204-341-339c8af2	674	140821	none	0	0	0	0	0
NaVi-collect-20260919-024204-341-339c8af2	675	141034	none	0	0	0	0	0
NaVi-collect-20260919-024204-341-339c8af2	677	141483	none	0	0	0	0	0
NaVi-collect-20260919-024204-341-339c8af2	678	141698	none	0	0	0	0	0
NaVi-collect-20260919-024204-341-339c8af2	679	141898	none	0	0	0	0	0
NaVi-collect-20260919-024204-341-339c8af2	680	142116	none	0	0	0	0	0
NaVi-collect-20260919-024204-341-339c8af2	682	142552	none	0	0	0	0	0
NaVi-collect-20260919-024204-341-339c8af2	683	142749	none	0	0	0	0	0
NaVi-collect-20260919-024204-341-339c8af2	684	142952	none	0	0	0	0	0
NaVi-collect-20260919-024204-341-339c8af2	686	143388	none	0	0	0	0	0
NaVi-collect-20260919-024204-341-339c8af2	687	143585	none	0	0	0	0	0
NaVi-collect-20260919-024204-341-339c8af2	688	143788	none	0	0	0	0	0
NaVi-collect-20260919-024204-341-339c8af2	690	144230	none	0	0	0	0	0
NaVi-collect-20260919-024204-341-339c8af2	691	144452	none	0	0	0	0	0
NaVi-collect-20260919-024204-341-339c8af2	692	144686	none	0	0	0	0	0
NaVi-collect-20260919-024204-341-339c8af2	693	144924	none	0	0	0	0	0
NaVi-collect-20260919-024204-341-339c8af2	694	145121	none	0	0	0	0	0
NaVi-collect-20260919-024204-341-339c8af2	696	145633	none	0	0	0	0	0
NaVi-collect-20260919-024204-341-339c8af2	698	146066	none	0	0	0	0	0
NaVi-collect-20260919-024204-341-339c8af2	700	146536	none	0	0	0	0	0
NaVi-collect-20260919-024204-341-339c8af2	702	146980	none	0	0	0	0	0
NaVi-collect-20260919-024204-341-339c8af2	704	147336	none	0	0	0	0	0
NaVi-collect-20260919-024204-341-339c8af2	705	147548	none	0	0	0	0	0
NaVi-collect-20260919-024204-341-339c8af2	707	147920	none	0	0	0	0	0
NaVi-collect-20260919-024204-341-339c8af2	708	148144	none	0	0	0	0	0
NaVi-collect-20260919-024204-341-339c8af2	710	148537	none	0	0	0	0	0
NaVi-collect-20260919-024204-341-339c8af2	711	148726	none	0	0	0	0	0
NaVi-collect-20260919-024204-341-339c8af2	713	149142	none	0	0	0	0	0
NaVi-collect-20260919-024204-341-339c8af2	714	149339	none	0	0	0	0	0
NaVi-collect-20260919-024204-341-339c8af2	716	149742	none	0	0	0	0	0
NaVi-collect-20260919-024204-341-339c8af2	717	149945	none	0	0	0	0	0
NaVi-collect-20260919-024204-341-339c8af2	719	150342	none	0	0	0	0	0
NaVi-collect-20260919-024204-341-339c8af2	721	150743	none	0	0	0	0	0
NaVi-collect-20260919-024204-341-339c8af2	722	150938	none	0	0	0	0	0
NaVi-collect-20260919-024204-341-339c8af2	724	151340	none	0	0	0	0	0
NaVi-collect-20260919-024204-341-339c8af2	725	151543	none	0	0	0	0	0
NaVi-collect-20260919-024204-341-339c8af2	727	152006	none	0	0	0	0	0
NaVi-collect-20260919-024204-341-339c8af2	728	152231	none	0	0	0	0	0
NaVi-collect-20260919-024204-341-339c8af2	731	152890	none	0	0	0	0	0
NaVi-collect-20260919-024204-341-339c8af2	733	153298	none	0	0	0	0	0
NaVi-collect-20260919-024204-341-339c8af2	735	153667	none	0	0	0	0	0
NaVi-collect-20260919-024204-341-339c8af2	736	153856	none	0	0	0	0	0
NaVi-collect-20260919-024204-341-339c8af2	738	154247	none	0	0	0	0	0
NaVi-collect-20260919-024204-341-339c8af2	739	154451	none	0	0	0	0	0
NaVi-collect-20260919-024204-341-339c8af2	741	154853	none	0	0	0	0	0
NaVi-collect-20260919-024204-341-339c8af2	742	155069	none	0	0	0	0	0
NaVi-collect-20260919-024204-341-339c8af2	744	155453	none	0	0	0	0	0
NaVi-collect-20260919-024204-341-339c8af2	746	155847	none	0	0	0	0	0
NaVi-collect-20260919-024204-341-339c8af2	747	156124	none	0	0	0	0	0
NaVi-collect-20260919-024204-341-339c8af2	749	156452	none	0	0	0	0	0
NaVi-collect-20260919-024204-341-339c8af2	750	156668	none	0	0	0	0	0
NaVi-collect-20260919-024204-341-339c8af2	752	157054	none	0	0	0	0	0
NaVi-collect-20260919-024204-341-339c8af2	753	157275	none	0	0	0	0	0
NaVi-collect-20260919-024204-341-339c8af2	755	157675	none	0	0	0	0	0
NaVi-collect-20260919-024204-341-339c8af2	756	157868	none	0	0	0	0	0
NaVi-collect-20260919-024204-341-339c8af2	758	158358	none	0	0	0	0	0
NaVi-collect-20260919-024204-341-339c8af2	759	158490	none	0	0	0	0	0
NaVi-collect-20260919-024204-341-339c8af2	761	158898	none	0	0	0	0	0
NaVi-collect-20260919-024204-341-339c8af2	762	159108	none	0	0	0	0	0
NaVi-collect-20260919-024204-341-339c8af2	764	159512	none	0	0	0	0	0
NaVi-collect-20260919-024204-341-339c8af2	765	159711	none	0	0	0	0	0
NaVi-collect-20260919-024204-341-339c8af2	767	160101	none	0	0	0	0	0
NaVi-collect-20260919-024204-341-339c8af2	768	160307	none	0	0	0	0	0
NaVi-collect-20260919-024204-341-339c8af2	770	160719	none	0	0	0	0	0
NaVi-collect-20260919-024204-341-339c8af2	771	160910	none	0	0	0	0	0
NaVi-collect-20260919-024204-341-339c8af2	773	161312	none	0	0	0	0	0
NaVi-collect-20260919-024204-341-339c8af2	774	161517	none	0	0	0	0	0
NaVi-collect-20260919-024204-341-339c8af2	776	161905	none	0	0	0	0	0
NaVi-collect-20260919-024204-341-339c8af2	777	162102	none	0	0	0	0	0
NaVi-collect-20260919-024204-341-339c8af2	778	162326	none	0	0	0	0	0
NaVi-collect-20260919-024204-341-339c8af2	780	162731	none	0	0	0	0	0
NaVi-collect-20260919-024204-341-339c8af2	781	162919	none	0	0	0	0	0
NaVi-collect-20260919-024204-341-339c8af2	783	163343	none	0	0	0	0	0
NaVi-collect-20260919-024204-341-339c8af2	785	163708	none	0	0	0	0	0
NaVi-collect-20260919-024204-341-339c8af2	786	163939	none	0	0	0	0	0
NaVi-collect-20260919-024204-341-339c8af2	788	164318	none	0	0	0	0	0
NaVi-collect-20260919-024204-341-339c8af2	789	164552	none	0	0	0	0	0
NaVi-collect-20260919-024204-341-339c8af2	791	164914	none	0	0	0	0	0
NaVi-collect-20260919-024204-341-339c8af2	792	165109	none	0	0	0	0	0
NaVi-collect-20260919-024204-341-339c8af2	793	165322	none	0	0	0	0	0
NaVi-collect-20260919-024204-341-339c8af2	796	165936	none	0	0	0	0	0
NaVi-collect-20260919-024204-341-339c8af2	797	166140	none	0	0	0	0	0
NaVi-collect-20260919-024204-341-339c8af2	799	166513	none	0	0	0	0	0
NaVi-collect-20260919-024204-341-339c8af2	800	166728	none	0	0	0	0	0
NaVi-collect-20260919-024204-341-339c8af2	801	166924	none	0	0	0	0	0
NaVi-collect-20260919-024204-341-339c8af2	803	167312	none	0	0	0	0	0
NaVi-collect-20260919-024204-341-339c8af2	805	167713	none	0	0	0	0	0
NaVi-collect-20260919-024204-341-339c8af2	806	167954	none	0	0	0	0	0
NaVi-collect-20260919-024204-341-339c8af2	807	168185	none	0	0	0	0	0
NaVi-collect-20260919-024204-341-339c8af2	809	168533	none	0	0	0	0	0
NaVi-collect-20260919-024204-341-339c8af2	811	168928	none	0	0	0	0	0
NaVi-collect-20260919-024204-341-339c8af2	812	169131	none	0	0	0	0	0
NaVi-collect-20260919-024204-341-339c8af2	813	169335	none	0	0	0	0	0
NaVi-collect-20260919-024204-341-339c8af2	815	169747	none	0	0	0	0	0
NaVi-collect-20260919-024204-341-339c8af2	817	170134	none	0	0	0	0	0
NaVi-collect-20260919-024204-341-339c8af2	818	170395	none	0	0	0	0	0
NaVi-collect-20260919-024204-341-339c8af2	820	170739	none	0	0	0	0	0
NaVi-collect-20260919-024204-341-339c8af2	821	170935	none	0	0	0	0	0
NaVi-collect-20260919-024204-341-339c8af2	823	171355	none	0	0	0	0	0
NaVi-collect-20260919-024204-341-339c8af2	825	171754	none	0	0	0	0	0
NaVi-collect-20260919-024204-341-339c8af2	826	171962	none	0	0	0	0	0
NaVi-collect-20260919-024204-341-339c8af2	827	172145	none	0	0	0	0	0
NaVi-collect-20260919-024204-341-339c8af2	829	172580	none	0	0	0	0	0
NaVi-collect-20260919-024204-341-339c8af2	830	172766	none	0	0	0	0	0
NaVi-collect-20260919-024204-341-339c8af2	832	173254	none	0	0	0	0	0
NaVi-collect-20260919-024204-341-339c8af2	834	173607	none	0	0	0	0	0
NaVi-collect-20260919-024204-341-339c8af2	835	173797	none	0	0	0	0	0
NaVi-collect-20260919-024204-341-339c8af2	836	174040	none	0	0	0	0	0
NaVi-collect-20260919-024204-341-339c8af2	838	174451	none	0	0	0	0	0
NaVi-collect-20260919-024204-341-339c8af2	839	174691	none	0	0	0	0	0
NaVi-collect-20260919-024204-341-339c8af2	840	174946	none	0	0	0	0	0
NaVi-collect-20260919-024204-341-339c8af2	842	175306	none	0	0	0	0	0
NaVi-collect-20260919-024204-341-339c8af2	843	175528	none	0	0	0	0	0
NaVi-collect-20260919-024204-341-339c8af2	845	175936	none	0	0	0	0	0
NaVi-collect-20260919-024204-341-339c8af2	846	176178	none	0	0	0	0	0
NaVi-collect-20260919-024204-341-339c8af2	848	176604	none	0	0	0	0	0
NaVi-collect-20260919-024204-341-339c8af2	849	176804	none	0	0	0	0	0
NaVi-collect-20260919-024204-341-339c8af2	850	177043	none	0	0	0	0	0
NaVi-collect-20260919-024204-341-339c8af2	851	177271	none	0	0	0	0	0
NaVi-collect-20260919-024204-341-339c8af2	853	177670	none	0	0	0	0	0
NaVi-collect-20260919-024204-341-339c8af2	854	177901	none	0	0	0	0	0
NaVi-collect-20260919-024204-341-339c8af2	856	178348	none	0	0	0	0	0
NaVi-collect-20260919-024204-341-339c8af2	857	178542	none	0	0	0	0	0
NaVi-collect-20260919-024204-341-339c8af2	858	178741	none	0	0	0	0	0
NaVi-collect-20260919-024204-341-339c8af2	860	179141	none	0	0	0	0	0
NaVi-collect-20260919-024204-341-339c8af2	861	179344	none	0	0	0	0	0
NaVi-collect-20260919-024204-341-339c8af2	863	179753	none	0	0	0	0	0
NaVi-collect-20260919-024204-341-339c8af2	864	179958	none	0	0	0	0	0
NaVi-collect-20260919-024719-670-dd86e6fb	5	54	none	0	0	0	0	0
NaVi-collect-20260919-024719-670-dd86e6fb	6	203	none	0	0	0	0	0
NaVi-collect-20260919-024719-670-dd86e6fb	7	414	none	0	0	0	0	0
NaVi-collect-20260919-024719-670-dd86e6fb	8	588	traffic_cone	0.895	0.036458332	0.265625	0.119791664	0.390625
NaVi-collect-20260919-024719-670-dd86e6fb	9	788	traffic_cone	0.9	0.15625	0.28125	0.23958333	0.40625
NaVi-collect-20260919-024719-670-dd86e6fb	10	1011	traffic_cone	0.9	0.13541667	0.296875	0.20833333	0.4140625
NaVi-collect-20260919-024719-670-dd86e6fb	11	1213	traffic_cone	0.79979795	0.088541664	0.265625	0.16666667	0.390625
NaVi-collect-20260919-024719-670-dd86e6fb	12	1418	traffic_cone	0.7885824	0.046875	0.28125	0.13020833	0.40625
NaVi-collect-20260919-024719-670-dd86e6fb	13	1621	none	0	0	0	0	0
NaVi-collect-20260919-024719-670-dd86e6fb	14	1824	none	0	0	0	0	0
NaVi-collect-20260919-024719-670-dd86e6fb	15	2015	none	0	0	0	0	0
NaVi-collect-20260919-024719-670-dd86e6fb	16	2228	none	0	0	0	0	0
NaVi-collect-20260919-024719-670-dd86e6fb	17	2416	none	0	0	0	0	0
NaVi-collect-20260919-024719-670-dd86e6fb	18	2616	none	0	0	0	0	0
NaVi-collect-20260919-024719-670-dd86e6fb	19	2817	none	0	0	0	0	0
NaVi-collect-20260919-024719-670-dd86e6fb	20	3017	none	0	0	0	0	0
NaVi-collect-20260919-024719-670-dd86e6fb	21	3220	none	0	0	0	0	0
NaVi-collect-20260919-024719-670-dd86e6fb	22	3418	none	0	0	0	0	0
NaVi-collect-20260919-024719-670-dd86e6fb	23	3618	none	0	0	0	0	0
NaVi-collect-20260919-024719-670-dd86e6fb	24	3827	none	0	0	0	0	0
NaVi-collect-20260919-024719-670-dd86e6fb	25	4021	none	0	0	0	0	0
NaVi-collect-20260919-024719-670-dd86e6fb	26	4223	none	0	0	0	0	0
NaVi-collect-20260919-024719-670-dd86e6fb	27	4419	none	0	0	0	0	0
NaVi-collect-20260919-024719-670-dd86e6fb	28	4623	none	0	0	0	0	0
NaVi-collect-20260919-024719-670-dd86e6fb	29	4825	none	0	0	0	0	0
NaVi-collect-20260919-024719-670-dd86e6fb	30	5021	none	0	0	0	0	0
NaVi-collect-20260919-024719-670-dd86e6fb	31	5220	none	0	0	0	0	0
NaVi-collect-20260919-024719-670-dd86e6fb	32	5435	none	0	0	0	0	0
NaVi-collect-20260919-024719-670-dd86e6fb	33	5623	none	0	0	0	0	0
NaVi-collect-20260919-024719-670-dd86e6fb	34	5838	none	0	0	0	0	0
NaVi-collect-20260919-024719-670-dd86e6fb	35	6022	none	0	0	0	0	0
NaVi-collect-20260919-024719-670-dd86e6fb	36	6226	none	0	0	0	0	0
NaVi-collect-20260919-024719-670-dd86e6fb	37	6435	none	0	0	0	0	0
NaVi-collect-20260919-024719-670-dd86e6fb	38	6644	none	0	0	0	0	0
NaVi-collect-20260919-024719-670-dd86e6fb	39	6852	none	0	0	0	0	0
NaVi-collect-20260919-024719-670-dd86e6fb	40	7033	none	0	0	0	0	0
NaVi-collect-20260919-024719-670-dd86e6fb	41	7243	none	0	0	0	0	0
NaVi-collect-20260919-024719-670-dd86e6fb	42	7444	none	0	0	0	0	0
NaVi-collect-20260919-024719-670-dd86e6fb	43	7642	none	0	0	0	0	0
NaVi-collect-20260919-024719-670-dd86e6fb	44	7842	none	0	0	0	0	0
NaVi-collect-20260919-024719-670-dd86e6fb	45	8044	none	0	0	0	0	0
NaVi-collect-20260919-024719-670-dd86e6fb	46	8239	none	0	0	0	0	0
NaVi-collect-20260919-024719-670-dd86e6fb	47	8443	none	0	0	0	0	0
NaVi-collect-20260919-024719-670-dd86e6fb	48	8641	none	0	0	0	0	0
NaVi-collect-20260919-024719-670-dd86e6fb	49	8843	none	0	0	0	0	0
NaVi-collect-20260919-024719-670-dd86e6fb	50	9042	none	0	0	0	0	0
NaVi-collect-20260919-024719-670-dd86e6fb	51	9241	none	0	0	0	0	0
NaVi-collect-20260919-024719-670-dd86e6fb	52	9443	none	0	0	0	0	0
NaVi-collect-20260919-024719-670-dd86e6fb	53	9642	none	0	0	0	0	0
NaVi-collect-20260919-024719-670-dd86e6fb	54	9843	none	0	0	0	0	0
NaVi-collect-20260919-024719-670-dd86e6fb	55	10042	none	0	0	0	0	0
NaVi-collect-20260919-024719-670-dd86e6fb	56	10261	none	0	0	0	0	0
NaVi-collect-20260919-024719-670-dd86e6fb	57	10460	none	0	0	0	0	0
NaVi-collect-20260919-024719-670-dd86e6fb	58	10664	none	0	0	0	0	0
NaVi-collect-20260919-024719-670-dd86e6fb	59	10844	none	0	0	0	0	0
NaVi-collect-20260919-024719-670-dd86e6fb	60	11044	none	0	0	0	0	0
NaVi-collect-20260919-024719-670-dd86e6fb	61	11263	none	0	0	0	0	0
NaVi-collect-20260919-024719-670-dd86e6fb	62	11444	none	0	0	0	0	0
NaVi-collect-20260919-024719-670-dd86e6fb	63	11645	none	0	0	0	0	0
NaVi-collect-20260919-024719-670-dd86e6fb	64	11863	none	0	0	0	0	0
NaVi-collect-20260919-024719-670-dd86e6fb	65	12063	none	0	0	0	0	0
NaVi-collect-20260919-024719-670-dd86e6fb	66	12275	none	0	0	0	0	0
NaVi-collect-20260919-024719-670-dd86e6fb	67	12466	none	0	0	0	0	0
NaVi-collect-20260919-024719-670-dd86e6fb	68	12666	none	0	0	0	0	0
NaVi-collect-20260919-024719-670-dd86e6fb	69	12867	none	0	0	0	0	0
NaVi-collect-20260919-024719-670-dd86e6fb	70	13064	none	0	0	0	0	0
NaVi-collect-20260919-024719-670-dd86e6fb	71	13263	none	0	0	0	0	0
NaVi-collect-20260919-024719-670-dd86e6fb	72	13472	none	0	0	0	0	0
NaVi-collect-20260919-024719-670-dd86e6fb	73	13663	none	0	0	0	0	0
NaVi-collect-20260919-024719-670-dd86e6fb	74	13866	none	0	0	0	0	0
NaVi-collect-20260919-024719-670-dd86e6fb	75	14067	none	0	0	0	0	0
NaVi-collect-20260919-024719-670-dd86e6fb	76	14267	none	0	0	0	0	0
NaVi-collect-20260919-024719-670-dd86e6fb	77	14466	none	0	0	0	0	0
NaVi-collect-20260919-024719-670-dd86e6fb	78	14698	none	0	0	0	0	0
NaVi-collect-20260919-024719-670-dd86e6fb	79	14897	none	0	0	0	0	0
NaVi-collect-20260919-024719-670-dd86e6fb	80	15097	none	0	0	0	0	0
NaVi-collect-20260919-024719-670-dd86e6fb	81	15298	none	0	0	0	0	0
NaVi-collect-20260919-024719-670-dd86e6fb	82	15502	none	0	0	0	0	0
NaVi-collect-20260919-024719-670-dd86e6fb	83	15699	none	0	0	0	0	0
NaVi-collect-20260919-024719-670-dd86e6fb	84	15900	none	0	0	0	0	0
NaVi-collect-20260919-024719-670-dd86e6fb	85	16100	none	0	0	0	0	0
NaVi-collect-20260919-024719-670-dd86e6fb	86	16307	none	0	0	0	0	0
NaVi-collect-20260919-024719-670-dd86e6fb	87	16510	none	0	0	0	0	0
NaVi-collect-20260919-024719-670-dd86e6fb	88	16702	none	0	0	0	0	0
NaVi-collect-20260919-024719-670-dd86e6fb	89	16936	none	0	0	0	0	0
NaVi-collect-20260919-024719-670-dd86e6fb	90	17135	none	0	0	0	0	0
NaVi-collect-20260919-024719-670-dd86e6fb	91	17336	none	0	0	0	0	0
NaVi-collect-20260919-024719-670-dd86e6fb	92	17569	none	0	0	0	0	0
NaVi-collect-20260919-024719-670-dd86e6fb	93	17769	none	0	0	0	0	0
NaVi-collect-20260919-024719-670-dd86e6fb	94	18003	none	0	0	0	0	0
NaVi-collect-20260919-024719-670-dd86e6fb	95	18239	none	0	0	0	0	0
NaVi-collect-20260919-024719-670-dd86e6fb	96	18470	none	0	0	0	0	0
NaVi-collect-20260919-024719-670-dd86e6fb	97	18700	none	0	0	0	0	0
NaVi-collect-20260919-024719-670-dd86e6fb	98	18904	none	0	0	0	0	0
NaVi-collect-20260919-024719-670-dd86e6fb	99	19104	none	0	0	0	0	0
NaVi-collect-20260919-024719-670-dd86e6fb	100	19341	none	0	0	0	0	0
NaVi-collect-20260919-024719-670-dd86e6fb	101	19576	none	0	0	0	0	0
NaVi-collect-20260919-024719-670-dd86e6fb	102	19782	none	0	0	0	0	0
NaVi-collect-20260919-024719-670-dd86e6fb	103	19971	none	0	0	0	0	0
NaVi-collect-20260919-024719-670-dd86e6fb	104	20214	none	0	0	0	0	0
NaVi-collect-20260919-024719-670-dd86e6fb	105	20425	none	0	0	0	0	0
NaVi-collect-20260919-024719-670-dd86e6fb	106	20669	none	0	0	0	0	0
NaVi-collect-20260919-024719-670-dd86e6fb	107	20872	none	0	0	0	0	0
NaVi-collect-20260919-024719-670-dd86e6fb	108	21073	none	0	0	0	0	0
NaVi-collect-20260919-024719-670-dd86e6fb	109	21305	none	0	0	0	0	0
NaVi-collect-20260919-024719-670-dd86e6fb	110	21549	none	0	0	0	0	0
NaVi-collect-20260919-024719-670-dd86e6fb	111	21777	none	0	0	0	0	0
NaVi-collect-20260919-024719-670-dd86e6fb	112	22009	none	0	0	0	0	0
NaVi-collect-20260919-024719-670-dd86e6fb	113	22216	none	0	0	0	0	0
NaVi-collect-20260919-024719-670-dd86e6fb	114	22393	none	0	0	0	0	0
NaVi-collect-20260919-024719-670-dd86e6fb	115	22638	none	0	0	0	0	0
NaVi-collect-20260919-024719-670-dd86e6fb	116	22842	none	0	0	0	0	0
NaVi-collect-20260919-024719-670-dd86e6fb	117	23046	none	0	0	0	0	0
NaVi-collect-20260919-024719-670-dd86e6fb	118	23283	none	0	0	0	0	0
NaVi-collect-20260919-024719-670-dd86e6fb	119	23474	none	0	0	0	0	0
NaVi-collect-20260919-024719-670-dd86e6fb	120	23691	none	0	0	0	0	0
NaVi-collect-20260919-024719-670-dd86e6fb	121	23872	none	0	0	0	0	0
NaVi-collect-20260919-024719-670-dd86e6fb	122	24083	none	0	0	0	0	0
NaVi-collect-20260919-024719-670-dd86e6fb	123	24314	none	0	0	0	0	0
NaVi-collect-20260919-024719-670-dd86e6fb	124	24505	none	0	0	0	0	0
NaVi-collect-20260919-024719-670-dd86e6fb	125	24710	none	0	0	0	0	0
NaVi-collect-20260919-024719-670-dd86e6fb	126	24922	none	0	0	0	0	0
NaVi-collect-20260919-024719-670-dd86e6fb	127	25159	none	0	0	0	0	0
NaVi-collect-20260919-024719-670-dd86e6fb	128	25361	none	0	0	0	0	0
NaVi-collect-20260919-024719-670-dd86e6fb	129	25561	none	0	0	0	0	0
NaVi-collect-20260919-024719-670-dd86e6fb	130	25793	none	0	0	0	0	0
NaVi-collect-20260919-024719-670-dd86e6fb	131	26043	none	0	0	0	0	0
NaVi-collect-20260919-024719-670-dd86e6fb	132	26255	none	0	0	0	0	0
NaVi-collect-20260919-024719-670-dd86e6fb	133	26489	none	0	0	0	0	0
NaVi-collect-20260919-024719-670-dd86e6fb	134	26723	none	0	0	0	0	0
NaVi-collect-20260919-024719-670-dd86e6fb	135	26971	none	0	0	0	0	0
NaVi-collect-20260919-024719-670-dd86e6fb	136	27160	none	0	0	0	0	0
NaVi-collect-20260919-024719-670-dd86e6fb	137	27365	none	0	0	0	0	0
NaVi-collect-20260919-024719-670-dd86e6fb	138	27571	none	0	0	0	0	0
NaVi-collect-20260919-024719-670-dd86e6fb	139	27760	none	0	0	0	0	0
NaVi-collect-20260919-024719-670-dd86e6fb	140	27993	none	0	0	0	0	0
NaVi-collect-20260919-024719-670-dd86e6fb	141	28196	none	0	0	0	0	0
NaVi-collect-20260919-024719-670-dd86e6fb	142	28394	none	0	0	0	0	0
NaVi-collect-20260919-024719-670-dd86e6fb	143	28598	none	0	0	0	0	0
NaVi-collect-20260919-024719-670-dd86e6fb	144	28830	none	0	0	0	0	0
NaVi-collect-20260919-024719-670-dd86e6fb	145	29030	none	0	0	0	0	0
NaVi-collect-20260919-024719-670-dd86e6fb	146	29261	none	0	0	0	0	0
NaVi-collect-20260919-024719-670-dd86e6fb	147	29463	none	0	0	0	0	0
NaVi-collect-20260919-024719-670-dd86e6fb	148	29707	none	0	0	0	0	0
NaVi-collect-20260919-024719-670-dd86e6fb	149	29895	none	0	0	0	0	0
NaVi-collect-20260919-024719-670-dd86e6fb	150	30105	none	0	0	0	0	0
NaVi-collect-20260919-024719-670-dd86e6fb	151	30332	none	0	0	0	0	0
NaVi-collect-20260919-024719-670-dd86e6fb	152	30528	none	0	0	0	0	0
NaVi-collect-20260919-024719-670-dd86e6fb	153	30733	none	0	0	0	0	0
NaVi-collect-20260919-024719-670-dd86e6fb	154	30968	none	0	0	0	0	0
NaVi-collect-20260919-024719-670-dd86e6fb	155	31164	none	0	0	0	0	0
NaVi-collect-20260919-024719-670-dd86e6fb	156	31367	none	0	0	0	0	0
NaVi-collect-20260919-024719-670-dd86e6fb	157	31563	none	0	0	0	0	0
NaVi-collect-20260919-024719-670-dd86e6fb	158	31764	none	0	0	0	0	0
NaVi-collect-20260919-024719-670-dd86e6fb	159	31966	none	0	0	0	0	0
NaVi-collect-20260919-024719-670-dd86e6fb	160	32174	none	0	0	0	0	0
NaVi-collect-20260919-024719-670-dd86e6fb	161	32365	none	0	0	0	0	0
NaVi-collect-20260919-024719-670-dd86e6fb	162	32582	none	0	0	0	0	0
NaVi-collect-20260919-024719-670-dd86e6fb	163	32767	none	0	0	0	0	0
NaVi-collect-20260919-024719-670-dd86e6fb	164	32969	none	0	0	0	0	0
NaVi-collect-20260919-024719-670-dd86e6fb	165	33169	none	0	0	0	0	0
NaVi-collect-20260919-024719-670-dd86e6fb	166	33369	none	0	0	0	0	0
NaVi-collect-20260919-024719-670-dd86e6fb	167	33569	none	0	0	0	0	0
NaVi-collect-20260919-024719-670-dd86e6fb	168	33767	none	0	0	0	0	0
NaVi-collect-20260919-024719-670-dd86e6fb	169	33969	none	0	0	0	0	0
NaVi-collect-20260919-024719-670-dd86e6fb	170	34185	none	0	0	0	0	0
NaVi-collect-20260919-024719-670-dd86e6fb	171	34371	none	0	0	0	0	0
NaVi-collect-20260919-024719-670-dd86e6fb	172	34567	none	0	0	0	0	0
NaVi-collect-20260919-024719-670-dd86e6fb	173	34768	none	0	0	0	0	0
NaVi-collect-20260919-024719-670-dd86e6fb	174	34973	none	0	0	0	0	0
NaVi-collect-20260919-024719-670-dd86e6fb	175	35188	none	0	0	0	0	0
NaVi-collect-20260919-024719-670-dd86e6fb	176	35386	none	0	0	0	0	0
NaVi-collect-20260919-024719-670-dd86e6fb	177	35586	none	0	0	0	0	0
NaVi-collect-20260919-024719-670-dd86e6fb	178	35787	none	0	0	0	0	0
NaVi-collect-20260919-024719-670-dd86e6fb	179	35984	none	0	0	0	0	0
NaVi-collect-20260919-024719-670-dd86e6fb	180	36192	none	0	0	0	0	0
NaVi-collect-20260919-024719-670-dd86e6fb	181	36386	none	0	0	0	0	0
NaVi-collect-20260919-024719-670-dd86e6fb	182	36613	none	0	0	0	0	0
NaVi-collect-20260919-024719-670-dd86e6fb	183	36778	none	0	0	0	0	0
NaVi-collect-20260919-024719-670-dd86e6fb	184	36977	none	0	0	0	0	0
NaVi-collect-20260919-024719-670-dd86e6fb	185	37193	none	0	0	0	0	0
NaVi-collect-20260919-024719-670-dd86e6fb	186	37390	none	0	0	0	0	0
NaVi-collect-20260919-024719-670-dd86e6fb	187	37590	none	0	0	0	0	0
NaVi-collect-20260919-024719-670-dd86e6fb	188	37795	none	0	0	0	0	0
NaVi-collect-20260919-024719-670-dd86e6fb	189	37998	none	0	0	0	0	0
NaVi-collect-20260919-024719-670-dd86e6fb	191	38389	none	0	0	0	0	0
NaVi-collect-20260919-024719-670-dd86e6fb	192	38589	none	0	0	0	0	0
NaVi-collect-20260919-024719-670-dd86e6fb	193	38802	none	0	0	0	0	0
NaVi-collect-20260919-024719-670-dd86e6fb	194	38988	none	0	0	0	0	0
NaVi-collect-20260919-024719-670-dd86e6fb	195	39190	none	0	0	0	0	0
NaVi-collect-20260919-024719-670-dd86e6fb	196	39388	none	0	0	0	0	0
NaVi-collect-20260919-024719-670-dd86e6fb	197	39591	none	0	0	0	0	0
NaVi-collect-20260919-024719-670-dd86e6fb	198	39791	none	0	0	0	0	0
NaVi-collect-20260919-024719-670-dd86e6fb	199	40000	none	0	0	0	0	0
NaVi-collect-20260919-024719-670-dd86e6fb	200	40202	none	0	0	0	0	0
NaVi-collect-20260919-024719-670-dd86e6fb	201	40403	none	0	0	0	0	0
NaVi-collect-20260919-024719-670-dd86e6fb	203	40807	none	0	0	0	0	0
NaVi-collect-20260919-024719-670-dd86e6fb	204	41022	none	0	0	0	0	0
NaVi-collect-20260919-024719-670-dd86e6fb	205	41200	none	0	0	0	0	0
NaVi-collect-20260919-024719-670-dd86e6fb	206	41419	none	0	0	0	0	0
NaVi-collect-20260919-024719-670-dd86e6fb	207	41613	none	0	0	0	0	0
NaVi-collect-20260919-024719-670-dd86e6fb	209	42020	none	0	0	0	0	0
NaVi-collect-20260919-024719-670-dd86e6fb	210	42236	none	0	0	0	0	0
NaVi-collect-20260919-024719-670-dd86e6fb	211	42403	none	0	0	0	0	0
NaVi-collect-20260919-024719-670-dd86e6fb	212	42609	none	0	0	0	0	0
NaVi-collect-20260919-024719-670-dd86e6fb	213	42800	none	0	0	0	0	0
NaVi-collect-20260919-024719-670-dd86e6fb	214	43026	none	0	0	0	0	0
NaVi-collect-20260919-024719-670-dd86e6fb	216	43420	none	0	0	0	0	0
NaVi-collect-20260919-024719-670-dd86e6fb	217	43604	traffic_cone	0.7425	0.44791666	0.33984375	0.47916666	0.40234375
NaVi-collect-20260919-024719-670-dd86e6fb	218	43805	none	0	0	0	0	0
NaVi-collect-20260919-024719-670-dd86e6fb	219	44022	none	0	0	0	0	0
NaVi-collect-20260919-024719-670-dd86e6fb	220	44211	none	0	0	0	0	0
NaVi-collect-20260919-024719-670-dd86e6fb	221	44419	traffic_cone	0.8422222	0.44270834	0.2578125	0.47916666	0.328125
NaVi-collect-20260919-024719-670-dd86e6fb	222	44606	none	0	0	0	0	0
NaVi-collect-20260919-024719-670-dd86e6fb	224	45020	none	0	0	0	0	0
NaVi-collect-20260919-024719-670-dd86e6fb	225	45211	traffic_cone	0.8169048	0.125	0.328125	0.16666667	0.41015625
NaVi-collect-20260919-024719-670-dd86e6fb	226	45421	none	0	0	0	0	0
NaVi-collect-20260919-024719-670-dd86e6fb	227	45627	traffic_cone	0.80347824	0.125	0.28515625	0.17708333	0.375
NaVi-collect-20260919-024719-670-dd86e6fb	229	46024	traffic_cone	0.9	0.083333336	0.26171875	0.16145833	0.37109375
NaVi-collect-20260919-024719-670-dd86e6fb	230	46226	none	0	0	0	0	0
NaVi-collect-20260919-024719-670-dd86e6fb	231	46425	traffic_cone	0.8491667	0.22916667	0.234375	0.28645834	0.35546875
NaVi-collect-20260919-024719-670-dd86e6fb	232	46623	traffic_cone	0.77766234	0.265625	0.19140625	0.33854166	0.328125
NaVi-collect-20260919-024719-670-dd86e6fb	234	47025	traffic_cone	0.9	0.3125	0.2265625	0.375	0.36328125
NaVi-collect-20260919-024719-670-dd86e6fb	235	47243	none	0	0	0	0	0
NaVi-collect-20260919-024719-670-dd86e6fb	236	47433	none	0	0	0	0	0
NaVi-collect-20260919-024719-670-dd86e6fb	238	47825	none	0	0	0	0	0
NaVi-collect-20260919-024719-670-dd86e6fb	239	48043	traffic_cone	0.87263155	0.29166666	0.01171875	0.36979166	0.21484375
NaVi-collect-20260919-024719-670-dd86e6fb	240	48227	none	0	0	0	0	0
NaVi-collect-20260919-024719-670-dd86e6fb	241	48428	none	0	0	0	0	0
NaVi-collect-20260919-024719-670-dd86e6fb	243	48828	none	0	0	0	0	0
NaVi-collect-20260919-024719-670-dd86e6fb	244	49029	traffic_cone	0.8711111	0.33333334	0.328125	0.41145834	0.43359375
NaVi-collect-20260919-024719-670-dd86e6fb	245	49243	none	0	0	0	0	0
NaVi-collect-20260919-024719-670-dd86e6fb	246	49442	traffic_cone	0.7703846	0.30729166	0.23828125	0.38541666	0.44140625
NaVi-collect-20260919-024719-670-dd86e6fb	247	49650	none	0	0	0	0	0
NaVi-collect-20260919-024719-670-dd86e6fb	249	50084	none	0	0	0	0	0
NaVi-collect-20260919-024719-670-dd86e6fb	250	50286	none	0	0	0	0	0
NaVi-collect-20260919-024719-670-dd86e6fb	251	50482	traffic_cone	0.732549	0.18229167	0.26171875	0.28125	0.4609375
NaVi-collect-20260919-024719-670-dd86e6fb	253	50887	none	0	0	0	0	0
NaVi-collect-20260919-024719-670-dd86e6fb	254	51086	none	0	0	0	0	0
NaVi-collect-20260919-024719-670-dd86e6fb	255	51288	none	0	0	0	0	0
NaVi-collect-20260919-024719-670-dd86e6fb	256	51488	none	0	0	0	0	0
NaVi-collect-20260919-024719-670-dd86e6fb	258	51901	none	0	0	0	0	0
NaVi-collect-20260919-024719-670-dd86e6fb	259	52085	none	0	0	0	0	0
NaVi-collect-20260919-024719-670-dd86e6fb	261	52508	none	0	0	0	0	0
NaVi-collect-20260919-024719-670-dd86e6fb	262	52685	none	0	0	0	0	0
NaVi-collect-20260919-024719-670-dd86e6fb	263	52878	none	0	0	0	0	0
NaVi-collect-20260919-024719-670-dd86e6fb	265	53308	none	0	0	0	0	0
NaVi-collect-20260919-024719-670-dd86e6fb	266	53485	none	0	0	0	0	0
NaVi-collect-20260919-024719-670-dd86e6fb	268	53888	none	0	0	0	0	0
NaVi-collect-20260919-024719-670-dd86e6fb	269	54090	none	0	0	0	0	0
NaVi-collect-20260919-024719-670-dd86e6fb	270	54299	none	0	0	0	0	0
NaVi-collect-20260919-024719-670-dd86e6fb	272	54707	none	0	0	0	0	0
NaVi-collect-20260919-024719-670-dd86e6fb	273	54896	none	0	0	0	0	0
NaVi-collect-20260919-024719-670-dd86e6fb	274	55099	none	0	0	0	0	0
NaVi-collect-20260919-024719-670-dd86e6fb	275	55288	none	0	0	0	0	0
NaVi-collect-20260919-024719-670-dd86e6fb	277	55702	none	0	0	0	0	0
NaVi-collect-20260919-024719-670-dd86e6fb	278	55891	none	0	0	0	0	0
NaVi-collect-20260919-024719-670-dd86e6fb	279	56108	none	0	0	0	0	0
NaVi-collect-20260919-024719-670-dd86e6fb	281	56508	none	0	0	0	0	0
NaVi-collect-20260919-024719-670-dd86e6fb	282	56695	none	0	0	0	0	0
NaVi-collect-20260919-024719-670-dd86e6fb	284	57092	none	0	0	0	0	0
NaVi-collect-20260919-024719-670-dd86e6fb	285	57308	none	0	0	0	0	0
NaVi-collect-20260919-024719-670-dd86e6fb	286	57515	none	0	0	0	0	0
NaVi-collect-20260919-024719-670-dd86e6fb	288	57937	none	0	0	0	0	0
NaVi-collect-20260919-024719-670-dd86e6fb	289	58099	none	0	0	0	0	0
NaVi-collect-20260919-024719-670-dd86e6fb	290	58321	traffic_cone	0.9	0.5520833	0.15234375	0.625	0.234375
NaVi-collect-20260919-024719-670-dd86e6fb	292	58719	none	0	0	0	0	0
NaVi-collect-20260919-024719-670-dd86e6fb	293	58909	none	0	0	0	0	0
NaVi-collect-20260919-024719-670-dd86e6fb	294	59102	traffic_cone	0.79190475	0.16666667	0.203125	0.25	0.296875
NaVi-collect-20260919-024719-670-dd86e6fb	296	59505	none	0	0	0	0	0
NaVi-collect-20260919-024719-670-dd86e6fb	297	59742	none	0	0	0	0	0
NaVi-collect-20260919-024719-670-dd86e6fb	298	59914	none	0	0	0	0	0
NaVi-collect-20260919-024719-670-dd86e6fb	299	60109	none	0	0	0	0	0
NaVi-collect-20260919-024719-670-dd86e6fb	301	60681	none	0	0	0	0	0
NaVi-collect-20260919-024719-670-dd86e6fb	303	61002	none	0	0	0	0	0
NaVi-collect-20260919-024719-670-dd86e6fb	304	61211	none	0	0	0	0	0
NaVi-collect-20260919-024719-670-dd86e6fb	305	61430	none	0	0	0	0	0
NaVi-collect-20260919-024719-670-dd86e6fb	307	61815	none	0	0	0	0	0
NaVi-collect-20260919-024719-670-dd86e6fb	308	62015	none	0	0	0	0	0
NaVi-collect-20260919-024719-670-dd86e6fb	309	62211	none	0	0	0	0	0
NaVi-collect-20260919-024719-670-dd86e6fb	310	62418	none	0	0	0	0	0
NaVi-collect-20260919-024719-670-dd86e6fb	311	62613	none	0	0	0	0	0
NaVi-collect-20260919-024719-670-dd86e6fb	312	62818	none	0	0	0	0	0
NaVi-collect-20260919-024719-670-dd86e6fb	313	63015	none	0	0	0	0	0
NaVi-collect-20260919-024719-670-dd86e6fb	314	63223	none	0	0	0	0	0
NaVi-collect-20260919-024719-670-dd86e6fb	315	63413	none	0	0	0	0	0
NaVi-collect-20260919-024719-670-dd86e6fb	316	63637	none	0	0	0	0	0
NaVi-collect-20260919-024719-670-dd86e6fb	317	63813	none	0	0	0	0	0
NaVi-collect-20260919-024719-670-dd86e6fb	319	64214	none	0	0	0	0	0
NaVi-collect-20260919-024719-670-dd86e6fb	320	64433	none	0	0	0	0	0
NaVi-collect-20260919-024719-670-dd86e6fb	321	64616	none	0	0	0	0	0
NaVi-collect-20260919-024719-670-dd86e6fb	322	64840	none	0	0	0	0	0
NaVi-collect-20260919-024719-670-dd86e6fb	323	65016	none	0	0	0	0	0
NaVi-collect-20260919-024719-670-dd86e6fb	325	65416	none	0	0	0	0	0
NaVi-collect-20260919-024719-670-dd86e6fb	326	65639	none	0	0	0	0	0
NaVi-collect-20260919-024719-670-dd86e6fb	327	65825	none	0	0	0	0	0
NaVi-collect-20260919-024719-670-dd86e6fb	328	66022	none	0	0	0	0	0
NaVi-collect-20260919-024719-670-dd86e6fb	329	66268	none	0	0	0	0	0
NaVi-collect-20260919-024719-670-dd86e6fb	331	66634	none	0	0	0	0	0
NaVi-collect-20260919-024719-670-dd86e6fb	332	66820	none	0	0	0	0	0
NaVi-collect-20260919-024719-670-dd86e6fb	333	67024	none	0	0	0	0	0
NaVi-collect-20260919-024719-670-dd86e6fb	335	67433	none	0	0	0	0	0
NaVi-collect-20260919-024719-670-dd86e6fb	336	67636	none	0	0	0	0	0
NaVi-collect-20260919-024719-670-dd86e6fb	338	68033	none	0	0	0	0	0
NaVi-collect-20260919-024719-670-dd86e6fb	339	68258	none	0	0	0	0	0
NaVi-collect-20260919-024719-670-dd86e6fb	340	68423	none	0	0	0	0	0
NaVi-collect-20260919-024719-670-dd86e6fb	342	68836	none	0	0	0	0	0
NaVi-collect-20260919-024719-670-dd86e6fb	343	69028	none	0	0	0	0	0
NaVi-collect-20260919-024719-670-dd86e6fb	345	69441	none	0	0	0	0	0
NaVi-collect-20260919-024719-670-dd86e6fb	346	69637	none	0	0	0	0	0
NaVi-collect-20260919-024719-670-dd86e6fb	347	69831	none	0	0	0	0	0
NaVi-collect-20260919-024719-670-dd86e6fb	349	70247	none	0	0	0	0	0
NaVi-collect-20260919-024719-670-dd86e6fb	350	70442	none	0	0	0	0	0
NaVi-collect-20260919-024719-670-dd86e6fb	351	70639	none	0	0	0	0	0
NaVi-collect-20260919-024719-670-dd86e6fb	353	71058	none	0	0	0	0	0
NaVi-collect-20260919-024719-670-dd86e6fb	354	71242	none	0	0	0	0	0
NaVi-collect-20260919-024719-670-dd86e6fb	356	71650	none	0	0	0	0	0
NaVi-collect-20260919-024719-670-dd86e6fb	357	71847	none	0	0	0	0	0
NaVi-collect-20260919-024719-670-dd86e6fb	359	72292	none	0	0	0	0	0
NaVi-collect-20260919-024719-670-dd86e6fb	360	72480	none	0	0	0	0	0
NaVi-collect-20260919-024719-670-dd86e6fb	361	72743	none	0	0	0	0	0
NaVi-collect-20260919-024719-670-dd86e6fb	363	73145	none	0	0	0	0	0
NaVi-collect-20260919-024719-670-dd86e6fb	364	73379	none	0	0	0	0	0
NaVi-collect-20260919-024719-670-dd86e6fb	365	73541	none	0	0	0	0	0
NaVi-collect-20260919-024719-670-dd86e6fb	366	73763	none	0	0	0	0	0
NaVi-collect-20260919-024719-670-dd86e6fb	368	74175	none	0	0	0	0	0
NaVi-collect-20260919-024719-670-dd86e6fb	369	74413	none	0	0	0	0	0
NaVi-collect-20260919-024719-670-dd86e6fb	371	74786	none	0	0	0	0	0
NaVi-collect-20260919-024719-670-dd86e6fb	372	75015	none	0	0	0	0	0
NaVi-collect-20260919-024719-670-dd86e6fb	374	75408	none	0	0	0	0	0
NaVi-collect-20260919-024719-670-dd86e6fb	375	75648	none	0	0	0	0	0
NaVi-collect-20260919-024719-670-dd86e6fb	376	75882	none	0	0	0	0	0
NaVi-collect-20260919-024719-670-dd86e6fb	377	76112	none	0	0	0	0	0
NaVi-collect-20260919-024719-670-dd86e6fb	378	76314	none	0	0	0	0	0
NaVi-collect-20260919-024719-670-dd86e6fb	380	76716	none	0	0	0	0	0
NaVi-collect-20260919-024719-670-dd86e6fb	381	76947	none	0	0	0	0	0
NaVi-collect-20260919-024719-670-dd86e6fb	382	77185	none	0	0	0	0	0
NaVi-collect-20260919-024719-670-dd86e6fb	384	77585	none	0	0	0	0	0
NaVi-collect-20260919-024719-670-dd86e6fb	385	77793	none	0	0	0	0	0
NaVi-collect-20260919-024719-670-dd86e6fb	387	78260	none	0	0	0	0	0
NaVi-collect-20260919-024719-670-dd86e6fb	388	78445	none	0	0	0	0	0
NaVi-collect-20260919-024719-670-dd86e6fb	389	78692	none	0	0	0	0	0
NaVi-collect-20260919-024719-670-dd86e6fb	390	78903	none	0	0	0	0	0
NaVi-collect-20260919-024719-670-dd86e6fb	391	79153	none	0	0	0	0	0
NaVi-collect-20260919-024719-670-dd86e6fb	392	79410	none	0	0	0	0	0
NaVi-collect-20260919-024719-670-dd86e6fb	393	79619	none	0	0	0	0	0
NaVi-collect-20260919-024719-670-dd86e6fb	395	80054	none	0	0	0	0	0
NaVi-collect-20260919-024719-670-dd86e6fb	396	80253	none	0	0	0	0	0
NaVi-collect-20260919-024719-670-dd86e6fb	397	80484	none	0	0	0	0	0
NaVi-collect-20260919-024719-670-dd86e6fb	398	80720	none	0	0	0	0	0
NaVi-collect-20260919-024719-670-dd86e6fb	399	80933	none	0	0	0	0	0
NaVi-collect-20260919-024719-670-dd86e6fb	401	81338	none	0	0	0	0	0
NaVi-collect-20260919-024719-670-dd86e6fb	402	81620	none	0	0	0	0	0
NaVi-collect-20260919-024719-670-dd86e6fb	403	81808	none	0	0	0	0	0
NaVi-collect-20260919-024719-670-dd86e6fb	404	82035	none	0	0	0	0	0
NaVi-collect-20260919-024719-670-dd86e6fb	405	82292	none	0	0	0	0	0
NaVi-collect-20260919-024719-670-dd86e6fb	406	82491	none	0	0	0	0	0
NaVi-collect-20260919-024719-670-dd86e6fb	408	82919	none	0	0	0	0	0
NaVi-collect-20260919-024719-670-dd86e6fb	409	83154	none	0	0	0	0	0
NaVi-collect-20260919-024719-670-dd86e6fb	410	83384	none	0	0	0	0	0
NaVi-collect-20260919-024719-670-dd86e6fb	411	83620	none	0	0	0	0	0
NaVi-collect-20260919-024719-670-dd86e6fb	412	83832	none	0	0	0	0	0
NaVi-collect-20260919-024719-670-dd86e6fb	414	84224	none	0	0	0	0	0
NaVi-collect-20260919-024719-670-dd86e6fb	415	84427	none	0	0	0	0	0
NaVi-collect-20260919-024719-670-dd86e6fb	417	84820	none	0	0	0	0	0
NaVi-collect-20260919-024719-670-dd86e6fb	418	85022	none	0	0	0	0	0
NaVi-collect-20260919-024719-670-dd86e6fb	419	85221	none	0	0	0	0	0
NaVi-collect-20260919-024719-670-dd86e6fb	421	85628	none	0	0	0	0	0
NaVi-collect-20260919-024719-670-dd86e6fb	422	85831	none	0	0	0	0	0
NaVi-collect-20260919-024719-670-dd86e6fb	423	86027	none	0	0	0	0	0
NaVi-collect-20260919-024719-670-dd86e6fb	425	86433	none	0	0	0	0	0
NaVi-collect-20260919-024719-670-dd86e6fb	426	86626	none	0	0	0	0	0
NaVi-collect-20260919-024719-670-dd86e6fb	427	86810	none	0	0	0	0	0
NaVi-collect-20260919-024719-670-dd86e6fb	429	87237	none	0	0	0	0	0
NaVi-collect-20260919-024719-670-dd86e6fb	430	87437	none	0	0	0	0	0
NaVi-collect-20260919-024719-670-dd86e6fb	431	87625	none	0	0	0	0	0
NaVi-collect-20260919-024719-670-dd86e6fb	433	88024	none	0	0	0	0	0
NaVi-collect-20260919-024719-670-dd86e6fb	434	88233	none	0	0	0	0	0
NaVi-collect-20260919-024719-670-dd86e6fb	435	88435	none	0	0	0	0	0
NaVi-collect-20260919-024719-670-dd86e6fb	437	88847	none	0	0	0	0	0
NaVi-collect-20260919-024719-670-dd86e6fb	438	89031	none	0	0	0	0	0
NaVi-collect-20260919-024719-670-dd86e6fb	439	89240	none	0	0	0	0	0
NaVi-collect-20260919-024719-670-dd86e6fb	441	89627	none	0	0	0	0	0
NaVi-collect-20260919-024719-670-dd86e6fb	442	89843	none	0	0	0	0	0
NaVi-collect-20260919-024719-670-dd86e6fb	443	90030	none	0	0	0	0	0
NaVi-collect-20260919-024719-670-dd86e6fb	445	90449	none	0	0	0	0	0
NaVi-collect-20260919-024719-670-dd86e6fb	446	90653	none	0	0	0	0	0
NaVi-collect-20260919-024719-670-dd86e6fb	448	91033	none	0	0	0	0	0
NaVi-collect-20260919-024719-670-dd86e6fb	449	91243	none	0	0	0	0	0
NaVi-collect-20260919-024719-670-dd86e6fb	450	91444	none	0	0	0	0	0
NaVi-collect-20260919-024719-670-dd86e6fb	452	91833	none	0	0	0	0	0
NaVi-collect-20260919-024719-670-dd86e6fb	453	92032	none	0	0	0	0	0
NaVi-collect-20260919-024719-670-dd86e6fb	455	92452	none	0	0	0	0	0
NaVi-collect-20260919-024719-670-dd86e6fb	456	92680	traffic_cone	0.6568116	0.6145833	0.25390625	0.65625	0.34375
NaVi-collect-20260919-024719-670-dd86e6fb	457	92846	none	0	0	0	0	0
NaVi-collect-20260919-024719-670-dd86e6fb	459	93277	none	0	0	0	0	0
NaVi-collect-20260919-024719-670-dd86e6fb	460	93467	none	0	0	0	0	0
NaVi-collect-20260919-024719-670-dd86e6fb	462	93850	none	0	0	0	0	0
NaVi-collect-20260919-024719-670-dd86e6fb	463	94081	none	0	0	0	0	0
NaVi-collect-20260919-024719-670-dd86e6fb	464	94237	none	0	0	0	0	0
NaVi-collect-20260919-024719-670-dd86e6fb	465	94446	none	0	0	0	0	0
NaVi-collect-20260919-024719-670-dd86e6fb	467	94847	none	0	0	0	0	0
NaVi-collect-20260919-024719-670-dd86e6fb	468	95053	none	0	0	0	0	0
NaVi-collect-20260919-024719-670-dd86e6fb	469	95253	traffic_cone	0.638498	0.671875	0.40625	0.75	0.4921875
NaVi-collect-20260919-024719-670-dd86e6fb	471	95647	none	0	0	0	0	0
NaVi-collect-20260919-024719-670-dd86e6fb	472	95847	traffic_cone	0.7196322	0.6979167	0.37109375	0.8125	0.484375
NaVi-collect-20260919-024719-670-dd86e6fb	473	96066	traffic_cone	0.6582063	0.7708333	0.296875	0.890625	0.42578125
NaVi-collect-20260919-024719-670-dd86e6fb	475	96459	none	0	0	0	0	0
NaVi-collect-20260919-024719-670-dd86e6fb	476	96688	traffic_cone	0.7266583	0.5416667	0.47265625	0.6666667	0.6484375
NaVi-collect-20260919-024719-670-dd86e6fb	478	97090	none	0	0	0	0	0
NaVi-collect-20260919-024719-670-dd86e6fb	479	97286	none	0	0	0	0	0
NaVi-collect-20260919-024719-670-dd86e6fb	480	97482	traffic_cone	0.71318287	0.6302083	0.37109375	0.8020833	0.64453125
NaVi-collect-20260919-024719-670-dd86e6fb	482	97902	none	0	0	0	0	0
NaVi-collect-20260919-024719-670-dd86e6fb	483	98090	none	0	0	0	0	0
NaVi-collect-20260919-024719-670-dd86e6fb	485	98489	none	0	0	0	0	0
NaVi-collect-20260919-024719-670-dd86e6fb	486	98705	none	0	0	0	0	0
NaVi-collect-20260919-024719-670-dd86e6fb	487	98906	none	0	0	0	0	0
NaVi-collect-20260919-024719-670-dd86e6fb	488	99108	none	0	0	0	0	0
NaVi-collect-20260919-024719-670-dd86e6fb	489	99310	none	0	0	0	0	0
NaVi-collect-20260919-024719-670-dd86e6fb	491	99694	none	0	0	0	0	0
NaVi-collect-20260919-024719-670-dd86e6fb	492	99937	none	0	0	0	0	0
NaVi-collect-20260919-024719-670-dd86e6fb	493	100087	none	0	0	0	0	0
NaVi-collect-20260919-024719-670-dd86e6fb	494	100289	none	0	0	0	0	0
NaVi-collect-20260919-024719-670-dd86e6fb	495	100505	none	0	0	0	0	0
NaVi-collect-20260919-024719-670-dd86e6fb	496	100679	none	0	0	0	0	0
NaVi-collect-20260919-024719-670-dd86e6fb	497	100886	none	0	0	0	0	0
NaVi-collect-20260919-024719-670-dd86e6fb	498	101090	none	0	0	0	0	0
NaVi-collect-20260919-024719-670-dd86e6fb	499	101288	none	0	0	0	0	0
NaVi-collect-20260919-024719-670-dd86e6fb	500	101475	none	0	0	0	0	0
NaVi-collect-20260919-024719-670-dd86e6fb	501	101687	none	0	0	0	0	0
NaVi-collect-20260919-024719-670-dd86e6fb	502	101879	none	0	0	0	0	0
NaVi-collect-20260919-024719-670-dd86e6fb	503	102086	none	0	0	0	0	0
NaVi-collect-20260919-024719-670-dd86e6fb	504	102294	none	0	0	0	0	0
NaVi-collect-20260919-024719-670-dd86e6fb	505	102487	none	0	0	0	0	0
NaVi-collect-20260919-024719-670-dd86e6fb	506	102693	none	0	0	0	0	0
NaVi-collect-20260919-024719-670-dd86e6fb	507	102912	none	0	0	0	0	0
NaVi-collect-20260919-024719-670-dd86e6fb	508	103081	none	0	0	0	0	0
NaVi-collect-20260919-024719-670-dd86e6fb	509	103277	none	0	0	0	0	0
NaVi-collect-20260919-024719-670-dd86e6fb	510	103486	none	0	0	0	0	0
NaVi-collect-20260919-024719-670-dd86e6fb	511	103695	none	0	0	0	0	0
NaVi-collect-20260919-024719-670-dd86e6fb	512	103886	none	0	0	0	0	0
NaVi-collect-20260919-024719-670-dd86e6fb	513	104100	none	0	0	0	0	0
NaVi-collect-20260919-024719-670-dd86e6fb	514	104280	none	0	0	0	0	0
NaVi-collect-20260919-024719-670-dd86e6fb	515	104504	none	0	0	0	0	0
NaVi-collect-20260919-024719-670-dd86e6fb	516	104705	none	0	0	0	0	0
NaVi-collect-20260919-024719-670-dd86e6fb	517	104890	none	0	0	0	0	0
NaVi-collect-20260919-024719-670-dd86e6fb	518	105099	none	0	0	0	0	0
NaVi-collect-20260919-024719-670-dd86e6fb	519	105281	none	0	0	0	0	0
NaVi-collect-20260919-024719-670-dd86e6fb	520	105495	none	0	0	0	0	0
NaVi-collect-20260919-024719-670-dd86e6fb	521	105685	none	0	0	0	0	0
NaVi-collect-20260919-024719-670-dd86e6fb	522	105899	none	0	0	0	0	0
NaVi-collect-20260919-024719-670-dd86e6fb	523	106105	none	0	0	0	0	0
NaVi-collect-20260919-024719-670-dd86e6fb	524	106309	none	0	0	0	0	0
NaVi-collect-20260919-024719-670-dd86e6fb	525	106516	none	0	0	0	0	0
NaVi-collect-20260919-024719-670-dd86e6fb	526	106722	none	0	0	0	0	0
NaVi-collect-20260919-024719-670-dd86e6fb	527	106940	none	0	0	0	0	0
NaVi-collect-20260919-024719-670-dd86e6fb	528	107112	none	0	0	0	0	0
NaVi-collect-20260919-024719-670-dd86e6fb	529	107340	none	0	0	0	0	0
NaVi-collect-20260919-024719-670-dd86e6fb	530	107512	none	0	0	0	0	0
NaVi-collect-20260919-024719-670-dd86e6fb	531	107725	none	0	0	0	0	0
NaVi-collect-20260919-024719-670-dd86e6fb	532	107930	none	0	0	0	0	0
NaVi-collect-20260919-024719-670-dd86e6fb	533	108145	none	0	0	0	0	0
NaVi-collect-20260919-024719-670-dd86e6fb	534	108317	none	0	0	0	0	0
NaVi-collect-20260919-024719-670-dd86e6fb	536	108731	none	0	0	0	0	0
NaVi-collect-20260919-024719-670-dd86e6fb	537	108917	none	0	0	0	0	0
NaVi-collect-20260919-024719-670-dd86e6fb	538	109153	none	0	0	0	0	0
NaVi-collect-20260919-024719-670-dd86e6fb	539	109342	none	0	0	0	0	0
NaVi-collect-20260919-024719-670-dd86e6fb	541	109732	none	0	0	0	0	0
NaVi-collect-20260919-024719-670-dd86e6fb	542	109942	none	0	0	0	0	0
NaVi-collect-20260919-024719-670-dd86e6fb	543	110134	none	0	0	0	0	0
NaVi-collect-20260919-024719-670-dd86e6fb	545	110532	none	0	0	0	0	0
NaVi-collect-20260919-024719-670-dd86e6fb	546	110734	none	0	0	0	0	0
NaVi-collect-20260919-024719-670-dd86e6fb	547	110943	none	0	0	0	0	0
NaVi-collect-20260919-024719-670-dd86e6fb	548	111145	none	0	0	0	0	0
NaVi-collect-20260919-024719-670-dd86e6fb	549	111345	none	0	0	0	0	0
NaVi-collect-20260919-024719-670-dd86e6fb	551	111753	none	0	0	0	0	0
NaVi-collect-20260919-024719-670-dd86e6fb	552	111935	none	0	0	0	0	0
NaVi-collect-20260919-024719-670-dd86e6fb	554	112337	none	0	0	0	0	0
NaVi-collect-20260919-024719-670-dd86e6fb	555	112535	none	0	0	0	0	0
NaVi-collect-20260919-024719-670-dd86e6fb	556	112746	none	0	0	0	0	0
NaVi-collect-20260919-024719-670-dd86e6fb	557	112940	none	0	0	0	0	0
NaVi-collect-20260919-024719-670-dd86e6fb	559	113348	none	0	0	0	0	0
NaVi-collect-20260919-024719-670-dd86e6fb	560	113545	none	0	0	0	0	0
NaVi-collect-20260919-024719-670-dd86e6fb	561	113752	none	0	0	0	0	0
NaVi-collect-20260919-024719-670-dd86e6fb	563	114165	none	0	0	0	0	0
NaVi-collect-20260919-024719-670-dd86e6fb	564	114339	none	0	0	0	0	0
NaVi-collect-20260919-024719-670-dd86e6fb	565	114571	none	0	0	0	0	0
NaVi-collect-20260919-024719-670-dd86e6fb	567	114941	none	0	0	0	0	0
NaVi-collect-20260919-024719-670-dd86e6fb	568	115137	none	0	0	0	0	0
NaVi-collect-20260919-024719-670-dd86e6fb	569	115340	none	0	0	0	0	0
NaVi-collect-20260919-024719-670-dd86e6fb	571	115739	none	0	0	0	0	0
NaVi-collect-20260919-024719-670-dd86e6fb	572	115943	none	0	0	0	0	0
NaVi-collect-20260919-024719-670-dd86e6fb	573	116149	none	0	0	0	0	0
NaVi-collect-20260919-024719-670-dd86e6fb	574	116344	none	0	0	0	0	0
NaVi-collect-20260919-024719-670-dd86e6fb	575	116539	none	0	0	0	0	0
NaVi-collect-20260919-024719-670-dd86e6fb	577	116961	none	0	0	0	0	0
NaVi-collect-20260919-024719-670-dd86e6fb	578	117176	none	0	0	0	0	0
NaVi-collect-20260919-024719-670-dd86e6fb	579	117360	none	0	0	0	0	0
NaVi-collect-20260919-024719-670-dd86e6fb	580	117564	none	0	0	0	0	0
NaVi-collect-20260919-024719-670-dd86e6fb	581	117760	none	0	0	0	0	0
NaVi-collect-20260919-024719-670-dd86e6fb	582	117962	none	0	0	0	0	0
NaVi-collect-20260919-024719-670-dd86e6fb	584	118362	none	0	0	0	0	0
NaVi-collect-20260919-024719-670-dd86e6fb	585	118569	none	0	0	0	0	0
NaVi-collect-20260919-024719-670-dd86e6fb	586	118756	none	0	0	0	0	0
NaVi-collect-20260919-024719-670-dd86e6fb	587	118989	none	0	0	0	0	0
NaVi-collect-20260919-024719-670-dd86e6fb	589	119403	none	0	0	0	0	0
NaVi-collect-20260919-024719-670-dd86e6fb	590	119577	none	0	0	0	0	0
NaVi-collect-20260919-024719-670-dd86e6fb	591	119785	none	0	0	0	0	0
NaVi-collect-20260919-024719-670-dd86e6fb	592	120034	none	0	0	0	0	0
NaVi-collect-20260919-024719-670-dd86e6fb	594	120480	none	0	0	0	0	0
NaVi-collect-20260919-024719-670-dd86e6fb	595	120710	none	0	0	0	0	0
NaVi-collect-20260919-024719-670-dd86e6fb	597	121112	none	0	0	0	0	0
NaVi-collect-20260919-024719-670-dd86e6fb	598	121363	none	0	0	0	0	0
NaVi-collect-20260919-024719-670-dd86e6fb	599	121594	none	0	0	0	0	0
NaVi-collect-20260919-024719-670-dd86e6fb	600	121808	none	0	0	0	0	0
NaVi-collect-20260919-024719-670-dd86e6fb	602	122219	none	0	0	0	0	0
NaVi-collect-20260919-024719-670-dd86e6fb	603	122422	none	0	0	0	0	0
NaVi-collect-20260919-024719-670-dd86e6fb	604	122663	none	0	0	0	0	0
NaVi-collect-20260919-024719-670-dd86e6fb	606	123055	none	0	0	0	0	0
NaVi-collect-20260919-024719-670-dd86e6fb	607	123300	none	0	0	0	0	0
NaVi-collect-20260919-024719-670-dd86e6fb	608	123557	none	0	0	0	0	0
NaVi-collect-20260919-024719-670-dd86e6fb	610	123962	none	0	0	0	0	0
NaVi-collect-20260919-024719-670-dd86e6fb	611	124148	none	0	0	0	0	0
NaVi-collect-20260919-024719-670-dd86e6fb	612	124382	none	0	0	0	0	0
NaVi-collect-20260919-024719-670-dd86e6fb	614	124832	none	0	0	0	0	0
NaVi-collect-20260919-024719-670-dd86e6fb	615	125012	none	0	0	0	0	0
NaVi-collect-20260919-024719-670-dd86e6fb	616	125259	none	0	0	0	0	0
NaVi-collect-20260919-024719-670-dd86e6fb	617	125529	none	0	0	0	0	0
NaVi-collect-20260919-024719-670-dd86e6fb	618	125715	none	0	0	0	0	0
NaVi-collect-20260919-024719-670-dd86e6fb	620	126159	none	0	0	0	0	0
NaVi-collect-20260919-024719-670-dd86e6fb	621	126360	none	0	0	0	0	0
NaVi-collect-20260919-024719-670-dd86e6fb	622	126595	none	0	0	0	0	0
NaVi-collect-20260919-024719-670-dd86e6fb	623	126822	none	0	0	0	0	0
NaVi-collect-20260919-024719-670-dd86e6fb	625	127225	none	0	0	0	0	0
NaVi-collect-20260919-024719-670-dd86e6fb	626	127451	none	0	0	0	0	0
NaVi-collect-20260919-024719-670-dd86e6fb	627	127661	none	0	0	0	0	0
NaVi-collect-20260919-024719-670-dd86e6fb	628	127891	none	0	0	0	0	0
NaVi-collect-20260919-024719-670-dd86e6fb	630	128296	none	0	0	0	0	0
NaVi-collect-20260919-024719-670-dd86e6fb	631	128486	none	0	0	0	0	0
NaVi-collect-20260919-024719-670-dd86e6fb	632	128711	none	0	0	0	0	0
NaVi-collect-20260919-024719-670-dd86e6fb	634	129105	none	0	0	0	0	0
NaVi-collect-20260919-024719-670-dd86e6fb	635	129323	none	0	0	0	0	0
NaVi-collect-20260919-024719-670-dd86e6fb	637	129718	none	0	0	0	0	0
NaVi-collect-20260919-024719-670-dd86e6fb	638	129912	none	0	0	0	0	0
NaVi-collect-20260919-024719-670-dd86e6fb	639	130099	none	0	0	0	0	0
NaVi-collect-20260919-024719-670-dd86e6fb	641	130513	none	0	0	0	0	0
NaVi-collect-20260919-024719-670-dd86e6fb	642	130706	none	0	0	0	0	0
NaVi-collect-20260919-024719-670-dd86e6fb	644	131106	none	0	0	0	0	0
NaVi-collect-20260919-024719-670-dd86e6fb	645	131289	none	0	0	0	0	0
NaVi-collect-20260919-024719-670-dd86e6fb	647	131698	none	0	0	0	0	0
NaVi-collect-20260919-024719-670-dd86e6fb	648	131905	none	0	0	0	0	0
NaVi-collect-20260919-024719-670-dd86e6fb	649	132112	none	0	0	0	0	0
NaVi-collect-20260919-024719-670-dd86e6fb	651	132518	none	0	0	0	0	0
NaVi-collect-20260919-024719-670-dd86e6fb	652	132714	none	0	0	0	0	0
NaVi-collect-20260919-024719-670-dd86e6fb	653	132912	none	0	0	0	0	0
NaVi-collect-20260919-024719-670-dd86e6fb	655	133320	none	0	0	0	0	0
NaVi-collect-20260919-024719-670-dd86e6fb	656	133507	none	0	0	0	0	0
NaVi-collect-20260919-024719-670-dd86e6fb	657	133710	none	0	0	0	0	0
NaVi-collect-20260919-024719-670-dd86e6fb	659	134110	none	0	0	0	0	0
NaVi-collect-20260919-024719-670-dd86e6fb	660	134336	none	0	0	0	0	0
NaVi-collect-20260919-024719-670-dd86e6fb	662	134724	none	0	0	0	0	0
NaVi-collect-20260919-024719-670-dd86e6fb	663	134937	none	0	0	0	0	0
NaVi-collect-20260919-024719-670-dd86e6fb	665	135347	none	0	0	0	0	0
NaVi-collect-20260919-024719-670-dd86e6fb	666	135542	none	0	0	0	0	0
NaVi-collect-20260919-024719-670-dd86e6fb	667	135753	none	0	0	0	0	0
NaVi-collect-20260919-024719-670-dd86e6fb	668	135979	none	0	0	0	0	0
NaVi-collect-20260919-024719-670-dd86e6fb	669	136208	none	0	0	0	0	0
NaVi-collect-20260919-024719-670-dd86e6fb	671	136613	none	0	0	0	0	0
NaVi-collect-20260919-024719-670-dd86e6fb	672	136835	none	0	0	0	0	0
NaVi-collect-20260919-024719-670-dd86e6fb	674	137247	none	0	0	0	0	0
NaVi-collect-20260919-024719-670-dd86e6fb	675	137425	none	0	0	0	0	0
NaVi-collect-20260919-024719-670-dd86e6fb	676	137623	none	0	0	0	0	0
NaVi-collect-20260919-024719-670-dd86e6fb	678	138047	none	0	0	0	0	0
NaVi-collect-20260919-024719-670-dd86e6fb	679	138262	none	0	0	0	0	0
NaVi-collect-20260919-024719-670-dd86e6fb	680	138451	none	0	0	0	0	0
NaVi-collect-20260919-024719-670-dd86e6fb	681	138682	none	0	0	0	0	0
NaVi-collect-20260919-024719-670-dd86e6fb	683	139081	none	0	0	0	0	0
NaVi-collect-20260919-024719-670-dd86e6fb	684	139291	none	0	0	0	0	0
NaVi-collect-20260919-024719-670-dd86e6fb	685	139489	none	0	0	0	0	0
NaVi-collect-20260919-024719-670-dd86e6fb	686	139723	none	0	0	0	0	0
NaVi-collect-20260919-024719-670-dd86e6fb	688	140179	none	0	0	0	0	0
NaVi-collect-20260919-024719-670-dd86e6fb	689	140380	none	0	0	0	0	0
NaVi-collect-20260919-024719-670-dd86e6fb	690	140613	none	0	0	0	0	0
NaVi-collect-20260919-024719-670-dd86e6fb	691	140846	none	0	0	0	0	0
NaVi-collect-20260919-024719-670-dd86e6fb	693	141289	none	0	0	0	0	0
NaVi-collect-20260919-024719-670-dd86e6fb	694	141481	none	0	0	0	0	0
NaVi-collect-20260919-024719-670-dd86e6fb	696	141927	none	0	0	0	0	0
NaVi-collect-20260919-024719-670-dd86e6fb	697	142122	none	0	0	0	0	0
NaVi-collect-20260919-024719-670-dd86e6fb	699	142585	none	0	0	0	0	0
NaVi-collect-20260919-024719-670-dd86e6fb	700	142854	none	0	0	0	0	0
NaVi-collect-20260919-024719-670-dd86e6fb	701	143010	none	0	0	0	0	0
NaVi-collect-20260919-024719-670-dd86e6fb	702	143256	none	0	0	0	0	0
NaVi-collect-20260919-024719-670-dd86e6fb	703	143476	none	0	0	0	0	0
NaVi-collect-20260919-024719-670-dd86e6fb	705	143951	none	0	0	0	0	0
NaVi-collect-20260919-024719-670-dd86e6fb	706	144157	none	0	0	0	0	0
NaVi-collect-20260919-024719-670-dd86e6fb	707	144344	none	0	0	0	0	0
NaVi-collect-20260919-024719-670-dd86e6fb	709	144752	none	0	0	0	0	0
NaVi-collect-20260919-024719-670-dd86e6fb	710	144981	none	0	0	0	0	0
NaVi-collect-20260919-024719-670-dd86e6fb	711	145222	none	0	0	0	0	0
NaVi-collect-20260919-024719-670-dd86e6fb	712	145455	none	0	0	0	0	0
NaVi-collect-20260919-024719-670-dd86e6fb	714	145880	none	0	0	0	0	0
NaVi-collect-20260919-024719-670-dd86e6fb	715	146079	none	0	0	0	0	0
NaVi-collect-20260919-024719-670-dd86e6fb	716	146317	none	0	0	0	0	0
NaVi-collect-20260919-024719-670-dd86e6fb	717	146480	none	0	0	0	0	0
NaVi-collect-20260919-024719-670-dd86e6fb	719	147007	none	0	0	0	0	0
NaVi-collect-20260919-024719-670-dd86e6fb	720	147241	none	0	0	0	0	0
NaVi-collect-20260919-024719-670-dd86e6fb	722	147627	none	0	0	0	0	0
NaVi-collect-20260919-024719-670-dd86e6fb	723	147841	none	0	0	0	0	0
NaVi-collect-20260919-024719-670-dd86e6fb	724	148080	none	0	0	0	0	0
NaVi-collect-20260919-024719-670-dd86e6fb	726	148479	none	0	0	0	0	0
NaVi-collect-20260919-024719-670-dd86e6fb	727	148681	none	0	0	0	0	0
NaVi-collect-20260919-024719-670-dd86e6fb	729	149124	none	0	0	0	0	0
NaVi-collect-20260919-024719-670-dd86e6fb	730	149348	none	0	0	0	0	0
NaVi-collect-20260919-024719-670-dd86e6fb	731	149566	none	0	0	0	0	0
NaVi-collect-20260919-024719-670-dd86e6fb	733	149973	none	0	0	0	0	0
NaVi-collect-20260919-024719-670-dd86e6fb	734	150231	none	0	0	0	0	0
NaVi-collect-20260919-024719-670-dd86e6fb	735	150436	none	0	0	0	0	0
NaVi-collect-20260919-024719-670-dd86e6fb	736	150661	none	0	0	0	0	0
NaVi-collect-20260919-024719-670-dd86e6fb	737	150855	none	0	0	0	0	0
NaVi-collect-20260919-024719-670-dd86e6fb	739	151324	none	0	0	0	0	0
NaVi-collect-20260919-024719-670-dd86e6fb	740	151533	none	0	0	0	0	0
NaVi-collect-20260919-024719-670-dd86e6fb	741	151753	none	0	0	0	0	0
NaVi-collect-20260919-024719-670-dd86e6fb	743	152180	none	0	0	0	0	0
NaVi-collect-20260919-024719-670-dd86e6fb	744	152394	none	0	0	0	0	0
NaVi-collect-20260919-024719-670-dd86e6fb	745	152586	none	0	0	0	0	0
NaVi-collect-20260919-024719-670-dd86e6fb	747	153047	none	0	0	0	0	0
NaVi-collect-20260919-024719-670-dd86e6fb	748	153283	none	0	0	0	0	0
NaVi-collect-20260919-024719-670-dd86e6fb	749	153518	none	0	0	0	0	0
NaVi-collect-20260919-024719-670-dd86e6fb	750	153748	none	0	0	0	0	0
NaVi-collect-20260919-024719-670-dd86e6fb	752	154182	none	0	0	0	0	0
NaVi-collect-20260919-024719-670-dd86e6fb	753	154428	none	0	0	0	0	0
NaVi-collect-20260919-024719-670-dd86e6fb	755	154824	none	0	0	0	0	0
NaVi-collect-20260919-024719-670-dd86e6fb	756	155060	none	0	0	0	0	0
NaVi-collect-20260919-024719-670-dd86e6fb	757	155281	none	0	0	0	0	0
NaVi-collect-20260919-024719-670-dd86e6fb	758	155529	none	0	0	0	0	0
NaVi-collect-20260919-024719-670-dd86e6fb	760	155957	none	0	0	0	0	0
NaVi-collect-20260919-024719-670-dd86e6fb	761	156180	none	0	0	0	0	0
NaVi-collect-20260919-024719-670-dd86e6fb	763	156612	none	0	0	0	0	0
NaVi-collect-20260919-024719-670-dd86e6fb	765	157015	none	0	0	0	0	0
NaVi-collect-20260919-024719-670-dd86e6fb	766	157230	none	0	0	0	0	0
NaVi-collect-20260919-024719-670-dd86e6fb	767	157461	none	0	0	0	0	0
NaVi-collect-20260919-024719-670-dd86e6fb	769	157890	none	0	0	0	0	0
NaVi-collect-20260919-024719-670-dd86e6fb	770	158095	none	0	0	0	0	0
NaVi-collect-20260919-024719-670-dd86e6fb	771	158293	none	0	0	0	0	0
NaVi-collect-20260919-024719-670-dd86e6fb	773	158720	none	0	0	0	0	0
NaVi-collect-20260919-024719-670-dd86e6fb	774	158917	none	0	0	0	0	0
NaVi-collect-20260919-024719-670-dd86e6fb	776	159385	none	0	0	0	0	0
NaVi-collect-20260919-024719-670-dd86e6fb	777	159587	none	0	0	0	0	0
NaVi-collect-20260919-024719-670-dd86e6fb	779	160071	none	0	0	0	0	0
NaVi-collect-20260919-024719-670-dd86e6fb	780	160261	none	0	0	0	0	0
NaVi-collect-20260919-024719-670-dd86e6fb	782	160704	none	0	0	0	0	0
NaVi-collect-20260919-024719-670-dd86e6fb	783	160935	none	0	0	0	0	0
NaVi-collect-20260919-024719-670-dd86e6fb	785	161385	none	0	0	0	0	0
NaVi-collect-20260919-024719-670-dd86e6fb	786	161608	none	0	0	0	0	0
NaVi-collect-20260919-024719-670-dd86e6fb	788	162015	none	0	0	0	0	0
NaVi-collect-20260919-024719-670-dd86e6fb	790	162381	none	0	0	0	0	0
NaVi-collect-20260919-024719-670-dd86e6fb	791	162592	none	0	0	0	0	0
NaVi-collect-20260919-024719-670-dd86e6fb	792	162820	none	0	0	0	0	0
NaVi-collect-20260919-024719-670-dd86e6fb	794	163259	none	0	0	0	0	0
NaVi-collect-20260919-024719-670-dd86e6fb	796	163606	none	0	0	0	0	0
NaVi-collect-20260919-024719-670-dd86e6fb	797	163875	none	0	0	0	0	0
NaVi-collect-20260919-024719-670-dd86e6fb	799	164307	none	0	0	0	0	0
NaVi-collect-20260919-024719-670-dd86e6fb	801	164711	none	0	0	0	0	0
NaVi-collect-20260919-024719-670-dd86e6fb	802	164926	none	0	0	0	0	0
NaVi-collect-20260919-024719-670-dd86e6fb	803	165165	none	0	0	0	0	0
NaVi-collect-20260919-024719-670-dd86e6fb	805	165631	none	0	0	0	0	0
NaVi-collect-20260919-024719-670-dd86e6fb	806	165831	none	0	0	0	0	0
NaVi-collect-20260919-024719-670-dd86e6fb	807	166047	none	0	0	0	0	0
NaVi-collect-20260919-024719-670-dd86e6fb	809	166493	none	0	0	0	0	0
NaVi-collect-20260919-024719-670-dd86e6fb	810	166720	none	0	0	0	0	0
NaVi-collect-20260919-024719-670-dd86e6fb	811	166951	none	0	0	0	0	0
NaVi-collect-20260919-024719-670-dd86e6fb	813	167348	none	0	0	0	0	0
NaVi-collect-20260919-024719-670-dd86e6fb	814	167549	none	0	0	0	0	0
NaVi-collect-20260919-024719-670-dd86e6fb	815	167789	none	0	0	0	0	0
NaVi-collect-20260919-024719-670-dd86e6fb	817	168269	none	0	0	0	0	0
NaVi-collect-20260919-024719-670-dd86e6fb	818	168494	none	0	0	0	0	0
NaVi-collect-20260919-024719-670-dd86e6fb	819	168721	none	0	0	0	0	0
NaVi-collect-20260919-024719-670-dd86e6fb	821	169127	none	0	0	0	0	0
NaVi-collect-20260919-024719-670-dd86e6fb	822	169332	none	0	0	0	0	0
NaVi-collect-20260919-024719-670-dd86e6fb	824	169753	none	0	0	0	0	0
NaVi-collect-20260919-024719-670-dd86e6fb	825	169948	none	0	0	0	0	0
NaVi-collect-20260919-024719-670-dd86e6fb	826	170120	none	0	0	0	0	0
NaVi-collect-20260919-024719-670-dd86e6fb	828	170582	none	0	0	0	0	0
NaVi-collect-20260919-024719-670-dd86e6fb	829	170818	none	0	0	0	0	0
NaVi-collect-20260919-024719-670-dd86e6fb	830	171056	none	0	0	0	0	0
NaVi-collect-20260919-024719-670-dd86e6fb	831	171286	none	0	0	0	0	0
NaVi-collect-20260919-024719-670-dd86e6fb	832	171544	none	0	0	0	0	0
NaVi-collect-20260919-024719-670-dd86e6fb	834	171958	none	0	0	0	0	0
NaVi-collect-20260919-024719-670-dd86e6fb	835	172169	none	0	0	0	0	0
NaVi-collect-20260919-024719-670-dd86e6fb	837	172593	none	0	0	0	0	0
NaVi-collect-20260919-024719-670-dd86e6fb	838	172820	none	0	0	0	0	0
NaVi-collect-20260919-024719-670-dd86e6fb	839	173056	none	0	0	0	0	0
NaVi-collect-20260919-024719-670-dd86e6fb	840	173279	traffic_cone	0.81166667	0.5885417	0.3828125	0.625	0.4453125
NaVi-collect-20260919-024719-670-dd86e6fb	842	173731	traffic_cone	0.7992982	0.6458333	0.359375	0.6979167	0.43359375
NaVi-collect-20260919-024719-670-dd86e6fb	843	173935	traffic_cone	0.74190474	0.6510417	0.375	0.7135417	0.46875
NaVi-collect-20260919-024719-670-dd86e6fb	845	174332	none	0	0	0	0	0
NaVi-collect-20260919-024719-670-dd86e6fb	846	174544	none	0	0	0	0	0
NaVi-collect-20260919-024719-670-dd86e6fb	847	174763	traffic_cone	0.7903896	0.5104167	0.421875	0.5677083	0.5
NaVi-collect-20260919-024719-670-dd86e6fb	847	174763	traffic_cone	0.7284472	0.6354167	0.40625	0.7135417	0.49609375
NaVi-collect-20260919-024719-670-dd86e6fb	849	175253	traffic_cone	0.79174244	0.48958334	0.484375	0.5520833	0.5703125
NaVi-collect-20260919-024719-670-dd86e6fb	850	175465	traffic_cone	0.8433333	0.53125	0.47265625	0.6041667	0.56640625
NaVi-collect-20260919-024719-670-dd86e6fb	851	175678	traffic_cone	0.84	0.46875	0.48046875	0.5416667	0.578125
NaVi-collect-20260919-024719-670-dd86e6fb	853	176170	traffic_cone	0.8245161	0.59375	0.46875	0.6875	0.58984375
NaVi-collect-20260919-024719-670-dd86e6fb	854	176388	none	0	0	0	0	0
NaVi-collect-20260919-024719-670-dd86e6fb	855	176623	none	0	0	0	0	0
NaVi-collect-20260919-024719-670-dd86e6fb	857	177161	none	0	0	0	0	0
NaVi-collect-20260919-024719-670-dd86e6fb	859	177558	none	0	0	0	0	0
NaVi-collect-20260919-024719-670-dd86e6fb	860	177746	none	0	0	0	0	0
NaVi-collect-20260919-024719-670-dd86e6fb	862	178151	none	0	0	0	0	0
NaVi-collect-20260919-024719-670-dd86e6fb	864	178575	none	0	0	0	0	0
NaVi-collect-20260919-024719-670-dd86e6fb	865	178773	none	0	0	0	0	0
NaVi-collect-20260919-024719-670-dd86e6fb	867	179162	none	0	0	0	0	0
NaVi-collect-20260919-024719-670-dd86e6fb	868	179376	none	0	0	0	0	0
NaVi-collect-20260919-024719-670-dd86e6fb	870	179773	none	0	0	0	0	0
NaVi-collect-20260919-024719-670-dd86e6fb	871	179995	none	0	0	0	0	0
