run	frame_id	elapsed_ms	argb	width	height
NaVi-collect-20260919-022341-193-a2b8792d	2	95	data/ai-evaluation/runs/jeonju-cone-20260919/NaVi-collect-20260919-022341-193-a2b8792d/2.argb	480	640
NaVi-collect-20260919-022341-193-a2b8792d	3	329	data/ai-evaluation/runs/jeonju-cone-20260919/NaVi-collect-20260919-022341-193-a2b8792d/3.argb	480	640
NaVi-collect-20260919-022341-193-a2b8792d	4	496	data/ai-evaluation/runs/jeonju-cone-20260919/NaVi-collect-20260919-022341-193-a2b8792d/4.argb	480	640
NaVi-collect-20260919-022341-193-a2b8792d	5	694	data/ai-evaluation/runs/jeonju-cone-20260919/NaVi-collect-20260919-022341-193-a2b8792d/5.argb	480	640
NaVi-collect-20260919-022341-193-a2b8792d	6	952	data/ai-evaluation/runs/jeonju-cone-20260919/NaVi-collect-20260919-022341-193-a2b8792d/6.argb	480	640
NaVi-collect-20260919-022341-193-a2b8792d	7	1176	data/ai-evaluation/runs/jeonju-cone-20260919/NaVi-collect-20260919-022341-193-a2b8792d/7.argb	480	640
NaVi-collect-20260919-022341-193-a2b8792d	8	1408	data/ai-evaluation/runs/jeonju-cone-20260919/NaVi-collect-20260919-022341-193-a2b8792d/8.argb	480	640
NaVi-collect-20260919-022341-193-a2b8792d	10	1759	data/ai-evaluation/runs/jeonju-cone-20260919/NaVi-collect-20260919-022341-193-a2b8792d/10.argb	480	640
NaVi-collect-20260919-022341-193-a2b8792d	11	1985	data/ai-evaluation/runs/jeonju-cone-20260919/NaVi-collect-20260919-022341-193-a2b8792d/11.argb	480	640
NaVi-collect-20260919-022341-193-a2b8792d	12	2174	data/ai-evaluation/runs/jeonju-cone-20260919/NaVi-collect-20260919-022341-193-a2b8792d/12.argb	480	640
NaVi-collect-20260919-022341-193-a2b8792d	14	2571	data/ai-evaluation/runs/jeonju-cone-20260919/NaVi-collect-20260919-022341-193-a2b8792d/14.argb	480	640
NaVi-collect-20260919-022341-193-a2b8792d	15	2761	data/ai-evaluation/runs/jeonju-cone-20260919/NaVi-collect-20260919-022341-193-a2b8792d/15.argb	480	640
NaVi-collect-20260919-022341-193-a2b8792d	16	2969	data/ai-evaluation/runs/jeonju-cone-20260919/NaVi-collect-20260919-022341-193-a2b8792d/16.argb	480	640
NaVi-collect-20260919-022341-193-a2b8792d	18	3418	data/ai-evaluation/runs/jeonju-cone-20260919/NaVi-collect-20260919-022341-193-a2b8792d/18.argb	480	640
NaVi-collect-20260919-022341-193-a2b8792d	19	3570	data/ai-evaluation/runs/jeonju-cone-20260919/NaVi-collect-20260919-022341-193-a2b8792d/19.argb	480	640
NaVi-collect-20260919-022341-193-a2b8792d	20	3806	data/ai-evaluation/runs/jeonju-cone-20260919/NaVi-collect-20260919-022341-193-a2b8792d/20.argb	480	640
NaVi-collect-20260919-022341-193-a2b8792d	22	4240	data/ai-evaluation/runs/jeonju-cone-20260919/NaVi-collect-20260919-022341-193-a2b8792d/22.argb	480	640
NaVi-collect-20260919-022341-193-a2b8792d	24	4661	data/ai-evaluation/runs/jeonju-cone-20260919/NaVi-collect-20260919-022341-193-a2b8792d/24.argb	480	640
NaVi-collect-20260919-022341-193-a2b8792d	25	4805	data/ai-evaluation/runs/jeonju-cone-20260919/NaVi-collect-20260919-022341-193-a2b8792d/25.argb	480	640
NaVi-collect-20260919-022341-193-a2b8792d	27	5203	data/ai-evaluation/runs/jeonju-cone-20260919/NaVi-collect-20260919-022341-193-a2b8792d/27.argb	480	640
NaVi-collect-20260919-022341-193-a2b8792d	28	5398	data/ai-evaluation/runs/jeonju-cone-20260919/NaVi-collect-20260919-022341-193-a2b8792d/28.argb	480	640
NaVi-collect-20260919-022341-193-a2b8792d	29	5602	data/ai-evaluation/runs/jeonju-cone-20260919/NaVi-collect-20260919-022341-193-a2b8792d/29.argb	480	640
NaVi-collect-20260919-022341-193-a2b8792d	31	5996	data/ai-evaluation/runs/jeonju-cone-20260919/NaVi-collect-20260919-022341-193-a2b8792d/31.argb	480	640
NaVi-collect-20260919-022341-193-a2b8792d	32	6220	data/ai-evaluation/runs/jeonju-cone-20260919/NaVi-collect-20260919-022341-193-a2b8792d/32.argb	480	640
NaVi-collect-20260919-022341-193-a2b8792d	33	6447	data/ai-evaluation/runs/jeonju-cone-20260919/NaVi-collect-20260919-022341-193-a2b8792d/33.argb	480	640
NaVi-collect-20260919-022341-193-a2b8792d	34	6637	data/ai-evaluation/runs/jeonju-cone-20260919/NaVi-collect-20260919-022341-193-a2b8792d/34.argb	480	640
NaVi-collect-20260919-022341-193-a2b8792d	36	7053	data/ai-evaluation/runs/jeonju-cone-20260919/NaVi-collect-20260919-022341-193-a2b8792d/36.argb	480	640
NaVi-collect-20260919-022341-193-a2b8792d	37	7250	data/ai-evaluation/runs/jeonju-cone-20260919/NaVi-collect-20260919-022341-193-a2b8792d/37.argb	480	640
NaVi-collect-20260919-022341-193-a2b8792d	38	7445	data/ai-evaluation/runs/jeonju-cone-20260919/NaVi-collect-20260919-022341-193-a2b8792d/38.argb	480	640
NaVi-collect-20260919-022341-193-a2b8792d	39	7650	data/ai-evaluation/runs/jeonju-cone-20260919/NaVi-collect-20260919-022341-193-a2b8792d/39.argb	480	640
NaVi-collect-20260919-022341-193-a2b8792d	40	7847	data/ai-evaluation/runs/jeonju-cone-20260919/NaVi-collect-20260919-022341-193-a2b8792d/40.argb	480	640
NaVi-collect-20260919-022341-193-a2b8792d	41	8040	data/ai-evaluation/runs/jeonju-cone-20260919/NaVi-collect-20260919-022341-193-a2b8792d/41.argb	480	640
NaVi-collect-20260919-022341-193-a2b8792d	42	8247	data/ai-evaluation/runs/jeonju-cone-20260919/NaVi-collect-20260919-022341-193-a2b8792d/42.argb	480	640
NaVi-collect-20260919-022341-193-a2b8792d	43	8447	data/ai-evaluation/runs/jeonju-cone-20260919/NaVi-collect-20260919-022341-193-a2b8792d/43.argb	480	640
NaVi-collect-20260919-022341-193-a2b8792d	44	8645	data/ai-evaluation/runs/jeonju-cone-20260919/NaVi-collect-20260919-022341-193-a2b8792d/44.argb	480	640
NaVi-collect-20260919-022341-193-a2b8792d	45	8853	data/ai-evaluation/runs/jeonju-cone-20260919/NaVi-collect-20260919-022341-193-a2b8792d/45.argb	480	640
NaVi-collect-20260919-022341-193-a2b8792d	46	9052	data/ai-evaluation/runs/jeonju-cone-20260919/NaVi-collect-20260919-022341-193-a2b8792d/46.argb	480	640
NaVi-collect-20260919-022341-193-a2b8792d	47	9250	data/ai-evaluation/runs/jeonju-cone-20260919/NaVi-collect-20260919-022341-193-a2b8792d/47.argb	480	640
NaVi-collect-20260919-022341-193-a2b8792d	48	9449	data/ai-evaluation/runs/jeonju-cone-20260919/NaVi-collect-20260919-022341-193-a2b8792d/48.argb	480	640
NaVi-collect-20260919-022341-193-a2b8792d	49	9656	data/ai-evaluation/runs/jeonju-cone-20260919/NaVi-collect-20260919-022341-193-a2b8792d/49.argb	480	640
NaVi-collect-20260919-022341-193-a2b8792d	50	9858	data/ai-evaluation/runs/jeonju-cone-20260919/NaVi-collect-20260919-022341-193-a2b8792d/50.argb	480	640
NaVi-collect-20260919-022341-193-a2b8792d	51	10053	data/ai-evaluation/runs/jeonju-cone-20260919/NaVi-collect-20260919-022341-193-a2b8792d/51.argb	480	640
NaVi-collect-20260919-022341-193-a2b8792d	52	10266	data/ai-evaluation/runs/jeonju-cone-20260919/NaVi-collect-20260919-022341-193-a2b8792d/52.argb	480	640
NaVi-collect-20260919-022341-193-a2b8792d	53	10476	data/ai-evaluation/runs/jeonju-cone-20260919/NaVi-collect-20260919-022341-193-a2b8792d/53.argb	480	640
NaVi-collect-20260919-022341-193-a2b8792d	54	10676	data/ai-evaluation/runs/jeonju-cone-20260919/NaVi-collect-20260919-022341-193-a2b8792d/54.argb	480	640
NaVi-collect-20260919-022341-193-a2b8792d	55	10853	data/ai-evaluation/runs/jeonju-cone-20260919/NaVi-collect-20260919-022341-193-a2b8792d/55.argb	480	640
NaVi-collect-20260919-022341-193-a2b8792d	56	11054	data/ai-evaluation/runs/jeonju-cone-20260919/NaVi-collect-20260919-022341-193-a2b8792d/56.argb	480	640
NaVi-collect-20260919-022341-193-a2b8792d	57	11265	data/ai-evaluation/runs/jeonju-cone-20260919/NaVi-collect-20260919-022341-193-a2b8792d/57.argb	480	640
NaVi-collect-20260919-022341-193-a2b8792d	58	11464	data/ai-evaluation/runs/jeonju-cone-20260919/NaVi-collect-20260919-022341-193-a2b8792d/58.argb	480	640
NaVi-collect-20260919-022341-193-a2b8792d	59	11654	data/ai-evaluation/runs/jeonju-cone-20260919/NaVi-collect-20260919-022341-193-a2b8792d/59.argb	480	640
NaVi-collect-20260919-022341-193-a2b8792d	60	11880	data/ai-evaluation/runs/jeonju-cone-20260919/NaVi-collect-20260919-022341-193-a2b8792d/60.argb	480	640
NaVi-collect-20260919-022341-193-a2b8792d	61	12061	data/ai-evaluation/runs/jeonju-cone-20260919/NaVi-collect-20260919-022341-193-a2b8792d/61.argb	480	640
NaVi-collect-20260919-022341-193-a2b8792d	62	12272	data/ai-evaluation/runs/jeonju-cone-20260919/NaVi-collect-20260919-022341-193-a2b8792d/62.argb	480	640
NaVi-collect-20260919-022341-193-a2b8792d	63	12473	data/ai-evaluation/runs/jeonju-cone-20260919/NaVi-collect-20260919-022341-193-a2b8792d/63.argb	480	640
NaVi-collect-20260919-022341-193-a2b8792d	65	12854	data/ai-evaluation/runs/jeonju-cone-20260919/NaVi-collect-20260919-022341-193-a2b8792d/65.argb	480	640
NaVi-collect-20260919-022341-193-a2b8792d	66	13062	data/ai-evaluation/runs/jeonju-cone-20260919/NaVi-collect-20260919-022341-193-a2b8792d/66.argb	480	640
NaVi-collect-20260919-022341-193-a2b8792d	67	13265	data/ai-evaluation/runs/jeonju-cone-20260919/NaVi-collect-20260919-022341-193-a2b8792d/67.argb	480	640
NaVi-collect-20260919-022341-193-a2b8792d	68	13470	data/ai-evaluation/runs/jeonju-cone-20260919/NaVi-collect-20260919-022341-193-a2b8792d/68.argb	480	640
NaVi-collect-20260919-022341-193-a2b8792d	69	13659	data/ai-evaluation/runs/jeonju-cone-20260919/NaVi-collect-20260919-022341-193-a2b8792d/69.argb	480	640
NaVi-collect-20260919-022341-193-a2b8792d	70	13868	data/ai-evaluation/runs/jeonju-cone-20260919/NaVi-collect-20260919-022341-193-a2b8792d/70.argb	480	640
NaVi-collect-20260919-022341-193-a2b8792d	71	14060	data/ai-evaluation/runs/jeonju-cone-20260919/NaVi-collect-20260919-022341-193-a2b8792d/71.argb	480	640
NaVi-collect-20260919-022341-193-a2b8792d	72	14274	data/ai-evaluation/runs/jeonju-cone-20260919/NaVi-collect-20260919-022341-193-a2b8792d/72.argb	480	640
NaVi-collect-20260919-022341-193-a2b8792d	73	14479	data/ai-evaluation/runs/jeonju-cone-20260919/NaVi-collect-20260919-022341-193-a2b8792d/73.argb	480	640
NaVi-collect-20260919-022341-193-a2b8792d	74	14672	data/ai-evaluation/runs/jeonju-cone-20260919/NaVi-collect-20260919-022341-193-a2b8792d/74.argb	480	640
NaVi-collect-20260919-022341-193-a2b8792d	75	14869	data/ai-evaluation/runs/jeonju-cone-20260919/NaVi-collect-20260919-022341-193-a2b8792d/75.argb	480	640
NaVi-collect-20260919-022341-193-a2b8792d	76	15078	data/ai-evaluation/runs/jeonju-cone-20260919/NaVi-collect-20260919-022341-193-a2b8792d/76.argb	480	640
NaVi-collect-20260919-022341-193-a2b8792d	77	15269	data/ai-evaluation/runs/jeonju-cone-20260919/NaVi-collect-20260919-022341-193-a2b8792d/77.argb	480	640
NaVi-collect-20260919-022341-193-a2b8792d	78	15468	data/ai-evaluation/runs/jeonju-cone-20260919/NaVi-collect-20260919-022341-193-a2b8792d/78.argb	480	640
NaVi-collect-20260919-022341-193-a2b8792d	79	15667	data/ai-evaluation/runs/jeonju-cone-20260919/NaVi-collect-20260919-022341-193-a2b8792d/79.argb	480	640
NaVi-collect-20260919-022341-193-a2b8792d	80	15873	data/ai-evaluation/runs/jeonju-cone-20260919/NaVi-collect-20260919-022341-193-a2b8792d/80.argb	480	640
NaVi-collect-20260919-022341-193-a2b8792d	81	16089	data/ai-evaluation/runs/jeonju-cone-20260919/NaVi-collect-20260919-022341-193-a2b8792d/81.argb	480	640
NaVi-collect-20260919-022341-193-a2b8792d	82	16277	data/ai-evaluation/runs/jeonju-cone-20260919/NaVi-collect-20260919-022341-193-a2b8792d/82.argb	480	640
NaVi-collect-20260919-022341-193-a2b8792d	83	16479	data/ai-evaluation/runs/jeonju-cone-20260919/NaVi-collect-20260919-022341-193-a2b8792d/83.argb	480	640
NaVi-collect-20260919-022341-193-a2b8792d	84	16673	data/ai-evaluation/runs/jeonju-cone-20260919/NaVi-collect-20260919-022341-193-a2b8792d/84.argb	480	640
NaVi-collect-20260919-022341-193-a2b8792d	85	16872	data/ai-evaluation/runs/jeonju-cone-20260919/NaVi-collect-20260919-022341-193-a2b8792d/85.argb	480	640
NaVi-collect-20260919-022341-193-a2b8792d	86	17076	data/ai-evaluation/runs/jeonju-cone-20260919/NaVi-collect-20260919-022341-193-a2b8792d/86.argb	480	640
NaVi-collect-20260919-022341-193-a2b8792d	87	17336	data/ai-evaluation/runs/jeonju-cone-20260919/NaVi-collect-20260919-022341-193-a2b8792d/87.argb	480	640
NaVi-collect-20260919-022341-193-a2b8792d	88	17526	data/ai-evaluation/runs/jeonju-cone-20260919/NaVi-collect-20260919-022341-193-a2b8792d/88.argb	480	640
NaVi-collect-20260919-022341-193-a2b8792d	89	17706	data/ai-evaluation/runs/jeonju-cone-20260919/NaVi-collect-20260919-022341-193-a2b8792d/89.argb	480	640
NaVi-collect-20260919-022341-193-a2b8792d	90	17917	data/ai-evaluation/runs/jeonju-cone-20260919/NaVi-collect-20260919-022341-193-a2b8792d/90.argb	480	640
NaVi-collect-20260919-022341-193-a2b8792d	91	18115	data/ai-evaluation/runs/jeonju-cone-20260919/NaVi-collect-20260919-022341-193-a2b8792d/91.argb	480	640
NaVi-collect-20260919-022341-193-a2b8792d	92	18314	data/ai-evaluation/runs/jeonju-cone-20260919/NaVi-collect-20260919-022341-193-a2b8792d/92.argb	480	640
NaVi-collect-20260919-022341-193-a2b8792d	93	18541	data/ai-evaluation/runs/jeonju-cone-20260919/NaVi-collect-20260919-022341-193-a2b8792d/93.argb	480	640
NaVi-collect-20260919-022341-193-a2b8792d	94	18740	data/ai-evaluation/runs/jeonju-cone-20260919/NaVi-collect-20260919-022341-193-a2b8792d/94.argb	480	640
NaVi-collect-20260919-022341-193-a2b8792d	95	18945	data/ai-evaluation/runs/jeonju-cone-20260919/NaVi-collect-20260919-022341-193-a2b8792d/95.argb	480	640
NaVi-collect-20260919-022341-193-a2b8792d	96	19143	data/ai-evaluation/runs/jeonju-cone-20260919/NaVi-collect-20260919-022341-193-a2b8792d/96.argb	480	640
NaVi-collect-20260919-022341-193-a2b8792d	97	19375	data/ai-evaluation/runs/jeonju-cone-20260919/NaVi-collect-20260919-022341-193-a2b8792d/97.argb	480	640
NaVi-collect-20260919-022341-193-a2b8792d	98	19621	data/ai-evaluation/runs/jeonju-cone-20260919/NaVi-collect-20260919-022341-193-a2b8792d/98.argb	480	640
NaVi-collect-20260919-022341-193-a2b8792d	99	19817	data/ai-evaluation/runs/jeonju-cone-20260919/NaVi-collect-20260919-022341-193-a2b8792d/99.argb	480	640
NaVi-collect-20260919-022341-193-a2b8792d	100	20013	data/ai-evaluation/runs/jeonju-cone-20260919/NaVi-collect-20260919-022341-193-a2b8792d/100.argb	480	640
NaVi-collect-20260919-022341-193-a2b8792d	101	20212	data/ai-evaluation/runs/jeonju-cone-20260919/NaVi-collect-20260919-022341-193-a2b8792d/101.argb	480	640
NaVi-collect-20260919-022341-193-a2b8792d	102	20446	data/ai-evaluation/runs/jeonju-cone-20260919/NaVi-collect-20260919-022341-193-a2b8792d/102.argb	480	640
NaVi-collect-20260919-022341-193-a2b8792d	103	20688	data/ai-evaluation/runs/jeonju-cone-20260919/NaVi-collect-20260919-022341-193-a2b8792d/103.argb	480	640
NaVi-collect-20260919-022341-193-a2b8792d	104	20917	data/ai-evaluation/runs/jeonju-cone-20260919/NaVi-collect-20260919-022341-193-a2b8792d/104.argb	480	640
NaVi-collect-20260919-022341-193-a2b8792d	105	21145	data/ai-evaluation/runs/jeonju-cone-20260919/NaVi-collect-20260919-022341-193-a2b8792d/105.argb	480	640
NaVi-collect-20260919-022341-193-a2b8792d	106	21376	data/ai-evaluation/runs/jeonju-cone-20260919/NaVi-collect-20260919-022341-193-a2b8792d/106.argb	480	640
NaVi-collect-20260919-022341-193-a2b8792d	107	21603	data/ai-evaluation/runs/jeonju-cone-20260919/NaVi-collect-20260919-022341-193-a2b8792d/107.argb	480	640
NaVi-collect-20260919-022341-193-a2b8792d	108	21802	data/ai-evaluation/runs/jeonju-cone-20260919/NaVi-collect-20260919-022341-193-a2b8792d/108.argb	480	640
NaVi-collect-20260919-022341-193-a2b8792d	109	22030	data/ai-evaluation/runs/jeonju-cone-20260919/NaVi-collect-20260919-022341-193-a2b8792d/109.argb	480	640
NaVi-collect-20260919-022341-193-a2b8792d	110	22256	data/ai-evaluation/runs/jeonju-cone-20260919/NaVi-collect-20260919-022341-193-a2b8792d/110.argb	480	640
NaVi-collect-20260919-022341-193-a2b8792d	111	22454	data/ai-evaluation/runs/jeonju-cone-20260919/NaVi-collect-20260919-022341-193-a2b8792d/111.argb	480	640
NaVi-collect-20260919-022341-193-a2b8792d	112	22655	data/ai-evaluation/runs/jeonju-cone-20260919/NaVi-collect-20260919-022341-193-a2b8792d/112.argb	480	640
NaVi-collect-20260919-022341-193-a2b8792d	113	22834	data/ai-evaluation/runs/jeonju-cone-20260919/NaVi-collect-20260919-022341-193-a2b8792d/113.argb	480	640
NaVi-collect-20260919-022341-193-a2b8792d	114	23093	data/ai-evaluation/runs/jeonju-cone-20260919/NaVi-collect-20260919-022341-193-a2b8792d/114.argb	480	640
NaVi-collect-20260919-022341-193-a2b8792d	115	23314	data/ai-evaluation/runs/jeonju-cone-20260919/NaVi-collect-20260919-022341-193-a2b8792d/115.argb	480	640
NaVi-collect-20260919-022341-193-a2b8792d	116	23559	data/ai-evaluation/runs/jeonju-cone-20260919/NaVi-collect-20260919-022341-193-a2b8792d/116.argb	480	640
NaVi-collect-20260919-022341-193-a2b8792d	117	23750	data/ai-evaluation/runs/jeonju-cone-20260919/NaVi-collect-20260919-022341-193-a2b8792d/117.argb	480	640
NaVi-collect-20260919-022341-193-a2b8792d	118	23979	data/ai-evaluation/runs/jeonju-cone-20260919/NaVi-collect-20260919-022341-193-a2b8792d/118.argb	480	640
NaVi-collect-20260919-022341-193-a2b8792d	119	24183	data/ai-evaluation/runs/jeonju-cone-20260919/NaVi-collect-20260919-022341-193-a2b8792d/119.argb	480	640
NaVi-collect-20260919-022341-193-a2b8792d	120	24420	data/ai-evaluation/runs/jeonju-cone-20260919/NaVi-collect-20260919-022341-193-a2b8792d/120.argb	480	640
NaVi-collect-20260919-022341-193-a2b8792d	121	24616	data/ai-evaluation/runs/jeonju-cone-20260919/NaVi-collect-20260919-022341-193-a2b8792d/121.argb	480	640
NaVi-collect-20260919-022341-193-a2b8792d	122	24808	data/ai-evaluation/runs/jeonju-cone-20260919/NaVi-collect-20260919-022341-193-a2b8792d/122.argb	480	640
NaVi-collect-20260919-022341-193-a2b8792d	123	25020	data/ai-evaluation/runs/jeonju-cone-20260919/NaVi-collect-20260919-022341-193-a2b8792d/123.argb	480	640
NaVi-collect-20260919-022341-193-a2b8792d	124	25202	data/ai-evaluation/runs/jeonju-cone-20260919/NaVi-collect-20260919-022341-193-a2b8792d/124.argb	480	640
NaVi-collect-20260919-022341-193-a2b8792d	125	25413	data/ai-evaluation/runs/jeonju-cone-20260919/NaVi-collect-20260919-022341-193-a2b8792d/125.argb	480	640
NaVi-collect-20260919-022341-193-a2b8792d	126	25608	data/ai-evaluation/runs/jeonju-cone-20260919/NaVi-collect-20260919-022341-193-a2b8792d/126.argb	480	640
NaVi-collect-20260919-022341-193-a2b8792d	127	25842	data/ai-evaluation/runs/jeonju-cone-20260919/NaVi-collect-20260919-022341-193-a2b8792d/127.argb	480	640
NaVi-collect-20260919-022341-193-a2b8792d	128	26052	data/ai-evaluation/runs/jeonju-cone-20260919/NaVi-collect-20260919-022341-193-a2b8792d/128.argb	480	640
NaVi-collect-20260919-022341-193-a2b8792d	129	26239	data/ai-evaluation/runs/jeonju-cone-20260919/NaVi-collect-20260919-022341-193-a2b8792d/129.argb	480	640
NaVi-collect-20260919-022341-193-a2b8792d	130	26479	data/ai-evaluation/runs/jeonju-cone-20260919/NaVi-collect-20260919-022341-193-a2b8792d/130.argb	480	640
NaVi-collect-20260919-022341-193-a2b8792d	131	26678	data/ai-evaluation/runs/jeonju-cone-20260919/NaVi-collect-20260919-022341-193-a2b8792d/131.argb	480	640
NaVi-collect-20260919-022341-193-a2b8792d	132	26909	data/ai-evaluation/runs/jeonju-cone-20260919/NaVi-collect-20260919-022341-193-a2b8792d/132.argb	480	640
NaVi-collect-20260919-022341-193-a2b8792d	133	27160	data/ai-evaluation/runs/jeonju-cone-20260919/NaVi-collect-20260919-022341-193-a2b8792d/133.argb	480	640
NaVi-collect-20260919-022341-193-a2b8792d	134	27340	data/ai-evaluation/runs/jeonju-cone-20260919/NaVi-collect-20260919-022341-193-a2b8792d/134.argb	480	640
NaVi-collect-20260919-022341-193-a2b8792d	135	27544	data/ai-evaluation/runs/jeonju-cone-20260919/NaVi-collect-20260919-022341-193-a2b8792d/135.argb	480	640
NaVi-collect-20260919-022341-193-a2b8792d	136	27738	data/ai-evaluation/runs/jeonju-cone-20260919/NaVi-collect-20260919-022341-193-a2b8792d/136.argb	480	640
NaVi-collect-20260919-022341-193-a2b8792d	137	27935	data/ai-evaluation/runs/jeonju-cone-20260919/NaVi-collect-20260919-022341-193-a2b8792d/137.argb	480	640
NaVi-collect-20260919-022341-193-a2b8792d	138	28158	data/ai-evaluation/runs/jeonju-cone-20260919/NaVi-collect-20260919-022341-193-a2b8792d/138.argb	480	640
NaVi-collect-20260919-022341-193-a2b8792d	139	28394	data/ai-evaluation/runs/jeonju-cone-20260919/NaVi-collect-20260919-022341-193-a2b8792d/139.argb	480	640
NaVi-collect-20260919-022341-193-a2b8792d	140	28617	data/ai-evaluation/runs/jeonju-cone-20260919/NaVi-collect-20260919-022341-193-a2b8792d/140.argb	480	640
NaVi-collect-20260919-022341-193-a2b8792d	141	28844	data/ai-evaluation/runs/jeonju-cone-20260919/NaVi-collect-20260919-022341-193-a2b8792d/141.argb	480	640
NaVi-collect-20260919-022341-193-a2b8792d	142	29090	data/ai-evaluation/runs/jeonju-cone-20260919/NaVi-collect-20260919-022341-193-a2b8792d/142.argb	480	640
NaVi-collect-20260919-022341-193-a2b8792d	143	29313	data/ai-evaluation/runs/jeonju-cone-20260919/NaVi-collect-20260919-022341-193-a2b8792d/143.argb	480	640
NaVi-collect-20260919-022341-193-a2b8792d	144	29517	data/ai-evaluation/runs/jeonju-cone-20260919/NaVi-collect-20260919-022341-193-a2b8792d/144.argb	480	640
NaVi-collect-20260919-022341-193-a2b8792d	145	29756	data/ai-evaluation/runs/jeonju-cone-20260919/NaVi-collect-20260919-022341-193-a2b8792d/145.argb	480	640
NaVi-collect-20260919-022341-193-a2b8792d	146	29940	data/ai-evaluation/runs/jeonju-cone-20260919/NaVi-collect-20260919-022341-193-a2b8792d/146.argb	480	640
NaVi-collect-20260919-022341-193-a2b8792d	147	30179	data/ai-evaluation/runs/jeonju-cone-20260919/NaVi-collect-20260919-022341-193-a2b8792d/147.argb	480	640
NaVi-collect-20260919-022341-193-a2b8792d	148	30404	data/ai-evaluation/runs/jeonju-cone-20260919/NaVi-collect-20260919-022341-193-a2b8792d/148.argb	480	640
NaVi-collect-20260919-022341-193-a2b8792d	149	30655	data/ai-evaluation/runs/jeonju-cone-20260919/NaVi-collect-20260919-022341-193-a2b8792d/149.argb	480	640
NaVi-collect-20260919-022341-193-a2b8792d	150	30837	data/ai-evaluation/runs/jeonju-cone-20260919/NaVi-collect-20260919-022341-193-a2b8792d/150.argb	480	640
NaVi-collect-20260919-022341-193-a2b8792d	151	31047	data/ai-evaluation/runs/jeonju-cone-20260919/NaVi-collect-20260919-022341-193-a2b8792d/151.argb	480	640
NaVi-collect-20260919-022341-193-a2b8792d	152	31250	data/ai-evaluation/runs/jeonju-cone-20260919/NaVi-collect-20260919-022341-193-a2b8792d/152.argb	480	640
NaVi-collect-20260919-022341-193-a2b8792d	153	31472	data/ai-evaluation/runs/jeonju-cone-20260919/NaVi-collect-20260919-022341-193-a2b8792d/153.argb	480	640
NaVi-collect-20260919-022341-193-a2b8792d	154	31708	data/ai-evaluation/runs/jeonju-cone-20260919/NaVi-collect-20260919-022341-193-a2b8792d/154.argb	480	640
NaVi-collect-20260919-022341-193-a2b8792d	155	31917	data/ai-evaluation/runs/jeonju-cone-20260919/NaVi-collect-20260919-022341-193-a2b8792d/155.argb	480	640
NaVi-collect-20260919-022341-193-a2b8792d	156	32144	data/ai-evaluation/runs/jeonju-cone-20260919/NaVi-collect-20260919-022341-193-a2b8792d/156.argb	480	640
NaVi-collect-20260919-022341-193-a2b8792d	157	32378	data/ai-evaluation/runs/jeonju-cone-20260919/NaVi-collect-20260919-022341-193-a2b8792d/157.argb	480	640
NaVi-collect-20260919-022341-193-a2b8792d	158	32581	data/ai-evaluation/runs/jeonju-cone-20260919/NaVi-collect-20260919-022341-193-a2b8792d/158.argb	480	640
NaVi-collect-20260919-022341-193-a2b8792d	159	32815	data/ai-evaluation/runs/jeonju-cone-20260919/NaVi-collect-20260919-022341-193-a2b8792d/159.argb	480	640
NaVi-collect-20260919-022341-193-a2b8792d	160	33015	data/ai-evaluation/runs/jeonju-cone-20260919/NaVi-collect-20260919-022341-193-a2b8792d/160.argb	480	640
NaVi-collect-20260919-022341-193-a2b8792d	161	33213	data/ai-evaluation/runs/jeonju-cone-20260919/NaVi-collect-20260919-022341-193-a2b8792d/161.argb	480	640
NaVi-collect-20260919-022341-193-a2b8792d	162	33417	data/ai-evaluation/runs/jeonju-cone-20260919/NaVi-collect-20260919-022341-193-a2b8792d/162.argb	480	640
NaVi-collect-20260919-022341-193-a2b8792d	163	33646	data/ai-evaluation/runs/jeonju-cone-20260919/NaVi-collect-20260919-022341-193-a2b8792d/163.argb	480	640
NaVi-collect-20260919-022341-193-a2b8792d	164	33849	data/ai-evaluation/runs/jeonju-cone-20260919/NaVi-collect-20260919-022341-193-a2b8792d/164.argb	480	640
NaVi-collect-20260919-022341-193-a2b8792d	165	34083	data/ai-evaluation/runs/jeonju-cone-20260919/NaVi-collect-20260919-022341-193-a2b8792d/165.argb	480	640
NaVi-collect-20260919-022341-193-a2b8792d	166	34312	data/ai-evaluation/runs/jeonju-cone-20260919/NaVi-collect-20260919-022341-193-a2b8792d/166.argb	480	640
NaVi-collect-20260919-022341-193-a2b8792d	167	34544	data/ai-evaluation/runs/jeonju-cone-20260919/NaVi-collect-20260919-022341-193-a2b8792d/167.argb	480	640
NaVi-collect-20260919-022341-193-a2b8792d	168	34782	data/ai-evaluation/runs/jeonju-cone-20260919/NaVi-collect-20260919-022341-193-a2b8792d/168.argb	480	640
NaVi-collect-20260919-022341-193-a2b8792d	169	35008	data/ai-evaluation/runs/jeonju-cone-20260919/NaVi-collect-20260919-022341-193-a2b8792d/169.argb	480	640
NaVi-collect-20260919-022341-193-a2b8792d	170	35244	data/ai-evaluation/runs/jeonju-cone-20260919/NaVi-collect-20260919-022341-193-a2b8792d/170.argb	480	640
NaVi-collect-20260919-022341-193-a2b8792d	171	35451	data/ai-evaluation/runs/jeonju-cone-20260919/NaVi-collect-20260919-022341-193-a2b8792d/171.argb	480	640
NaVi-collect-20260919-022341-193-a2b8792d	172	35682	data/ai-evaluation/runs/jeonju-cone-20260919/NaVi-collect-20260919-022341-193-a2b8792d/172.argb	480	640
NaVi-collect-20260919-022341-193-a2b8792d	173	35919	data/ai-evaluation/runs/jeonju-cone-20260919/NaVi-collect-20260919-022341-193-a2b8792d/173.argb	480	640
NaVi-collect-20260919-022341-193-a2b8792d	174	36120	data/ai-evaluation/runs/jeonju-cone-20260919/NaVi-collect-20260919-022341-193-a2b8792d/174.argb	480	640
NaVi-collect-20260919-022341-193-a2b8792d	175	36318	data/ai-evaluation/runs/jeonju-cone-20260919/NaVi-collect-20260919-022341-193-a2b8792d/175.argb	480	640
NaVi-collect-20260919-022341-193-a2b8792d	176	36545	data/ai-evaluation/runs/jeonju-cone-20260919/NaVi-collect-20260919-022341-193-a2b8792d/176.argb	480	640
NaVi-collect-20260919-022341-193-a2b8792d	177	36776	data/ai-evaluation/runs/jeonju-cone-20260919/NaVi-collect-20260919-022341-193-a2b8792d/177.argb	480	640
NaVi-collect-20260919-022341-193-a2b8792d	178	36981	data/ai-evaluation/runs/jeonju-cone-20260919/NaVi-collect-20260919-022341-193-a2b8792d/178.argb	480	640
NaVi-collect-20260919-022341-193-a2b8792d	179	37192	data/ai-evaluation/runs/jeonju-cone-20260919/NaVi-collect-20260919-022341-193-a2b8792d/179.argb	480	640
NaVi-collect-20260919-022341-193-a2b8792d	180	37396	data/ai-evaluation/runs/jeonju-cone-20260919/NaVi-collect-20260919-022341-193-a2b8792d/180.argb	480	640
NaVi-collect-20260919-022341-193-a2b8792d	181	37594	data/ai-evaluation/runs/jeonju-cone-20260919/NaVi-collect-20260919-022341-193-a2b8792d/181.argb	480	640
NaVi-collect-20260919-022341-193-a2b8792d	182	37826	data/ai-evaluation/runs/jeonju-cone-20260919/NaVi-collect-20260919-022341-193-a2b8792d/182.argb	480	640
NaVi-collect-20260919-022341-193-a2b8792d	183	38019	data/ai-evaluation/runs/jeonju-cone-20260919/NaVi-collect-20260919-022341-193-a2b8792d/183.argb	480	640
NaVi-collect-20260919-022341-193-a2b8792d	184	38219	data/ai-evaluation/runs/jeonju-cone-20260919/NaVi-collect-20260919-022341-193-a2b8792d/184.argb	480	640
NaVi-collect-20260919-022341-193-a2b8792d	185	38432	data/ai-evaluation/runs/jeonju-cone-20260919/NaVi-collect-20260919-022341-193-a2b8792d/185.argb	480	640
NaVi-collect-20260919-022341-193-a2b8792d	186	38635	data/ai-evaluation/runs/jeonju-cone-20260919/NaVi-collect-20260919-022341-193-a2b8792d/186.argb	480	640
NaVi-collect-20260919-022341-193-a2b8792d	187	38827	data/ai-evaluation/runs/jeonju-cone-20260919/NaVi-collect-20260919-022341-193-a2b8792d/187.argb	480	640
NaVi-collect-20260919-022341-193-a2b8792d	188	39024	data/ai-evaluation/runs/jeonju-cone-20260919/NaVi-collect-20260919-022341-193-a2b8792d/188.argb	480	640
NaVi-collect-20260919-022341-193-a2b8792d	189	39224	data/ai-evaluation/runs/jeonju-cone-20260919/NaVi-collect-20260919-022341-193-a2b8792d/189.argb	480	640
NaVi-collect-20260919-022341-193-a2b8792d	190	39432	data/ai-evaluation/runs/jeonju-cone-20260919/NaVi-collect-20260919-022341-193-a2b8792d/190.argb	480	640
NaVi-collect-20260919-022341-193-a2b8792d	191	39645	data/ai-evaluation/runs/jeonju-cone-20260919/NaVi-collect-20260919-022341-193-a2b8792d/191.argb	480	640
NaVi-collect-20260919-022341-193-a2b8792d	192	39824	data/ai-evaluation/runs/jeonju-cone-20260919/NaVi-collect-20260919-022341-193-a2b8792d/192.argb	480	640
NaVi-collect-20260919-022341-193-a2b8792d	193	40033	data/ai-evaluation/runs/jeonju-cone-20260919/NaVi-collect-20260919-022341-193-a2b8792d/193.argb	480	640
NaVi-collect-20260919-022341-193-a2b8792d	194	40250	data/ai-evaluation/runs/jeonju-cone-20260919/NaVi-collect-20260919-022341-193-a2b8792d/194.argb	480	640
NaVi-collect-20260919-022341-193-a2b8792d	196	40623	data/ai-evaluation/runs/jeonju-cone-20260919/NaVi-collect-20260919-022341-193-a2b8792d/196.argb	480	640
NaVi-collect-20260919-022341-193-a2b8792d	197	40825	data/ai-evaluation/runs/jeonju-cone-20260919/NaVi-collect-20260919-022341-193-a2b8792d/197.argb	480	640
NaVi-collect-20260919-022341-193-a2b8792d	198	41030	data/ai-evaluation/runs/jeonju-cone-20260919/NaVi-collect-20260919-022341-193-a2b8792d/198.argb	480	640
NaVi-collect-20260919-022341-193-a2b8792d	199	41235	data/ai-evaluation/runs/jeonju-cone-20260919/NaVi-collect-20260919-022341-193-a2b8792d/199.argb	480	640
NaVi-collect-20260919-022341-193-a2b8792d	200	41438	data/ai-evaluation/runs/jeonju-cone-20260919/NaVi-collect-20260919-022341-193-a2b8792d/200.argb	480	640
NaVi-collect-20260919-022341-193-a2b8792d	201	41630	data/ai-evaluation/runs/jeonju-cone-20260919/NaVi-collect-20260919-022341-193-a2b8792d/201.argb	480	640
NaVi-collect-20260919-022341-193-a2b8792d	202	41833	data/ai-evaluation/runs/jeonju-cone-20260919/NaVi-collect-20260919-022341-193-a2b8792d/202.argb	480	640
NaVi-collect-20260919-022341-193-a2b8792d	204	42227	data/ai-evaluation/runs/jeonju-cone-20260919/NaVi-collect-20260919-022341-193-a2b8792d/204.argb	480	640
NaVi-collect-20260919-022341-193-a2b8792d	205	42434	data/ai-evaluation/runs/jeonju-cone-20260919/NaVi-collect-20260919-022341-193-a2b8792d/205.argb	480	640
NaVi-collect-20260919-022341-193-a2b8792d	206	42646	data/ai-evaluation/runs/jeonju-cone-20260919/NaVi-collect-20260919-022341-193-a2b8792d/206.argb	480	640
NaVi-collect-20260919-022341-193-a2b8792d	207	42829	data/ai-evaluation/runs/jeonju-cone-20260919/NaVi-collect-20260919-022341-193-a2b8792d/207.argb	480	640
NaVi-collect-20260919-022341-193-a2b8792d	208	43039	data/ai-evaluation/runs/jeonju-cone-20260919/NaVi-collect-20260919-022341-193-a2b8792d/208.argb	480	640
NaVi-collect-20260919-022341-193-a2b8792d	209	43237	data/ai-evaluation/runs/jeonju-cone-20260919/NaVi-collect-20260919-022341-193-a2b8792d/209.argb	480	640
NaVi-collect-20260919-022341-193-a2b8792d	210	43456	data/ai-evaluation/runs/jeonju-cone-20260919/NaVi-collect-20260919-022341-193-a2b8792d/210.argb	480	640
NaVi-collect-20260919-022341-193-a2b8792d	211	43649	data/ai-evaluation/runs/jeonju-cone-20260919/NaVi-collect-20260919-022341-193-a2b8792d/211.argb	480	640
NaVi-collect-20260919-022341-193-a2b8792d	213	44026	data/ai-evaluation/runs/jeonju-cone-20260919/NaVi-collect-20260919-022341-193-a2b8792d/213.argb	480	640
NaVi-collect-20260919-022341-193-a2b8792d	214	44238	data/ai-evaluation/runs/jeonju-cone-20260919/NaVi-collect-20260919-022341-193-a2b8792d/214.argb	480	640
NaVi-collect-20260919-022341-193-a2b8792d	215	44456	data/ai-evaluation/runs/jeonju-cone-20260919/NaVi-collect-20260919-022341-193-a2b8792d/215.argb	480	640
NaVi-collect-20260919-022341-193-a2b8792d	216	44633	data/ai-evaluation/runs/jeonju-cone-20260919/NaVi-collect-20260919-022341-193-a2b8792d/216.argb	480	640
NaVi-collect-20260919-022341-193-a2b8792d	217	44855	data/ai-evaluation/runs/jeonju-cone-20260919/NaVi-collect-20260919-022341-193-a2b8792d/217.argb	480	640
NaVi-collect-20260919-022341-193-a2b8792d	218	45052	data/ai-evaluation/runs/jeonju-cone-20260919/NaVi-collect-20260919-022341-193-a2b8792d/218.argb	480	640
NaVi-collect-20260919-022341-193-a2b8792d	219	45245	data/ai-evaluation/runs/jeonju-cone-20260919/NaVi-collect-20260919-022341-193-a2b8792d/219.argb	480	640
NaVi-collect-20260919-022341-193-a2b8792d	220	45447	data/ai-evaluation/runs/jeonju-cone-20260919/NaVi-collect-20260919-022341-193-a2b8792d/220.argb	480	640
NaVi-collect-20260919-022341-193-a2b8792d	222	45857	data/ai-evaluation/runs/jeonju-cone-20260919/NaVi-collect-20260919-022341-193-a2b8792d/222.argb	480	640
NaVi-collect-20260919-022341-193-a2b8792d	223	46054	data/ai-evaluation/runs/jeonju-cone-20260919/NaVi-collect-20260919-022341-193-a2b8792d/223.argb	480	640
NaVi-collect-20260919-022341-193-a2b8792d	224	46247	data/ai-evaluation/runs/jeonju-cone-20260919/NaVi-collect-20260919-022341-193-a2b8792d/224.argb	480	640
NaVi-collect-20260919-022341-193-a2b8792d	225	46444	data/ai-evaluation/runs/jeonju-cone-20260919/NaVi-collect-20260919-022341-193-a2b8792d/225.argb	480	640
NaVi-collect-20260919-022341-193-a2b8792d	226	46649	data/ai-evaluation/runs/jeonju-cone-20260919/NaVi-collect-20260919-022341-193-a2b8792d/226.argb	480	640
NaVi-collect-20260919-022341-193-a2b8792d	227	46852	data/ai-evaluation/runs/jeonju-cone-20260919/NaVi-collect-20260919-022341-193-a2b8792d/227.argb	480	640
NaVi-collect-20260919-022341-193-a2b8792d	229	47260	data/ai-evaluation/runs/jeonju-cone-20260919/NaVi-collect-20260919-022341-193-a2b8792d/229.argb	480	640
NaVi-collect-20260919-022341-193-a2b8792d	230	47468	data/ai-evaluation/runs/jeonju-cone-20260919/NaVi-collect-20260919-022341-193-a2b8792d/230.argb	480	640
NaVi-collect-20260919-022341-193-a2b8792d	231	47681	data/ai-evaluation/runs/jeonju-cone-20260919/NaVi-collect-20260919-022341-193-a2b8792d/231.argb	480	640
NaVi-collect-20260919-022341-193-a2b8792d	232	47849	data/ai-evaluation/runs/jeonju-cone-20260919/NaVi-collect-20260919-022341-193-a2b8792d/232.argb	480	640
NaVi-collect-20260919-022341-193-a2b8792d	233	48079	data/ai-evaluation/runs/jeonju-cone-20260919/NaVi-collect-20260919-022341-193-a2b8792d/233.argb	480	640
NaVi-collect-20260919-022341-193-a2b8792d	234	48259	data/ai-evaluation/runs/jeonju-cone-20260919/NaVi-collect-20260919-022341-193-a2b8792d/234.argb	480	640
NaVi-collect-20260919-022341-193-a2b8792d	236	48650	data/ai-evaluation/runs/jeonju-cone-20260919/NaVi-collect-20260919-022341-193-a2b8792d/236.argb	480	640
NaVi-collect-20260919-022341-193-a2b8792d	237	48863	data/ai-evaluation/runs/jeonju-cone-20260919/NaVi-collect-20260919-022341-193-a2b8792d/237.argb	480	640
NaVi-collect-20260919-022341-193-a2b8792d	238	49066	data/ai-evaluation/runs/jeonju-cone-20260919/NaVi-collect-20260919-022341-193-a2b8792d/238.argb	480	640
NaVi-collect-20260919-022341-193-a2b8792d	239	49258	data/ai-evaluation/runs/jeonju-cone-20260919/NaVi-collect-20260919-022341-193-a2b8792d/239.argb	480	640
NaVi-collect-20260919-022341-193-a2b8792d	241	49691	data/ai-evaluation/runs/jeonju-cone-20260919/NaVi-collect-20260919-022341-193-a2b8792d/241.argb	480	640
NaVi-collect-20260919-022341-193-a2b8792d	242	49889	data/ai-evaluation/runs/jeonju-cone-20260919/NaVi-collect-20260919-022341-193-a2b8792d/242.argb	480	640
NaVi-collect-20260919-022341-193-a2b8792d	243	50068	data/ai-evaluation/runs/jeonju-cone-20260919/NaVi-collect-20260919-022341-193-a2b8792d/243.argb	480	640
NaVi-collect-20260919-022341-193-a2b8792d	245	50454	data/ai-evaluation/runs/jeonju-cone-20260919/NaVi-collect-20260919-022341-193-a2b8792d/245.argb	480	640
NaVi-collect-20260919-022341-193-a2b8792d	246	50656	data/ai-evaluation/runs/jeonju-cone-20260919/NaVi-collect-20260919-022341-193-a2b8792d/246.argb	480	640
NaVi-collect-20260919-022341-193-a2b8792d	247	50860	data/ai-evaluation/runs/jeonju-cone-20260919/NaVi-collect-20260919-022341-193-a2b8792d/247.argb	480	640
NaVi-collect-20260919-022341-193-a2b8792d	248	51054	data/ai-evaluation/runs/jeonju-cone-20260919/NaVi-collect-20260919-022341-193-a2b8792d/248.argb	480	640
NaVi-collect-20260919-022341-193-a2b8792d	249	51262	data/ai-evaluation/runs/jeonju-cone-20260919/NaVi-collect-20260919-022341-193-a2b8792d/249.argb	480	640
NaVi-collect-20260919-022341-193-a2b8792d	250	51478	data/ai-evaluation/runs/jeonju-cone-20260919/NaVi-collect-20260919-022341-193-a2b8792d/250.argb	480	640
NaVi-collect-20260919-022341-193-a2b8792d	251	51652	data/ai-evaluation/runs/jeonju-cone-20260919/NaVi-collect-20260919-022341-193-a2b8792d/251.argb	480	640
NaVi-collect-20260919-022341-193-a2b8792d	252	51850	data/ai-evaluation/runs/jeonju-cone-20260919/NaVi-collect-20260919-022341-193-a2b8792d/252.argb	480	640
NaVi-collect-20260919-022341-193-a2b8792d	253	52073	data/ai-evaluation/runs/jeonju-cone-20260919/NaVi-collect-20260919-022341-193-a2b8792d/253.argb	480	640
NaVi-collect-20260919-022341-193-a2b8792d	254	52255	data/ai-evaluation/runs/jeonju-cone-20260919/NaVi-collect-20260919-022341-193-a2b8792d/254.argb	480	640
NaVi-collect-20260919-022341-193-a2b8792d	255	52455	data/ai-evaluation/runs/jeonju-cone-20260919/NaVi-collect-20260919-022341-193-a2b8792d/255.argb	480	640
NaVi-collect-20260919-022341-193-a2b8792d	256	52660	data/ai-evaluation/runs/jeonju-cone-20260919/NaVi-collect-20260919-022341-193-a2b8792d/256.argb	480	640
NaVi-collect-20260919-022341-193-a2b8792d	257	52863	data/ai-evaluation/runs/jeonju-cone-20260919/NaVi-collect-20260919-022341-193-a2b8792d/257.argb	480	640
NaVi-collect-20260919-022341-193-a2b8792d	258	53055	data/ai-evaluation/runs/jeonju-cone-20260919/NaVi-collect-20260919-022341-193-a2b8792d/258.argb	480	640
NaVi-collect-20260919-022341-193-a2b8792d	259	53268	data/ai-evaluation/runs/jeonju-cone-20260919/NaVi-collect-20260919-022341-193-a2b8792d/259.argb	480	640
NaVi-collect-20260919-022341-193-a2b8792d	260	53480	data/ai-evaluation/runs/jeonju-cone-20260919/NaVi-collect-20260919-022341-193-a2b8792d/260.argb	480	640
NaVi-collect-20260919-022341-193-a2b8792d	261	53675	data/ai-evaluation/runs/jeonju-cone-20260919/NaVi-collect-20260919-022341-193-a2b8792d/261.argb	480	640
NaVi-collect-20260919-022341-193-a2b8792d	262	53874	data/ai-evaluation/runs/jeonju-cone-20260919/NaVi-collect-20260919-022341-193-a2b8792d/262.argb	480	640
NaVi-collect-20260919-022341-193-a2b8792d	263	54068	data/ai-evaluation/runs/jeonju-cone-20260919/NaVi-collect-20260919-022341-193-a2b8792d/263.argb	480	640
NaVi-collect-20260919-022341-193-a2b8792d	264	54266	data/ai-evaluation/runs/jeonju-cone-20260919/NaVi-collect-20260919-022341-193-a2b8792d/264.argb	480	640
NaVi-collect-20260919-022341-193-a2b8792d	266	54668	data/ai-evaluation/runs/jeonju-cone-20260919/NaVi-collect-20260919-022341-193-a2b8792d/266.argb	480	640
NaVi-collect-20260919-022341-193-a2b8792d	267	54874	data/ai-evaluation/runs/jeonju-cone-20260919/NaVi-collect-20260919-022341-193-a2b8792d/267.argb	480	640
NaVi-collect-20260919-022341-193-a2b8792d	268	55075	data/ai-evaluation/runs/jeonju-cone-20260919/NaVi-collect-20260919-022341-193-a2b8792d/268.argb	480	640
NaVi-collect-20260919-022341-193-a2b8792d	269	55281	data/ai-evaluation/runs/jeonju-cone-20260919/NaVi-collect-20260919-022341-193-a2b8792d/269.argb	480	640
NaVi-collect-20260919-022341-193-a2b8792d	270	55484	data/ai-evaluation/runs/jeonju-cone-20260919/NaVi-collect-20260919-022341-193-a2b8792d/270.argb	480	640
NaVi-collect-20260919-022341-193-a2b8792d	271	55681	data/ai-evaluation/runs/jeonju-cone-20260919/NaVi-collect-20260919-022341-193-a2b8792d/271.argb	480	640
NaVi-collect-20260919-022341-193-a2b8792d	273	56084	data/ai-evaluation/runs/jeonju-cone-20260919/NaVi-collect-20260919-022341-193-a2b8792d/273.argb	480	640
NaVi-collect-20260919-022341-193-a2b8792d	274	56287	data/ai-evaluation/runs/jeonju-cone-20260919/NaVi-collect-20260919-022341-193-a2b8792d/274.argb	480	640
NaVi-collect-20260919-022341-193-a2b8792d	275	56473	data/ai-evaluation/runs/jeonju-cone-20260919/NaVi-collect-20260919-022341-193-a2b8792d/275.argb	480	640
NaVi-collect-20260919-022341-193-a2b8792d	276	56696	data/ai-evaluation/runs/jeonju-cone-20260919/NaVi-collect-20260919-022341-193-a2b8792d/276.argb	480	640
NaVi-collect-20260919-022341-193-a2b8792d	278	57105	data/ai-evaluation/runs/jeonju-cone-20260919/NaVi-collect-20260919-022341-193-a2b8792d/278.argb	480	640
NaVi-collect-20260919-022341-193-a2b8792d	279	57304	data/ai-evaluation/runs/jeonju-cone-20260919/NaVi-collect-20260919-022341-193-a2b8792d/279.argb	480	640
NaVi-collect-20260919-022341-193-a2b8792d	281	57704	data/ai-evaluation/runs/jeonju-cone-20260919/NaVi-collect-20260919-022341-193-a2b8792d/281.argb	480	640
NaVi-collect-20260919-022341-193-a2b8792d	282	57879	data/ai-evaluation/runs/jeonju-cone-20260919/NaVi-collect-20260919-022341-193-a2b8792d/282.argb	480	640
NaVi-collect-20260919-022341-193-a2b8792d	283	58087	data/ai-evaluation/runs/jeonju-cone-20260919/NaVi-collect-20260919-022341-193-a2b8792d/283.argb	480	640
NaVi-collect-20260919-022341-193-a2b8792d	285	58489	data/ai-evaluation/runs/jeonju-cone-20260919/NaVi-collect-20260919-022341-193-a2b8792d/285.argb	480	640
NaVi-collect-20260919-022341-193-a2b8792d	286	58721	data/ai-evaluation/runs/jeonju-cone-20260919/NaVi-collect-20260919-022341-193-a2b8792d/286.argb	480	640
NaVi-collect-20260919-022341-193-a2b8792d	288	59096	data/ai-evaluation/runs/jeonju-cone-20260919/NaVi-collect-20260919-022341-193-a2b8792d/288.argb	480	640
NaVi-collect-20260919-022341-193-a2b8792d	289	59284	data/ai-evaluation/runs/jeonju-cone-20260919/NaVi-collect-20260919-022341-193-a2b8792d/289.argb	480	640
NaVi-collect-20260919-022341-193-a2b8792d	290	59511	data/ai-evaluation/runs/jeonju-cone-20260919/NaVi-collect-20260919-022341-193-a2b8792d/290.argb	480	640
NaVi-collect-20260919-022341-193-a2b8792d	291	59704	data/ai-evaluation/runs/jeonju-cone-20260919/NaVi-collect-20260919-022341-193-a2b8792d/291.argb	480	640
NaVi-collect-20260919-022341-193-a2b8792d	293	60103	data/ai-evaluation/runs/jeonju-cone-20260919/NaVi-collect-20260919-022341-193-a2b8792d/293.argb	480	640
NaVi-collect-20260919-022341-193-a2b8792d	294	60332	data/ai-evaluation/runs/jeonju-cone-20260919/NaVi-collect-20260919-022341-193-a2b8792d/294.argb	480	640
NaVi-collect-20260919-022341-193-a2b8792d	296	60735	data/ai-evaluation/runs/jeonju-cone-20260919/NaVi-collect-20260919-022341-193-a2b8792d/296.argb	480	640
NaVi-collect-20260919-022341-193-a2b8792d	297	60900	data/ai-evaluation/runs/jeonju-cone-20260919/NaVi-collect-20260919-022341-193-a2b8792d/297.argb	480	640
NaVi-collect-20260919-022341-193-a2b8792d	299	61315	data/ai-evaluation/runs/jeonju-cone-20260919/NaVi-collect-20260919-022341-193-a2b8792d/299.argb	480	640
NaVi-collect-20260919-022341-193-a2b8792d	300	61546	data/ai-evaluation/runs/jeonju-cone-20260919/NaVi-collect-20260919-022341-193-a2b8792d/300.argb	480	640
NaVi-collect-20260919-022341-193-a2b8792d	302	61912	data/ai-evaluation/runs/jeonju-cone-20260919/NaVi-collect-20260919-022341-193-a2b8792d/302.argb	480	640
NaVi-collect-20260919-022341-193-a2b8792d	303	62179	data/ai-evaluation/runs/jeonju-cone-20260919/NaVi-collect-20260919-022341-193-a2b8792d/303.argb	480	640
NaVi-collect-20260919-022341-193-a2b8792d	305	62513	data/ai-evaluation/runs/jeonju-cone-20260919/NaVi-collect-20260919-022341-193-a2b8792d/305.argb	480	640
NaVi-collect-20260919-022341-193-a2b8792d	306	62710	data/ai-evaluation/runs/jeonju-cone-20260919/NaVi-collect-20260919-022341-193-a2b8792d/306.argb	480	640
NaVi-collect-20260919-022341-193-a2b8792d	308	63116	data/ai-evaluation/runs/jeonju-cone-20260919/NaVi-collect-20260919-022341-193-a2b8792d/308.argb	480	640
NaVi-collect-20260919-022341-193-a2b8792d	309	63302	data/ai-evaluation/runs/jeonju-cone-20260919/NaVi-collect-20260919-022341-193-a2b8792d/309.argb	480	640
NaVi-collect-20260919-022341-193-a2b8792d	311	63735	data/ai-evaluation/runs/jeonju-cone-20260919/NaVi-collect-20260919-022341-193-a2b8792d/311.argb	480	640
NaVi-collect-20260919-022341-193-a2b8792d	312	63916	data/ai-evaluation/runs/jeonju-cone-20260919/NaVi-collect-20260919-022341-193-a2b8792d/312.argb	480	640
NaVi-collect-20260919-022341-193-a2b8792d	313	64131	data/ai-evaluation/runs/jeonju-cone-20260919/NaVi-collect-20260919-022341-193-a2b8792d/313.argb	480	640
NaVi-collect-20260919-022341-193-a2b8792d	315	64532	data/ai-evaluation/runs/jeonju-cone-20260919/NaVi-collect-20260919-022341-193-a2b8792d/315.argb	480	640
NaVi-collect-20260919-022341-193-a2b8792d	316	64770	data/ai-evaluation/runs/jeonju-cone-20260919/NaVi-collect-20260919-022341-193-a2b8792d/316.argb	480	640
NaVi-collect-20260919-022341-193-a2b8792d	317	64909	data/ai-evaluation/runs/jeonju-cone-20260919/NaVi-collect-20260919-022341-193-a2b8792d/317.argb	480	640
NaVi-collect-20260919-022341-193-a2b8792d	318	65122	data/ai-evaluation/runs/jeonju-cone-20260919/NaVi-collect-20260919-022341-193-a2b8792d/318.argb	480	640
NaVi-collect-20260919-022341-193-a2b8792d	320	65509	data/ai-evaluation/runs/jeonju-cone-20260919/NaVi-collect-20260919-022341-193-a2b8792d/320.argb	480	640
NaVi-collect-20260919-022341-193-a2b8792d	321	65739	data/ai-evaluation/runs/jeonju-cone-20260919/NaVi-collect-20260919-022341-193-a2b8792d/321.argb	480	640
NaVi-collect-20260919-022341-193-a2b8792d	322	65910	data/ai-evaluation/runs/jeonju-cone-20260919/NaVi-collect-20260919-022341-193-a2b8792d/322.argb	480	640
NaVi-collect-20260919-022341-193-a2b8792d	324	66319	data/ai-evaluation/runs/jeonju-cone-20260919/NaVi-collect-20260919-022341-193-a2b8792d/324.argb	480	640
NaVi-collect-20260919-022341-193-a2b8792d	325	66523	data/ai-evaluation/runs/jeonju-cone-20260919/NaVi-collect-20260919-022341-193-a2b8792d/325.argb	480	640
NaVi-collect-20260919-022341-193-a2b8792d	326	66718	data/ai-evaluation/runs/jeonju-cone-20260919/NaVi-collect-20260919-022341-193-a2b8792d/326.argb	480	640
NaVi-collect-20260919-022341-193-a2b8792d	328	67128	data/ai-evaluation/runs/jeonju-cone-20260919/NaVi-collect-20260919-022341-193-a2b8792d/328.argb	480	640
NaVi-collect-20260919-022341-193-a2b8792d	329	67331	data/ai-evaluation/runs/jeonju-cone-20260919/NaVi-collect-20260919-022341-193-a2b8792d/329.argb	480	640
NaVi-collect-20260919-022341-193-a2b8792d	331	67729	data/ai-evaluation/runs/jeonju-cone-20260919/NaVi-collect-20260919-022341-193-a2b8792d/331.argb	480	640
NaVi-collect-20260919-022341-193-a2b8792d	332	67938	data/ai-evaluation/runs/jeonju-cone-20260919/NaVi-collect-20260919-022341-193-a2b8792d/332.argb	480	640
NaVi-collect-20260919-022341-193-a2b8792d	333	68164	data/ai-evaluation/runs/jeonju-cone-20260919/NaVi-collect-20260919-022341-193-a2b8792d/333.argb	480	640
NaVi-collect-20260919-022341-193-a2b8792d	335	68524	data/ai-evaluation/runs/jeonju-cone-20260919/NaVi-collect-20260919-022341-193-a2b8792d/335.argb	480	640
NaVi-collect-20260919-022341-193-a2b8792d	336	68739	data/ai-evaluation/runs/jeonju-cone-20260919/NaVi-collect-20260919-022341-193-a2b8792d/336.argb	480	640
NaVi-collect-20260919-022341-193-a2b8792d	337	68930	data/ai-evaluation/runs/jeonju-cone-20260919/NaVi-collect-20260919-022341-193-a2b8792d/337.argb	480	640
NaVi-collect-20260919-022341-193-a2b8792d	339	69343	data/ai-evaluation/runs/jeonju-cone-20260919/NaVi-collect-20260919-022341-193-a2b8792d/339.argb	480	640
NaVi-collect-20260919-022341-193-a2b8792d	340	69528	data/ai-evaluation/runs/jeonju-cone-20260919/NaVi-collect-20260919-022341-193-a2b8792d/340.argb	480	640
NaVi-collect-20260919-022341-193-a2b8792d	342	69930	data/ai-evaluation/runs/jeonju-cone-20260919/NaVi-collect-20260919-022341-193-a2b8792d/342.argb	480	640
NaVi-collect-20260919-022341-193-a2b8792d	343	70128	data/ai-evaluation/runs/jeonju-cone-20260919/NaVi-collect-20260919-022341-193-a2b8792d/343.argb	480	640
NaVi-collect-20260919-022341-193-a2b8792d	344	70337	data/ai-evaluation/runs/jeonju-cone-20260919/NaVi-collect-20260919-022341-193-a2b8792d/344.argb	480	640
NaVi-collect-20260919-022341-193-a2b8792d	346	70736	data/ai-evaluation/runs/jeonju-cone-20260919/NaVi-collect-20260919-022341-193-a2b8792d/346.argb	480	640
NaVi-collect-20260919-022341-193-a2b8792d	347	70929	data/ai-evaluation/runs/jeonju-cone-20260919/NaVi-collect-20260919-022341-193-a2b8792d/347.argb	480	640
NaVi-collect-20260919-022341-193-a2b8792d	349	71339	data/ai-evaluation/runs/jeonju-cone-20260919/NaVi-collect-20260919-022341-193-a2b8792d/349.argb	480	640
NaVi-collect-20260919-022341-193-a2b8792d	350	71531	data/ai-evaluation/runs/jeonju-cone-20260919/NaVi-collect-20260919-022341-193-a2b8792d/350.argb	480	640
NaVi-collect-20260919-022341-193-a2b8792d	351	71734	data/ai-evaluation/runs/jeonju-cone-20260919/NaVi-collect-20260919-022341-193-a2b8792d/351.argb	480	640
NaVi-collect-20260919-022341-193-a2b8792d	353	72168	data/ai-evaluation/runs/jeonju-cone-20260919/NaVi-collect-20260919-022341-193-a2b8792d/353.argb	480	640
NaVi-collect-20260919-022341-193-a2b8792d	354	72365	data/ai-evaluation/runs/jeonju-cone-20260919/NaVi-collect-20260919-022341-193-a2b8792d/354.argb	480	640
NaVi-collect-20260919-022341-193-a2b8792d	356	72747	data/ai-evaluation/runs/jeonju-cone-20260919/NaVi-collect-20260919-022341-193-a2b8792d/356.argb	480	640
NaVi-collect-20260919-022341-193-a2b8792d	357	72946	data/ai-evaluation/runs/jeonju-cone-20260919/NaVi-collect-20260919-022341-193-a2b8792d/357.argb	480	640
NaVi-collect-20260919-022341-193-a2b8792d	359	73345	data/ai-evaluation/runs/jeonju-cone-20260919/NaVi-collect-20260919-022341-193-a2b8792d/359.argb	480	640
NaVi-collect-20260919-022341-193-a2b8792d	360	73531	data/ai-evaluation/runs/jeonju-cone-20260919/NaVi-collect-20260919-022341-193-a2b8792d/360.argb	480	640
NaVi-collect-20260919-022341-193-a2b8792d	362	73935	data/ai-evaluation/runs/jeonju-cone-20260919/NaVi-collect-20260919-022341-193-a2b8792d/362.argb	480	640
NaVi-collect-20260919-022341-193-a2b8792d	363	74137	data/ai-evaluation/runs/jeonju-cone-20260919/NaVi-collect-20260919-022341-193-a2b8792d/363.argb	480	640
NaVi-collect-20260919-022341-193-a2b8792d	364	74342	data/ai-evaluation/runs/jeonju-cone-20260919/NaVi-collect-20260919-022341-193-a2b8792d/364.argb	480	640
NaVi-collect-20260919-022341-193-a2b8792d	366	74737	data/ai-evaluation/runs/jeonju-cone-20260919/NaVi-collect-20260919-022341-193-a2b8792d/366.argb	480	640
NaVi-collect-20260919-022341-193-a2b8792d	367	74963	data/ai-evaluation/runs/jeonju-cone-20260919/NaVi-collect-20260919-022341-193-a2b8792d/367.argb	480	640
NaVi-collect-20260919-022341-193-a2b8792d	369	75369	data/ai-evaluation/runs/jeonju-cone-20260919/NaVi-collect-20260919-022341-193-a2b8792d/369.argb	480	640
NaVi-collect-20260919-022341-193-a2b8792d	370	75567	data/ai-evaluation/runs/jeonju-cone-20260919/NaVi-collect-20260919-022341-193-a2b8792d/370.argb	480	640
NaVi-collect-20260919-022341-193-a2b8792d	372	75956	data/ai-evaluation/runs/jeonju-cone-20260919/NaVi-collect-20260919-022341-193-a2b8792d/372.argb	480	640
NaVi-collect-20260919-022341-193-a2b8792d	373	76210	data/ai-evaluation/runs/jeonju-cone-20260919/NaVi-collect-20260919-022341-193-a2b8792d/373.argb	480	640
NaVi-collect-20260919-022341-193-a2b8792d	375	76549	data/ai-evaluation/runs/jeonju-cone-20260919/NaVi-collect-20260919-022341-193-a2b8792d/375.argb	480	640
NaVi-collect-20260919-022341-193-a2b8792d	377	76955	data/ai-evaluation/runs/jeonju-cone-20260919/NaVi-collect-20260919-022341-193-a2b8792d/377.argb	480	640
NaVi-collect-20260919-022341-193-a2b8792d	378	77166	data/ai-evaluation/runs/jeonju-cone-20260919/NaVi-collect-20260919-022341-193-a2b8792d/378.argb	480	640
NaVi-collect-20260919-022341-193-a2b8792d	379	77359	data/ai-evaluation/runs/jeonju-cone-20260919/NaVi-collect-20260919-022341-193-a2b8792d/379.argb	480	640
NaVi-collect-20260919-022341-193-a2b8792d	381	77754	data/ai-evaluation/runs/jeonju-cone-20260919/NaVi-collect-20260919-022341-193-a2b8792d/381.argb	480	640
NaVi-collect-20260919-022341-193-a2b8792d	382	77954	data/ai-evaluation/runs/jeonju-cone-20260919/NaVi-collect-20260919-022341-193-a2b8792d/382.argb	480	640
NaVi-collect-20260919-022341-193-a2b8792d	384	78379	data/ai-evaluation/runs/jeonju-cone-20260919/NaVi-collect-20260919-022341-193-a2b8792d/384.argb	480	640
NaVi-collect-20260919-022341-193-a2b8792d	385	78566	data/ai-evaluation/runs/jeonju-cone-20260919/NaVi-collect-20260919-022341-193-a2b8792d/385.argb	480	640
NaVi-collect-20260919-022341-193-a2b8792d	386	78768	data/ai-evaluation/runs/jeonju-cone-20260919/NaVi-collect-20260919-022341-193-a2b8792d/386.argb	480	640
NaVi-collect-20260919-022341-193-a2b8792d	388	79151	data/ai-evaluation/runs/jeonju-cone-20260919/NaVi-collect-20260919-022341-193-a2b8792d/388.argb	480	640
NaVi-collect-20260919-022341-193-a2b8792d	389	79382	data/ai-evaluation/runs/jeonju-cone-20260919/NaVi-collect-20260919-022341-193-a2b8792d/389.argb	480	640
NaVi-collect-20260919-022341-193-a2b8792d	391	79764	data/ai-evaluation/runs/jeonju-cone-20260919/NaVi-collect-20260919-022341-193-a2b8792d/391.argb	480	640
NaVi-collect-20260919-022341-193-a2b8792d	392	79966	data/ai-evaluation/runs/jeonju-cone-20260919/NaVi-collect-20260919-022341-193-a2b8792d/392.argb	480	640
NaVi-collect-20260919-022341-193-a2b8792d	393	80159	data/ai-evaluation/runs/jeonju-cone-20260919/NaVi-collect-20260919-022341-193-a2b8792d/393.argb	480	640
NaVi-collect-20260919-022341-193-a2b8792d	395	80567	data/ai-evaluation/runs/jeonju-cone-20260919/NaVi-collect-20260919-022341-193-a2b8792d/395.argb	480	640
NaVi-collect-20260919-022341-193-a2b8792d	396	80789	data/ai-evaluation/runs/jeonju-cone-20260919/NaVi-collect-20260919-022341-193-a2b8792d/396.argb	480	640
NaVi-collect-20260919-022341-193-a2b8792d	398	81156	data/ai-evaluation/runs/jeonju-cone-20260919/NaVi-collect-20260919-022341-193-a2b8792d/398.argb	480	640
NaVi-collect-20260919-022341-193-a2b8792d	399	81372	data/ai-evaluation/runs/jeonju-cone-20260919/NaVi-collect-20260919-022341-193-a2b8792d/399.argb	480	640
NaVi-collect-20260919-022341-193-a2b8792d	401	81772	data/ai-evaluation/runs/jeonju-cone-20260919/NaVi-collect-20260919-022341-193-a2b8792d/401.argb	480	640
NaVi-collect-20260919-022341-193-a2b8792d	402	81965	data/ai-evaluation/runs/jeonju-cone-20260919/NaVi-collect-20260919-022341-193-a2b8792d/402.argb	480	640
NaVi-collect-20260919-022341-193-a2b8792d	404	82362	data/ai-evaluation/runs/jeonju-cone-20260919/NaVi-collect-20260919-022341-193-a2b8792d/404.argb	480	640
NaVi-collect-20260919-022341-193-a2b8792d	406	82785	data/ai-evaluation/runs/jeonju-cone-20260919/NaVi-collect-20260919-022341-193-a2b8792d/406.argb	480	640
NaVi-collect-20260919-022341-193-a2b8792d	407	82972	data/ai-evaluation/runs/jeonju-cone-20260919/NaVi-collect-20260919-022341-193-a2b8792d/407.argb	480	640
NaVi-collect-20260919-022341-193-a2b8792d	408	83162	data/ai-evaluation/runs/jeonju-cone-20260919/NaVi-collect-20260919-022341-193-a2b8792d/408.argb	480	640
NaVi-collect-20260919-022341-193-a2b8792d	410	83562	data/ai-evaluation/runs/jeonju-cone-20260919/NaVi-collect-20260919-022341-193-a2b8792d/410.argb	480	640
NaVi-collect-20260919-022341-193-a2b8792d	411	83779	data/ai-evaluation/runs/jeonju-cone-20260919/NaVi-collect-20260919-022341-193-a2b8792d/411.argb	480	640
NaVi-collect-20260919-022341-193-a2b8792d	413	84162	data/ai-evaluation/runs/jeonju-cone-20260919/NaVi-collect-20260919-022341-193-a2b8792d/413.argb	480	640
NaVi-collect-20260919-022341-193-a2b8792d	414	84363	data/ai-evaluation/runs/jeonju-cone-20260919/NaVi-collect-20260919-022341-193-a2b8792d/414.argb	480	640
NaVi-collect-20260919-022341-193-a2b8792d	415	84574	data/ai-evaluation/runs/jeonju-cone-20260919/NaVi-collect-20260919-022341-193-a2b8792d/415.argb	480	640
NaVi-collect-20260919-022341-193-a2b8792d	417	84977	data/ai-evaluation/runs/jeonju-cone-20260919/NaVi-collect-20260919-022341-193-a2b8792d/417.argb	480	640
NaVi-collect-20260919-022341-193-a2b8792d	418	85198	data/ai-evaluation/runs/jeonju-cone-20260919/NaVi-collect-20260919-022341-193-a2b8792d/418.argb	480	640
NaVi-collect-20260919-022341-193-a2b8792d	420	85568	data/ai-evaluation/runs/jeonju-cone-20260919/NaVi-collect-20260919-022341-193-a2b8792d/420.argb	480	640
NaVi-collect-20260919-022341-193-a2b8792d	421	85793	data/ai-evaluation/runs/jeonju-cone-20260919/NaVi-collect-20260919-022341-193-a2b8792d/421.argb	480	640
NaVi-collect-20260919-022341-193-a2b8792d	422	86011	data/ai-evaluation/runs/jeonju-cone-20260919/NaVi-collect-20260919-022341-193-a2b8792d/422.argb	480	640
NaVi-collect-20260919-022341-193-a2b8792d	424	86394	data/ai-evaluation/runs/jeonju-cone-20260919/NaVi-collect-20260919-022341-193-a2b8792d/424.argb	480	640
NaVi-collect-20260919-022341-193-a2b8792d	425	86590	data/ai-evaluation/runs/jeonju-cone-20260919/NaVi-collect-20260919-022341-193-a2b8792d/425.argb	480	640
NaVi-collect-20260919-022341-193-a2b8792d	426	86777	data/ai-evaluation/runs/jeonju-cone-20260919/NaVi-collect-20260919-022341-193-a2b8792d/426.argb	480	640
NaVi-collect-20260919-022341-193-a2b8792d	428	87192	data/ai-evaluation/runs/jeonju-cone-20260919/NaVi-collect-20260919-022341-193-a2b8792d/428.argb	480	640
NaVi-collect-20260919-022341-193-a2b8792d	429	87408	data/ai-evaluation/runs/jeonju-cone-20260919/NaVi-collect-20260919-022341-193-a2b8792d/429.argb	480	640
NaVi-collect-20260919-022341-193-a2b8792d	431	87790	data/ai-evaluation/runs/jeonju-cone-20260919/NaVi-collect-20260919-022341-193-a2b8792d/431.argb	480	640
NaVi-collect-20260919-022341-193-a2b8792d	432	87983	data/ai-evaluation/runs/jeonju-cone-20260919/NaVi-collect-20260919-022341-193-a2b8792d/432.argb	480	640
NaVi-collect-20260919-022341-193-a2b8792d	434	88393	data/ai-evaluation/runs/jeonju-cone-20260919/NaVi-collect-20260919-022341-193-a2b8792d/434.argb	480	640
NaVi-collect-20260919-022341-193-a2b8792d	435	88592	data/ai-evaluation/runs/jeonju-cone-20260919/NaVi-collect-20260919-022341-193-a2b8792d/435.argb	480	640
NaVi-collect-20260919-022341-193-a2b8792d	436	88785	data/ai-evaluation/runs/jeonju-cone-20260919/NaVi-collect-20260919-022341-193-a2b8792d/436.argb	480	640
NaVi-collect-20260919-022341-193-a2b8792d	438	89185	data/ai-evaluation/runs/jeonju-cone-20260919/NaVi-collect-20260919-022341-193-a2b8792d/438.argb	480	640
NaVi-collect-20260919-022341-193-a2b8792d	439	89384	data/ai-evaluation/runs/jeonju-cone-20260919/NaVi-collect-20260919-022341-193-a2b8792d/439.argb	480	640
NaVi-collect-20260919-022341-193-a2b8792d	441	89793	data/ai-evaluation/runs/jeonju-cone-20260919/NaVi-collect-20260919-022341-193-a2b8792d/441.argb	480	640
NaVi-collect-20260919-022341-193-a2b8792d	442	90023	data/ai-evaluation/runs/jeonju-cone-20260919/NaVi-collect-20260919-022341-193-a2b8792d/442.argb	480	640
NaVi-collect-20260919-022341-193-a2b8792d	443	90235	data/ai-evaluation/runs/jeonju-cone-20260919/NaVi-collect-20260919-022341-193-a2b8792d/443.argb	480	640
NaVi-collect-20260919-022341-193-a2b8792d	445	90654	data/ai-evaluation/runs/jeonju-cone-20260919/NaVi-collect-20260919-022341-193-a2b8792d/445.argb	480	640
NaVi-collect-20260919-022341-193-a2b8792d	446	90865	data/ai-evaluation/runs/jeonju-cone-20260919/NaVi-collect-20260919-022341-193-a2b8792d/446.argb	480	640
NaVi-collect-20260919-022341-193-a2b8792d	447	91090	data/ai-evaluation/runs/jeonju-cone-20260919/NaVi-collect-20260919-022341-193-a2b8792d/447.argb	480	640
NaVi-collect-20260919-022341-193-a2b8792d	448	91293	data/ai-evaluation/runs/jeonju-cone-20260919/NaVi-collect-20260919-022341-193-a2b8792d/448.argb	480	640
NaVi-collect-20260919-022341-193-a2b8792d	449	91522	data/ai-evaluation/runs/jeonju-cone-20260919/NaVi-collect-20260919-022341-193-a2b8792d/449.argb	480	640
NaVi-collect-20260919-022341-193-a2b8792d	451	91944	data/ai-evaluation/runs/jeonju-cone-20260919/NaVi-collect-20260919-022341-193-a2b8792d/451.argb	480	640
NaVi-collect-20260919-022341-193-a2b8792d	452	92130	data/ai-evaluation/runs/jeonju-cone-20260919/NaVi-collect-20260919-022341-193-a2b8792d/452.argb	480	640
NaVi-collect-20260919-022341-193-a2b8792d	453	92367	data/ai-evaluation/runs/jeonju-cone-20260919/NaVi-collect-20260919-022341-193-a2b8792d/453.argb	480	640
NaVi-collect-20260919-022341-193-a2b8792d	455	92772	data/ai-evaluation/runs/jeonju-cone-20260919/NaVi-collect-20260919-022341-193-a2b8792d/455.argb	480	640
NaVi-collect-20260919-022341-193-a2b8792d	456	93023	data/ai-evaluation/runs/jeonju-cone-20260919/NaVi-collect-20260919-022341-193-a2b8792d/456.argb	480	640
NaVi-collect-20260919-022341-193-a2b8792d	457	93236	data/ai-evaluation/runs/jeonju-cone-20260919/NaVi-collect-20260919-022341-193-a2b8792d/457.argb	480	640
NaVi-collect-20260919-022341-193-a2b8792d	458	93466	data/ai-evaluation/runs/jeonju-cone-20260919/NaVi-collect-20260919-022341-193-a2b8792d/458.argb	480	640
NaVi-collect-20260919-022341-193-a2b8792d	459	93700	data/ai-evaluation/runs/jeonju-cone-20260919/NaVi-collect-20260919-022341-193-a2b8792d/459.argb	480	640
NaVi-collect-20260919-022341-193-a2b8792d	460	93926	data/ai-evaluation/runs/jeonju-cone-20260919/NaVi-collect-20260919-022341-193-a2b8792d/460.argb	480	640
NaVi-collect-20260919-022341-193-a2b8792d	462	94352	data/ai-evaluation/runs/jeonju-cone-20260919/NaVi-collect-20260919-022341-193-a2b8792d/462.argb	480	640
NaVi-collect-20260919-022341-193-a2b8792d	463	94552	data/ai-evaluation/runs/jeonju-cone-20260919/NaVi-collect-20260919-022341-193-a2b8792d/463.argb	480	640
NaVi-collect-20260919-022341-193-a2b8792d	464	94768	data/ai-evaluation/runs/jeonju-cone-20260919/NaVi-collect-20260919-022341-193-a2b8792d/464.argb	480	640
NaVi-collect-20260919-022341-193-a2b8792d	465	94983	data/ai-evaluation/runs/jeonju-cone-20260919/NaVi-collect-20260919-022341-193-a2b8792d/465.argb	480	640
NaVi-collect-20260919-022341-193-a2b8792d	467	95420	data/ai-evaluation/runs/jeonju-cone-20260919/NaVi-collect-20260919-022341-193-a2b8792d/467.argb	480	640
NaVi-collect-20260919-022341-193-a2b8792d	468	95660	data/ai-evaluation/runs/jeonju-cone-20260919/NaVi-collect-20260919-022341-193-a2b8792d/468.argb	480	640
NaVi-collect-20260919-022341-193-a2b8792d	469	95853	data/ai-evaluation/runs/jeonju-cone-20260919/NaVi-collect-20260919-022341-193-a2b8792d/469.argb	480	640
NaVi-collect-20260919-022341-193-a2b8792d	470	96066	data/ai-evaluation/runs/jeonju-cone-20260919/NaVi-collect-20260919-022341-193-a2b8792d/470.argb	480	640
NaVi-collect-20260919-022341-193-a2b8792d	472	96503	data/ai-evaluation/runs/jeonju-cone-20260919/NaVi-collect-20260919-022341-193-a2b8792d/472.argb	480	640
NaVi-collect-20260919-022341-193-a2b8792d	473	96718	data/ai-evaluation/runs/jeonju-cone-20260919/NaVi-collect-20260919-022341-193-a2b8792d/473.argb	480	640
NaVi-collect-20260919-022341-193-a2b8792d	474	96955	data/ai-evaluation/runs/jeonju-cone-20260919/NaVi-collect-20260919-022341-193-a2b8792d/474.argb	480	640
NaVi-collect-20260919-022341-193-a2b8792d	475	97175	data/ai-evaluation/runs/jeonju-cone-20260919/NaVi-collect-20260919-022341-193-a2b8792d/475.argb	480	640
NaVi-collect-20260919-022341-193-a2b8792d	476	97358	data/ai-evaluation/runs/jeonju-cone-20260919/NaVi-collect-20260919-022341-193-a2b8792d/476.argb	480	640
NaVi-collect-20260919-022341-193-a2b8792d	477	97553	data/ai-evaluation/runs/jeonju-cone-20260919/NaVi-collect-20260919-022341-193-a2b8792d/477.argb	480	640
NaVi-collect-20260919-022341-193-a2b8792d	479	98012	data/ai-evaluation/runs/jeonju-cone-20260919/NaVi-collect-20260919-022341-193-a2b8792d/479.argb	480	640
NaVi-collect-20260919-022341-193-a2b8792d	480	98261	data/ai-evaluation/runs/jeonju-cone-20260919/NaVi-collect-20260919-022341-193-a2b8792d/480.argb	480	640
NaVi-collect-20260919-022341-193-a2b8792d	481	98480	data/ai-evaluation/runs/jeonju-cone-20260919/NaVi-collect-20260919-022341-193-a2b8792d/481.argb	480	640
NaVi-collect-20260919-022341-193-a2b8792d	482	98792	data/ai-evaluation/runs/jeonju-cone-20260919/NaVi-collect-20260919-022341-193-a2b8792d/482.argb	480	640
NaVi-collect-20260919-022341-193-a2b8792d	483	98921	data/ai-evaluation/runs/jeonju-cone-20260919/NaVi-collect-20260919-022341-193-a2b8792d/483.argb	480	640
NaVi-collect-20260919-022341-193-a2b8792d	485	99348	data/ai-evaluation/runs/jeonju-cone-20260919/NaVi-collect-20260919-022341-193-a2b8792d/485.argb	480	640
NaVi-collect-20260919-022341-193-a2b8792d	486	99559	data/ai-evaluation/runs/jeonju-cone-20260919/NaVi-collect-20260919-022341-193-a2b8792d/486.argb	480	640
NaVi-collect-20260919-022341-193-a2b8792d	487	99779	data/ai-evaluation/runs/jeonju-cone-20260919/NaVi-collect-20260919-022341-193-a2b8792d/487.argb	480	640
NaVi-collect-20260919-022341-193-a2b8792d	489	100216	data/ai-evaluation/runs/jeonju-cone-20260919/NaVi-collect-20260919-022341-193-a2b8792d/489.argb	480	640
NaVi-collect-20260919-022341-193-a2b8792d	490	100422	data/ai-evaluation/runs/jeonju-cone-20260919/NaVi-collect-20260919-022341-193-a2b8792d/490.argb	480	640
NaVi-collect-20260919-022341-193-a2b8792d	491	100617	data/ai-evaluation/runs/jeonju-cone-20260919/NaVi-collect-20260919-022341-193-a2b8792d/491.argb	480	640
NaVi-collect-20260919-022341-193-a2b8792d	493	101068	data/ai-evaluation/runs/jeonju-cone-20260919/NaVi-collect-20260919-022341-193-a2b8792d/493.argb	480	640
NaVi-collect-20260919-022341-193-a2b8792d	494	101294	data/ai-evaluation/runs/jeonju-cone-20260919/NaVi-collect-20260919-022341-193-a2b8792d/494.argb	480	640
NaVi-collect-20260919-022341-193-a2b8792d	495	101526	data/ai-evaluation/runs/jeonju-cone-20260919/NaVi-collect-20260919-022341-193-a2b8792d/495.argb	480	640
NaVi-collect-20260919-022341-193-a2b8792d	496	101743	data/ai-evaluation/runs/jeonju-cone-20260919/NaVi-collect-20260919-022341-193-a2b8792d/496.argb	480	640
NaVi-collect-20260919-022341-193-a2b8792d	497	101957	data/ai-evaluation/runs/jeonju-cone-20260919/NaVi-collect-20260919-022341-193-a2b8792d/497.argb	480	640
NaVi-collect-20260919-022341-193-a2b8792d	498	102182	data/ai-evaluation/runs/jeonju-cone-20260919/NaVi-collect-20260919-022341-193-a2b8792d/498.argb	480	640
NaVi-collect-20260919-022341-193-a2b8792d	500	102582	data/ai-evaluation/runs/jeonju-cone-20260919/NaVi-collect-20260919-022341-193-a2b8792d/500.argb	480	640
NaVi-collect-20260919-022341-193-a2b8792d	501	102798	data/ai-evaluation/runs/jeonju-cone-20260919/NaVi-collect-20260919-022341-193-a2b8792d/501.argb	480	640
NaVi-collect-20260919-022341-193-a2b8792d	502	102978	data/ai-evaluation/runs/jeonju-cone-20260919/NaVi-collect-20260919-022341-193-a2b8792d/502.argb	480	640
NaVi-collect-20260919-022341-193-a2b8792d	503	103226	data/ai-evaluation/runs/jeonju-cone-20260919/NaVi-collect-20260919-022341-193-a2b8792d/503.argb	480	640
NaVi-collect-20260919-022341-193-a2b8792d	505	103649	data/ai-evaluation/runs/jeonju-cone-20260919/NaVi-collect-20260919-022341-193-a2b8792d/505.argb	480	640
NaVi-collect-20260919-022341-193-a2b8792d	506	103862	data/ai-evaluation/runs/jeonju-cone-20260919/NaVi-collect-20260919-022341-193-a2b8792d/506.argb	480	640
NaVi-collect-20260919-022341-193-a2b8792d	507	104075	data/ai-evaluation/runs/jeonju-cone-20260919/NaVi-collect-20260919-022341-193-a2b8792d/507.argb	480	640
NaVi-collect-20260919-022341-193-a2b8792d	508	104320	data/ai-evaluation/runs/jeonju-cone-20260919/NaVi-collect-20260919-022341-193-a2b8792d/508.argb	480	640
NaVi-collect-20260919-022341-193-a2b8792d	509	104546	data/ai-evaluation/runs/jeonju-cone-20260919/NaVi-collect-20260919-022341-193-a2b8792d/509.argb	480	640
NaVi-collect-20260919-022341-193-a2b8792d	511	104993	data/ai-evaluation/runs/jeonju-cone-20260919/NaVi-collect-20260919-022341-193-a2b8792d/511.argb	480	640
NaVi-collect-20260919-022341-193-a2b8792d	512	105228	data/ai-evaluation/runs/jeonju-cone-20260919/NaVi-collect-20260919-022341-193-a2b8792d/512.argb	480	640
NaVi-collect-20260919-022341-193-a2b8792d	513	105463	data/ai-evaluation/runs/jeonju-cone-20260919/NaVi-collect-20260919-022341-193-a2b8792d/513.argb	480	640
NaVi-collect-20260919-022341-193-a2b8792d	514	105653	data/ai-evaluation/runs/jeonju-cone-20260919/NaVi-collect-20260919-022341-193-a2b8792d/514.argb	480	640
NaVi-collect-20260919-022341-193-a2b8792d	515	105853	data/ai-evaluation/runs/jeonju-cone-20260919/NaVi-collect-20260919-022341-193-a2b8792d/515.argb	480	640
NaVi-collect-20260919-022341-193-a2b8792d	517	106308	data/ai-evaluation/runs/jeonju-cone-20260919/NaVi-collect-20260919-022341-193-a2b8792d/517.argb	480	640
NaVi-collect-20260919-022341-193-a2b8792d	518	106486	data/ai-evaluation/runs/jeonju-cone-20260919/NaVi-collect-20260919-022341-193-a2b8792d/518.argb	480	640
NaVi-collect-20260919-022341-193-a2b8792d	519	106731	data/ai-evaluation/runs/jeonju-cone-20260919/NaVi-collect-20260919-022341-193-a2b8792d/519.argb	480	640
NaVi-collect-20260919-022341-193-a2b8792d	520	106960	data/ai-evaluation/runs/jeonju-cone-20260919/NaVi-collect-20260919-022341-193-a2b8792d/520.argb	480	640
NaVi-collect-20260919-022341-193-a2b8792d	522	107396	data/ai-evaluation/runs/jeonju-cone-20260919/NaVi-collect-20260919-022341-193-a2b8792d/522.argb	480	640
NaVi-collect-20260919-022341-193-a2b8792d	523	107621	data/ai-evaluation/runs/jeonju-cone-20260919/NaVi-collect-20260919-022341-193-a2b8792d/523.argb	480	640
NaVi-collect-20260919-022341-193-a2b8792d	524	107852	data/ai-evaluation/runs/jeonju-cone-20260919/NaVi-collect-20260919-022341-193-a2b8792d/524.argb	480	640
NaVi-collect-20260919-022341-193-a2b8792d	525	108058	data/ai-evaluation/runs/jeonju-cone-20260919/NaVi-collect-20260919-022341-193-a2b8792d/525.argb	480	640
NaVi-collect-20260919-022341-193-a2b8792d	527	108456	data/ai-evaluation/runs/jeonju-cone-20260919/NaVi-collect-20260919-022341-193-a2b8792d/527.argb	480	640
NaVi-collect-20260919-022341-193-a2b8792d	528	108651	data/ai-evaluation/runs/jeonju-cone-20260919/NaVi-collect-20260919-022341-193-a2b8792d/528.argb	480	640
NaVi-collect-20260919-022341-193-a2b8792d	529	108901	data/ai-evaluation/runs/jeonju-cone-20260919/NaVi-collect-20260919-022341-193-a2b8792d/529.argb	480	640
NaVi-collect-20260919-022341-193-a2b8792d	530	109132	data/ai-evaluation/runs/jeonju-cone-20260919/NaVi-collect-20260919-022341-193-a2b8792d/530.argb	480	640
NaVi-collect-20260919-022341-193-a2b8792d	531	109357	data/ai-evaluation/runs/jeonju-cone-20260919/NaVi-collect-20260919-022341-193-a2b8792d/531.argb	480	640
NaVi-collect-20260919-022341-193-a2b8792d	533	109785	data/ai-evaluation/runs/jeonju-cone-20260919/NaVi-collect-20260919-022341-193-a2b8792d/533.argb	480	640
NaVi-collect-20260919-022341-193-a2b8792d	535	110186	data/ai-evaluation/runs/jeonju-cone-20260919/NaVi-collect-20260919-022341-193-a2b8792d/535.argb	480	640
NaVi-collect-20260919-022341-193-a2b8792d	536	110405	data/ai-evaluation/runs/jeonju-cone-20260919/NaVi-collect-20260919-022341-193-a2b8792d/536.argb	480	640
NaVi-collect-20260919-022341-193-a2b8792d	537	110603	data/ai-evaluation/runs/jeonju-cone-20260919/NaVi-collect-20260919-022341-193-a2b8792d/537.argb	480	640
NaVi-collect-20260919-022341-193-a2b8792d	539	110991	data/ai-evaluation/runs/jeonju-cone-20260919/NaVi-collect-20260919-022341-193-a2b8792d/539.argb	480	640
NaVi-collect-20260919-022341-193-a2b8792d	540	111186	data/ai-evaluation/runs/jeonju-cone-20260919/NaVi-collect-20260919-022341-193-a2b8792d/540.argb	480	640
NaVi-collect-20260919-022341-193-a2b8792d	542	111589	data/ai-evaluation/runs/jeonju-cone-20260919/NaVi-collect-20260919-022341-193-a2b8792d/542.argb	480	640
NaVi-collect-20260919-022341-193-a2b8792d	543	111795	data/ai-evaluation/runs/jeonju-cone-20260919/NaVi-collect-20260919-022341-193-a2b8792d/543.argb	480	640
NaVi-collect-20260919-022341-193-a2b8792d	545	112189	data/ai-evaluation/runs/jeonju-cone-20260919/NaVi-collect-20260919-022341-193-a2b8792d/545.argb	480	640
NaVi-collect-20260919-022341-193-a2b8792d	546	112399	data/ai-evaluation/runs/jeonju-cone-20260919/NaVi-collect-20260919-022341-193-a2b8792d/546.argb	480	640
NaVi-collect-20260919-022341-193-a2b8792d	547	112596	data/ai-evaluation/runs/jeonju-cone-20260919/NaVi-collect-20260919-022341-193-a2b8792d/547.argb	480	640
NaVi-collect-20260919-022341-193-a2b8792d	549	112990	data/ai-evaluation/runs/jeonju-cone-20260919/NaVi-collect-20260919-022341-193-a2b8792d/549.argb	480	640
NaVi-collect-20260919-022341-193-a2b8792d	550	113193	data/ai-evaluation/runs/jeonju-cone-20260919/NaVi-collect-20260919-022341-193-a2b8792d/550.argb	480	640
NaVi-collect-20260919-022341-193-a2b8792d	552	113606	data/ai-evaluation/runs/jeonju-cone-20260919/NaVi-collect-20260919-022341-193-a2b8792d/552.argb	480	640
NaVi-collect-20260919-022341-193-a2b8792d	553	113803	data/ai-evaluation/runs/jeonju-cone-20260919/NaVi-collect-20260919-022341-193-a2b8792d/553.argb	480	640
NaVi-collect-20260919-022341-193-a2b8792d	554	113993	data/ai-evaluation/runs/jeonju-cone-20260919/NaVi-collect-20260919-022341-193-a2b8792d/554.argb	480	640
NaVi-collect-20260919-022341-193-a2b8792d	556	114434	data/ai-evaluation/runs/jeonju-cone-20260919/NaVi-collect-20260919-022341-193-a2b8792d/556.argb	480	640
NaVi-collect-20260919-022341-193-a2b8792d	557	114607	data/ai-evaluation/runs/jeonju-cone-20260919/NaVi-collect-20260919-022341-193-a2b8792d/557.argb	480	640
NaVi-collect-20260919-022341-193-a2b8792d	559	114999	data/ai-evaluation/runs/jeonju-cone-20260919/NaVi-collect-20260919-022341-193-a2b8792d/559.argb	480	640
NaVi-collect-20260919-022341-193-a2b8792d	560	115192	data/ai-evaluation/runs/jeonju-cone-20260919/NaVi-collect-20260919-022341-193-a2b8792d/560.argb	480	640
NaVi-collect-20260919-022341-193-a2b8792d	562	115612	data/ai-evaluation/runs/jeonju-cone-20260919/NaVi-collect-20260919-022341-193-a2b8792d/562.argb	480	640
NaVi-collect-20260919-022341-193-a2b8792d	563	115816	data/ai-evaluation/runs/jeonju-cone-20260919/NaVi-collect-20260919-022341-193-a2b8792d/563.argb	480	640
NaVi-collect-20260919-022341-193-a2b8792d	564	115998	data/ai-evaluation/runs/jeonju-cone-20260919/NaVi-collect-20260919-022341-193-a2b8792d/564.argb	480	640
NaVi-collect-20260919-022341-193-a2b8792d	566	116422	data/ai-evaluation/runs/jeonju-cone-20260919/NaVi-collect-20260919-022341-193-a2b8792d/566.argb	480	640
NaVi-collect-20260919-022341-193-a2b8792d	567	116622	data/ai-evaluation/runs/jeonju-cone-20260919/NaVi-collect-20260919-022341-193-a2b8792d/567.argb	480	640
NaVi-collect-20260919-022341-193-a2b8792d	569	117012	data/ai-evaluation/runs/jeonju-cone-20260919/NaVi-collect-20260919-022341-193-a2b8792d/569.argb	480	640
NaVi-collect-20260919-022341-193-a2b8792d	570	117220	data/ai-evaluation/runs/jeonju-cone-20260919/NaVi-collect-20260919-022341-193-a2b8792d/570.argb	480	640
NaVi-collect-20260919-022341-193-a2b8792d	572	117615	data/ai-evaluation/runs/jeonju-cone-20260919/NaVi-collect-20260919-022341-193-a2b8792d/572.argb	480	640
NaVi-collect-20260919-022341-193-a2b8792d	573	117829	data/ai-evaluation/runs/jeonju-cone-20260919/NaVi-collect-20260919-022341-193-a2b8792d/573.argb	480	640
NaVi-collect-20260919-022341-193-a2b8792d	574	118001	data/ai-evaluation/runs/jeonju-cone-20260919/NaVi-collect-20260919-022341-193-a2b8792d/574.argb	480	640
NaVi-collect-20260919-022341-193-a2b8792d	576	118426	data/ai-evaluation/runs/jeonju-cone-20260919/NaVi-collect-20260919-022341-193-a2b8792d/576.argb	480	640
NaVi-collect-20260919-022341-193-a2b8792d	577	118626	data/ai-evaluation/runs/jeonju-cone-20260919/NaVi-collect-20260919-022341-193-a2b8792d/577.argb	480	640
NaVi-collect-20260919-022341-193-a2b8792d	578	118810	data/ai-evaluation/runs/jeonju-cone-20260919/NaVi-collect-20260919-022341-193-a2b8792d/578.argb	480	640
NaVi-collect-20260919-022341-193-a2b8792d	580	119213	data/ai-evaluation/runs/jeonju-cone-20260919/NaVi-collect-20260919-022341-193-a2b8792d/580.argb	480	640
NaVi-collect-20260919-022341-193-a2b8792d	581	119430	data/ai-evaluation/runs/jeonju-cone-20260919/NaVi-collect-20260919-022341-193-a2b8792d/581.argb	480	640
NaVi-collect-20260919-022341-193-a2b8792d	583	119829	data/ai-evaluation/runs/jeonju-cone-20260919/NaVi-collect-20260919-022341-193-a2b8792d/583.argb	480	640
NaVi-collect-20260919-022341-193-a2b8792d	584	120040	data/ai-evaluation/runs/jeonju-cone-20260919/NaVi-collect-20260919-022341-193-a2b8792d/584.argb	480	640
NaVi-collect-20260919-022341-193-a2b8792d	586	120431	data/ai-evaluation/runs/jeonju-cone-20260919/NaVi-collect-20260919-022341-193-a2b8792d/586.argb	480	640
NaVi-collect-20260919-022341-193-a2b8792d	588	120819	data/ai-evaluation/runs/jeonju-cone-20260919/NaVi-collect-20260919-022341-193-a2b8792d/588.argb	480	640
NaVi-collect-20260919-022341-193-a2b8792d	589	121028	data/ai-evaluation/runs/jeonju-cone-20260919/NaVi-collect-20260919-022341-193-a2b8792d/589.argb	480	640
NaVi-collect-20260919-022341-193-a2b8792d	590	121222	data/ai-evaluation/runs/jeonju-cone-20260919/NaVi-collect-20260919-022341-193-a2b8792d/590.argb	480	640
NaVi-collect-20260919-022341-193-a2b8792d	592	121617	data/ai-evaluation/runs/jeonju-cone-20260919/NaVi-collect-20260919-022341-193-a2b8792d/592.argb	480	640
NaVi-collect-20260919-022341-193-a2b8792d	593	121833	data/ai-evaluation/runs/jeonju-cone-20260919/NaVi-collect-20260919-022341-193-a2b8792d/593.argb	480	640
NaVi-collect-20260919-022341-193-a2b8792d	594	122028	data/ai-evaluation/runs/jeonju-cone-20260919/NaVi-collect-20260919-022341-193-a2b8792d/594.argb	480	640
NaVi-collect-20260919-022341-193-a2b8792d	596	122442	data/ai-evaluation/runs/jeonju-cone-20260919/NaVi-collect-20260919-022341-193-a2b8792d/596.argb	480	640
NaVi-collect-20260919-022341-193-a2b8792d	597	122626	data/ai-evaluation/runs/jeonju-cone-20260919/NaVi-collect-20260919-022341-193-a2b8792d/597.argb	480	640
NaVi-collect-20260919-022341-193-a2b8792d	599	123042	data/ai-evaluation/runs/jeonju-cone-20260919/NaVi-collect-20260919-022341-193-a2b8792d/599.argb	480	640
NaVi-collect-20260919-022341-193-a2b8792d	600	123232	data/ai-evaluation/runs/jeonju-cone-20260919/NaVi-collect-20260919-022341-193-a2b8792d/600.argb	480	640
NaVi-collect-20260919-022341-193-a2b8792d	601	123430	data/ai-evaluation/runs/jeonju-cone-20260919/NaVi-collect-20260919-022341-193-a2b8792d/601.argb	480	640
NaVi-collect-20260919-022341-193-a2b8792d	603	123839	data/ai-evaluation/runs/jeonju-cone-20260919/NaVi-collect-20260919-022341-193-a2b8792d/603.argb	480	640
NaVi-collect-20260919-022341-193-a2b8792d	604	124034	data/ai-evaluation/runs/jeonju-cone-20260919/NaVi-collect-20260919-022341-193-a2b8792d/604.argb	480	640
NaVi-collect-20260919-022341-193-a2b8792d	606	124436	data/ai-evaluation/runs/jeonju-cone-20260919/NaVi-collect-20260919-022341-193-a2b8792d/606.argb	480	640
NaVi-collect-20260919-022341-193-a2b8792d	607	124649	data/ai-evaluation/runs/jeonju-cone-20260919/NaVi-collect-20260919-022341-193-a2b8792d/607.argb	480	640
NaVi-collect-20260919-022341-193-a2b8792d	609	125033	data/ai-evaluation/runs/jeonju-cone-20260919/NaVi-collect-20260919-022341-193-a2b8792d/609.argb	480	640
NaVi-collect-20260919-022341-193-a2b8792d	610	125222	data/ai-evaluation/runs/jeonju-cone-20260919/NaVi-collect-20260919-022341-193-a2b8792d/610.argb	480	640
NaVi-collect-20260919-022341-193-a2b8792d	611	125442	data/ai-evaluation/runs/jeonju-cone-20260919/NaVi-collect-20260919-022341-193-a2b8792d/611.argb	480	640
NaVi-collect-20260919-022341-193-a2b8792d	613	125832	data/ai-evaluation/runs/jeonju-cone-20260919/NaVi-collect-20260919-022341-193-a2b8792d/613.argb	480	640
NaVi-collect-20260919-022341-193-a2b8792d	614	126026	data/ai-evaluation/runs/jeonju-cone-20260919/NaVi-collect-20260919-022341-193-a2b8792d/614.argb	480	640
NaVi-collect-20260919-022341-193-a2b8792d	615	126255	data/ai-evaluation/runs/jeonju-cone-20260919/NaVi-collect-20260919-022341-193-a2b8792d/615.argb	480	640
NaVi-collect-20260919-022341-193-a2b8792d	617	126642	data/ai-evaluation/runs/jeonju-cone-20260919/NaVi-collect-20260919-022341-193-a2b8792d/617.argb	480	640
NaVi-collect-20260919-022341-193-a2b8792d	618	126840	data/ai-evaluation/runs/jeonju-cone-20260919/NaVi-collect-20260919-022341-193-a2b8792d/618.argb	480	640
NaVi-collect-20260919-022341-193-a2b8792d	619	127035	data/ai-evaluation/runs/jeonju-cone-20260919/NaVi-collect-20260919-022341-193-a2b8792d/619.argb	480	640
NaVi-collect-20260919-022341-193-a2b8792d	621	127438	data/ai-evaluation/runs/jeonju-cone-20260919/NaVi-collect-20260919-022341-193-a2b8792d/621.argb	480	640
NaVi-collect-20260919-022341-193-a2b8792d	622	127703	data/ai-evaluation/runs/jeonju-cone-20260919/NaVi-collect-20260919-022341-193-a2b8792d/622.argb	480	640
NaVi-collect-20260919-022341-193-a2b8792d	624	128047	data/ai-evaluation/runs/jeonju-cone-20260919/NaVi-collect-20260919-022341-193-a2b8792d/624.argb	480	640
NaVi-collect-20260919-022341-193-a2b8792d	625	128254	data/ai-evaluation/runs/jeonju-cone-20260919/NaVi-collect-20260919-022341-193-a2b8792d/625.argb	480	640
NaVi-collect-20260919-022341-193-a2b8792d	626	128483	data/ai-evaluation/runs/jeonju-cone-20260919/NaVi-collect-20260919-022341-193-a2b8792d/626.argb	480	640
NaVi-collect-20260919-022341-193-a2b8792d	628	128844	data/ai-evaluation/runs/jeonju-cone-20260919/NaVi-collect-20260919-022341-193-a2b8792d/628.argb	480	640
NaVi-collect-20260919-022341-193-a2b8792d	629	129045	data/ai-evaluation/runs/jeonju-cone-20260919/NaVi-collect-20260919-022341-193-a2b8792d/629.argb	480	640
NaVi-collect-20260919-022341-193-a2b8792d	630	129251	data/ai-evaluation/runs/jeonju-cone-20260919/NaVi-collect-20260919-022341-193-a2b8792d/630.argb	480	640
NaVi-collect-20260919-022341-193-a2b8792d	631	129446	data/ai-evaluation/runs/jeonju-cone-20260919/NaVi-collect-20260919-022341-193-a2b8792d/631.argb	480	640
NaVi-collect-20260919-022341-193-a2b8792d	633	129842	data/ai-evaluation/runs/jeonju-cone-20260919/NaVi-collect-20260919-022341-193-a2b8792d/633.argb	480	640
NaVi-collect-20260919-022341-193-a2b8792d	634	130052	data/ai-evaluation/runs/jeonju-cone-20260919/NaVi-collect-20260919-022341-193-a2b8792d/634.argb	480	640
NaVi-collect-20260919-022341-193-a2b8792d	635	130229	data/ai-evaluation/runs/jeonju-cone-20260919/NaVi-collect-20260919-022341-193-a2b8792d/635.argb	480	640
NaVi-collect-20260919-022341-193-a2b8792d	636	130450	data/ai-evaluation/runs/jeonju-cone-20260919/NaVi-collect-20260919-022341-193-a2b8792d/636.argb	480	640
NaVi-collect-20260919-022341-193-a2b8792d	637	130653	data/ai-evaluation/runs/jeonju-cone-20260919/NaVi-collect-20260919-022341-193-a2b8792d/637.argb	480	640
NaVi-collect-20260919-022341-193-a2b8792d	639	131043	data/ai-evaluation/runs/jeonju-cone-20260919/NaVi-collect-20260919-022341-193-a2b8792d/639.argb	480	640
NaVi-collect-20260919-022341-193-a2b8792d	640	131246	data/ai-evaluation/runs/jeonju-cone-20260919/NaVi-collect-20260919-022341-193-a2b8792d/640.argb	480	640
NaVi-collect-20260919-022341-193-a2b8792d	641	131444	data/ai-evaluation/runs/jeonju-cone-20260919/NaVi-collect-20260919-022341-193-a2b8792d/641.argb	480	640
NaVi-collect-20260919-022341-193-a2b8792d	643	131860	data/ai-evaluation/runs/jeonju-cone-20260919/NaVi-collect-20260919-022341-193-a2b8792d/643.argb	480	640
NaVi-collect-20260919-022341-193-a2b8792d	644	132055	data/ai-evaluation/runs/jeonju-cone-20260919/NaVi-collect-20260919-022341-193-a2b8792d/644.argb	480	640
NaVi-collect-20260919-022341-193-a2b8792d	645	132260	data/ai-evaluation/runs/jeonju-cone-20260919/NaVi-collect-20260919-022341-193-a2b8792d/645.argb	480	640
NaVi-collect-20260919-022341-193-a2b8792d	647	132649	data/ai-evaluation/runs/jeonju-cone-20260919/NaVi-collect-20260919-022341-193-a2b8792d/647.argb	480	640
NaVi-collect-20260919-022341-193-a2b8792d	648	132860	data/ai-evaluation/runs/jeonju-cone-20260919/NaVi-collect-20260919-022341-193-a2b8792d/648.argb	480	640
NaVi-collect-20260919-022341-193-a2b8792d	649	133050	data/ai-evaluation/runs/jeonju-cone-20260919/NaVi-collect-20260919-022341-193-a2b8792d/649.argb	480	640
NaVi-collect-20260919-022341-193-a2b8792d	651	133463	data/ai-evaluation/runs/jeonju-cone-20260919/NaVi-collect-20260919-022341-193-a2b8792d/651.argb	480	640
NaVi-collect-20260919-022341-193-a2b8792d	652	133676	data/ai-evaluation/runs/jeonju-cone-20260919/NaVi-collect-20260919-022341-193-a2b8792d/652.argb	480	640
NaVi-collect-20260919-022341-193-a2b8792d	653	133867	data/ai-evaluation/runs/jeonju-cone-20260919/NaVi-collect-20260919-022341-193-a2b8792d/653.argb	480	640
NaVi-collect-20260919-022341-193-a2b8792d	655	134263	data/ai-evaluation/runs/jeonju-cone-20260919/NaVi-collect-20260919-022341-193-a2b8792d/655.argb	480	640
NaVi-collect-20260919-022341-193-a2b8792d	656	134462	data/ai-evaluation/runs/jeonju-cone-20260919/NaVi-collect-20260919-022341-193-a2b8792d/656.argb	480	640
NaVi-collect-20260919-022341-193-a2b8792d	658	134864	data/ai-evaluation/runs/jeonju-cone-20260919/NaVi-collect-20260919-022341-193-a2b8792d/658.argb	480	640
NaVi-collect-20260919-022341-193-a2b8792d	659	135078	data/ai-evaluation/runs/jeonju-cone-20260919/NaVi-collect-20260919-022341-193-a2b8792d/659.argb	480	640
NaVi-collect-20260919-022341-193-a2b8792d	661	135463	data/ai-evaluation/runs/jeonju-cone-20260919/NaVi-collect-20260919-022341-193-a2b8792d/661.argb	480	640
NaVi-collect-20260919-022341-193-a2b8792d	662	135677	data/ai-evaluation/runs/jeonju-cone-20260919/NaVi-collect-20260919-022341-193-a2b8792d/662.argb	480	640
NaVi-collect-20260919-022341-193-a2b8792d	663	135884	data/ai-evaluation/runs/jeonju-cone-20260919/NaVi-collect-20260919-022341-193-a2b8792d/663.argb	480	640
NaVi-collect-20260919-022341-193-a2b8792d	665	136281	data/ai-evaluation/runs/jeonju-cone-20260919/NaVi-collect-20260919-022341-193-a2b8792d/665.argb	480	640
NaVi-collect-20260919-022341-193-a2b8792d	666	136465	data/ai-evaluation/runs/jeonju-cone-20260919/NaVi-collect-20260919-022341-193-a2b8792d/666.argb	480	640
NaVi-collect-20260919-022341-193-a2b8792d	668	136880	data/ai-evaluation/runs/jeonju-cone-20260919/NaVi-collect-20260919-022341-193-a2b8792d/668.argb	480	640
NaVi-collect-20260919-022341-193-a2b8792d	669	137070	data/ai-evaluation/runs/jeonju-cone-20260919/NaVi-collect-20260919-022341-193-a2b8792d/669.argb	480	640
NaVi-collect-20260919-022341-193-a2b8792d	671	137469	data/ai-evaluation/runs/jeonju-cone-20260919/NaVi-collect-20260919-022341-193-a2b8792d/671.argb	480	640
NaVi-collect-20260919-022341-193-a2b8792d	672	137686	data/ai-evaluation/runs/jeonju-cone-20260919/NaVi-collect-20260919-022341-193-a2b8792d/672.argb	480	640
NaVi-collect-20260919-022341-193-a2b8792d	674	138078	data/ai-evaluation/runs/jeonju-cone-20260919/NaVi-collect-20260919-022341-193-a2b8792d/674.argb	480	640
NaVi-collect-20260919-022341-193-a2b8792d	675	138290	data/ai-evaluation/runs/jeonju-cone-20260919/NaVi-collect-20260919-022341-193-a2b8792d/675.argb	480	640
NaVi-collect-20260919-022341-193-a2b8792d	676	138477	data/ai-evaluation/runs/jeonju-cone-20260919/NaVi-collect-20260919-022341-193-a2b8792d/676.argb	480	640
NaVi-collect-20260919-022341-193-a2b8792d	678	138872	data/ai-evaluation/runs/jeonju-cone-20260919/NaVi-collect-20260919-022341-193-a2b8792d/678.argb	480	640
NaVi-collect-20260919-022341-193-a2b8792d	679	139069	data/ai-evaluation/runs/jeonju-cone-20260919/NaVi-collect-20260919-022341-193-a2b8792d/679.argb	480	640
NaVi-collect-20260919-022341-193-a2b8792d	681	139485	data/ai-evaluation/runs/jeonju-cone-20260919/NaVi-collect-20260919-022341-193-a2b8792d/681.argb	480	640
NaVi-collect-20260919-022341-193-a2b8792d	682	139679	data/ai-evaluation/runs/jeonju-cone-20260919/NaVi-collect-20260919-022341-193-a2b8792d/682.argb	480	640
NaVi-collect-20260919-022341-193-a2b8792d	684	140075	data/ai-evaluation/runs/jeonju-cone-20260919/NaVi-collect-20260919-022341-193-a2b8792d/684.argb	480	640
NaVi-collect-20260919-022341-193-a2b8792d	685	140274	data/ai-evaluation/runs/jeonju-cone-20260919/NaVi-collect-20260919-022341-193-a2b8792d/685.argb	480	640
NaVi-collect-20260919-022341-193-a2b8792d	686	140476	data/ai-evaluation/runs/jeonju-cone-20260919/NaVi-collect-20260919-022341-193-a2b8792d/686.argb	480	640
NaVi-collect-20260919-022341-193-a2b8792d	688	140875	data/ai-evaluation/runs/jeonju-cone-20260919/NaVi-collect-20260919-022341-193-a2b8792d/688.argb	480	640
NaVi-collect-20260919-022341-193-a2b8792d	689	141085	data/ai-evaluation/runs/jeonju-cone-20260919/NaVi-collect-20260919-022341-193-a2b8792d/689.argb	480	640
NaVi-collect-20260919-022341-193-a2b8792d	690	141286	data/ai-evaluation/runs/jeonju-cone-20260919/NaVi-collect-20260919-022341-193-a2b8792d/690.argb	480	640
NaVi-collect-20260919-022341-193-a2b8792d	692	141695	data/ai-evaluation/runs/jeonju-cone-20260919/NaVi-collect-20260919-022341-193-a2b8792d/692.argb	480	640
NaVi-collect-20260919-022341-193-a2b8792d	693	141881	data/ai-evaluation/runs/jeonju-cone-20260919/NaVi-collect-20260919-022341-193-a2b8792d/693.argb	480	640
NaVi-collect-20260919-022341-193-a2b8792d	695	142305	data/ai-evaluation/runs/jeonju-cone-20260919/NaVi-collect-20260919-022341-193-a2b8792d/695.argb	480	640
NaVi-collect-20260919-022341-193-a2b8792d	696	142488	data/ai-evaluation/runs/jeonju-cone-20260919/NaVi-collect-20260919-022341-193-a2b8792d/696.argb	480	640
NaVi-collect-20260919-022341-193-a2b8792d	697	142702	data/ai-evaluation/runs/jeonju-cone-20260919/NaVi-collect-20260919-022341-193-a2b8792d/697.argb	480	640
NaVi-collect-20260919-022341-193-a2b8792d	699	143102	data/ai-evaluation/runs/jeonju-cone-20260919/NaVi-collect-20260919-022341-193-a2b8792d/699.argb	480	640
NaVi-collect-20260919-022341-193-a2b8792d	700	143302	data/ai-evaluation/runs/jeonju-cone-20260919/NaVi-collect-20260919-022341-193-a2b8792d/700.argb	480	640
NaVi-collect-20260919-022341-193-a2b8792d	701	143496	data/ai-evaluation/runs/jeonju-cone-20260919/NaVi-collect-20260919-022341-193-a2b8792d/701.argb	480	640
NaVi-collect-20260919-022341-193-a2b8792d	703	143892	data/ai-evaluation/runs/jeonju-cone-20260919/NaVi-collect-20260919-022341-193-a2b8792d/703.argb	480	640
NaVi-collect-20260919-022341-193-a2b8792d	704	144091	data/ai-evaluation/runs/jeonju-cone-20260919/NaVi-collect-20260919-022341-193-a2b8792d/704.argb	480	640
NaVi-collect-20260919-022341-193-a2b8792d	706	144496	data/ai-evaluation/runs/jeonju-cone-20260919/NaVi-collect-20260919-022341-193-a2b8792d/706.argb	480	640
NaVi-collect-20260919-022341-193-a2b8792d	707	144711	data/ai-evaluation/runs/jeonju-cone-20260919/NaVi-collect-20260919-022341-193-a2b8792d/707.argb	480	640
NaVi-collect-20260919-022341-193-a2b8792d	708	144908	data/ai-evaluation/runs/jeonju-cone-20260919/NaVi-collect-20260919-022341-193-a2b8792d/708.argb	480	640
NaVi-collect-20260919-022341-193-a2b8792d	710	145296	data/ai-evaluation/runs/jeonju-cone-20260919/NaVi-collect-20260919-022341-193-a2b8792d/710.argb	480	640
NaVi-collect-20260919-022341-193-a2b8792d	711	145495	data/ai-evaluation/runs/jeonju-cone-20260919/NaVi-collect-20260919-022341-193-a2b8792d/711.argb	480	640
NaVi-collect-20260919-022341-193-a2b8792d	712	145696	data/ai-evaluation/runs/jeonju-cone-20260919/NaVi-collect-20260919-022341-193-a2b8792d/712.argb	480	640
NaVi-collect-20260919-022341-193-a2b8792d	714	146103	data/ai-evaluation/runs/jeonju-cone-20260919/NaVi-collect-20260919-022341-193-a2b8792d/714.argb	480	640
NaVi-collect-20260919-022341-193-a2b8792d	715	146324	data/ai-evaluation/runs/jeonju-cone-20260919/NaVi-collect-20260919-022341-193-a2b8792d/715.argb	480	640
NaVi-collect-20260919-022341-193-a2b8792d	716	146494	data/ai-evaluation/runs/jeonju-cone-20260919/NaVi-collect-20260919-022341-193-a2b8792d/716.argb	480	640
NaVi-collect-20260919-022341-193-a2b8792d	718	146916	data/ai-evaluation/runs/jeonju-cone-20260919/NaVi-collect-20260919-022341-193-a2b8792d/718.argb	480	640
NaVi-collect-20260919-022341-193-a2b8792d	719	147108	data/ai-evaluation/runs/jeonju-cone-20260919/NaVi-collect-20260919-022341-193-a2b8792d/719.argb	480	640
NaVi-collect-20260919-022341-193-a2b8792d	720	147342	data/ai-evaluation/runs/jeonju-cone-20260919/NaVi-collect-20260919-022341-193-a2b8792d/720.argb	480	640
NaVi-collect-20260919-022341-193-a2b8792d	722	147763	data/ai-evaluation/runs/jeonju-cone-20260919/NaVi-collect-20260919-022341-193-a2b8792d/722.argb	480	640
NaVi-collect-20260919-022341-193-a2b8792d	723	147975	data/ai-evaluation/runs/jeonju-cone-20260919/NaVi-collect-20260919-022341-193-a2b8792d/723.argb	480	640
NaVi-collect-20260919-022341-193-a2b8792d	724	148170	data/ai-evaluation/runs/jeonju-cone-20260919/NaVi-collect-20260919-022341-193-a2b8792d/724.argb	480	640
NaVi-collect-20260919-022341-193-a2b8792d	726	148574	data/ai-evaluation/runs/jeonju-cone-20260919/NaVi-collect-20260919-022341-193-a2b8792d/726.argb	480	640
NaVi-collect-20260919-022341-193-a2b8792d	727	148824	data/ai-evaluation/runs/jeonju-cone-20260919/NaVi-collect-20260919-022341-193-a2b8792d/727.argb	480	640
NaVi-collect-20260919-022341-193-a2b8792d	728	149033	data/ai-evaluation/runs/jeonju-cone-20260919/NaVi-collect-20260919-022341-193-a2b8792d/728.argb	480	640
NaVi-collect-20260919-022341-193-a2b8792d	729	149276	data/ai-evaluation/runs/jeonju-cone-20260919/NaVi-collect-20260919-022341-193-a2b8792d/729.argb	480	640
NaVi-collect-20260919-022341-193-a2b8792d	730	149495	data/ai-evaluation/runs/jeonju-cone-20260919/NaVi-collect-20260919-022341-193-a2b8792d/730.argb	480	640
NaVi-collect-20260919-022341-193-a2b8792d	732	149896	data/ai-evaluation/runs/jeonju-cone-20260919/NaVi-collect-20260919-022341-193-a2b8792d/732.argb	480	640
NaVi-collect-20260919-022341-193-a2b8792d	733	150111	data/ai-evaluation/runs/jeonju-cone-20260919/NaVi-collect-20260919-022341-193-a2b8792d/733.argb	480	640
NaVi-collect-20260919-022341-193-a2b8792d	734	150335	data/ai-evaluation/runs/jeonju-cone-20260919/NaVi-collect-20260919-022341-193-a2b8792d/734.argb	480	640
NaVi-collect-20260919-022341-193-a2b8792d	736	150746	data/ai-evaluation/runs/jeonju-cone-20260919/NaVi-collect-20260919-022341-193-a2b8792d/736.argb	480	640
NaVi-collect-20260919-022341-193-a2b8792d	737	150967	data/ai-evaluation/runs/jeonju-cone-20260919/NaVi-collect-20260919-022341-193-a2b8792d/737.argb	480	640
NaVi-collect-20260919-022341-193-a2b8792d	738	151184	data/ai-evaluation/runs/jeonju-cone-20260919/NaVi-collect-20260919-022341-193-a2b8792d/738.argb	480	640
NaVi-collect-20260919-022341-193-a2b8792d	740	151612	data/ai-evaluation/runs/jeonju-cone-20260919/NaVi-collect-20260919-022341-193-a2b8792d/740.argb	480	640
NaVi-collect-20260919-022341-193-a2b8792d	741	151834	data/ai-evaluation/runs/jeonju-cone-20260919/NaVi-collect-20260919-022341-193-a2b8792d/741.argb	480	640
NaVi-collect-20260919-022341-193-a2b8792d	743	152262	data/ai-evaluation/runs/jeonju-cone-20260919/NaVi-collect-20260919-022341-193-a2b8792d/743.argb	480	640
NaVi-collect-20260919-022341-193-a2b8792d	744	152482	data/ai-evaluation/runs/jeonju-cone-20260919/NaVi-collect-20260919-022341-193-a2b8792d/744.argb	480	640
NaVi-collect-20260919-022341-193-a2b8792d	745	152712	data/ai-evaluation/runs/jeonju-cone-20260919/NaVi-collect-20260919-022341-193-a2b8792d/745.argb	480	640
NaVi-collect-20260919-022341-193-a2b8792d	747	153133	data/ai-evaluation/runs/jeonju-cone-20260919/NaVi-collect-20260919-022341-193-a2b8792d/747.argb	480	640
NaVi-collect-20260919-022341-193-a2b8792d	748	153339	data/ai-evaluation/runs/jeonju-cone-20260919/NaVi-collect-20260919-022341-193-a2b8792d/748.argb	480	640
NaVi-collect-20260919-022341-193-a2b8792d	749	153520	data/ai-evaluation/runs/jeonju-cone-20260919/NaVi-collect-20260919-022341-193-a2b8792d/749.argb	480	640
NaVi-collect-20260919-022341-193-a2b8792d	751	153934	data/ai-evaluation/runs/jeonju-cone-20260919/NaVi-collect-20260919-022341-193-a2b8792d/751.argb	480	640
NaVi-collect-20260919-022341-193-a2b8792d	752	154142	data/ai-evaluation/runs/jeonju-cone-20260919/NaVi-collect-20260919-022341-193-a2b8792d/752.argb	480	640
NaVi-collect-20260919-022341-193-a2b8792d	753	154388	data/ai-evaluation/runs/jeonju-cone-20260919/NaVi-collect-20260919-022341-193-a2b8792d/753.argb	480	640
NaVi-collect-20260919-022341-193-a2b8792d	755	154856	data/ai-evaluation/runs/jeonju-cone-20260919/NaVi-collect-20260919-022341-193-a2b8792d/755.argb	480	640
NaVi-collect-20260919-022341-193-a2b8792d	756	155069	data/ai-evaluation/runs/jeonju-cone-20260919/NaVi-collect-20260919-022341-193-a2b8792d/756.argb	480	640
NaVi-collect-20260919-022341-193-a2b8792d	757	155267	data/ai-evaluation/runs/jeonju-cone-20260919/NaVi-collect-20260919-022341-193-a2b8792d/757.argb	480	640
NaVi-collect-20260919-022341-193-a2b8792d	759	155659	data/ai-evaluation/runs/jeonju-cone-20260919/NaVi-collect-20260919-022341-193-a2b8792d/759.argb	480	640
NaVi-collect-20260919-022341-193-a2b8792d	760	155895	data/ai-evaluation/runs/jeonju-cone-20260919/NaVi-collect-20260919-022341-193-a2b8792d/760.argb	480	640
NaVi-collect-20260919-022341-193-a2b8792d	761	156117	data/ai-evaluation/runs/jeonju-cone-20260919/NaVi-collect-20260919-022341-193-a2b8792d/761.argb	480	640
NaVi-collect-20260919-022341-193-a2b8792d	762	156300	data/ai-evaluation/runs/jeonju-cone-20260919/NaVi-collect-20260919-022341-193-a2b8792d/762.argb	480	640
NaVi-collect-20260919-022341-193-a2b8792d	763	156538	data/ai-evaluation/runs/jeonju-cone-20260919/NaVi-collect-20260919-022341-193-a2b8792d/763.argb	480	640
NaVi-collect-20260919-022341-193-a2b8792d	765	156974	data/ai-evaluation/runs/jeonju-cone-20260919/NaVi-collect-20260919-022341-193-a2b8792d/765.argb	480	640
NaVi-collect-20260919-022341-193-a2b8792d	766	157199	data/ai-evaluation/runs/jeonju-cone-20260919/NaVi-collect-20260919-022341-193-a2b8792d/766.argb	480	640
NaVi-collect-20260919-022341-193-a2b8792d	768	157659	data/ai-evaluation/runs/jeonju-cone-20260919/NaVi-collect-20260919-022341-193-a2b8792d/768.argb	480	640
NaVi-collect-20260919-022341-193-a2b8792d	769	157869	data/ai-evaluation/runs/jeonju-cone-20260919/NaVi-collect-20260919-022341-193-a2b8792d/769.argb	480	640
NaVi-collect-20260919-022341-193-a2b8792d	770	158109	data/ai-evaluation/runs/jeonju-cone-20260919/NaVi-collect-20260919-022341-193-a2b8792d/770.argb	480	640
NaVi-collect-20260919-022341-193-a2b8792d	772	158529	data/ai-evaluation/runs/jeonju-cone-20260919/NaVi-collect-20260919-022341-193-a2b8792d/772.argb	480	640
NaVi-collect-20260919-022341-193-a2b8792d	773	158751	data/ai-evaluation/runs/jeonju-cone-20260919/NaVi-collect-20260919-022341-193-a2b8792d/773.argb	480	640
NaVi-collect-20260919-022341-193-a2b8792d	774	158930	data/ai-evaluation/runs/jeonju-cone-20260919/NaVi-collect-20260919-022341-193-a2b8792d/774.argb	480	640
NaVi-collect-20260919-022341-193-a2b8792d	776	159357	data/ai-evaluation/runs/jeonju-cone-20260919/NaVi-collect-20260919-022341-193-a2b8792d/776.argb	480	640
NaVi-collect-20260919-022341-193-a2b8792d	777	159535	data/ai-evaluation/runs/jeonju-cone-20260919/NaVi-collect-20260919-022341-193-a2b8792d/777.argb	480	640
NaVi-collect-20260919-022341-193-a2b8792d	779	159938	data/ai-evaluation/runs/jeonju-cone-20260919/NaVi-collect-20260919-022341-193-a2b8792d/779.argb	480	640
NaVi-collect-20260919-022341-193-a2b8792d	780	160148	data/ai-evaluation/runs/jeonju-cone-20260919/NaVi-collect-20260919-022341-193-a2b8792d/780.argb	480	640
NaVi-collect-20260919-022341-193-a2b8792d	782	160569	data/ai-evaluation/runs/jeonju-cone-20260919/NaVi-collect-20260919-022341-193-a2b8792d/782.argb	480	640
NaVi-collect-20260919-022341-193-a2b8792d	783	160753	data/ai-evaluation/runs/jeonju-cone-20260919/NaVi-collect-20260919-022341-193-a2b8792d/783.argb	480	640
NaVi-collect-20260919-022341-193-a2b8792d	785	161136	data/ai-evaluation/runs/jeonju-cone-20260919/NaVi-collect-20260919-022341-193-a2b8792d/785.argb	480	640
NaVi-collect-20260919-022341-193-a2b8792d	787	161553	data/ai-evaluation/runs/jeonju-cone-20260919/NaVi-collect-20260919-022341-193-a2b8792d/787.argb	480	640
NaVi-collect-20260919-022341-193-a2b8792d	789	161963	data/ai-evaluation/runs/jeonju-cone-20260919/NaVi-collect-20260919-022341-193-a2b8792d/789.argb	480	640
NaVi-collect-20260919-022341-193-a2b8792d	790	162140	data/ai-evaluation/runs/jeonju-cone-20260919/NaVi-collect-20260919-022341-193-a2b8792d/790.argb	480	640
NaVi-collect-20260919-022341-193-a2b8792d	791	162350	data/ai-evaluation/runs/jeonju-cone-20260919/NaVi-collect-20260919-022341-193-a2b8792d/791.argb	480	640
NaVi-collect-20260919-022341-193-a2b8792d	793	162748	data/ai-evaluation/runs/jeonju-cone-20260919/NaVi-collect-20260919-022341-193-a2b8792d/793.argb	480	640
NaVi-collect-20260919-022341-193-a2b8792d	795	163150	data/ai-evaluation/runs/jeonju-cone-20260919/NaVi-collect-20260919-022341-193-a2b8792d/795.argb	480	640
NaVi-collect-20260919-022341-193-a2b8792d	796	163371	data/ai-evaluation/runs/jeonju-cone-20260919/NaVi-collect-20260919-022341-193-a2b8792d/796.argb	480	640
NaVi-collect-20260919-022341-193-a2b8792d	797	163557	data/ai-evaluation/runs/jeonju-cone-20260919/NaVi-collect-20260919-022341-193-a2b8792d/797.argb	480	640
NaVi-collect-20260919-022341-193-a2b8792d	799	163950	data/ai-evaluation/runs/jeonju-cone-20260919/NaVi-collect-20260919-022341-193-a2b8792d/799.argb	480	640
NaVi-collect-20260919-022341-193-a2b8792d	800	164159	data/ai-evaluation/runs/jeonju-cone-20260919/NaVi-collect-20260919-022341-193-a2b8792d/800.argb	480	640
NaVi-collect-20260919-022341-193-a2b8792d	802	164552	data/ai-evaluation/runs/jeonju-cone-20260919/NaVi-collect-20260919-022341-193-a2b8792d/802.argb	480	640
NaVi-collect-20260919-022341-193-a2b8792d	804	164958	data/ai-evaluation/runs/jeonju-cone-20260919/NaVi-collect-20260919-022341-193-a2b8792d/804.argb	480	640
NaVi-collect-20260919-022341-193-a2b8792d	805	165156	data/ai-evaluation/runs/jeonju-cone-20260919/NaVi-collect-20260919-022341-193-a2b8792d/805.argb	480	640
NaVi-collect-20260919-022341-193-a2b8792d	807	165554	data/ai-evaluation/runs/jeonju-cone-20260919/NaVi-collect-20260919-022341-193-a2b8792d/807.argb	480	640
NaVi-collect-20260919-022341-193-a2b8792d	808	165787	data/ai-evaluation/runs/jeonju-cone-20260919/NaVi-collect-20260919-022341-193-a2b8792d/808.argb	480	640
NaVi-collect-20260919-022341-193-a2b8792d	810	166165	data/ai-evaluation/runs/jeonju-cone-20260919/NaVi-collect-20260919-022341-193-a2b8792d/810.argb	480	640
NaVi-collect-20260919-022341-193-a2b8792d	811	166371	data/ai-evaluation/runs/jeonju-cone-20260919/NaVi-collect-20260919-022341-193-a2b8792d/811.argb	480	640
NaVi-collect-20260919-022341-193-a2b8792d	813	166772	data/ai-evaluation/runs/jeonju-cone-20260919/NaVi-collect-20260919-022341-193-a2b8792d/813.argb	480	640
NaVi-collect-20260919-022341-193-a2b8792d	814	166968	data/ai-evaluation/runs/jeonju-cone-20260919/NaVi-collect-20260919-022341-193-a2b8792d/814.argb	480	640
NaVi-collect-20260919-022341-193-a2b8792d	816	167412	data/ai-evaluation/runs/jeonju-cone-20260919/NaVi-collect-20260919-022341-193-a2b8792d/816.argb	480	640
NaVi-collect-20260919-022341-193-a2b8792d	818	167757	data/ai-evaluation/runs/jeonju-cone-20260919/NaVi-collect-20260919-022341-193-a2b8792d/818.argb	480	640
NaVi-collect-20260919-022341-193-a2b8792d	819	167954	data/ai-evaluation/runs/jeonju-cone-20260919/NaVi-collect-20260919-022341-193-a2b8792d/819.argb	480	640
NaVi-collect-20260919-022341-193-a2b8792d	821	168375	data/ai-evaluation/runs/jeonju-cone-20260919/NaVi-collect-20260919-022341-193-a2b8792d/821.argb	480	640
NaVi-collect-20260919-022341-193-a2b8792d	822	168555	data/ai-evaluation/runs/jeonju-cone-20260919/NaVi-collect-20260919-022341-193-a2b8792d/822.argb	480	640
NaVi-collect-20260919-022341-193-a2b8792d	824	168990	data/ai-evaluation/runs/jeonju-cone-20260919/NaVi-collect-20260919-022341-193-a2b8792d/824.argb	480	640
NaVi-collect-20260919-022341-193-a2b8792d	825	169161	data/ai-evaluation/runs/jeonju-cone-20260919/NaVi-collect-20260919-022341-193-a2b8792d/825.argb	480	640
NaVi-collect-20260919-022341-193-a2b8792d	827	169560	data/ai-evaluation/runs/jeonju-cone-20260919/NaVi-collect-20260919-022341-193-a2b8792d/827.argb	480	640
NaVi-collect-20260919-022341-193-a2b8792d	828	169781	data/ai-evaluation/runs/jeonju-cone-20260919/NaVi-collect-20260919-022341-193-a2b8792d/828.argb	480	640
NaVi-collect-20260919-022341-193-a2b8792d	830	170182	data/ai-evaluation/runs/jeonju-cone-20260919/NaVi-collect-20260919-022341-193-a2b8792d/830.argb	480	640
NaVi-collect-20260919-022341-193-a2b8792d	832	170575	data/ai-evaluation/runs/jeonju-cone-20260919/NaVi-collect-20260919-022341-193-a2b8792d/832.argb	480	640
NaVi-collect-20260919-022341-193-a2b8792d	833	170801	data/ai-evaluation/runs/jeonju-cone-20260919/NaVi-collect-20260919-022341-193-a2b8792d/833.argb	480	640
NaVi-collect-20260919-022341-193-a2b8792d	835	171188	data/ai-evaluation/runs/jeonju-cone-20260919/NaVi-collect-20260919-022341-193-a2b8792d/835.argb	480	640
NaVi-collect-20260919-022341-193-a2b8792d	837	171587	data/ai-evaluation/runs/jeonju-cone-20260919/NaVi-collect-20260919-022341-193-a2b8792d/837.argb	480	640
NaVi-collect-20260919-022341-193-a2b8792d	838	171791	data/ai-evaluation/runs/jeonju-cone-20260919/NaVi-collect-20260919-022341-193-a2b8792d/838.argb	480	640
NaVi-collect-20260919-022341-193-a2b8792d	840	172181	data/ai-evaluation/runs/jeonju-cone-20260919/NaVi-collect-20260919-022341-193-a2b8792d/840.argb	480	640
NaVi-collect-20260919-022341-193-a2b8792d	842	172578	data/ai-evaluation/runs/jeonju-cone-20260919/NaVi-collect-20260919-022341-193-a2b8792d/842.argb	480	640
NaVi-collect-20260919-022341-193-a2b8792d	843	172799	data/ai-evaluation/runs/jeonju-cone-20260919/NaVi-collect-20260919-022341-193-a2b8792d/843.argb	480	640
NaVi-collect-20260919-022341-193-a2b8792d	845	173198	data/ai-evaluation/runs/jeonju-cone-20260919/NaVi-collect-20260919-022341-193-a2b8792d/845.argb	480	640
NaVi-collect-20260919-022341-193-a2b8792d	846	173376	data/ai-evaluation/runs/jeonju-cone-20260919/NaVi-collect-20260919-022341-193-a2b8792d/846.argb	480	640
NaVi-collect-20260919-022341-193-a2b8792d	848	173819	data/ai-evaluation/runs/jeonju-cone-20260919/NaVi-collect-20260919-022341-193-a2b8792d/848.argb	480	640
NaVi-collect-20260919-022341-193-a2b8792d	849	173995	data/ai-evaluation/runs/jeonju-cone-20260919/NaVi-collect-20260919-022341-193-a2b8792d/849.argb	480	640
NaVi-collect-20260919-022341-193-a2b8792d	851	174396	data/ai-evaluation/runs/jeonju-cone-20260919/NaVi-collect-20260919-022341-193-a2b8792d/851.argb	480	640
NaVi-collect-20260919-022341-193-a2b8792d	852	174595	data/ai-evaluation/runs/jeonju-cone-20260919/NaVi-collect-20260919-022341-193-a2b8792d/852.argb	480	640
NaVi-collect-20260919-022341-193-a2b8792d	854	175023	data/ai-evaluation/runs/jeonju-cone-20260919/NaVi-collect-20260919-022341-193-a2b8792d/854.argb	480	640
NaVi-collect-20260919-022341-193-a2b8792d	856	175384	data/ai-evaluation/runs/jeonju-cone-20260919/NaVi-collect-20260919-022341-193-a2b8792d/856.argb	480	640
NaVi-collect-20260919-022341-193-a2b8792d	857	175611	data/ai-evaluation/runs/jeonju-cone-20260919/NaVi-collect-20260919-022341-193-a2b8792d/857.argb	480	640
NaVi-collect-20260919-022341-193-a2b8792d	859	175995	data/ai-evaluation/runs/jeonju-cone-20260919/NaVi-collect-20260919-022341-193-a2b8792d/859.argb	480	640
NaVi-collect-20260919-022341-193-a2b8792d	860	176195	data/ai-evaluation/runs/jeonju-cone-20260919/NaVi-collect-20260919-022341-193-a2b8792d/860.argb	480	640
NaVi-collect-20260919-022341-193-a2b8792d	862	176583	data/ai-evaluation/runs/jeonju-cone-20260919/NaVi-collect-20260919-022341-193-a2b8792d/862.argb	480	640
NaVi-collect-20260919-022341-193-a2b8792d	863	176798	data/ai-evaluation/runs/jeonju-cone-20260919/NaVi-collect-20260919-022341-193-a2b8792d/863.argb	480	640
NaVi-collect-20260919-022341-193-a2b8792d	865	177196	data/ai-evaluation/runs/jeonju-cone-20260919/NaVi-collect-20260919-022341-193-a2b8792d/865.argb	480	640
NaVi-collect-20260919-022341-193-a2b8792d	867	177605	data/ai-evaluation/runs/jeonju-cone-20260919/NaVi-collect-20260919-022341-193-a2b8792d/867.argb	480	640
NaVi-collect-20260919-022341-193-a2b8792d	868	177786	data/ai-evaluation/runs/jeonju-cone-20260919/NaVi-collect-20260919-022341-193-a2b8792d/868.argb	480	640
NaVi-collect-20260919-022341-193-a2b8792d	870	178211	data/ai-evaluation/runs/jeonju-cone-20260919/NaVi-collect-20260919-022341-193-a2b8792d/870.argb	480	640
NaVi-collect-20260919-022341-193-a2b8792d	871	178392	data/ai-evaluation/runs/jeonju-cone-20260919/NaVi-collect-20260919-022341-193-a2b8792d/871.argb	480	640
NaVi-collect-20260919-022341-193-a2b8792d	873	178800	data/ai-evaluation/runs/jeonju-cone-20260919/NaVi-collect-20260919-022341-193-a2b8792d/873.argb	480	640
NaVi-collect-20260919-022341-193-a2b8792d	874	179015	data/ai-evaluation/runs/jeonju-cone-20260919/NaVi-collect-20260919-022341-193-a2b8792d/874.argb	480	640
NaVi-collect-20260919-022341-193-a2b8792d	875	179219	data/ai-evaluation/runs/jeonju-cone-20260919/NaVi-collect-20260919-022341-193-a2b8792d/875.argb	480	640
NaVi-collect-20260919-022341-193-a2b8792d	876	179404	data/ai-evaluation/runs/jeonju-cone-20260919/NaVi-collect-20260919-022341-193-a2b8792d/876.argb	480	640
NaVi-collect-20260919-022341-193-a2b8792d	877	179608	data/ai-evaluation/runs/jeonju-cone-20260919/NaVi-collect-20260919-022341-193-a2b8792d/877.argb	480	640
NaVi-collect-20260919-023430-697-4a81ff58	2	75	data/ai-evaluation/runs/jeonju-cone-20260919/NaVi-collect-20260919-023430-697-4a81ff58/2.argb	480	640
NaVi-collect-20260919-023430-697-4a81ff58	3	278	data/ai-evaluation/runs/jeonju-cone-20260919/NaVi-collect-20260919-023430-697-4a81ff58/3.argb	480	640
NaVi-collect-20260919-023430-697-4a81ff58	4	475	data/ai-evaluation/runs/jeonju-cone-20260919/NaVi-collect-20260919-023430-697-4a81ff58/4.argb	480	640
NaVi-collect-20260919-023430-697-4a81ff58	5	659	data/ai-evaluation/runs/jeonju-cone-20260919/NaVi-collect-20260919-023430-697-4a81ff58/5.argb	480	640
NaVi-collect-20260919-023430-697-4a81ff58	6	876	data/ai-evaluation/runs/jeonju-cone-20260919/NaVi-collect-20260919-023430-697-4a81ff58/6.argb	480	640
NaVi-collect-20260919-023430-697-4a81ff58	7	1075	data/ai-evaluation/runs/jeonju-cone-20260919/NaVi-collect-20260919-023430-697-4a81ff58/7.argb	480	640
NaVi-collect-20260919-023430-697-4a81ff58	8	1277	data/ai-evaluation/runs/jeonju-cone-20260919/NaVi-collect-20260919-023430-697-4a81ff58/8.argb	480	640
NaVi-collect-20260919-023430-697-4a81ff58	9	1480	data/ai-evaluation/runs/jeonju-cone-20260919/NaVi-collect-20260919-023430-697-4a81ff58/9.argb	480	640
NaVi-collect-20260919-023430-697-4a81ff58	10	1679	data/ai-evaluation/runs/jeonju-cone-20260919/NaVi-collect-20260919-023430-697-4a81ff58/10.argb	480	640
NaVi-collect-20260919-023430-697-4a81ff58	11	1878	data/ai-evaluation/runs/jeonju-cone-20260919/NaVi-collect-20260919-023430-697-4a81ff58/11.argb	480	640
NaVi-collect-20260919-023430-697-4a81ff58	12	2122	data/ai-evaluation/runs/jeonju-cone-20260919/NaVi-collect-20260919-023430-697-4a81ff58/12.argb	480	640
NaVi-collect-20260919-023430-697-4a81ff58	13	2300	data/ai-evaluation/runs/jeonju-cone-20260919/NaVi-collect-20260919-023430-697-4a81ff58/13.argb	480	640
NaVi-collect-20260919-023430-697-4a81ff58	14	2534	data/ai-evaluation/runs/jeonju-cone-20260919/NaVi-collect-20260919-023430-697-4a81ff58/14.argb	480	640
NaVi-collect-20260919-023430-697-4a81ff58	15	2734	data/ai-evaluation/runs/jeonju-cone-20260919/NaVi-collect-20260919-023430-697-4a81ff58/15.argb	480	640
NaVi-collect-20260919-023430-697-4a81ff58	16	2940	data/ai-evaluation/runs/jeonju-cone-20260919/NaVi-collect-20260919-023430-697-4a81ff58/16.argb	480	640
NaVi-collect-20260919-023430-697-4a81ff58	17	3142	data/ai-evaluation/runs/jeonju-cone-20260919/NaVi-collect-20260919-023430-697-4a81ff58/17.argb	480	640
NaVi-collect-20260919-023430-697-4a81ff58	18	3367	data/ai-evaluation/runs/jeonju-cone-20260919/NaVi-collect-20260919-023430-697-4a81ff58/18.argb	480	640
NaVi-collect-20260919-023430-697-4a81ff58	19	3573	data/ai-evaluation/runs/jeonju-cone-20260919/NaVi-collect-20260919-023430-697-4a81ff58/19.argb	480	640
NaVi-collect-20260919-023430-697-4a81ff58	20	3774	data/ai-evaluation/runs/jeonju-cone-20260919/NaVi-collect-20260919-023430-697-4a81ff58/20.argb	480	640
NaVi-collect-20260919-023430-697-4a81ff58	21	3969	data/ai-evaluation/runs/jeonju-cone-20260919/NaVi-collect-20260919-023430-697-4a81ff58/21.argb	480	640
NaVi-collect-20260919-023430-697-4a81ff58	22	4176	data/ai-evaluation/runs/jeonju-cone-20260919/NaVi-collect-20260919-023430-697-4a81ff58/22.argb	480	640
NaVi-collect-20260919-023430-697-4a81ff58	23	4376	data/ai-evaluation/runs/jeonju-cone-20260919/NaVi-collect-20260919-023430-697-4a81ff58/23.argb	480	640
NaVi-collect-20260919-023430-697-4a81ff58	24	4568	data/ai-evaluation/runs/jeonju-cone-20260919/NaVi-collect-20260919-023430-697-4a81ff58/24.argb	480	640
NaVi-collect-20260919-023430-697-4a81ff58	25	4777	data/ai-evaluation/runs/jeonju-cone-20260919/NaVi-collect-20260919-023430-697-4a81ff58/25.argb	480	640
NaVi-collect-20260919-023430-697-4a81ff58	26	4973	data/ai-evaluation/runs/jeonju-cone-20260919/NaVi-collect-20260919-023430-697-4a81ff58/26.argb	480	640
NaVi-collect-20260919-023430-697-4a81ff58	27	5175	data/ai-evaluation/runs/jeonju-cone-20260919/NaVi-collect-20260919-023430-697-4a81ff58/27.argb	480	640
NaVi-collect-20260919-023430-697-4a81ff58	28	5373	data/ai-evaluation/runs/jeonju-cone-20260919/NaVi-collect-20260919-023430-697-4a81ff58/28.argb	480	640
NaVi-collect-20260919-023430-697-4a81ff58	29	5573	data/ai-evaluation/runs/jeonju-cone-20260919/NaVi-collect-20260919-023430-697-4a81ff58/29.argb	480	640
NaVi-collect-20260919-023430-697-4a81ff58	30	5773	data/ai-evaluation/runs/jeonju-cone-20260919/NaVi-collect-20260919-023430-697-4a81ff58/30.argb	480	640
NaVi-collect-20260919-023430-697-4a81ff58	31	5987	data/ai-evaluation/runs/jeonju-cone-20260919/NaVi-collect-20260919-023430-697-4a81ff58/31.argb	480	640
NaVi-collect-20260919-023430-697-4a81ff58	32	6187	data/ai-evaluation/runs/jeonju-cone-20260919/NaVi-collect-20260919-023430-697-4a81ff58/32.argb	480	640
NaVi-collect-20260919-023430-697-4a81ff58	33	6387	data/ai-evaluation/runs/jeonju-cone-20260919/NaVi-collect-20260919-023430-697-4a81ff58/33.argb	480	640
NaVi-collect-20260919-023430-697-4a81ff58	34	6587	data/ai-evaluation/runs/jeonju-cone-20260919/NaVi-collect-20260919-023430-697-4a81ff58/34.argb	480	640
NaVi-collect-20260919-023430-697-4a81ff58	35	6787	data/ai-evaluation/runs/jeonju-cone-20260919/NaVi-collect-20260919-023430-697-4a81ff58/35.argb	480	640
NaVi-collect-20260919-023430-697-4a81ff58	36	6991	data/ai-evaluation/runs/jeonju-cone-20260919/NaVi-collect-20260919-023430-697-4a81ff58/36.argb	480	640
NaVi-collect-20260919-023430-697-4a81ff58	37	7174	data/ai-evaluation/runs/jeonju-cone-20260919/NaVi-collect-20260919-023430-697-4a81ff58/37.argb	480	640
NaVi-collect-20260919-023430-697-4a81ff58	38	7389	data/ai-evaluation/runs/jeonju-cone-20260919/NaVi-collect-20260919-023430-697-4a81ff58/38.argb	480	640
NaVi-collect-20260919-023430-697-4a81ff58	39	7591	data/ai-evaluation/runs/jeonju-cone-20260919/NaVi-collect-20260919-023430-697-4a81ff58/39.argb	480	640
NaVi-collect-20260919-023430-697-4a81ff58	40	7791	data/ai-evaluation/runs/jeonju-cone-20260919/NaVi-collect-20260919-023430-697-4a81ff58/40.argb	480	640
NaVi-collect-20260919-023430-697-4a81ff58	41	7990	data/ai-evaluation/runs/jeonju-cone-20260919/NaVi-collect-20260919-023430-697-4a81ff58/41.argb	480	640
NaVi-collect-20260919-023430-697-4a81ff58	42	8201	data/ai-evaluation/runs/jeonju-cone-20260919/NaVi-collect-20260919-023430-697-4a81ff58/42.argb	480	640
NaVi-collect-20260919-023430-697-4a81ff58	43	8397	data/ai-evaluation/runs/jeonju-cone-20260919/NaVi-collect-20260919-023430-697-4a81ff58/43.argb	480	640
NaVi-collect-20260919-023430-697-4a81ff58	44	8595	data/ai-evaluation/runs/jeonju-cone-20260919/NaVi-collect-20260919-023430-697-4a81ff58/44.argb	480	640
NaVi-collect-20260919-023430-697-4a81ff58	45	8790	data/ai-evaluation/runs/jeonju-cone-20260919/NaVi-collect-20260919-023430-697-4a81ff58/45.argb	480	640
NaVi-collect-20260919-023430-697-4a81ff58	46	9002	data/ai-evaluation/runs/jeonju-cone-20260919/NaVi-collect-20260919-023430-697-4a81ff58/46.argb	480	640
NaVi-collect-20260919-023430-697-4a81ff58	47	9229	data/ai-evaluation/runs/jeonju-cone-20260919/NaVi-collect-20260919-023430-697-4a81ff58/47.argb	480	640
NaVi-collect-20260919-023430-697-4a81ff58	48	9419	data/ai-evaluation/runs/jeonju-cone-20260919/NaVi-collect-20260919-023430-697-4a81ff58/48.argb	480	640
NaVi-collect-20260919-023430-697-4a81ff58	50	9788	data/ai-evaluation/runs/jeonju-cone-20260919/NaVi-collect-20260919-023430-697-4a81ff58/50.argb	480	640
NaVi-collect-20260919-023430-697-4a81ff58	51	10001	data/ai-evaluation/runs/jeonju-cone-20260919/NaVi-collect-20260919-023430-697-4a81ff58/51.argb	480	640
NaVi-collect-20260919-023430-697-4a81ff58	52	10238	data/ai-evaluation/runs/jeonju-cone-20260919/NaVi-collect-20260919-023430-697-4a81ff58/52.argb	480	640
NaVi-collect-20260919-023430-697-4a81ff58	53	10404	data/ai-evaluation/runs/jeonju-cone-20260919/NaVi-collect-20260919-023430-697-4a81ff58/53.argb	480	640
NaVi-collect-20260919-023430-697-4a81ff58	55	10799	data/ai-evaluation/runs/jeonju-cone-20260919/NaVi-collect-20260919-023430-697-4a81ff58/55.argb	480	640
NaVi-collect-20260919-023430-697-4a81ff58	56	11005	data/ai-evaluation/runs/jeonju-cone-20260919/NaVi-collect-20260919-023430-697-4a81ff58/56.argb	480	640
NaVi-collect-20260919-023430-697-4a81ff58	57	11202	data/ai-evaluation/runs/jeonju-cone-20260919/NaVi-collect-20260919-023430-697-4a81ff58/57.argb	480	640
NaVi-collect-20260919-023430-697-4a81ff58	58	11410	data/ai-evaluation/runs/jeonju-cone-20260919/NaVi-collect-20260919-023430-697-4a81ff58/58.argb	480	640
NaVi-collect-20260919-023430-697-4a81ff58	60	11811	data/ai-evaluation/runs/jeonju-cone-20260919/NaVi-collect-20260919-023430-697-4a81ff58/60.argb	480	640
NaVi-collect-20260919-023430-697-4a81ff58	61	12143	data/ai-evaluation/runs/jeonju-cone-20260919/NaVi-collect-20260919-023430-697-4a81ff58/61.argb	480	640
NaVi-collect-20260919-023430-697-4a81ff58	63	12506	data/ai-evaluation/runs/jeonju-cone-20260919/NaVi-collect-20260919-023430-697-4a81ff58/63.argb	480	640
NaVi-collect-20260919-023430-697-4a81ff58	65	12899	data/ai-evaluation/runs/jeonju-cone-20260919/NaVi-collect-20260919-023430-697-4a81ff58/65.argb	480	640
NaVi-collect-20260919-023430-697-4a81ff58	66	13101	data/ai-evaluation/runs/jeonju-cone-20260919/NaVi-collect-20260919-023430-697-4a81ff58/66.argb	480	640
NaVi-collect-20260919-023430-697-4a81ff58	67	13407	data/ai-evaluation/runs/jeonju-cone-20260919/NaVi-collect-20260919-023430-697-4a81ff58/67.argb	480	640
NaVi-collect-20260919-023430-697-4a81ff58	69	13723	data/ai-evaluation/runs/jeonju-cone-20260919/NaVi-collect-20260919-023430-697-4a81ff58/69.argb	480	640
NaVi-collect-20260919-023430-697-4a81ff58	70	13935	data/ai-evaluation/runs/jeonju-cone-20260919/NaVi-collect-20260919-023430-697-4a81ff58/70.argb	480	640
NaVi-collect-20260919-023430-697-4a81ff58	71	14132	data/ai-evaluation/runs/jeonju-cone-20260919/NaVi-collect-20260919-023430-697-4a81ff58/71.argb	480	640
NaVi-collect-20260919-023430-697-4a81ff58	72	14326	data/ai-evaluation/runs/jeonju-cone-20260919/NaVi-collect-20260919-023430-697-4a81ff58/72.argb	480	640
NaVi-collect-20260919-023430-697-4a81ff58	74	14762	data/ai-evaluation/runs/jeonju-cone-20260919/NaVi-collect-20260919-023430-697-4a81ff58/74.argb	480	640
NaVi-collect-20260919-023430-697-4a81ff58	75	14976	data/ai-evaluation/runs/jeonju-cone-20260919/NaVi-collect-20260919-023430-697-4a81ff58/75.argb	480	640
NaVi-collect-20260919-023430-697-4a81ff58	77	15367	data/ai-evaluation/runs/jeonju-cone-20260919/NaVi-collect-20260919-023430-697-4a81ff58/77.argb	480	640
NaVi-collect-20260919-023430-697-4a81ff58	78	15556	data/ai-evaluation/runs/jeonju-cone-20260919/NaVi-collect-20260919-023430-697-4a81ff58/78.argb	480	640
NaVi-collect-20260919-023430-697-4a81ff58	79	15849	data/ai-evaluation/runs/jeonju-cone-20260919/NaVi-collect-20260919-023430-697-4a81ff58/79.argb	480	640
NaVi-collect-20260919-023430-697-4a81ff58	81	16192	data/ai-evaluation/runs/jeonju-cone-20260919/NaVi-collect-20260919-023430-697-4a81ff58/81.argb	480	640
NaVi-collect-20260919-023430-697-4a81ff58	83	16608	data/ai-evaluation/runs/jeonju-cone-20260919/NaVi-collect-20260919-023430-697-4a81ff58/83.argb	480	640
NaVi-collect-20260919-023430-697-4a81ff58	84	16872	data/ai-evaluation/runs/jeonju-cone-20260919/NaVi-collect-20260919-023430-697-4a81ff58/84.argb	480	640
NaVi-collect-20260919-023430-697-4a81ff58	86	17248	data/ai-evaluation/runs/jeonju-cone-20260919/NaVi-collect-20260919-023430-697-4a81ff58/86.argb	480	640
NaVi-collect-20260919-023430-697-4a81ff58	87	17472	data/ai-evaluation/runs/jeonju-cone-20260919/NaVi-collect-20260919-023430-697-4a81ff58/87.argb	480	640
NaVi-collect-20260919-023430-697-4a81ff58	88	17685	data/ai-evaluation/runs/jeonju-cone-20260919/NaVi-collect-20260919-023430-697-4a81ff58/88.argb	480	640
NaVi-collect-20260919-023430-697-4a81ff58	90	18131	data/ai-evaluation/runs/jeonju-cone-20260919/NaVi-collect-20260919-023430-697-4a81ff58/90.argb	480	640
NaVi-collect-20260919-023430-697-4a81ff58	91	18324	data/ai-evaluation/runs/jeonju-cone-20260919/NaVi-collect-20260919-023430-697-4a81ff58/91.argb	480	640
NaVi-collect-20260919-023430-697-4a81ff58	92	18550	data/ai-evaluation/runs/jeonju-cone-20260919/NaVi-collect-20260919-023430-697-4a81ff58/92.argb	480	640
NaVi-collect-20260919-023430-697-4a81ff58	93	18773	data/ai-evaluation/runs/jeonju-cone-20260919/NaVi-collect-20260919-023430-697-4a81ff58/93.argb	480	640
NaVi-collect-20260919-023430-697-4a81ff58	94	18958	data/ai-evaluation/runs/jeonju-cone-20260919/NaVi-collect-20260919-023430-697-4a81ff58/94.argb	480	640
NaVi-collect-20260919-023430-697-4a81ff58	95	19154	data/ai-evaluation/runs/jeonju-cone-20260919/NaVi-collect-20260919-023430-697-4a81ff58/95.argb	480	640
NaVi-collect-20260919-023430-697-4a81ff58	96	19388	data/ai-evaluation/runs/jeonju-cone-20260919/NaVi-collect-20260919-023430-697-4a81ff58/96.argb	480	640
NaVi-collect-20260919-023430-697-4a81ff58	97	19611	data/ai-evaluation/runs/jeonju-cone-20260919/NaVi-collect-20260919-023430-697-4a81ff58/97.argb	480	640
NaVi-collect-20260919-023430-697-4a81ff58	98	19805	data/ai-evaluation/runs/jeonju-cone-20260919/NaVi-collect-20260919-023430-697-4a81ff58/98.argb	480	640
NaVi-collect-20260919-023430-697-4a81ff58	99	20063	data/ai-evaluation/runs/jeonju-cone-20260919/NaVi-collect-20260919-023430-697-4a81ff58/99.argb	480	640
NaVi-collect-20260919-023430-697-4a81ff58	100	20296	data/ai-evaluation/runs/jeonju-cone-20260919/NaVi-collect-20260919-023430-697-4a81ff58/100.argb	480	640
NaVi-collect-20260919-023430-697-4a81ff58	101	20506	data/ai-evaluation/runs/jeonju-cone-20260919/NaVi-collect-20260919-023430-697-4a81ff58/101.argb	480	640
NaVi-collect-20260919-023430-697-4a81ff58	102	20760	data/ai-evaluation/runs/jeonju-cone-20260919/NaVi-collect-20260919-023430-697-4a81ff58/102.argb	480	640
NaVi-collect-20260919-023430-697-4a81ff58	103	20943	data/ai-evaluation/runs/jeonju-cone-20260919/NaVi-collect-20260919-023430-697-4a81ff58/103.argb	480	640
NaVi-collect-20260919-023430-697-4a81ff58	104	21166	data/ai-evaluation/runs/jeonju-cone-20260919/NaVi-collect-20260919-023430-697-4a81ff58/104.argb	480	640
NaVi-collect-20260919-023430-697-4a81ff58	105	21381	data/ai-evaluation/runs/jeonju-cone-20260919/NaVi-collect-20260919-023430-697-4a81ff58/105.argb	480	640
NaVi-collect-20260919-023430-697-4a81ff58	106	21611	data/ai-evaluation/runs/jeonju-cone-20260919/NaVi-collect-20260919-023430-697-4a81ff58/106.argb	480	640
NaVi-collect-20260919-023430-697-4a81ff58	107	21870	data/ai-evaluation/runs/jeonju-cone-20260919/NaVi-collect-20260919-023430-697-4a81ff58/107.argb	480	640
NaVi-collect-20260919-023430-697-4a81ff58	108	22083	data/ai-evaluation/runs/jeonju-cone-20260919/NaVi-collect-20260919-023430-697-4a81ff58/108.argb	480	640
NaVi-collect-20260919-023430-697-4a81ff58	109	22297	data/ai-evaluation/runs/jeonju-cone-20260919/NaVi-collect-20260919-023430-697-4a81ff58/109.argb	480	640
NaVi-collect-20260919-023430-697-4a81ff58	110	22491	data/ai-evaluation/runs/jeonju-cone-20260919/NaVi-collect-20260919-023430-697-4a81ff58/110.argb	480	640
NaVi-collect-20260919-023430-697-4a81ff58	111	22742	data/ai-evaluation/runs/jeonju-cone-20260919/NaVi-collect-20260919-023430-697-4a81ff58/111.argb	480	640
NaVi-collect-20260919-023430-697-4a81ff58	112	22917	data/ai-evaluation/runs/jeonju-cone-20260919/NaVi-collect-20260919-023430-697-4a81ff58/112.argb	480	640
NaVi-collect-20260919-023430-697-4a81ff58	113	23123	data/ai-evaluation/runs/jeonju-cone-20260919/NaVi-collect-20260919-023430-697-4a81ff58/113.argb	480	640
NaVi-collect-20260919-023430-697-4a81ff58	114	23315	data/ai-evaluation/runs/jeonju-cone-20260919/NaVi-collect-20260919-023430-697-4a81ff58/114.argb	480	640
NaVi-collect-20260919-023430-697-4a81ff58	115	23511	data/ai-evaluation/runs/jeonju-cone-20260919/NaVi-collect-20260919-023430-697-4a81ff58/115.argb	480	640
NaVi-collect-20260919-023430-697-4a81ff58	116	23732	data/ai-evaluation/runs/jeonju-cone-20260919/NaVi-collect-20260919-023430-697-4a81ff58/116.argb	480	640
NaVi-collect-20260919-023430-697-4a81ff58	117	23949	data/ai-evaluation/runs/jeonju-cone-20260919/NaVi-collect-20260919-023430-697-4a81ff58/117.argb	480	640
NaVi-collect-20260919-023430-697-4a81ff58	118	24181	data/ai-evaluation/runs/jeonju-cone-20260919/NaVi-collect-20260919-023430-697-4a81ff58/118.argb	480	640
NaVi-collect-20260919-023430-697-4a81ff58	119	24428	data/ai-evaluation/runs/jeonju-cone-20260919/NaVi-collect-20260919-023430-697-4a81ff58/119.argb	480	640
NaVi-collect-20260919-023430-697-4a81ff58	120	24649	data/ai-evaluation/runs/jeonju-cone-20260919/NaVi-collect-20260919-023430-697-4a81ff58/120.argb	480	640
NaVi-collect-20260919-023430-697-4a81ff58	121	24853	data/ai-evaluation/runs/jeonju-cone-20260919/NaVi-collect-20260919-023430-697-4a81ff58/121.argb	480	640
NaVi-collect-20260919-023430-697-4a81ff58	122	25088	data/ai-evaluation/runs/jeonju-cone-20260919/NaVi-collect-20260919-023430-697-4a81ff58/122.argb	480	640
NaVi-collect-20260919-023430-697-4a81ff58	123	25332	data/ai-evaluation/runs/jeonju-cone-20260919/NaVi-collect-20260919-023430-697-4a81ff58/123.argb	480	640
NaVi-collect-20260919-023430-697-4a81ff58	124	25551	data/ai-evaluation/runs/jeonju-cone-20260919/NaVi-collect-20260919-023430-697-4a81ff58/124.argb	480	640
NaVi-collect-20260919-023430-697-4a81ff58	125	25747	data/ai-evaluation/runs/jeonju-cone-20260919/NaVi-collect-20260919-023430-697-4a81ff58/125.argb	480	640
NaVi-collect-20260919-023430-697-4a81ff58	126	25958	data/ai-evaluation/runs/jeonju-cone-20260919/NaVi-collect-20260919-023430-697-4a81ff58/126.argb	480	640
NaVi-collect-20260919-023430-697-4a81ff58	127	26155	data/ai-evaluation/runs/jeonju-cone-20260919/NaVi-collect-20260919-023430-697-4a81ff58/127.argb	480	640
NaVi-collect-20260919-023430-697-4a81ff58	128	26406	data/ai-evaluation/runs/jeonju-cone-20260919/NaVi-collect-20260919-023430-697-4a81ff58/128.argb	480	640
NaVi-collect-20260919-023430-697-4a81ff58	129	26589	data/ai-evaluation/runs/jeonju-cone-20260919/NaVi-collect-20260919-023430-697-4a81ff58/129.argb	480	640
NaVi-collect-20260919-023430-697-4a81ff58	130	26829	data/ai-evaluation/runs/jeonju-cone-20260919/NaVi-collect-20260919-023430-697-4a81ff58/130.argb	480	640
NaVi-collect-20260919-023430-697-4a81ff58	131	27053	data/ai-evaluation/runs/jeonju-cone-20260919/NaVi-collect-20260919-023430-697-4a81ff58/131.argb	480	640
NaVi-collect-20260919-023430-697-4a81ff58	132	27257	data/ai-evaluation/runs/jeonju-cone-20260919/NaVi-collect-20260919-023430-697-4a81ff58/132.argb	480	640
NaVi-collect-20260919-023430-697-4a81ff58	133	27489	data/ai-evaluation/runs/jeonju-cone-20260919/NaVi-collect-20260919-023430-697-4a81ff58/133.argb	480	640
NaVi-collect-20260919-023430-697-4a81ff58	134	27696	data/ai-evaluation/runs/jeonju-cone-20260919/NaVi-collect-20260919-023430-697-4a81ff58/134.argb	480	640
NaVi-collect-20260919-023430-697-4a81ff58	135	27914	data/ai-evaluation/runs/jeonju-cone-20260919/NaVi-collect-20260919-023430-697-4a81ff58/135.argb	480	640
NaVi-collect-20260919-023430-697-4a81ff58	136	28123	data/ai-evaluation/runs/jeonju-cone-20260919/NaVi-collect-20260919-023430-697-4a81ff58/136.argb	480	640
NaVi-collect-20260919-023430-697-4a81ff58	137	28314	data/ai-evaluation/runs/jeonju-cone-20260919/NaVi-collect-20260919-023430-697-4a81ff58/137.argb	480	640
NaVi-collect-20260919-023430-697-4a81ff58	138	28525	data/ai-evaluation/runs/jeonju-cone-20260919/NaVi-collect-20260919-023430-697-4a81ff58/138.argb	480	640
NaVi-collect-20260919-023430-697-4a81ff58	139	28748	data/ai-evaluation/runs/jeonju-cone-20260919/NaVi-collect-20260919-023430-697-4a81ff58/139.argb	480	640
NaVi-collect-20260919-023430-697-4a81ff58	140	28950	data/ai-evaluation/runs/jeonju-cone-20260919/NaVi-collect-20260919-023430-697-4a81ff58/140.argb	480	640
NaVi-collect-20260919-023430-697-4a81ff58	141	29158	data/ai-evaluation/runs/jeonju-cone-20260919/NaVi-collect-20260919-023430-697-4a81ff58/141.argb	480	640
NaVi-collect-20260919-023430-697-4a81ff58	142	29394	data/ai-evaluation/runs/jeonju-cone-20260919/NaVi-collect-20260919-023430-697-4a81ff58/142.argb	480	640
NaVi-collect-20260919-023430-697-4a81ff58	143	29638	data/ai-evaluation/runs/jeonju-cone-20260919/NaVi-collect-20260919-023430-697-4a81ff58/143.argb	480	640
NaVi-collect-20260919-023430-697-4a81ff58	144	29825	data/ai-evaluation/runs/jeonju-cone-20260919/NaVi-collect-20260919-023430-697-4a81ff58/144.argb	480	640
NaVi-collect-20260919-023430-697-4a81ff58	145	30055	data/ai-evaluation/runs/jeonju-cone-20260919/NaVi-collect-20260919-023430-697-4a81ff58/145.argb	480	640
NaVi-collect-20260919-023430-697-4a81ff58	146	30301	data/ai-evaluation/runs/jeonju-cone-20260919/NaVi-collect-20260919-023430-697-4a81ff58/146.argb	480	640
NaVi-collect-20260919-023430-697-4a81ff58	147	30527	data/ai-evaluation/runs/jeonju-cone-20260919/NaVi-collect-20260919-023430-697-4a81ff58/147.argb	480	640
NaVi-collect-20260919-023430-697-4a81ff58	148	30727	data/ai-evaluation/runs/jeonju-cone-20260919/NaVi-collect-20260919-023430-697-4a81ff58/148.argb	480	640
NaVi-collect-20260919-023430-697-4a81ff58	149	30956	data/ai-evaluation/runs/jeonju-cone-20260919/NaVi-collect-20260919-023430-697-4a81ff58/149.argb	480	640
NaVi-collect-20260919-023430-697-4a81ff58	150	31161	data/ai-evaluation/runs/jeonju-cone-20260919/NaVi-collect-20260919-023430-697-4a81ff58/150.argb	480	640
NaVi-collect-20260919-023430-697-4a81ff58	151	31386	data/ai-evaluation/runs/jeonju-cone-20260919/NaVi-collect-20260919-023430-697-4a81ff58/151.argb	480	640
NaVi-collect-20260919-023430-697-4a81ff58	152	31585	data/ai-evaluation/runs/jeonju-cone-20260919/NaVi-collect-20260919-023430-697-4a81ff58/152.argb	480	640
NaVi-collect-20260919-023430-697-4a81ff58	153	31820	data/ai-evaluation/runs/jeonju-cone-20260919/NaVi-collect-20260919-023430-697-4a81ff58/153.argb	480	640
NaVi-collect-20260919-023430-697-4a81ff58	154	32028	data/ai-evaluation/runs/jeonju-cone-20260919/NaVi-collect-20260919-023430-697-4a81ff58/154.argb	480	640
NaVi-collect-20260919-023430-697-4a81ff58	155	32231	data/ai-evaluation/runs/jeonju-cone-20260919/NaVi-collect-20260919-023430-697-4a81ff58/155.argb	480	640
NaVi-collect-20260919-023430-697-4a81ff58	156	32464	data/ai-evaluation/runs/jeonju-cone-20260919/NaVi-collect-20260919-023430-697-4a81ff58/156.argb	480	640
NaVi-collect-20260919-023430-697-4a81ff58	157	32662	data/ai-evaluation/runs/jeonju-cone-20260919/NaVi-collect-20260919-023430-697-4a81ff58/157.argb	480	640
NaVi-collect-20260919-023430-697-4a81ff58	158	32891	data/ai-evaluation/runs/jeonju-cone-20260919/NaVi-collect-20260919-023430-697-4a81ff58/158.argb	480	640
NaVi-collect-20260919-023430-697-4a81ff58	159	33099	data/ai-evaluation/runs/jeonju-cone-20260919/NaVi-collect-20260919-023430-697-4a81ff58/159.argb	480	640
NaVi-collect-20260919-023430-697-4a81ff58	160	33289	data/ai-evaluation/runs/jeonju-cone-20260919/NaVi-collect-20260919-023430-697-4a81ff58/160.argb	480	640
NaVi-collect-20260919-023430-697-4a81ff58	161	33487	data/ai-evaluation/runs/jeonju-cone-20260919/NaVi-collect-20260919-023430-697-4a81ff58/161.argb	480	640
NaVi-collect-20260919-023430-697-4a81ff58	162	33726	data/ai-evaluation/runs/jeonju-cone-20260919/NaVi-collect-20260919-023430-697-4a81ff58/162.argb	480	640
NaVi-collect-20260919-023430-697-4a81ff58	163	33936	data/ai-evaluation/runs/jeonju-cone-20260919/NaVi-collect-20260919-023430-697-4a81ff58/163.argb	480	640
NaVi-collect-20260919-023430-697-4a81ff58	164	34140	data/ai-evaluation/runs/jeonju-cone-20260919/NaVi-collect-20260919-023430-697-4a81ff58/164.argb	480	640
NaVi-collect-20260919-023430-697-4a81ff58	165	34409	data/ai-evaluation/runs/jeonju-cone-20260919/NaVi-collect-20260919-023430-697-4a81ff58/165.argb	480	640
NaVi-collect-20260919-023430-697-4a81ff58	166	34603	data/ai-evaluation/runs/jeonju-cone-20260919/NaVi-collect-20260919-023430-697-4a81ff58/166.argb	480	640
NaVi-collect-20260919-023430-697-4a81ff58	167	34820	data/ai-evaluation/runs/jeonju-cone-20260919/NaVi-collect-20260919-023430-697-4a81ff58/167.argb	480	640
NaVi-collect-20260919-023430-697-4a81ff58	168	35040	data/ai-evaluation/runs/jeonju-cone-20260919/NaVi-collect-20260919-023430-697-4a81ff58/168.argb	480	640
NaVi-collect-20260919-023430-697-4a81ff58	169	35182	data/ai-evaluation/runs/jeonju-cone-20260919/NaVi-collect-20260919-023430-697-4a81ff58/169.argb	480	640
NaVi-collect-20260919-023430-697-4a81ff58	170	35427	data/ai-evaluation/runs/jeonju-cone-20260919/NaVi-collect-20260919-023430-697-4a81ff58/170.argb	480	640
NaVi-collect-20260919-023430-697-4a81ff58	171	35632	data/ai-evaluation/runs/jeonju-cone-20260919/NaVi-collect-20260919-023430-697-4a81ff58/171.argb	480	640
NaVi-collect-20260919-023430-697-4a81ff58	172	35832	data/ai-evaluation/runs/jeonju-cone-20260919/NaVi-collect-20260919-023430-697-4a81ff58/172.argb	480	640
NaVi-collect-20260919-023430-697-4a81ff58	173	36038	data/ai-evaluation/runs/jeonju-cone-20260919/NaVi-collect-20260919-023430-697-4a81ff58/173.argb	480	640
NaVi-collect-20260919-023430-697-4a81ff58	174	36250	data/ai-evaluation/runs/jeonju-cone-20260919/NaVi-collect-20260919-023430-697-4a81ff58/174.argb	480	640
NaVi-collect-20260919-023430-697-4a81ff58	175	36433	data/ai-evaluation/runs/jeonju-cone-20260919/NaVi-collect-20260919-023430-697-4a81ff58/175.argb	480	640
NaVi-collect-20260919-023430-697-4a81ff58	177	36832	data/ai-evaluation/runs/jeonju-cone-20260919/NaVi-collect-20260919-023430-697-4a81ff58/177.argb	480	640
NaVi-collect-20260919-023430-697-4a81ff58	178	37032	data/ai-evaluation/runs/jeonju-cone-20260919/NaVi-collect-20260919-023430-697-4a81ff58/178.argb	480	640
NaVi-collect-20260919-023430-697-4a81ff58	179	37230	data/ai-evaluation/runs/jeonju-cone-20260919/NaVi-collect-20260919-023430-697-4a81ff58/179.argb	480	640
NaVi-collect-20260919-023430-697-4a81ff58	180	37429	data/ai-evaluation/runs/jeonju-cone-20260919/NaVi-collect-20260919-023430-697-4a81ff58/180.argb	480	640
NaVi-collect-20260919-023430-697-4a81ff58	181	37629	data/ai-evaluation/runs/jeonju-cone-20260919/NaVi-collect-20260919-023430-697-4a81ff58/181.argb	480	640
NaVi-collect-20260919-023430-697-4a81ff58	182	37833	data/ai-evaluation/runs/jeonju-cone-20260919/NaVi-collect-20260919-023430-697-4a81ff58/182.argb	480	640
NaVi-collect-20260919-023430-697-4a81ff58	184	38235	data/ai-evaluation/runs/jeonju-cone-20260919/NaVi-collect-20260919-023430-697-4a81ff58/184.argb	480	640
NaVi-collect-20260919-023430-697-4a81ff58	185	38436	data/ai-evaluation/runs/jeonju-cone-20260919/NaVi-collect-20260919-023430-697-4a81ff58/185.argb	480	640
NaVi-collect-20260919-023430-697-4a81ff58	186	38637	data/ai-evaluation/runs/jeonju-cone-20260919/NaVi-collect-20260919-023430-697-4a81ff58/186.argb	480	640
NaVi-collect-20260919-023430-697-4a81ff58	187	38828	data/ai-evaluation/runs/jeonju-cone-20260919/NaVi-collect-20260919-023430-697-4a81ff58/187.argb	480	640
NaVi-collect-20260919-023430-697-4a81ff58	188	39039	data/ai-evaluation/runs/jeonju-cone-20260919/NaVi-collect-20260919-023430-697-4a81ff58/188.argb	480	640
NaVi-collect-20260919-023430-697-4a81ff58	189	39257	data/ai-evaluation/runs/jeonju-cone-20260919/NaVi-collect-20260919-023430-697-4a81ff58/189.argb	480	640
NaVi-collect-20260919-023430-697-4a81ff58	190	39456	data/ai-evaluation/runs/jeonju-cone-20260919/NaVi-collect-20260919-023430-697-4a81ff58/190.argb	480	640
NaVi-collect-20260919-023430-697-4a81ff58	191	39636	data/ai-evaluation/runs/jeonju-cone-20260919/NaVi-collect-20260919-023430-697-4a81ff58/191.argb	480	640
NaVi-collect-20260919-023430-697-4a81ff58	192	39837	data/ai-evaluation/runs/jeonju-cone-20260919/NaVi-collect-20260919-023430-697-4a81ff58/192.argb	480	640
NaVi-collect-20260919-023430-697-4a81ff58	194	40241	data/ai-evaluation/runs/jeonju-cone-20260919/NaVi-collect-20260919-023430-697-4a81ff58/194.argb	480	640
NaVi-collect-20260919-023430-697-4a81ff58	195	40434	data/ai-evaluation/runs/jeonju-cone-20260919/NaVi-collect-20260919-023430-697-4a81ff58/195.argb	480	640
NaVi-collect-20260919-023430-697-4a81ff58	196	40662	data/ai-evaluation/runs/jeonju-cone-20260919/NaVi-collect-20260919-023430-697-4a81ff58/196.argb	480	640
NaVi-collect-20260919-023430-697-4a81ff58	197	40848	data/ai-evaluation/runs/jeonju-cone-20260919/NaVi-collect-20260919-023430-697-4a81ff58/197.argb	480	640
NaVi-collect-20260919-023430-697-4a81ff58	198	41034	data/ai-evaluation/runs/jeonju-cone-20260919/NaVi-collect-20260919-023430-697-4a81ff58/198.argb	480	640
NaVi-collect-20260919-023430-697-4a81ff58	199	41240	data/ai-evaluation/runs/jeonju-cone-20260919/NaVi-collect-20260919-023430-697-4a81ff58/199.argb	480	640
NaVi-collect-20260919-023430-697-4a81ff58	200	41460	data/ai-evaluation/runs/jeonju-cone-20260919/NaVi-collect-20260919-023430-697-4a81ff58/200.argb	480	640
NaVi-collect-20260919-023430-697-4a81ff58	201	41638	data/ai-evaluation/runs/jeonju-cone-20260919/NaVi-collect-20260919-023430-697-4a81ff58/201.argb	480	640
NaVi-collect-20260919-023430-697-4a81ff58	203	42042	data/ai-evaluation/runs/jeonju-cone-20260919/NaVi-collect-20260919-023430-697-4a81ff58/203.argb	480	640
NaVi-collect-20260919-023430-697-4a81ff58	204	42254	data/ai-evaluation/runs/jeonju-cone-20260919/NaVi-collect-20260919-023430-697-4a81ff58/204.argb	480	640
NaVi-collect-20260919-023430-697-4a81ff58	205	42451	data/ai-evaluation/runs/jeonju-cone-20260919/NaVi-collect-20260919-023430-697-4a81ff58/205.argb	480	640
NaVi-collect-20260919-023430-697-4a81ff58	206	42633	data/ai-evaluation/runs/jeonju-cone-20260919/NaVi-collect-20260919-023430-697-4a81ff58/206.argb	480	640
NaVi-collect-20260919-023430-697-4a81ff58	207	42851	data/ai-evaluation/runs/jeonju-cone-20260919/NaVi-collect-20260919-023430-697-4a81ff58/207.argb	480	640
NaVi-collect-20260919-023430-697-4a81ff58	208	43034	data/ai-evaluation/runs/jeonju-cone-20260919/NaVi-collect-20260919-023430-697-4a81ff58/208.argb	480	640
NaVi-collect-20260919-023430-697-4a81ff58	209	43248	data/ai-evaluation/runs/jeonju-cone-20260919/NaVi-collect-20260919-023430-697-4a81ff58/209.argb	480	640
NaVi-collect-20260919-023430-697-4a81ff58	211	43638	data/ai-evaluation/runs/jeonju-cone-20260919/NaVi-collect-20260919-023430-697-4a81ff58/211.argb	480	640
NaVi-collect-20260919-023430-697-4a81ff58	212	43858	data/ai-evaluation/runs/jeonju-cone-20260919/NaVi-collect-20260919-023430-697-4a81ff58/212.argb	480	640
NaVi-collect-20260919-023430-697-4a81ff58	213	44061	data/ai-evaluation/runs/jeonju-cone-20260919/NaVi-collect-20260919-023430-697-4a81ff58/213.argb	480	640
NaVi-collect-20260919-023430-697-4a81ff58	214	44251	data/ai-evaluation/runs/jeonju-cone-20260919/NaVi-collect-20260919-023430-697-4a81ff58/214.argb	480	640
NaVi-collect-20260919-023430-697-4a81ff58	215	44452	data/ai-evaluation/runs/jeonju-cone-20260919/NaVi-collect-20260919-023430-697-4a81ff58/215.argb	480	640
NaVi-collect-20260919-023430-697-4a81ff58	216	44659	data/ai-evaluation/runs/jeonju-cone-20260919/NaVi-collect-20260919-023430-697-4a81ff58/216.argb	480	640
NaVi-collect-20260919-023430-697-4a81ff58	217	44860	data/ai-evaluation/runs/jeonju-cone-20260919/NaVi-collect-20260919-023430-697-4a81ff58/217.argb	480	640
NaVi-collect-20260919-023430-697-4a81ff58	218	45068	data/ai-evaluation/runs/jeonju-cone-20260919/NaVi-collect-20260919-023430-697-4a81ff58/218.argb	480	640
NaVi-collect-20260919-023430-697-4a81ff58	219	45256	data/ai-evaluation/runs/jeonju-cone-20260919/NaVi-collect-20260919-023430-697-4a81ff58/219.argb	480	640
NaVi-collect-20260919-023430-697-4a81ff58	220	45456	data/ai-evaluation/runs/jeonju-cone-20260919/NaVi-collect-20260919-023430-697-4a81ff58/220.argb	480	640
NaVi-collect-20260919-023430-697-4a81ff58	222	45869	data/ai-evaluation/runs/jeonju-cone-20260919/NaVi-collect-20260919-023430-697-4a81ff58/222.argb	480	640
NaVi-collect-20260919-023430-697-4a81ff58	223	46070	data/ai-evaluation/runs/jeonju-cone-20260919/NaVi-collect-20260919-023430-697-4a81ff58/223.argb	480	640
NaVi-collect-20260919-023430-697-4a81ff58	224	46263	data/ai-evaluation/runs/jeonju-cone-20260919/NaVi-collect-20260919-023430-697-4a81ff58/224.argb	480	640
NaVi-collect-20260919-023430-697-4a81ff58	226	46670	data/ai-evaluation/runs/jeonju-cone-20260919/NaVi-collect-20260919-023430-697-4a81ff58/226.argb	480	640
NaVi-collect-20260919-023430-697-4a81ff58	227	46867	data/ai-evaluation/runs/jeonju-cone-20260919/NaVi-collect-20260919-023430-697-4a81ff58/227.argb	480	640
NaVi-collect-20260919-023430-697-4a81ff58	228	47073	data/ai-evaluation/runs/jeonju-cone-20260919/NaVi-collect-20260919-023430-697-4a81ff58/228.argb	480	640
NaVi-collect-20260919-023430-697-4a81ff58	230	47490	data/ai-evaluation/runs/jeonju-cone-20260919/NaVi-collect-20260919-023430-697-4a81ff58/230.argb	480	640
NaVi-collect-20260919-023430-697-4a81ff58	231	47668	data/ai-evaluation/runs/jeonju-cone-20260919/NaVi-collect-20260919-023430-697-4a81ff58/231.argb	480	640
NaVi-collect-20260919-023430-697-4a81ff58	232	47882	data/ai-evaluation/runs/jeonju-cone-20260919/NaVi-collect-20260919-023430-697-4a81ff58/232.argb	480	640
NaVi-collect-20260919-023430-697-4a81ff58	233	48084	data/ai-evaluation/runs/jeonju-cone-20260919/NaVi-collect-20260919-023430-697-4a81ff58/233.argb	480	640
NaVi-collect-20260919-023430-697-4a81ff58	235	48465	data/ai-evaluation/runs/jeonju-cone-20260919/NaVi-collect-20260919-023430-697-4a81ff58/235.argb	480	640
NaVi-collect-20260919-023430-697-4a81ff58	236	48668	data/ai-evaluation/runs/jeonju-cone-20260919/NaVi-collect-20260919-023430-697-4a81ff58/236.argb	480	640
NaVi-collect-20260919-023430-697-4a81ff58	237	48901	data/ai-evaluation/runs/jeonju-cone-20260919/NaVi-collect-20260919-023430-697-4a81ff58/237.argb	480	640
NaVi-collect-20260919-023430-697-4a81ff58	239	49284	data/ai-evaluation/runs/jeonju-cone-20260919/NaVi-collect-20260919-023430-697-4a81ff58/239.argb	480	640
NaVi-collect-20260919-023430-697-4a81ff58	240	49482	data/ai-evaluation/runs/jeonju-cone-20260919/NaVi-collect-20260919-023430-697-4a81ff58/240.argb	480	640
NaVi-collect-20260919-023430-697-4a81ff58	241	49667	data/ai-evaluation/runs/jeonju-cone-20260919/NaVi-collect-20260919-023430-697-4a81ff58/241.argb	480	640
NaVi-collect-20260919-023430-697-4a81ff58	243	50098	data/ai-evaluation/runs/jeonju-cone-20260919/NaVi-collect-20260919-023430-697-4a81ff58/243.argb	480	640
NaVi-collect-20260919-023430-697-4a81ff58	244	50298	data/ai-evaluation/runs/jeonju-cone-20260919/NaVi-collect-20260919-023430-697-4a81ff58/244.argb	480	640
NaVi-collect-20260919-023430-697-4a81ff58	245	50475	data/ai-evaluation/runs/jeonju-cone-20260919/NaVi-collect-20260919-023430-697-4a81ff58/245.argb	480	640
NaVi-collect-20260919-023430-697-4a81ff58	247	50909	data/ai-evaluation/runs/jeonju-cone-20260919/NaVi-collect-20260919-023430-697-4a81ff58/247.argb	480	640
NaVi-collect-20260919-023430-697-4a81ff58	248	51097	data/ai-evaluation/runs/jeonju-cone-20260919/NaVi-collect-20260919-023430-697-4a81ff58/248.argb	480	640
NaVi-collect-20260919-023430-697-4a81ff58	249	51291	data/ai-evaluation/runs/jeonju-cone-20260919/NaVi-collect-20260919-023430-697-4a81ff58/249.argb	480	640
NaVi-collect-20260919-023430-697-4a81ff58	250	51486	data/ai-evaluation/runs/jeonju-cone-20260919/NaVi-collect-20260919-023430-697-4a81ff58/250.argb	480	640
NaVi-collect-20260919-023430-697-4a81ff58	251	51688	data/ai-evaluation/runs/jeonju-cone-20260919/NaVi-collect-20260919-023430-697-4a81ff58/251.argb	480	640
NaVi-collect-20260919-023430-697-4a81ff58	253	52089	data/ai-evaluation/runs/jeonju-cone-20260919/NaVi-collect-20260919-023430-697-4a81ff58/253.argb	480	640
NaVi-collect-20260919-023430-697-4a81ff58	254	52284	data/ai-evaluation/runs/jeonju-cone-20260919/NaVi-collect-20260919-023430-697-4a81ff58/254.argb	480	640
NaVi-collect-20260919-023430-697-4a81ff58	255	52503	data/ai-evaluation/runs/jeonju-cone-20260919/NaVi-collect-20260919-023430-697-4a81ff58/255.argb	480	640
NaVi-collect-20260919-023430-697-4a81ff58	256	52688	data/ai-evaluation/runs/jeonju-cone-20260919/NaVi-collect-20260919-023430-697-4a81ff58/256.argb	480	640
NaVi-collect-20260919-023430-697-4a81ff58	257	52902	data/ai-evaluation/runs/jeonju-cone-20260919/NaVi-collect-20260919-023430-697-4a81ff58/257.argb	480	640
NaVi-collect-20260919-023430-697-4a81ff58	258	53091	data/ai-evaluation/runs/jeonju-cone-20260919/NaVi-collect-20260919-023430-697-4a81ff58/258.argb	480	640
NaVi-collect-20260919-023430-697-4a81ff58	259	53293	data/ai-evaluation/runs/jeonju-cone-20260919/NaVi-collect-20260919-023430-697-4a81ff58/259.argb	480	640
NaVi-collect-20260919-023430-697-4a81ff58	260	53505	data/ai-evaluation/runs/jeonju-cone-20260919/NaVi-collect-20260919-023430-697-4a81ff58/260.argb	480	640
NaVi-collect-20260919-023430-697-4a81ff58	261	53694	data/ai-evaluation/runs/jeonju-cone-20260919/NaVi-collect-20260919-023430-697-4a81ff58/261.argb	480	640
NaVi-collect-20260919-023430-697-4a81ff58	263	54103	data/ai-evaluation/runs/jeonju-cone-20260919/NaVi-collect-20260919-023430-697-4a81ff58/263.argb	480	640
NaVi-collect-20260919-023430-697-4a81ff58	264	54301	data/ai-evaluation/runs/jeonju-cone-20260919/NaVi-collect-20260919-023430-697-4a81ff58/264.argb	480	640
NaVi-collect-20260919-023430-697-4a81ff58	265	54507	data/ai-evaluation/runs/jeonju-cone-20260919/NaVi-collect-20260919-023430-697-4a81ff58/265.argb	480	640
NaVi-collect-20260919-023430-697-4a81ff58	266	54699	data/ai-evaluation/runs/jeonju-cone-20260919/NaVi-collect-20260919-023430-697-4a81ff58/266.argb	480	640
NaVi-collect-20260919-023430-697-4a81ff58	267	54903	data/ai-evaluation/runs/jeonju-cone-20260919/NaVi-collect-20260919-023430-697-4a81ff58/267.argb	480	640
NaVi-collect-20260919-023430-697-4a81ff58	268	55120	data/ai-evaluation/runs/jeonju-cone-20260919/NaVi-collect-20260919-023430-697-4a81ff58/268.argb	480	640
NaVi-collect-20260919-023430-697-4a81ff58	269	55290	data/ai-evaluation/runs/jeonju-cone-20260919/NaVi-collect-20260919-023430-697-4a81ff58/269.argb	480	640
NaVi-collect-20260919-023430-697-4a81ff58	270	55498	data/ai-evaluation/runs/jeonju-cone-20260919/NaVi-collect-20260919-023430-697-4a81ff58/270.argb	480	640
NaVi-collect-20260919-023430-697-4a81ff58	271	55718	data/ai-evaluation/runs/jeonju-cone-20260919/NaVi-collect-20260919-023430-697-4a81ff58/271.argb	480	640
NaVi-collect-20260919-023430-697-4a81ff58	272	55902	data/ai-evaluation/runs/jeonju-cone-20260919/NaVi-collect-20260919-023430-697-4a81ff58/272.argb	480	640
NaVi-collect-20260919-023430-697-4a81ff58	274	56307	data/ai-evaluation/runs/jeonju-cone-20260919/NaVi-collect-20260919-023430-697-4a81ff58/274.argb	480	640
NaVi-collect-20260919-023430-697-4a81ff58	275	56493	data/ai-evaluation/runs/jeonju-cone-20260919/NaVi-collect-20260919-023430-697-4a81ff58/275.argb	480	640
NaVi-collect-20260919-023430-697-4a81ff58	276	56702	data/ai-evaluation/runs/jeonju-cone-20260919/NaVi-collect-20260919-023430-697-4a81ff58/276.argb	480	640
NaVi-collect-20260919-023430-697-4a81ff58	277	56900	data/ai-evaluation/runs/jeonju-cone-20260919/NaVi-collect-20260919-023430-697-4a81ff58/277.argb	480	640
NaVi-collect-20260919-023430-697-4a81ff58	278	57118	data/ai-evaluation/runs/jeonju-cone-20260919/NaVi-collect-20260919-023430-697-4a81ff58/278.argb	480	640
NaVi-collect-20260919-023430-697-4a81ff58	279	57318	data/ai-evaluation/runs/jeonju-cone-20260919/NaVi-collect-20260919-023430-697-4a81ff58/279.argb	480	640
NaVi-collect-20260919-023430-697-4a81ff58	280	57508	data/ai-evaluation/runs/jeonju-cone-20260919/NaVi-collect-20260919-023430-697-4a81ff58/280.argb	480	640
NaVi-collect-20260919-023430-697-4a81ff58	282	57899	data/ai-evaluation/runs/jeonju-cone-20260919/NaVi-collect-20260919-023430-697-4a81ff58/282.argb	480	640
NaVi-collect-20260919-023430-697-4a81ff58	283	58123	data/ai-evaluation/runs/jeonju-cone-20260919/NaVi-collect-20260919-023430-697-4a81ff58/283.argb	480	640
NaVi-collect-20260919-023430-697-4a81ff58	284	58320	data/ai-evaluation/runs/jeonju-cone-20260919/NaVi-collect-20260919-023430-697-4a81ff58/284.argb	480	640
NaVi-collect-20260919-023430-697-4a81ff58	285	58510	data/ai-evaluation/runs/jeonju-cone-20260919/NaVi-collect-20260919-023430-697-4a81ff58/285.argb	480	640
NaVi-collect-20260919-023430-697-4a81ff58	286	58726	data/ai-evaluation/runs/jeonju-cone-20260919/NaVi-collect-20260919-023430-697-4a81ff58/286.argb	480	640
NaVi-collect-20260919-023430-697-4a81ff58	287	58914	data/ai-evaluation/runs/jeonju-cone-20260919/NaVi-collect-20260919-023430-697-4a81ff58/287.argb	480	640
NaVi-collect-20260919-023430-697-4a81ff58	289	59312	data/ai-evaluation/runs/jeonju-cone-20260919/NaVi-collect-20260919-023430-697-4a81ff58/289.argb	480	640
NaVi-collect-20260919-023430-697-4a81ff58	290	59515	data/ai-evaluation/runs/jeonju-cone-20260919/NaVi-collect-20260919-023430-697-4a81ff58/290.argb	480	640
NaVi-collect-20260919-023430-697-4a81ff58	291	59727	data/ai-evaluation/runs/jeonju-cone-20260919/NaVi-collect-20260919-023430-697-4a81ff58/291.argb	480	640
NaVi-collect-20260919-023430-697-4a81ff58	292	59926	data/ai-evaluation/runs/jeonju-cone-20260919/NaVi-collect-20260919-023430-697-4a81ff58/292.argb	480	640
NaVi-collect-20260919-023430-697-4a81ff58	294	60343	data/ai-evaluation/runs/jeonju-cone-20260919/NaVi-collect-20260919-023430-697-4a81ff58/294.argb	480	640
NaVi-collect-20260919-023430-697-4a81ff58	296	60742	data/ai-evaluation/runs/jeonju-cone-20260919/NaVi-collect-20260919-023430-697-4a81ff58/296.argb	480	640
NaVi-collect-20260919-023430-697-4a81ff58	298	61159	data/ai-evaluation/runs/jeonju-cone-20260919/NaVi-collect-20260919-023430-697-4a81ff58/298.argb	480	640
NaVi-collect-20260919-023430-697-4a81ff58	300	61531	data/ai-evaluation/runs/jeonju-cone-20260919/NaVi-collect-20260919-023430-697-4a81ff58/300.argb	480	640
NaVi-collect-20260919-023430-697-4a81ff58	301	61731	data/ai-evaluation/runs/jeonju-cone-20260919/NaVi-collect-20260919-023430-697-4a81ff58/301.argb	480	640
NaVi-collect-20260919-023430-697-4a81ff58	303	62120	data/ai-evaluation/runs/jeonju-cone-20260919/NaVi-collect-20260919-023430-697-4a81ff58/303.argb	480	640
NaVi-collect-20260919-023430-697-4a81ff58	304	62339	data/ai-evaluation/runs/jeonju-cone-20260919/NaVi-collect-20260919-023430-697-4a81ff58/304.argb	480	640
NaVi-collect-20260919-023430-697-4a81ff58	306	62718	data/ai-evaluation/runs/jeonju-cone-20260919/NaVi-collect-20260919-023430-697-4a81ff58/306.argb	480	640
NaVi-collect-20260919-023430-697-4a81ff58	307	62927	data/ai-evaluation/runs/jeonju-cone-20260919/NaVi-collect-20260919-023430-697-4a81ff58/307.argb	480	640
NaVi-collect-20260919-023430-697-4a81ff58	308	63138	data/ai-evaluation/runs/jeonju-cone-20260919/NaVi-collect-20260919-023430-697-4a81ff58/308.argb	480	640
NaVi-collect-20260919-023430-697-4a81ff58	310	63520	data/ai-evaluation/runs/jeonju-cone-20260919/NaVi-collect-20260919-023430-697-4a81ff58/310.argb	480	640
NaVi-collect-20260919-023430-697-4a81ff58	311	63733	data/ai-evaluation/runs/jeonju-cone-20260919/NaVi-collect-20260919-023430-697-4a81ff58/311.argb	480	640
NaVi-collect-20260919-023430-697-4a81ff58	312	63933	data/ai-evaluation/runs/jeonju-cone-20260919/NaVi-collect-20260919-023430-697-4a81ff58/312.argb	480	640
NaVi-collect-20260919-023430-697-4a81ff58	314	64325	data/ai-evaluation/runs/jeonju-cone-20260919/NaVi-collect-20260919-023430-697-4a81ff58/314.argb	480	640
NaVi-collect-20260919-023430-697-4a81ff58	315	64527	data/ai-evaluation/runs/jeonju-cone-20260919/NaVi-collect-20260919-023430-697-4a81ff58/315.argb	480	640
NaVi-collect-20260919-023430-697-4a81ff58	316	64730	data/ai-evaluation/runs/jeonju-cone-20260919/NaVi-collect-20260919-023430-697-4a81ff58/316.argb	480	640
NaVi-collect-20260919-023430-697-4a81ff58	318	65123	data/ai-evaluation/runs/jeonju-cone-20260919/NaVi-collect-20260919-023430-697-4a81ff58/318.argb	480	640
NaVi-collect-20260919-023430-697-4a81ff58	319	65339	data/ai-evaluation/runs/jeonju-cone-20260919/NaVi-collect-20260919-023430-697-4a81ff58/319.argb	480	640
NaVi-collect-20260919-023430-697-4a81ff58	320	65533	data/ai-evaluation/runs/jeonju-cone-20260919/NaVi-collect-20260919-023430-697-4a81ff58/320.argb	480	640
NaVi-collect-20260919-023430-697-4a81ff58	322	65928	data/ai-evaluation/runs/jeonju-cone-20260919/NaVi-collect-20260919-023430-697-4a81ff58/322.argb	480	640
NaVi-collect-20260919-023430-697-4a81ff58	323	66134	data/ai-evaluation/runs/jeonju-cone-20260919/NaVi-collect-20260919-023430-697-4a81ff58/323.argb	480	640
NaVi-collect-20260919-023430-697-4a81ff58	324	66338	data/ai-evaluation/runs/jeonju-cone-20260919/NaVi-collect-20260919-023430-697-4a81ff58/324.argb	480	640
NaVi-collect-20260919-023430-697-4a81ff58	326	66730	data/ai-evaluation/runs/jeonju-cone-20260919/NaVi-collect-20260919-023430-697-4a81ff58/326.argb	480	640
NaVi-collect-20260919-023430-697-4a81ff58	327	66948	data/ai-evaluation/runs/jeonju-cone-20260919/NaVi-collect-20260919-023430-697-4a81ff58/327.argb	480	640
NaVi-collect-20260919-023430-697-4a81ff58	328	67140	data/ai-evaluation/runs/jeonju-cone-20260919/NaVi-collect-20260919-023430-697-4a81ff58/328.argb	480	640
NaVi-collect-20260919-023430-697-4a81ff58	330	67557	data/ai-evaluation/runs/jeonju-cone-20260919/NaVi-collect-20260919-023430-697-4a81ff58/330.argb	480	640
NaVi-collect-20260919-023430-697-4a81ff58	331	67748	data/ai-evaluation/runs/jeonju-cone-20260919/NaVi-collect-20260919-023430-697-4a81ff58/331.argb	480	640
NaVi-collect-20260919-023430-697-4a81ff58	333	68137	data/ai-evaluation/runs/jeonju-cone-20260919/NaVi-collect-20260919-023430-697-4a81ff58/333.argb	480	640
NaVi-collect-20260919-023430-697-4a81ff58	334	68347	data/ai-evaluation/runs/jeonju-cone-20260919/NaVi-collect-20260919-023430-697-4a81ff58/334.argb	480	640
NaVi-collect-20260919-023430-697-4a81ff58	336	68733	data/ai-evaluation/runs/jeonju-cone-20260919/NaVi-collect-20260919-023430-697-4a81ff58/336.argb	480	640
NaVi-collect-20260919-023430-697-4a81ff58	337	68944	data/ai-evaluation/runs/jeonju-cone-20260919/NaVi-collect-20260919-023430-697-4a81ff58/337.argb	480	640
NaVi-collect-20260919-023430-697-4a81ff58	338	69142	data/ai-evaluation/runs/jeonju-cone-20260919/NaVi-collect-20260919-023430-697-4a81ff58/338.argb	480	640
NaVi-collect-20260919-023430-697-4a81ff58	339	69345	data/ai-evaluation/runs/jeonju-cone-20260919/NaVi-collect-20260919-023430-697-4a81ff58/339.argb	480	640
NaVi-collect-20260919-023430-697-4a81ff58	341	69756	data/ai-evaluation/runs/jeonju-cone-20260919/NaVi-collect-20260919-023430-697-4a81ff58/341.argb	480	640
NaVi-collect-20260919-023430-697-4a81ff58	342	69949	data/ai-evaluation/runs/jeonju-cone-20260919/NaVi-collect-20260919-023430-697-4a81ff58/342.argb	480	640
NaVi-collect-20260919-023430-697-4a81ff58	343	70140	data/ai-evaluation/runs/jeonju-cone-20260919/NaVi-collect-20260919-023430-697-4a81ff58/343.argb	480	640
NaVi-collect-20260919-023430-697-4a81ff58	345	70541	data/ai-evaluation/runs/jeonju-cone-20260919/NaVi-collect-20260919-023430-697-4a81ff58/345.argb	480	640
NaVi-collect-20260919-023430-697-4a81ff58	346	70747	data/ai-evaluation/runs/jeonju-cone-20260919/NaVi-collect-20260919-023430-697-4a81ff58/346.argb	480	640
NaVi-collect-20260919-023430-697-4a81ff58	347	70947	data/ai-evaluation/runs/jeonju-cone-20260919/NaVi-collect-20260919-023430-697-4a81ff58/347.argb	480	640
NaVi-collect-20260919-023430-697-4a81ff58	349	71363	data/ai-evaluation/runs/jeonju-cone-20260919/NaVi-collect-20260919-023430-697-4a81ff58/349.argb	480	640
NaVi-collect-20260919-023430-697-4a81ff58	350	71546	data/ai-evaluation/runs/jeonju-cone-20260919/NaVi-collect-20260919-023430-697-4a81ff58/350.argb	480	640
NaVi-collect-20260919-023430-697-4a81ff58	352	71953	data/ai-evaluation/runs/jeonju-cone-20260919/NaVi-collect-20260919-023430-697-4a81ff58/352.argb	480	640
NaVi-collect-20260919-023430-697-4a81ff58	353	72144	data/ai-evaluation/runs/jeonju-cone-20260919/NaVi-collect-20260919-023430-697-4a81ff58/353.argb	480	640
NaVi-collect-20260919-023430-697-4a81ff58	355	72546	data/ai-evaluation/runs/jeonju-cone-20260919/NaVi-collect-20260919-023430-697-4a81ff58/355.argb	480	640
NaVi-collect-20260919-023430-697-4a81ff58	356	72744	data/ai-evaluation/runs/jeonju-cone-20260919/NaVi-collect-20260919-023430-697-4a81ff58/356.argb	480	640
NaVi-collect-20260919-023430-697-4a81ff58	357	72948	data/ai-evaluation/runs/jeonju-cone-20260919/NaVi-collect-20260919-023430-697-4a81ff58/357.argb	480	640
NaVi-collect-20260919-023430-697-4a81ff58	359	73367	data/ai-evaluation/runs/jeonju-cone-20260919/NaVi-collect-20260919-023430-697-4a81ff58/359.argb	480	640
NaVi-collect-20260919-023430-697-4a81ff58	360	73555	data/ai-evaluation/runs/jeonju-cone-20260919/NaVi-collect-20260919-023430-697-4a81ff58/360.argb	480	640
NaVi-collect-20260919-023430-697-4a81ff58	361	73744	data/ai-evaluation/runs/jeonju-cone-20260919/NaVi-collect-20260919-023430-697-4a81ff58/361.argb	480	640
NaVi-collect-20260919-023430-697-4a81ff58	363	74155	data/ai-evaluation/runs/jeonju-cone-20260919/NaVi-collect-20260919-023430-697-4a81ff58/363.argb	480	640
NaVi-collect-20260919-023430-697-4a81ff58	364	74365	data/ai-evaluation/runs/jeonju-cone-20260919/NaVi-collect-20260919-023430-697-4a81ff58/364.argb	480	640
NaVi-collect-20260919-023430-697-4a81ff58	365	74556	data/ai-evaluation/runs/jeonju-cone-20260919/NaVi-collect-20260919-023430-697-4a81ff58/365.argb	480	640
NaVi-collect-20260919-023430-697-4a81ff58	367	74973	data/ai-evaluation/runs/jeonju-cone-20260919/NaVi-collect-20260919-023430-697-4a81ff58/367.argb	480	640
NaVi-collect-20260919-023430-697-4a81ff58	368	75149	data/ai-evaluation/runs/jeonju-cone-20260919/NaVi-collect-20260919-023430-697-4a81ff58/368.argb	480	640
NaVi-collect-20260919-023430-697-4a81ff58	370	75572	data/ai-evaluation/runs/jeonju-cone-20260919/NaVi-collect-20260919-023430-697-4a81ff58/370.argb	480	640
NaVi-collect-20260919-023430-697-4a81ff58	371	75776	data/ai-evaluation/runs/jeonju-cone-20260919/NaVi-collect-20260919-023430-697-4a81ff58/371.argb	480	640
NaVi-collect-20260919-023430-697-4a81ff58	373	76157	data/ai-evaluation/runs/jeonju-cone-20260919/NaVi-collect-20260919-023430-697-4a81ff58/373.argb	480	640
NaVi-collect-20260919-023430-697-4a81ff58	374	76375	data/ai-evaluation/runs/jeonju-cone-20260919/NaVi-collect-20260919-023430-697-4a81ff58/374.argb	480	640
NaVi-collect-20260919-023430-697-4a81ff58	375	76575	data/ai-evaluation/runs/jeonju-cone-20260919/NaVi-collect-20260919-023430-697-4a81ff58/375.argb	480	640
NaVi-collect-20260919-023430-697-4a81ff58	377	76969	data/ai-evaluation/runs/jeonju-cone-20260919/NaVi-collect-20260919-023430-697-4a81ff58/377.argb	480	640
NaVi-collect-20260919-023430-697-4a81ff58	378	77174	data/ai-evaluation/runs/jeonju-cone-20260919/NaVi-collect-20260919-023430-697-4a81ff58/378.argb	480	640
NaVi-collect-20260919-023430-697-4a81ff58	380	77564	data/ai-evaluation/runs/jeonju-cone-20260919/NaVi-collect-20260919-023430-697-4a81ff58/380.argb	480	640
NaVi-collect-20260919-023430-697-4a81ff58	381	77777	data/ai-evaluation/runs/jeonju-cone-20260919/NaVi-collect-20260919-023430-697-4a81ff58/381.argb	480	640
NaVi-collect-20260919-023430-697-4a81ff58	382	78003	data/ai-evaluation/runs/jeonju-cone-20260919/NaVi-collect-20260919-023430-697-4a81ff58/382.argb	480	640
NaVi-collect-20260919-023430-697-4a81ff58	384	78371	data/ai-evaluation/runs/jeonju-cone-20260919/NaVi-collect-20260919-023430-697-4a81ff58/384.argb	480	640
NaVi-collect-20260919-023430-697-4a81ff58	385	78567	data/ai-evaluation/runs/jeonju-cone-20260919/NaVi-collect-20260919-023430-697-4a81ff58/385.argb	480	640
NaVi-collect-20260919-023430-697-4a81ff58	386	78798	data/ai-evaluation/runs/jeonju-cone-20260919/NaVi-collect-20260919-023430-697-4a81ff58/386.argb	480	640
NaVi-collect-20260919-023430-697-4a81ff58	388	79180	data/ai-evaluation/runs/jeonju-cone-20260919/NaVi-collect-20260919-023430-697-4a81ff58/388.argb	480	640
NaVi-collect-20260919-023430-697-4a81ff58	389	79391	data/ai-evaluation/runs/jeonju-cone-20260919/NaVi-collect-20260919-023430-697-4a81ff58/389.argb	480	640
NaVi-collect-20260919-023430-697-4a81ff58	390	79604	data/ai-evaluation/runs/jeonju-cone-20260919/NaVi-collect-20260919-023430-697-4a81ff58/390.argb	480	640
NaVi-collect-20260919-023430-697-4a81ff58	392	79988	data/ai-evaluation/runs/jeonju-cone-20260919/NaVi-collect-20260919-023430-697-4a81ff58/392.argb	480	640
NaVi-collect-20260919-023430-697-4a81ff58	393	80184	data/ai-evaluation/runs/jeonju-cone-20260919/NaVi-collect-20260919-023430-697-4a81ff58/393.argb	480	640
NaVi-collect-20260919-023430-697-4a81ff58	394	80369	data/ai-evaluation/runs/jeonju-cone-20260919/NaVi-collect-20260919-023430-697-4a81ff58/394.argb	480	640
NaVi-collect-20260919-023430-697-4a81ff58	396	80782	data/ai-evaluation/runs/jeonju-cone-20260919/NaVi-collect-20260919-023430-697-4a81ff58/396.argb	480	640
NaVi-collect-20260919-023430-697-4a81ff58	397	80980	data/ai-evaluation/runs/jeonju-cone-20260919/NaVi-collect-20260919-023430-697-4a81ff58/397.argb	480	640
NaVi-collect-20260919-023430-697-4a81ff58	398	81178	data/ai-evaluation/runs/jeonju-cone-20260919/NaVi-collect-20260919-023430-697-4a81ff58/398.argb	480	640
NaVi-collect-20260919-023430-697-4a81ff58	399	81379	data/ai-evaluation/runs/jeonju-cone-20260919/NaVi-collect-20260919-023430-697-4a81ff58/399.argb	480	640
NaVi-collect-20260919-023430-697-4a81ff58	401	81767	data/ai-evaluation/runs/jeonju-cone-20260919/NaVi-collect-20260919-023430-697-4a81ff58/401.argb	480	640
NaVi-collect-20260919-023430-697-4a81ff58	402	81982	data/ai-evaluation/runs/jeonju-cone-20260919/NaVi-collect-20260919-023430-697-4a81ff58/402.argb	480	640
NaVi-collect-20260919-023430-697-4a81ff58	403	82178	data/ai-evaluation/runs/jeonju-cone-20260919/NaVi-collect-20260919-023430-697-4a81ff58/403.argb	480	640
NaVi-collect-20260919-023430-697-4a81ff58	405	82581	data/ai-evaluation/runs/jeonju-cone-20260919/NaVi-collect-20260919-023430-697-4a81ff58/405.argb	480	640
NaVi-collect-20260919-023430-697-4a81ff58	406	82790	data/ai-evaluation/runs/jeonju-cone-20260919/NaVi-collect-20260919-023430-697-4a81ff58/406.argb	480	640
NaVi-collect-20260919-023430-697-4a81ff58	408	83189	data/ai-evaluation/runs/jeonju-cone-20260919/NaVi-collect-20260919-023430-697-4a81ff58/408.argb	480	640
NaVi-collect-20260919-023430-697-4a81ff58	409	83413	data/ai-evaluation/runs/jeonju-cone-20260919/NaVi-collect-20260919-023430-697-4a81ff58/409.argb	480	640
NaVi-collect-20260919-023430-697-4a81ff58	410	83601	data/ai-evaluation/runs/jeonju-cone-20260919/NaVi-collect-20260919-023430-697-4a81ff58/410.argb	480	640
NaVi-collect-20260919-023430-697-4a81ff58	412	83995	data/ai-evaluation/runs/jeonju-cone-20260919/NaVi-collect-20260919-023430-697-4a81ff58/412.argb	480	640
NaVi-collect-20260919-023430-697-4a81ff58	413	84187	data/ai-evaluation/runs/jeonju-cone-20260919/NaVi-collect-20260919-023430-697-4a81ff58/413.argb	480	640
NaVi-collect-20260919-023430-697-4a81ff58	415	84591	data/ai-evaluation/runs/jeonju-cone-20260919/NaVi-collect-20260919-023430-697-4a81ff58/415.argb	480	640
NaVi-collect-20260919-023430-697-4a81ff58	416	84792	data/ai-evaluation/runs/jeonju-cone-20260919/NaVi-collect-20260919-023430-697-4a81ff58/416.argb	480	640
NaVi-collect-20260919-023430-697-4a81ff58	417	84999	data/ai-evaluation/runs/jeonju-cone-20260919/NaVi-collect-20260919-023430-697-4a81ff58/417.argb	480	640
NaVi-collect-20260919-023430-697-4a81ff58	419	85410	data/ai-evaluation/runs/jeonju-cone-20260919/NaVi-collect-20260919-023430-697-4a81ff58/419.argb	480	640
NaVi-collect-20260919-023430-697-4a81ff58	420	85603	data/ai-evaluation/runs/jeonju-cone-20260919/NaVi-collect-20260919-023430-697-4a81ff58/420.argb	480	640
NaVi-collect-20260919-023430-697-4a81ff58	421	85820	data/ai-evaluation/runs/jeonju-cone-20260919/NaVi-collect-20260919-023430-697-4a81ff58/421.argb	480	640
NaVi-collect-20260919-023430-697-4a81ff58	423	86196	data/ai-evaluation/runs/jeonju-cone-20260919/NaVi-collect-20260919-023430-697-4a81ff58/423.argb	480	640
NaVi-collect-20260919-023430-697-4a81ff58	424	86401	data/ai-evaluation/runs/jeonju-cone-20260919/NaVi-collect-20260919-023430-697-4a81ff58/424.argb	480	640
NaVi-collect-20260919-023430-697-4a81ff58	426	86801	data/ai-evaluation/runs/jeonju-cone-20260919/NaVi-collect-20260919-023430-697-4a81ff58/426.argb	480	640
NaVi-collect-20260919-023430-697-4a81ff58	427	87002	data/ai-evaluation/runs/jeonju-cone-20260919/NaVi-collect-20260919-023430-697-4a81ff58/427.argb	480	640
NaVi-collect-20260919-023430-697-4a81ff58	428	87190	data/ai-evaluation/runs/jeonju-cone-20260919/NaVi-collect-20260919-023430-697-4a81ff58/428.argb	480	640
NaVi-collect-20260919-023430-697-4a81ff58	430	87592	data/ai-evaluation/runs/jeonju-cone-20260919/NaVi-collect-20260919-023430-697-4a81ff58/430.argb	480	640
NaVi-collect-20260919-023430-697-4a81ff58	431	87806	data/ai-evaluation/runs/jeonju-cone-20260919/NaVi-collect-20260919-023430-697-4a81ff58/431.argb	480	640
NaVi-collect-20260919-023430-697-4a81ff58	433	88191	data/ai-evaluation/runs/jeonju-cone-20260919/NaVi-collect-20260919-023430-697-4a81ff58/433.argb	480	640
NaVi-collect-20260919-023430-697-4a81ff58	434	88413	data/ai-evaluation/runs/jeonju-cone-20260919/NaVi-collect-20260919-023430-697-4a81ff58/434.argb	480	640
NaVi-collect-20260919-023430-697-4a81ff58	435	88603	data/ai-evaluation/runs/jeonju-cone-20260919/NaVi-collect-20260919-023430-697-4a81ff58/435.argb	480	640
NaVi-collect-20260919-023430-697-4a81ff58	437	89007	data/ai-evaluation/runs/jeonju-cone-20260919/NaVi-collect-20260919-023430-697-4a81ff58/437.argb	480	640
NaVi-collect-20260919-023430-697-4a81ff58	438	89213	data/ai-evaluation/runs/jeonju-cone-20260919/NaVi-collect-20260919-023430-697-4a81ff58/438.argb	480	640
NaVi-collect-20260919-023430-697-4a81ff58	440	89611	data/ai-evaluation/runs/jeonju-cone-20260919/NaVi-collect-20260919-023430-697-4a81ff58/440.argb	480	640
NaVi-collect-20260919-023430-697-4a81ff58	441	89800	data/ai-evaluation/runs/jeonju-cone-20260919/NaVi-collect-20260919-023430-697-4a81ff58/441.argb	480	640
NaVi-collect-20260919-023430-697-4a81ff58	443	90193	data/ai-evaluation/runs/jeonju-cone-20260919/NaVi-collect-20260919-023430-697-4a81ff58/443.argb	480	640
NaVi-collect-20260919-023430-697-4a81ff58	444	90417	data/ai-evaluation/runs/jeonju-cone-20260919/NaVi-collect-20260919-023430-697-4a81ff58/444.argb	480	640
NaVi-collect-20260919-023430-697-4a81ff58	445	90612	data/ai-evaluation/runs/jeonju-cone-20260919/NaVi-collect-20260919-023430-697-4a81ff58/445.argb	480	640
NaVi-collect-20260919-023430-697-4a81ff58	446	90800	data/ai-evaluation/runs/jeonju-cone-20260919/NaVi-collect-20260919-023430-697-4a81ff58/446.argb	480	640
NaVi-collect-20260919-023430-697-4a81ff58	448	91230	data/ai-evaluation/runs/jeonju-cone-20260919/NaVi-collect-20260919-023430-697-4a81ff58/448.argb	480	640
NaVi-collect-20260919-023430-697-4a81ff58	449	91443	data/ai-evaluation/runs/jeonju-cone-20260919/NaVi-collect-20260919-023430-697-4a81ff58/449.argb	480	640
NaVi-collect-20260919-023430-697-4a81ff58	450	91641	data/ai-evaluation/runs/jeonju-cone-20260919/NaVi-collect-20260919-023430-697-4a81ff58/450.argb	480	640
NaVi-collect-20260919-023430-697-4a81ff58	452	92060	data/ai-evaluation/runs/jeonju-cone-20260919/NaVi-collect-20260919-023430-697-4a81ff58/452.argb	480	640
NaVi-collect-20260919-023430-697-4a81ff58	453	92230	data/ai-evaluation/runs/jeonju-cone-20260919/NaVi-collect-20260919-023430-697-4a81ff58/453.argb	480	640
NaVi-collect-20260919-023430-697-4a81ff58	455	92631	data/ai-evaluation/runs/jeonju-cone-20260919/NaVi-collect-20260919-023430-697-4a81ff58/455.argb	480	640
NaVi-collect-20260919-023430-697-4a81ff58	456	92848	data/ai-evaluation/runs/jeonju-cone-20260919/NaVi-collect-20260919-023430-697-4a81ff58/456.argb	480	640
NaVi-collect-20260919-023430-697-4a81ff58	457	93050	data/ai-evaluation/runs/jeonju-cone-20260919/NaVi-collect-20260919-023430-697-4a81ff58/457.argb	480	640
NaVi-collect-20260919-023430-697-4a81ff58	459	93483	data/ai-evaluation/runs/jeonju-cone-20260919/NaVi-collect-20260919-023430-697-4a81ff58/459.argb	480	640
NaVi-collect-20260919-023430-697-4a81ff58	460	93634	data/ai-evaluation/runs/jeonju-cone-20260919/NaVi-collect-20260919-023430-697-4a81ff58/460.argb	480	640
NaVi-collect-20260919-023430-697-4a81ff58	461	93897	data/ai-evaluation/runs/jeonju-cone-20260919/NaVi-collect-20260919-023430-697-4a81ff58/461.argb	480	640
NaVi-collect-20260919-023430-697-4a81ff58	463	94280	data/ai-evaluation/runs/jeonju-cone-20260919/NaVi-collect-20260919-023430-697-4a81ff58/463.argb	480	640
NaVi-collect-20260919-023430-697-4a81ff58	464	94501	data/ai-evaluation/runs/jeonju-cone-20260919/NaVi-collect-20260919-023430-697-4a81ff58/464.argb	480	640
NaVi-collect-20260919-023430-697-4a81ff58	465	94732	data/ai-evaluation/runs/jeonju-cone-20260919/NaVi-collect-20260919-023430-697-4a81ff58/465.argb	480	640
NaVi-collect-20260919-023430-697-4a81ff58	466	94915	data/ai-evaluation/runs/jeonju-cone-20260919/NaVi-collect-20260919-023430-697-4a81ff58/466.argb	480	640
NaVi-collect-20260919-023430-697-4a81ff58	468	95347	data/ai-evaluation/runs/jeonju-cone-20260919/NaVi-collect-20260919-023430-697-4a81ff58/468.argb	480	640
NaVi-collect-20260919-023430-697-4a81ff58	469	95544	data/ai-evaluation/runs/jeonju-cone-20260919/NaVi-collect-20260919-023430-697-4a81ff58/469.argb	480	640
NaVi-collect-20260919-023430-697-4a81ff58	470	95793	data/ai-evaluation/runs/jeonju-cone-20260919/NaVi-collect-20260919-023430-697-4a81ff58/470.argb	480	640
NaVi-collect-20260919-023430-697-4a81ff58	471	95970	data/ai-evaluation/runs/jeonju-cone-20260919/NaVi-collect-20260919-023430-697-4a81ff58/471.argb	480	640
NaVi-collect-20260919-023430-697-4a81ff58	473	96375	data/ai-evaluation/runs/jeonju-cone-20260919/NaVi-collect-20260919-023430-697-4a81ff58/473.argb	480	640
NaVi-collect-20260919-023430-697-4a81ff58	474	96600	data/ai-evaluation/runs/jeonju-cone-20260919/NaVi-collect-20260919-023430-697-4a81ff58/474.argb	480	640
NaVi-collect-20260919-023430-697-4a81ff58	475	96815	data/ai-evaluation/runs/jeonju-cone-20260919/NaVi-collect-20260919-023430-697-4a81ff58/475.argb	480	640
NaVi-collect-20260919-023430-697-4a81ff58	476	97040	data/ai-evaluation/runs/jeonju-cone-20260919/NaVi-collect-20260919-023430-697-4a81ff58/476.argb	480	640
NaVi-collect-20260919-023430-697-4a81ff58	477	97280	data/ai-evaluation/runs/jeonju-cone-20260919/NaVi-collect-20260919-023430-697-4a81ff58/477.argb	480	640
NaVi-collect-20260919-023430-697-4a81ff58	479	97754	data/ai-evaluation/runs/jeonju-cone-20260919/NaVi-collect-20260919-023430-697-4a81ff58/479.argb	480	640
NaVi-collect-20260919-023430-697-4a81ff58	480	97973	data/ai-evaluation/runs/jeonju-cone-20260919/NaVi-collect-20260919-023430-697-4a81ff58/480.argb	480	640
NaVi-collect-20260919-023430-697-4a81ff58	481	98222	data/ai-evaluation/runs/jeonju-cone-20260919/NaVi-collect-20260919-023430-697-4a81ff58/481.argb	480	640
NaVi-collect-20260919-023430-697-4a81ff58	482	98451	data/ai-evaluation/runs/jeonju-cone-20260919/NaVi-collect-20260919-023430-697-4a81ff58/482.argb	480	640
NaVi-collect-20260919-023430-697-4a81ff58	483	98638	data/ai-evaluation/runs/jeonju-cone-20260919/NaVi-collect-20260919-023430-697-4a81ff58/483.argb	480	640
NaVi-collect-20260919-023430-697-4a81ff58	485	99086	data/ai-evaluation/runs/jeonju-cone-20260919/NaVi-collect-20260919-023430-697-4a81ff58/485.argb	480	640
NaVi-collect-20260919-023430-697-4a81ff58	486	99315	data/ai-evaluation/runs/jeonju-cone-20260919/NaVi-collect-20260919-023430-697-4a81ff58/486.argb	480	640
NaVi-collect-20260919-023430-697-4a81ff58	487	99517	data/ai-evaluation/runs/jeonju-cone-20260919/NaVi-collect-20260919-023430-697-4a81ff58/487.argb	480	640
NaVi-collect-20260919-023430-697-4a81ff58	488	99705	data/ai-evaluation/runs/jeonju-cone-20260919/NaVi-collect-20260919-023430-697-4a81ff58/488.argb	480	640
NaVi-collect-20260919-023430-697-4a81ff58	490	100140	data/ai-evaluation/runs/jeonju-cone-20260919/NaVi-collect-20260919-023430-697-4a81ff58/490.argb	480	640
NaVi-collect-20260919-023430-697-4a81ff58	491	100369	data/ai-evaluation/runs/jeonju-cone-20260919/NaVi-collect-20260919-023430-697-4a81ff58/491.argb	480	640
NaVi-collect-20260919-023430-697-4a81ff58	492	100581	data/ai-evaluation/runs/jeonju-cone-20260919/NaVi-collect-20260919-023430-697-4a81ff58/492.argb	480	640
NaVi-collect-20260919-023430-697-4a81ff58	493	100804	data/ai-evaluation/runs/jeonju-cone-20260919/NaVi-collect-20260919-023430-697-4a81ff58/493.argb	480	640
NaVi-collect-20260919-023430-697-4a81ff58	494	101040	data/ai-evaluation/runs/jeonju-cone-20260919/NaVi-collect-20260919-023430-697-4a81ff58/494.argb	480	640
NaVi-collect-20260919-023430-697-4a81ff58	496	101518	data/ai-evaluation/runs/jeonju-cone-20260919/NaVi-collect-20260919-023430-697-4a81ff58/496.argb	480	640
NaVi-collect-20260919-023430-697-4a81ff58	497	101709	data/ai-evaluation/runs/jeonju-cone-20260919/NaVi-collect-20260919-023430-697-4a81ff58/497.argb	480	640
NaVi-collect-20260919-023430-697-4a81ff58	499	102118	data/ai-evaluation/runs/jeonju-cone-20260919/NaVi-collect-20260919-023430-697-4a81ff58/499.argb	480	640
NaVi-collect-20260919-023430-697-4a81ff58	500	102305	data/ai-evaluation/runs/jeonju-cone-20260919/NaVi-collect-20260919-023430-697-4a81ff58/500.argb	480	640
NaVi-collect-20260919-023430-697-4a81ff58	501	102517	data/ai-evaluation/runs/jeonju-cone-20260919/NaVi-collect-20260919-023430-697-4a81ff58/501.argb	480	640
NaVi-collect-20260919-023430-697-4a81ff58	503	102917	data/ai-evaluation/runs/jeonju-cone-20260919/NaVi-collect-20260919-023430-697-4a81ff58/503.argb	480	640
NaVi-collect-20260919-023430-697-4a81ff58	504	103111	data/ai-evaluation/runs/jeonju-cone-20260919/NaVi-collect-20260919-023430-697-4a81ff58/504.argb	480	640
NaVi-collect-20260919-023430-697-4a81ff58	505	103348	data/ai-evaluation/runs/jeonju-cone-20260919/NaVi-collect-20260919-023430-697-4a81ff58/505.argb	480	640
NaVi-collect-20260919-023430-697-4a81ff58	506	103544	data/ai-evaluation/runs/jeonju-cone-20260919/NaVi-collect-20260919-023430-697-4a81ff58/506.argb	480	640
NaVi-collect-20260919-023430-697-4a81ff58	507	103778	data/ai-evaluation/runs/jeonju-cone-20260919/NaVi-collect-20260919-023430-697-4a81ff58/507.argb	480	640
NaVi-collect-20260919-023430-697-4a81ff58	508	104018	data/ai-evaluation/runs/jeonju-cone-20260919/NaVi-collect-20260919-023430-697-4a81ff58/508.argb	480	640
NaVi-collect-20260919-023430-697-4a81ff58	510	104438	data/ai-evaluation/runs/jeonju-cone-20260919/NaVi-collect-20260919-023430-697-4a81ff58/510.argb	480	640
NaVi-collect-20260919-023430-697-4a81ff58	511	104643	data/ai-evaluation/runs/jeonju-cone-20260919/NaVi-collect-20260919-023430-697-4a81ff58/511.argb	480	640
NaVi-collect-20260919-023430-697-4a81ff58	512	104840	data/ai-evaluation/runs/jeonju-cone-20260919/NaVi-collect-20260919-023430-697-4a81ff58/512.argb	480	640
NaVi-collect-20260919-023430-697-4a81ff58	514	105251	data/ai-evaluation/runs/jeonju-cone-20260919/NaVi-collect-20260919-023430-697-4a81ff58/514.argb	480	640
NaVi-collect-20260919-023430-697-4a81ff58	515	105447	data/ai-evaluation/runs/jeonju-cone-20260919/NaVi-collect-20260919-023430-697-4a81ff58/515.argb	480	640
NaVi-collect-20260919-023430-697-4a81ff58	517	105866	data/ai-evaluation/runs/jeonju-cone-20260919/NaVi-collect-20260919-023430-697-4a81ff58/517.argb	480	640
NaVi-collect-20260919-023430-697-4a81ff58	518	106048	data/ai-evaluation/runs/jeonju-cone-20260919/NaVi-collect-20260919-023430-697-4a81ff58/518.argb	480	640
NaVi-collect-20260919-023430-697-4a81ff58	519	106273	data/ai-evaluation/runs/jeonju-cone-20260919/NaVi-collect-20260919-023430-697-4a81ff58/519.argb	480	640
NaVi-collect-20260919-023430-697-4a81ff58	521	106657	data/ai-evaluation/runs/jeonju-cone-20260919/NaVi-collect-20260919-023430-697-4a81ff58/521.argb	480	640
NaVi-collect-20260919-023430-697-4a81ff58	522	106867	data/ai-evaluation/runs/jeonju-cone-20260919/NaVi-collect-20260919-023430-697-4a81ff58/522.argb	480	640
NaVi-collect-20260919-023430-697-4a81ff58	524	107257	data/ai-evaluation/runs/jeonju-cone-20260919/NaVi-collect-20260919-023430-697-4a81ff58/524.argb	480	640
NaVi-collect-20260919-023430-697-4a81ff58	525	107462	data/ai-evaluation/runs/jeonju-cone-20260919/NaVi-collect-20260919-023430-697-4a81ff58/525.argb	480	640
NaVi-collect-20260919-023430-697-4a81ff58	527	107864	data/ai-evaluation/runs/jeonju-cone-20260919/NaVi-collect-20260919-023430-697-4a81ff58/527.argb	480	640
NaVi-collect-20260919-023430-697-4a81ff58	528	108045	data/ai-evaluation/runs/jeonju-cone-20260919/NaVi-collect-20260919-023430-697-4a81ff58/528.argb	480	640
NaVi-collect-20260919-023430-697-4a81ff58	530	108450	data/ai-evaluation/runs/jeonju-cone-20260919/NaVi-collect-20260919-023430-697-4a81ff58/530.argb	480	640
NaVi-collect-20260919-023430-697-4a81ff58	531	108647	data/ai-evaluation/runs/jeonju-cone-20260919/NaVi-collect-20260919-023430-697-4a81ff58/531.argb	480	640
NaVi-collect-20260919-023430-697-4a81ff58	532	108878	data/ai-evaluation/runs/jeonju-cone-20260919/NaVi-collect-20260919-023430-697-4a81ff58/532.argb	480	640
NaVi-collect-20260919-023430-697-4a81ff58	534	109277	data/ai-evaluation/runs/jeonju-cone-20260919/NaVi-collect-20260919-023430-697-4a81ff58/534.argb	480	640
NaVi-collect-20260919-023430-697-4a81ff58	535	109478	data/ai-evaluation/runs/jeonju-cone-20260919/NaVi-collect-20260919-023430-697-4a81ff58/535.argb	480	640
NaVi-collect-20260919-023430-697-4a81ff58	536	109667	data/ai-evaluation/runs/jeonju-cone-20260919/NaVi-collect-20260919-023430-697-4a81ff58/536.argb	480	640
NaVi-collect-20260919-023430-697-4a81ff58	538	110076	data/ai-evaluation/runs/jeonju-cone-20260919/NaVi-collect-20260919-023430-697-4a81ff58/538.argb	480	640
NaVi-collect-20260919-023430-697-4a81ff58	539	110263	data/ai-evaluation/runs/jeonju-cone-20260919/NaVi-collect-20260919-023430-697-4a81ff58/539.argb	480	640
NaVi-collect-20260919-023430-697-4a81ff58	540	110475	data/ai-evaluation/runs/jeonju-cone-20260919/NaVi-collect-20260919-023430-697-4a81ff58/540.argb	480	640
NaVi-collect-20260919-023430-697-4a81ff58	542	110866	data/ai-evaluation/runs/jeonju-cone-20260919/NaVi-collect-20260919-023430-697-4a81ff58/542.argb	480	640
NaVi-collect-20260919-023430-697-4a81ff58	543	111087	data/ai-evaluation/runs/jeonju-cone-20260919/NaVi-collect-20260919-023430-697-4a81ff58/543.argb	480	640
NaVi-collect-20260919-023430-697-4a81ff58	545	111481	data/ai-evaluation/runs/jeonju-cone-20260919/NaVi-collect-20260919-023430-697-4a81ff58/545.argb	480	640
NaVi-collect-20260919-023430-697-4a81ff58	546	111698	data/ai-evaluation/runs/jeonju-cone-20260919/NaVi-collect-20260919-023430-697-4a81ff58/546.argb	480	640
NaVi-collect-20260919-023430-697-4a81ff58	548	112054	data/ai-evaluation/runs/jeonju-cone-20260919/NaVi-collect-20260919-023430-697-4a81ff58/548.argb	480	640
NaVi-collect-20260919-023430-697-4a81ff58	549	112275	data/ai-evaluation/runs/jeonju-cone-20260919/NaVi-collect-20260919-023430-697-4a81ff58/549.argb	480	640
NaVi-collect-20260919-023430-697-4a81ff58	550	112481	data/ai-evaluation/runs/jeonju-cone-20260919/NaVi-collect-20260919-023430-697-4a81ff58/550.argb	480	640
NaVi-collect-20260919-023430-697-4a81ff58	551	112675	data/ai-evaluation/runs/jeonju-cone-20260919/NaVi-collect-20260919-023430-697-4a81ff58/551.argb	480	640
NaVi-collect-20260919-023430-697-4a81ff58	553	113094	data/ai-evaluation/runs/jeonju-cone-20260919/NaVi-collect-20260919-023430-697-4a81ff58/553.argb	480	640
NaVi-collect-20260919-023430-697-4a81ff58	554	113274	data/ai-evaluation/runs/jeonju-cone-20260919/NaVi-collect-20260919-023430-697-4a81ff58/554.argb	480	640
NaVi-collect-20260919-023430-697-4a81ff58	556	113683	data/ai-evaluation/runs/jeonju-cone-20260919/NaVi-collect-20260919-023430-697-4a81ff58/556.argb	480	640
NaVi-collect-20260919-023430-697-4a81ff58	557	113869	data/ai-evaluation/runs/jeonju-cone-20260919/NaVi-collect-20260919-023430-697-4a81ff58/557.argb	480	640
NaVi-collect-20260919-023430-697-4a81ff58	559	114278	data/ai-evaluation/runs/jeonju-cone-20260919/NaVi-collect-20260919-023430-697-4a81ff58/559.argb	480	640
NaVi-collect-20260919-023430-697-4a81ff58	560	114476	data/ai-evaluation/runs/jeonju-cone-20260919/NaVi-collect-20260919-023430-697-4a81ff58/560.argb	480	640
NaVi-collect-20260919-023430-697-4a81ff58	561	114671	data/ai-evaluation/runs/jeonju-cone-20260919/NaVi-collect-20260919-023430-697-4a81ff58/561.argb	480	640
NaVi-collect-20260919-023430-697-4a81ff58	563	115090	data/ai-evaluation/runs/jeonju-cone-20260919/NaVi-collect-20260919-023430-697-4a81ff58/563.argb	480	640
NaVi-collect-20260919-023430-697-4a81ff58	564	115271	data/ai-evaluation/runs/jeonju-cone-20260919/NaVi-collect-20260919-023430-697-4a81ff58/564.argb	480	640
NaVi-collect-20260919-023430-697-4a81ff58	565	115479	data/ai-evaluation/runs/jeonju-cone-20260919/NaVi-collect-20260919-023430-697-4a81ff58/565.argb	480	640
NaVi-collect-20260919-023430-697-4a81ff58	566	115673	data/ai-evaluation/runs/jeonju-cone-20260919/NaVi-collect-20260919-023430-697-4a81ff58/566.argb	480	640
NaVi-collect-20260919-023430-697-4a81ff58	568	116106	data/ai-evaluation/runs/jeonju-cone-20260919/NaVi-collect-20260919-023430-697-4a81ff58/568.argb	480	640
NaVi-collect-20260919-023430-697-4a81ff58	569	116289	data/ai-evaluation/runs/jeonju-cone-20260919/NaVi-collect-20260919-023430-697-4a81ff58/569.argb	480	640
NaVi-collect-20260919-023430-697-4a81ff58	570	116486	data/ai-evaluation/runs/jeonju-cone-20260919/NaVi-collect-20260919-023430-697-4a81ff58/570.argb	480	640
NaVi-collect-20260919-023430-697-4a81ff58	572	116898	data/ai-evaluation/runs/jeonju-cone-20260919/NaVi-collect-20260919-023430-697-4a81ff58/572.argb	480	640
NaVi-collect-20260919-023430-697-4a81ff58	573	117088	data/ai-evaluation/runs/jeonju-cone-20260919/NaVi-collect-20260919-023430-697-4a81ff58/573.argb	480	640
NaVi-collect-20260919-023430-697-4a81ff58	575	117487	data/ai-evaluation/runs/jeonju-cone-20260919/NaVi-collect-20260919-023430-697-4a81ff58/575.argb	480	640
NaVi-collect-20260919-023430-697-4a81ff58	576	117673	data/ai-evaluation/runs/jeonju-cone-20260919/NaVi-collect-20260919-023430-697-4a81ff58/576.argb	480	640
NaVi-collect-20260919-023430-697-4a81ff58	577	117879	data/ai-evaluation/runs/jeonju-cone-20260919/NaVi-collect-20260919-023430-697-4a81ff58/577.argb	480	640
NaVi-collect-20260919-023430-697-4a81ff58	579	118302	data/ai-evaluation/runs/jeonju-cone-20260919/NaVi-collect-20260919-023430-697-4a81ff58/579.argb	480	640
NaVi-collect-20260919-023430-697-4a81ff58	580	118490	data/ai-evaluation/runs/jeonju-cone-20260919/NaVi-collect-20260919-023430-697-4a81ff58/580.argb	480	640
NaVi-collect-20260919-023430-697-4a81ff58	582	118893	data/ai-evaluation/runs/jeonju-cone-20260919/NaVi-collect-20260919-023430-697-4a81ff58/582.argb	480	640
NaVi-collect-20260919-023430-697-4a81ff58	583	119105	data/ai-evaluation/runs/jeonju-cone-20260919/NaVi-collect-20260919-023430-697-4a81ff58/583.argb	480	640
NaVi-collect-20260919-023430-697-4a81ff58	584	119302	data/ai-evaluation/runs/jeonju-cone-20260919/NaVi-collect-20260919-023430-697-4a81ff58/584.argb	480	640
NaVi-collect-20260919-023430-697-4a81ff58	586	119693	data/ai-evaluation/runs/jeonju-cone-20260919/NaVi-collect-20260919-023430-697-4a81ff58/586.argb	480	640
NaVi-collect-20260919-023430-697-4a81ff58	587	119906	data/ai-evaluation/runs/jeonju-cone-20260919/NaVi-collect-20260919-023430-697-4a81ff58/587.argb	480	640
NaVi-collect-20260919-023430-697-4a81ff58	589	120319	data/ai-evaluation/runs/jeonju-cone-20260919/NaVi-collect-20260919-023430-697-4a81ff58/589.argb	480	640
NaVi-collect-20260919-023430-697-4a81ff58	590	120572	data/ai-evaluation/runs/jeonju-cone-20260919/NaVi-collect-20260919-023430-697-4a81ff58/590.argb	480	640
NaVi-collect-20260919-023430-697-4a81ff58	592	120894	data/ai-evaluation/runs/jeonju-cone-20260919/NaVi-collect-20260919-023430-697-4a81ff58/592.argb	480	640
NaVi-collect-20260919-023430-697-4a81ff58	593	121121	data/ai-evaluation/runs/jeonju-cone-20260919/NaVi-collect-20260919-023430-697-4a81ff58/593.argb	480	640
NaVi-collect-20260919-023430-697-4a81ff58	595	121506	data/ai-evaluation/runs/jeonju-cone-20260919/NaVi-collect-20260919-023430-697-4a81ff58/595.argb	480	640
NaVi-collect-20260919-023430-697-4a81ff58	596	121738	data/ai-evaluation/runs/jeonju-cone-20260919/NaVi-collect-20260919-023430-697-4a81ff58/596.argb	480	640
NaVi-collect-20260919-023430-697-4a81ff58	598	122108	data/ai-evaluation/runs/jeonju-cone-20260919/NaVi-collect-20260919-023430-697-4a81ff58/598.argb	480	640
NaVi-collect-20260919-023430-697-4a81ff58	599	122306	data/ai-evaluation/runs/jeonju-cone-20260919/NaVi-collect-20260919-023430-697-4a81ff58/599.argb	480	640
NaVi-collect-20260919-023430-697-4a81ff58	600	122498	data/ai-evaluation/runs/jeonju-cone-20260919/NaVi-collect-20260919-023430-697-4a81ff58/600.argb	480	640
NaVi-collect-20260919-023430-697-4a81ff58	602	122905	data/ai-evaluation/runs/jeonju-cone-20260919/NaVi-collect-20260919-023430-697-4a81ff58/602.argb	480	640
NaVi-collect-20260919-023430-697-4a81ff58	603	123104	data/ai-evaluation/runs/jeonju-cone-20260919/NaVi-collect-20260919-023430-697-4a81ff58/603.argb	480	640
NaVi-collect-20260919-023430-697-4a81ff58	605	123503	data/ai-evaluation/runs/jeonju-cone-20260919/NaVi-collect-20260919-023430-697-4a81ff58/605.argb	480	640
NaVi-collect-20260919-023430-697-4a81ff58	606	123703	data/ai-evaluation/runs/jeonju-cone-20260919/NaVi-collect-20260919-023430-697-4a81ff58/606.argb	480	640
NaVi-collect-20260919-023430-697-4a81ff58	608	124114	data/ai-evaluation/runs/jeonju-cone-20260919/NaVi-collect-20260919-023430-697-4a81ff58/608.argb	480	640
NaVi-collect-20260919-023430-697-4a81ff58	609	124313	data/ai-evaluation/runs/jeonju-cone-20260919/NaVi-collect-20260919-023430-697-4a81ff58/609.argb	480	640
NaVi-collect-20260919-023430-697-4a81ff58	611	124706	data/ai-evaluation/runs/jeonju-cone-20260919/NaVi-collect-20260919-023430-697-4a81ff58/611.argb	480	640
NaVi-collect-20260919-023430-697-4a81ff58	612	124909	data/ai-evaluation/runs/jeonju-cone-20260919/NaVi-collect-20260919-023430-697-4a81ff58/612.argb	480	640
NaVi-collect-20260919-023430-697-4a81ff58	613	125120	data/ai-evaluation/runs/jeonju-cone-20260919/NaVi-collect-20260919-023430-697-4a81ff58/613.argb	480	640
NaVi-collect-20260919-023430-697-4a81ff58	615	125523	data/ai-evaluation/runs/jeonju-cone-20260919/NaVi-collect-20260919-023430-697-4a81ff58/615.argb	480	640
NaVi-collect-20260919-023430-697-4a81ff58	616	125703	data/ai-evaluation/runs/jeonju-cone-20260919/NaVi-collect-20260919-023430-697-4a81ff58/616.argb	480	640
NaVi-collect-20260919-023430-697-4a81ff58	618	126126	data/ai-evaluation/runs/jeonju-cone-20260919/NaVi-collect-20260919-023430-697-4a81ff58/618.argb	480	640
NaVi-collect-20260919-023430-697-4a81ff58	619	126302	data/ai-evaluation/runs/jeonju-cone-20260919/NaVi-collect-20260919-023430-697-4a81ff58/619.argb	480	640
NaVi-collect-20260919-023430-697-4a81ff58	620	126534	data/ai-evaluation/runs/jeonju-cone-20260919/NaVi-collect-20260919-023430-697-4a81ff58/620.argb	480	640
NaVi-collect-20260919-023430-697-4a81ff58	622	126918	data/ai-evaluation/runs/jeonju-cone-20260919/NaVi-collect-20260919-023430-697-4a81ff58/622.argb	480	640
NaVi-collect-20260919-023430-697-4a81ff58	623	127136	data/ai-evaluation/runs/jeonju-cone-20260919/NaVi-collect-20260919-023430-697-4a81ff58/623.argb	480	640
NaVi-collect-20260919-023430-697-4a81ff58	624	127312	data/ai-evaluation/runs/jeonju-cone-20260919/NaVi-collect-20260919-023430-697-4a81ff58/624.argb	480	640
NaVi-collect-20260919-023430-697-4a81ff58	626	127704	data/ai-evaluation/runs/jeonju-cone-20260919/NaVi-collect-20260919-023430-697-4a81ff58/626.argb	480	640
NaVi-collect-20260919-023430-697-4a81ff58	627	127930	data/ai-evaluation/runs/jeonju-cone-20260919/NaVi-collect-20260919-023430-697-4a81ff58/627.argb	480	640
NaVi-collect-20260919-023430-697-4a81ff58	628	128122	data/ai-evaluation/runs/jeonju-cone-20260919/NaVi-collect-20260919-023430-697-4a81ff58/628.argb	480	640
NaVi-collect-20260919-023430-697-4a81ff58	630	128517	data/ai-evaluation/runs/jeonju-cone-20260919/NaVi-collect-20260919-023430-697-4a81ff58/630.argb	480	640
NaVi-collect-20260919-023430-697-4a81ff58	631	128732	data/ai-evaluation/runs/jeonju-cone-20260919/NaVi-collect-20260919-023430-697-4a81ff58/631.argb	480	640
NaVi-collect-20260919-023430-697-4a81ff58	633	129148	data/ai-evaluation/runs/jeonju-cone-20260919/NaVi-collect-20260919-023430-697-4a81ff58/633.argb	480	640
NaVi-collect-20260919-023430-697-4a81ff58	635	129531	data/ai-evaluation/runs/jeonju-cone-20260919/NaVi-collect-20260919-023430-697-4a81ff58/635.argb	480	640
NaVi-collect-20260919-023430-697-4a81ff58	636	129720	data/ai-evaluation/runs/jeonju-cone-20260919/NaVi-collect-20260919-023430-697-4a81ff58/636.argb	480	640
NaVi-collect-20260919-023430-697-4a81ff58	637	129944	data/ai-evaluation/runs/jeonju-cone-20260919/NaVi-collect-20260919-023430-697-4a81ff58/637.argb	480	640
NaVi-collect-20260919-023430-697-4a81ff58	639	130324	data/ai-evaluation/runs/jeonju-cone-20260919/NaVi-collect-20260919-023430-697-4a81ff58/639.argb	480	640
NaVi-collect-20260919-023430-697-4a81ff58	640	130520	data/ai-evaluation/runs/jeonju-cone-20260919/NaVi-collect-20260919-023430-697-4a81ff58/640.argb	480	640
NaVi-collect-20260919-023430-697-4a81ff58	641	130729	data/ai-evaluation/runs/jeonju-cone-20260919/NaVi-collect-20260919-023430-697-4a81ff58/641.argb	480	640
NaVi-collect-20260919-023430-697-4a81ff58	643	131135	data/ai-evaluation/runs/jeonju-cone-20260919/NaVi-collect-20260919-023430-697-4a81ff58/643.argb	480	640
NaVi-collect-20260919-023430-697-4a81ff58	644	131327	data/ai-evaluation/runs/jeonju-cone-20260919/NaVi-collect-20260919-023430-697-4a81ff58/644.argb	480	640
NaVi-collect-20260919-023430-697-4a81ff58	645	131543	data/ai-evaluation/runs/jeonju-cone-20260919/NaVi-collect-20260919-023430-697-4a81ff58/645.argb	480	640
NaVi-collect-20260919-023430-697-4a81ff58	647	131931	data/ai-evaluation/runs/jeonju-cone-20260919/NaVi-collect-20260919-023430-697-4a81ff58/647.argb	480	640
NaVi-collect-20260919-023430-697-4a81ff58	648	132152	data/ai-evaluation/runs/jeonju-cone-20260919/NaVi-collect-20260919-023430-697-4a81ff58/648.argb	480	640
NaVi-collect-20260919-023430-697-4a81ff58	649	132397	data/ai-evaluation/runs/jeonju-cone-20260919/NaVi-collect-20260919-023430-697-4a81ff58/649.argb	480	640
NaVi-collect-20260919-023430-697-4a81ff58	651	132768	data/ai-evaluation/runs/jeonju-cone-20260919/NaVi-collect-20260919-023430-697-4a81ff58/651.argb	480	640
NaVi-collect-20260919-023430-697-4a81ff58	652	132994	data/ai-evaluation/runs/jeonju-cone-20260919/NaVi-collect-20260919-023430-697-4a81ff58/652.argb	480	640
NaVi-collect-20260919-023430-697-4a81ff58	654	133357	data/ai-evaluation/runs/jeonju-cone-20260919/NaVi-collect-20260919-023430-697-4a81ff58/654.argb	480	640
NaVi-collect-20260919-023430-697-4a81ff58	655	133583	data/ai-evaluation/runs/jeonju-cone-20260919/NaVi-collect-20260919-023430-697-4a81ff58/655.argb	480	640
NaVi-collect-20260919-023430-697-4a81ff58	657	133956	data/ai-evaluation/runs/jeonju-cone-20260919/NaVi-collect-20260919-023430-697-4a81ff58/657.argb	480	640
NaVi-collect-20260919-023430-697-4a81ff58	658	134177	data/ai-evaluation/runs/jeonju-cone-20260919/NaVi-collect-20260919-023430-697-4a81ff58/658.argb	480	640
NaVi-collect-20260919-023430-697-4a81ff58	659	134374	data/ai-evaluation/runs/jeonju-cone-20260919/NaVi-collect-20260919-023430-697-4a81ff58/659.argb	480	640
NaVi-collect-20260919-023430-697-4a81ff58	661	134770	data/ai-evaluation/runs/jeonju-cone-20260919/NaVi-collect-20260919-023430-697-4a81ff58/661.argb	480	640
NaVi-collect-20260919-023430-697-4a81ff58	662	134984	data/ai-evaluation/runs/jeonju-cone-20260919/NaVi-collect-20260919-023430-697-4a81ff58/662.argb	480	640
NaVi-collect-20260919-023430-697-4a81ff58	664	135385	data/ai-evaluation/runs/jeonju-cone-20260919/NaVi-collect-20260919-023430-697-4a81ff58/664.argb	480	640
NaVi-collect-20260919-023430-697-4a81ff58	665	135585	data/ai-evaluation/runs/jeonju-cone-20260919/NaVi-collect-20260919-023430-697-4a81ff58/665.argb	480	640
NaVi-collect-20260919-023430-697-4a81ff58	667	135976	data/ai-evaluation/runs/jeonju-cone-20260919/NaVi-collect-20260919-023430-697-4a81ff58/667.argb	480	640
NaVi-collect-20260919-023430-697-4a81ff58	668	136176	data/ai-evaluation/runs/jeonju-cone-20260919/NaVi-collect-20260919-023430-697-4a81ff58/668.argb	480	640
NaVi-collect-20260919-023430-697-4a81ff58	669	136395	data/ai-evaluation/runs/jeonju-cone-20260919/NaVi-collect-20260919-023430-697-4a81ff58/669.argb	480	640
NaVi-collect-20260919-023430-697-4a81ff58	671	136790	data/ai-evaluation/runs/jeonju-cone-20260919/NaVi-collect-20260919-023430-697-4a81ff58/671.argb	480	640
NaVi-collect-20260919-023430-697-4a81ff58	672	136987	data/ai-evaluation/runs/jeonju-cone-20260919/NaVi-collect-20260919-023430-697-4a81ff58/672.argb	480	640
NaVi-collect-20260919-023430-697-4a81ff58	674	137387	data/ai-evaluation/runs/jeonju-cone-20260919/NaVi-collect-20260919-023430-697-4a81ff58/674.argb	480	640
NaVi-collect-20260919-023430-697-4a81ff58	675	137578	data/ai-evaluation/runs/jeonju-cone-20260919/NaVi-collect-20260919-023430-697-4a81ff58/675.argb	480	640
NaVi-collect-20260919-023430-697-4a81ff58	677	137980	data/ai-evaluation/runs/jeonju-cone-20260919/NaVi-collect-20260919-023430-697-4a81ff58/677.argb	480	640
NaVi-collect-20260919-023430-697-4a81ff58	678	138180	data/ai-evaluation/runs/jeonju-cone-20260919/NaVi-collect-20260919-023430-697-4a81ff58/678.argb	480	640
NaVi-collect-20260919-023430-697-4a81ff58	679	138379	data/ai-evaluation/runs/jeonju-cone-20260919/NaVi-collect-20260919-023430-697-4a81ff58/679.argb	480	640
NaVi-collect-20260919-023430-697-4a81ff58	681	138791	data/ai-evaluation/runs/jeonju-cone-20260919/NaVi-collect-20260919-023430-697-4a81ff58/681.argb	480	640
NaVi-collect-20260919-023430-697-4a81ff58	682	138978	data/ai-evaluation/runs/jeonju-cone-20260919/NaVi-collect-20260919-023430-697-4a81ff58/682.argb	480	640
NaVi-collect-20260919-023430-697-4a81ff58	684	139383	data/ai-evaluation/runs/jeonju-cone-20260919/NaVi-collect-20260919-023430-697-4a81ff58/684.argb	480	640
NaVi-collect-20260919-023430-697-4a81ff58	685	139588	data/ai-evaluation/runs/jeonju-cone-20260919/NaVi-collect-20260919-023430-697-4a81ff58/685.argb	480	640
NaVi-collect-20260919-023430-697-4a81ff58	687	139993	data/ai-evaluation/runs/jeonju-cone-20260919/NaVi-collect-20260919-023430-697-4a81ff58/687.argb	480	640
NaVi-collect-20260919-023430-697-4a81ff58	688	140206	data/ai-evaluation/runs/jeonju-cone-20260919/NaVi-collect-20260919-023430-697-4a81ff58/688.argb	480	640
NaVi-collect-20260919-023430-697-4a81ff58	690	140590	data/ai-evaluation/runs/jeonju-cone-20260919/NaVi-collect-20260919-023430-697-4a81ff58/690.argb	480	640
NaVi-collect-20260919-023430-697-4a81ff58	691	140804	data/ai-evaluation/runs/jeonju-cone-20260919/NaVi-collect-20260919-023430-697-4a81ff58/691.argb	480	640
NaVi-collect-20260919-023430-697-4a81ff58	693	141213	data/ai-evaluation/runs/jeonju-cone-20260919/NaVi-collect-20260919-023430-697-4a81ff58/693.argb	480	640
NaVi-collect-20260919-023430-697-4a81ff58	694	141395	data/ai-evaluation/runs/jeonju-cone-20260919/NaVi-collect-20260919-023430-697-4a81ff58/694.argb	480	640
NaVi-collect-20260919-023430-697-4a81ff58	695	141600	data/ai-evaluation/runs/jeonju-cone-20260919/NaVi-collect-20260919-023430-697-4a81ff58/695.argb	480	640
NaVi-collect-20260919-023430-697-4a81ff58	697	142008	data/ai-evaluation/runs/jeonju-cone-20260919/NaVi-collect-20260919-023430-697-4a81ff58/697.argb	480	640
NaVi-collect-20260919-023430-697-4a81ff58	698	142211	data/ai-evaluation/runs/jeonju-cone-20260919/NaVi-collect-20260919-023430-697-4a81ff58/698.argb	480	640
NaVi-collect-20260919-023430-697-4a81ff58	699	142386	data/ai-evaluation/runs/jeonju-cone-20260919/NaVi-collect-20260919-023430-697-4a81ff58/699.argb	480	640
NaVi-collect-20260919-023430-697-4a81ff58	701	142819	data/ai-evaluation/runs/jeonju-cone-20260919/NaVi-collect-20260919-023430-697-4a81ff58/701.argb	480	640
NaVi-collect-20260919-023430-697-4a81ff58	702	143017	data/ai-evaluation/runs/jeonju-cone-20260919/NaVi-collect-20260919-023430-697-4a81ff58/702.argb	480	640
NaVi-collect-20260919-023430-697-4a81ff58	704	143470	data/ai-evaluation/runs/jeonju-cone-20260919/NaVi-collect-20260919-023430-697-4a81ff58/704.argb	480	640
NaVi-collect-20260919-023430-697-4a81ff58	705	143691	data/ai-evaluation/runs/jeonju-cone-20260919/NaVi-collect-20260919-023430-697-4a81ff58/705.argb	480	640
NaVi-collect-20260919-023430-697-4a81ff58	706	143881	data/ai-evaluation/runs/jeonju-cone-20260919/NaVi-collect-20260919-023430-697-4a81ff58/706.argb	480	640
NaVi-collect-20260919-023430-697-4a81ff58	707	144099	data/ai-evaluation/runs/jeonju-cone-20260919/NaVi-collect-20260919-023430-697-4a81ff58/707.argb	480	640
NaVi-collect-20260919-023430-697-4a81ff58	708	144320	data/ai-evaluation/runs/jeonju-cone-20260919/NaVi-collect-20260919-023430-697-4a81ff58/708.argb	480	640
NaVi-collect-20260919-023430-697-4a81ff58	710	144796	data/ai-evaluation/runs/jeonju-cone-20260919/NaVi-collect-20260919-023430-697-4a81ff58/710.argb	480	640
NaVi-collect-20260919-023430-697-4a81ff58	711	144992	data/ai-evaluation/runs/jeonju-cone-20260919/NaVi-collect-20260919-023430-697-4a81ff58/711.argb	480	640
NaVi-collect-20260919-023430-697-4a81ff58	713	145406	data/ai-evaluation/runs/jeonju-cone-20260919/NaVi-collect-20260919-023430-697-4a81ff58/713.argb	480	640
NaVi-collect-20260919-023430-697-4a81ff58	714	145590	data/ai-evaluation/runs/jeonju-cone-20260919/NaVi-collect-20260919-023430-697-4a81ff58/714.argb	480	640
NaVi-collect-20260919-023430-697-4a81ff58	715	145836	data/ai-evaluation/runs/jeonju-cone-20260919/NaVi-collect-20260919-023430-697-4a81ff58/715.argb	480	640
NaVi-collect-20260919-023430-697-4a81ff58	716	146026	data/ai-evaluation/runs/jeonju-cone-20260919/NaVi-collect-20260919-023430-697-4a81ff58/716.argb	480	640
NaVi-collect-20260919-023430-697-4a81ff58	718	146471	data/ai-evaluation/runs/jeonju-cone-20260919/NaVi-collect-20260919-023430-697-4a81ff58/718.argb	480	640
NaVi-collect-20260919-023430-697-4a81ff58	719	146703	data/ai-evaluation/runs/jeonju-cone-20260919/NaVi-collect-20260919-023430-697-4a81ff58/719.argb	480	640
NaVi-collect-20260919-023430-697-4a81ff58	720	146902	data/ai-evaluation/runs/jeonju-cone-20260919/NaVi-collect-20260919-023430-697-4a81ff58/720.argb	480	640
NaVi-collect-20260919-023430-697-4a81ff58	722	147328	data/ai-evaluation/runs/jeonju-cone-20260919/NaVi-collect-20260919-023430-697-4a81ff58/722.argb	480	640
NaVi-collect-20260919-023430-697-4a81ff58	723	147535	data/ai-evaluation/runs/jeonju-cone-20260919/NaVi-collect-20260919-023430-697-4a81ff58/723.argb	480	640
NaVi-collect-20260919-023430-697-4a81ff58	724	147734	data/ai-evaluation/runs/jeonju-cone-20260919/NaVi-collect-20260919-023430-697-4a81ff58/724.argb	480	640
NaVi-collect-20260919-023430-697-4a81ff58	726	148172	data/ai-evaluation/runs/jeonju-cone-20260919/NaVi-collect-20260919-023430-697-4a81ff58/726.argb	480	640
NaVi-collect-20260919-023430-697-4a81ff58	727	148405	data/ai-evaluation/runs/jeonju-cone-20260919/NaVi-collect-20260919-023430-697-4a81ff58/727.argb	480	640
NaVi-collect-20260919-023430-697-4a81ff58	728	148607	data/ai-evaluation/runs/jeonju-cone-20260919/NaVi-collect-20260919-023430-697-4a81ff58/728.argb	480	640
NaVi-collect-20260919-023430-697-4a81ff58	730	148989	data/ai-evaluation/runs/jeonju-cone-20260919/NaVi-collect-20260919-023430-697-4a81ff58/730.argb	480	640
NaVi-collect-20260919-023430-697-4a81ff58	731	149217	data/ai-evaluation/runs/jeonju-cone-20260919/NaVi-collect-20260919-023430-697-4a81ff58/731.argb	480	640
NaVi-collect-20260919-023430-697-4a81ff58	732	149397	data/ai-evaluation/runs/jeonju-cone-20260919/NaVi-collect-20260919-023430-697-4a81ff58/732.argb	480	640
NaVi-collect-20260919-023430-697-4a81ff58	734	149822	data/ai-evaluation/runs/jeonju-cone-20260919/NaVi-collect-20260919-023430-697-4a81ff58/734.argb	480	640
NaVi-collect-20260919-023430-697-4a81ff58	735	150022	data/ai-evaluation/runs/jeonju-cone-20260919/NaVi-collect-20260919-023430-697-4a81ff58/735.argb	480	640
NaVi-collect-20260919-023430-697-4a81ff58	737	150470	data/ai-evaluation/runs/jeonju-cone-20260919/NaVi-collect-20260919-023430-697-4a81ff58/737.argb	480	640
NaVi-collect-20260919-023430-697-4a81ff58	738	150699	data/ai-evaluation/runs/jeonju-cone-20260919/NaVi-collect-20260919-023430-697-4a81ff58/738.argb	480	640
NaVi-collect-20260919-023430-697-4a81ff58	739	150915	data/ai-evaluation/runs/jeonju-cone-20260919/NaVi-collect-20260919-023430-697-4a81ff58/739.argb	480	640
NaVi-collect-20260919-023430-697-4a81ff58	741	151325	data/ai-evaluation/runs/jeonju-cone-20260919/NaVi-collect-20260919-023430-697-4a81ff58/741.argb	480	640
NaVi-collect-20260919-023430-697-4a81ff58	742	151524	data/ai-evaluation/runs/jeonju-cone-20260919/NaVi-collect-20260919-023430-697-4a81ff58/742.argb	480	640
NaVi-collect-20260919-023430-697-4a81ff58	743	151739	data/ai-evaluation/runs/jeonju-cone-20260919/NaVi-collect-20260919-023430-697-4a81ff58/743.argb	480	640
NaVi-collect-20260919-023430-697-4a81ff58	745	152149	data/ai-evaluation/runs/jeonju-cone-20260919/NaVi-collect-20260919-023430-697-4a81ff58/745.argb	480	640
NaVi-collect-20260919-023430-697-4a81ff58	746	152417	data/ai-evaluation/runs/jeonju-cone-20260919/NaVi-collect-20260919-023430-697-4a81ff58/746.argb	480	640
NaVi-collect-20260919-023430-697-4a81ff58	748	152861	data/ai-evaluation/runs/jeonju-cone-20260919/NaVi-collect-20260919-023430-697-4a81ff58/748.argb	480	640
NaVi-collect-20260919-023430-697-4a81ff58	750	153276	data/ai-evaluation/runs/jeonju-cone-20260919/NaVi-collect-20260919-023430-697-4a81ff58/750.argb	480	640
NaVi-collect-20260919-023430-697-4a81ff58	751	153508	data/ai-evaluation/runs/jeonju-cone-20260919/NaVi-collect-20260919-023430-697-4a81ff58/751.argb	480	640
NaVi-collect-20260919-023430-697-4a81ff58	752	153730	data/ai-evaluation/runs/jeonju-cone-20260919/NaVi-collect-20260919-023430-697-4a81ff58/752.argb	480	640
NaVi-collect-20260919-023430-697-4a81ff58	754	154132	data/ai-evaluation/runs/jeonju-cone-20260919/NaVi-collect-20260919-023430-697-4a81ff58/754.argb	480	640
NaVi-collect-20260919-023430-697-4a81ff58	755	154340	data/ai-evaluation/runs/jeonju-cone-20260919/NaVi-collect-20260919-023430-697-4a81ff58/755.argb	480	640
NaVi-collect-20260919-023430-697-4a81ff58	756	154543	data/ai-evaluation/runs/jeonju-cone-20260919/NaVi-collect-20260919-023430-697-4a81ff58/756.argb	480	640
NaVi-collect-20260919-023430-697-4a81ff58	758	154940	data/ai-evaluation/runs/jeonju-cone-20260919/NaVi-collect-20260919-023430-697-4a81ff58/758.argb	480	640
NaVi-collect-20260919-023430-697-4a81ff58	759	155147	data/ai-evaluation/runs/jeonju-cone-20260919/NaVi-collect-20260919-023430-697-4a81ff58/759.argb	480	640
NaVi-collect-20260919-023430-697-4a81ff58	761	155530	data/ai-evaluation/runs/jeonju-cone-20260919/NaVi-collect-20260919-023430-697-4a81ff58/761.argb	480	640
NaVi-collect-20260919-023430-697-4a81ff58	762	155738	data/ai-evaluation/runs/jeonju-cone-20260919/NaVi-collect-20260919-023430-697-4a81ff58/762.argb	480	640
NaVi-collect-20260919-023430-697-4a81ff58	764	156145	data/ai-evaluation/runs/jeonju-cone-20260919/NaVi-collect-20260919-023430-697-4a81ff58/764.argb	480	640
NaVi-collect-20260919-023430-697-4a81ff58	765	156335	data/ai-evaluation/runs/jeonju-cone-20260919/NaVi-collect-20260919-023430-697-4a81ff58/765.argb	480	640
NaVi-collect-20260919-023430-697-4a81ff58	766	156566	data/ai-evaluation/runs/jeonju-cone-20260919/NaVi-collect-20260919-023430-697-4a81ff58/766.argb	480	640
NaVi-collect-20260919-023430-697-4a81ff58	768	156948	data/ai-evaluation/runs/jeonju-cone-20260919/NaVi-collect-20260919-023430-697-4a81ff58/768.argb	480	640
NaVi-collect-20260919-023430-697-4a81ff58	769	157149	data/ai-evaluation/runs/jeonju-cone-20260919/NaVi-collect-20260919-023430-697-4a81ff58/769.argb	480	640
NaVi-collect-20260919-023430-697-4a81ff58	770	157354	data/ai-evaluation/runs/jeonju-cone-20260919/NaVi-collect-20260919-023430-697-4a81ff58/770.argb	480	640
NaVi-collect-20260919-023430-697-4a81ff58	772	157776	data/ai-evaluation/runs/jeonju-cone-20260919/NaVi-collect-20260919-023430-697-4a81ff58/772.argb	480	640
NaVi-collect-20260919-023430-697-4a81ff58	774	158150	data/ai-evaluation/runs/jeonju-cone-20260919/NaVi-collect-20260919-023430-697-4a81ff58/774.argb	480	640
NaVi-collect-20260919-023430-697-4a81ff58	775	158381	data/ai-evaluation/runs/jeonju-cone-20260919/NaVi-collect-20260919-023430-697-4a81ff58/775.argb	480	640
NaVi-collect-20260919-023430-697-4a81ff58	776	158573	data/ai-evaluation/runs/jeonju-cone-20260919/NaVi-collect-20260919-023430-697-4a81ff58/776.argb	480	640
NaVi-collect-20260919-023430-697-4a81ff58	777	158777	data/ai-evaluation/runs/jeonju-cone-20260919/NaVi-collect-20260919-023430-697-4a81ff58/777.argb	480	640
NaVi-collect-20260919-023430-697-4a81ff58	779	159165	data/ai-evaluation/runs/jeonju-cone-20260919/NaVi-collect-20260919-023430-697-4a81ff58/779.argb	480	640
NaVi-collect-20260919-023430-697-4a81ff58	780	159373	data/ai-evaluation/runs/jeonju-cone-20260919/NaVi-collect-20260919-023430-697-4a81ff58/780.argb	480	640
NaVi-collect-20260919-023430-697-4a81ff58	781	159601	data/ai-evaluation/runs/jeonju-cone-20260919/NaVi-collect-20260919-023430-697-4a81ff58/781.argb	480	640
NaVi-collect-20260919-023430-697-4a81ff58	783	159978	data/ai-evaluation/runs/jeonju-cone-20260919/NaVi-collect-20260919-023430-697-4a81ff58/783.argb	480	640
NaVi-collect-20260919-023430-697-4a81ff58	784	160180	data/ai-evaluation/runs/jeonju-cone-20260919/NaVi-collect-20260919-023430-697-4a81ff58/784.argb	480	640
NaVi-collect-20260919-023430-697-4a81ff58	786	160581	data/ai-evaluation/runs/jeonju-cone-20260919/NaVi-collect-20260919-023430-697-4a81ff58/786.argb	480	640
NaVi-collect-20260919-023430-697-4a81ff58	787	160787	data/ai-evaluation/runs/jeonju-cone-20260919/NaVi-collect-20260919-023430-697-4a81ff58/787.argb	480	640
NaVi-collect-20260919-023430-697-4a81ff58	789	161186	data/ai-evaluation/runs/jeonju-cone-20260919/NaVi-collect-20260919-023430-697-4a81ff58/789.argb	480	640
NaVi-collect-20260919-023430-697-4a81ff58	790	161399	data/ai-evaluation/runs/jeonju-cone-20260919/NaVi-collect-20260919-023430-697-4a81ff58/790.argb	480	640
NaVi-collect-20260919-023430-697-4a81ff58	791	161596	data/ai-evaluation/runs/jeonju-cone-20260919/NaVi-collect-20260919-023430-697-4a81ff58/791.argb	480	640
NaVi-collect-20260919-023430-697-4a81ff58	793	161994	data/ai-evaluation/runs/jeonju-cone-20260919/NaVi-collect-20260919-023430-697-4a81ff58/793.argb	480	640
NaVi-collect-20260919-023430-697-4a81ff58	794	162199	data/ai-evaluation/runs/jeonju-cone-20260919/NaVi-collect-20260919-023430-697-4a81ff58/794.argb	480	640
NaVi-collect-20260919-023430-697-4a81ff58	796	162590	data/ai-evaluation/runs/jeonju-cone-20260919/NaVi-collect-20260919-023430-697-4a81ff58/796.argb	480	640
NaVi-collect-20260919-023430-697-4a81ff58	797	162831	data/ai-evaluation/runs/jeonju-cone-20260919/NaVi-collect-20260919-023430-697-4a81ff58/797.argb	480	640
NaVi-collect-20260919-023430-697-4a81ff58	799	163203	data/ai-evaluation/runs/jeonju-cone-20260919/NaVi-collect-20260919-023430-697-4a81ff58/799.argb	480	640
NaVi-collect-20260919-023430-697-4a81ff58	800	163391	data/ai-evaluation/runs/jeonju-cone-20260919/NaVi-collect-20260919-023430-697-4a81ff58/800.argb	480	640
NaVi-collect-20260919-023430-697-4a81ff58	802	163796	data/ai-evaluation/runs/jeonju-cone-20260919/NaVi-collect-20260919-023430-697-4a81ff58/802.argb	480	640
NaVi-collect-20260919-023430-697-4a81ff58	803	163989	data/ai-evaluation/runs/jeonju-cone-20260919/NaVi-collect-20260919-023430-697-4a81ff58/803.argb	480	640
NaVi-collect-20260919-023430-697-4a81ff58	805	164404	data/ai-evaluation/runs/jeonju-cone-20260919/NaVi-collect-20260919-023430-697-4a81ff58/805.argb	480	640
NaVi-collect-20260919-023430-697-4a81ff58	806	164591	data/ai-evaluation/runs/jeonju-cone-20260919/NaVi-collect-20260919-023430-697-4a81ff58/806.argb	480	640
NaVi-collect-20260919-023430-697-4a81ff58	807	164796	data/ai-evaluation/runs/jeonju-cone-20260919/NaVi-collect-20260919-023430-697-4a81ff58/807.argb	480	640
NaVi-collect-20260919-023430-697-4a81ff58	809	165206	data/ai-evaluation/runs/jeonju-cone-20260919/NaVi-collect-20260919-023430-697-4a81ff58/809.argb	480	640
NaVi-collect-20260919-023430-697-4a81ff58	810	165391	data/ai-evaluation/runs/jeonju-cone-20260919/NaVi-collect-20260919-023430-697-4a81ff58/810.argb	480	640
NaVi-collect-20260919-023430-697-4a81ff58	812	165799	data/ai-evaluation/runs/jeonju-cone-20260919/NaVi-collect-20260919-023430-697-4a81ff58/812.argb	480	640
NaVi-collect-20260919-023430-697-4a81ff58	813	166011	data/ai-evaluation/runs/jeonju-cone-20260919/NaVi-collect-20260919-023430-697-4a81ff58/813.argb	480	640
NaVi-collect-20260919-023430-697-4a81ff58	814	166205	data/ai-evaluation/runs/jeonju-cone-20260919/NaVi-collect-20260919-023430-697-4a81ff58/814.argb	480	640
NaVi-collect-20260919-023430-697-4a81ff58	816	166624	data/ai-evaluation/runs/jeonju-cone-20260919/NaVi-collect-20260919-023430-697-4a81ff58/816.argb	480	640
NaVi-collect-20260919-023430-697-4a81ff58	817	166793	data/ai-evaluation/runs/jeonju-cone-20260919/NaVi-collect-20260919-023430-697-4a81ff58/817.argb	480	640
NaVi-collect-20260919-023430-697-4a81ff58	819	167261	data/ai-evaluation/runs/jeonju-cone-20260919/NaVi-collect-20260919-023430-697-4a81ff58/819.argb	480	640
NaVi-collect-20260919-023430-697-4a81ff58	821	167615	data/ai-evaluation/runs/jeonju-cone-20260919/NaVi-collect-20260919-023430-697-4a81ff58/821.argb	480	640
NaVi-collect-20260919-023430-697-4a81ff58	822	167866	data/ai-evaluation/runs/jeonju-cone-20260919/NaVi-collect-20260919-023430-697-4a81ff58/822.argb	480	640
NaVi-collect-20260919-023430-697-4a81ff58	824	168214	data/ai-evaluation/runs/jeonju-cone-20260919/NaVi-collect-20260919-023430-697-4a81ff58/824.argb	480	640
NaVi-collect-20260919-023430-697-4a81ff58	825	168417	data/ai-evaluation/runs/jeonju-cone-20260919/NaVi-collect-20260919-023430-697-4a81ff58/825.argb	480	640
NaVi-collect-20260919-023430-697-4a81ff58	827	168821	data/ai-evaluation/runs/jeonju-cone-20260919/NaVi-collect-20260919-023430-697-4a81ff58/827.argb	480	640
NaVi-collect-20260919-023430-697-4a81ff58	828	169003	data/ai-evaluation/runs/jeonju-cone-20260919/NaVi-collect-20260919-023430-697-4a81ff58/828.argb	480	640
NaVi-collect-20260919-023430-697-4a81ff58	830	169427	data/ai-evaluation/runs/jeonju-cone-20260919/NaVi-collect-20260919-023430-697-4a81ff58/830.argb	480	640
NaVi-collect-20260919-023430-697-4a81ff58	832	169832	data/ai-evaluation/runs/jeonju-cone-20260919/NaVi-collect-20260919-023430-697-4a81ff58/832.argb	480	640
NaVi-collect-20260919-023430-697-4a81ff58	833	170058	data/ai-evaluation/runs/jeonju-cone-20260919/NaVi-collect-20260919-023430-697-4a81ff58/833.argb	480	640
NaVi-collect-20260919-023430-697-4a81ff58	835	170419	data/ai-evaluation/runs/jeonju-cone-20260919/NaVi-collect-20260919-023430-697-4a81ff58/835.argb	480	640
NaVi-collect-20260919-023430-697-4a81ff58	836	170619	data/ai-evaluation/runs/jeonju-cone-20260919/NaVi-collect-20260919-023430-697-4a81ff58/836.argb	480	640
NaVi-collect-20260919-023430-697-4a81ff58	838	171018	data/ai-evaluation/runs/jeonju-cone-20260919/NaVi-collect-20260919-023430-697-4a81ff58/838.argb	480	640
NaVi-collect-20260919-023430-697-4a81ff58	840	171421	data/ai-evaluation/runs/jeonju-cone-20260919/NaVi-collect-20260919-023430-697-4a81ff58/840.argb	480	640
NaVi-collect-20260919-023430-697-4a81ff58	841	171628	data/ai-evaluation/runs/jeonju-cone-20260919/NaVi-collect-20260919-023430-697-4a81ff58/841.argb	480	640
NaVi-collect-20260919-023430-697-4a81ff58	842	171850	data/ai-evaluation/runs/jeonju-cone-20260919/NaVi-collect-20260919-023430-697-4a81ff58/842.argb	480	640
NaVi-collect-20260919-023430-697-4a81ff58	844	172217	data/ai-evaluation/runs/jeonju-cone-20260919/NaVi-collect-20260919-023430-697-4a81ff58/844.argb	480	640
NaVi-collect-20260919-023430-697-4a81ff58	845	172419	data/ai-evaluation/runs/jeonju-cone-20260919/NaVi-collect-20260919-023430-697-4a81ff58/845.argb	480	640
NaVi-collect-20260919-023430-697-4a81ff58	846	172629	data/ai-evaluation/runs/jeonju-cone-20260919/NaVi-collect-20260919-023430-697-4a81ff58/846.argb	480	640
NaVi-collect-20260919-023430-697-4a81ff58	848	173096	data/ai-evaluation/runs/jeonju-cone-20260919/NaVi-collect-20260919-023430-697-4a81ff58/848.argb	480	640
NaVi-collect-20260919-023430-697-4a81ff58	849	173288	data/ai-evaluation/runs/jeonju-cone-20260919/NaVi-collect-20260919-023430-697-4a81ff58/849.argb	480	640
NaVi-collect-20260919-023430-697-4a81ff58	851	173720	data/ai-evaluation/runs/jeonju-cone-20260919/NaVi-collect-20260919-023430-697-4a81ff58/851.argb	480	640
NaVi-collect-20260919-023430-697-4a81ff58	852	173952	data/ai-evaluation/runs/jeonju-cone-20260919/NaVi-collect-20260919-023430-697-4a81ff58/852.argb	480	640
NaVi-collect-20260919-023430-697-4a81ff58	854	174454	data/ai-evaluation/runs/jeonju-cone-20260919/NaVi-collect-20260919-023430-697-4a81ff58/854.argb	480	640
NaVi-collect-20260919-023430-697-4a81ff58	855	174625	data/ai-evaluation/runs/jeonju-cone-20260919/NaVi-collect-20260919-023430-697-4a81ff58/855.argb	480	640
NaVi-collect-20260919-023430-697-4a81ff58	857	175043	data/ai-evaluation/runs/jeonju-cone-20260919/NaVi-collect-20260919-023430-697-4a81ff58/857.argb	480	640
NaVi-collect-20260919-023430-697-4a81ff58	858	175281	data/ai-evaluation/runs/jeonju-cone-20260919/NaVi-collect-20260919-023430-697-4a81ff58/858.argb	480	640
NaVi-collect-20260919-023430-697-4a81ff58	860	175724	data/ai-evaluation/runs/jeonju-cone-20260919/NaVi-collect-20260919-023430-697-4a81ff58/860.argb	480	640
NaVi-collect-20260919-023430-697-4a81ff58	861	175935	data/ai-evaluation/runs/jeonju-cone-20260919/NaVi-collect-20260919-023430-697-4a81ff58/861.argb	480	640
NaVi-collect-20260919-023430-697-4a81ff58	863	176326	data/ai-evaluation/runs/jeonju-cone-20260919/NaVi-collect-20260919-023430-697-4a81ff58/863.argb	480	640
NaVi-collect-20260919-023430-697-4a81ff58	864	176524	data/ai-evaluation/runs/jeonju-cone-20260919/NaVi-collect-20260919-023430-697-4a81ff58/864.argb	480	640
NaVi-collect-20260919-023430-697-4a81ff58	866	176989	data/ai-evaluation/runs/jeonju-cone-20260919/NaVi-collect-20260919-023430-697-4a81ff58/866.argb	480	640
NaVi-collect-20260919-023430-697-4a81ff58	867	177236	data/ai-evaluation/runs/jeonju-cone-20260919/NaVi-collect-20260919-023430-697-4a81ff58/867.argb	480	640
NaVi-collect-20260919-023430-697-4a81ff58	868	177432	data/ai-evaluation/runs/jeonju-cone-20260919/NaVi-collect-20260919-023430-697-4a81ff58/868.argb	480	640
NaVi-collect-20260919-023430-697-4a81ff58	870	177866	data/ai-evaluation/runs/jeonju-cone-20260919/NaVi-collect-20260919-023430-697-4a81ff58/870.argb	480	640
NaVi-collect-20260919-023430-697-4a81ff58	872	178264	data/ai-evaluation/runs/jeonju-cone-20260919/NaVi-collect-20260919-023430-697-4a81ff58/872.argb	480	640
NaVi-collect-20260919-023430-697-4a81ff58	873	178509	data/ai-evaluation/runs/jeonju-cone-20260919/NaVi-collect-20260919-023430-697-4a81ff58/873.argb	480	640
NaVi-collect-20260919-023430-697-4a81ff58	874	178700	data/ai-evaluation/runs/jeonju-cone-20260919/NaVi-collect-20260919-023430-697-4a81ff58/874.argb	480	640
NaVi-collect-20260919-023430-697-4a81ff58	876	179117	data/ai-evaluation/runs/jeonju-cone-20260919/NaVi-collect-20260919-023430-697-4a81ff58/876.argb	480	640
NaVi-collect-20260919-023430-697-4a81ff58	877	179342	data/ai-evaluation/runs/jeonju-cone-20260919/NaVi-collect-20260919-023430-697-4a81ff58/877.argb	480	640
NaVi-collect-20260919-023430-697-4a81ff58	879	179761	data/ai-evaluation/runs/jeonju-cone-20260919/NaVi-collect-20260919-023430-697-4a81ff58/879.argb	480	640
NaVi-collect-20260919-023430-697-4a81ff58	880	179978	data/ai-evaluation/runs/jeonju-cone-20260919/NaVi-collect-20260919-023430-697-4a81ff58/880.argb	480	640
NaVi-collect-20260919-024105-060-5a85f57b	2	101	data/ai-evaluation/runs/jeonju-cone-20260919/NaVi-collect-20260919-024105-060-5a85f57b/2.argb	480	640
NaVi-collect-20260919-024105-060-5a85f57b	3	301	data/ai-evaluation/runs/jeonju-cone-20260919/NaVi-collect-20260919-024105-060-5a85f57b/3.argb	480	640
NaVi-collect-20260919-024105-060-5a85f57b	4	484	data/ai-evaluation/runs/jeonju-cone-20260919/NaVi-collect-20260919-024105-060-5a85f57b/4.argb	480	640
NaVi-collect-20260919-024105-060-5a85f57b	5	684	data/ai-evaluation/runs/jeonju-cone-20260919/NaVi-collect-20260919-024105-060-5a85f57b/5.argb	480	640
NaVi-collect-20260919-024105-060-5a85f57b	6	887	data/ai-evaluation/runs/jeonju-cone-20260919/NaVi-collect-20260919-024105-060-5a85f57b/6.argb	480	640
NaVi-collect-20260919-024105-060-5a85f57b	7	1108	data/ai-evaluation/runs/jeonju-cone-20260919/NaVi-collect-20260919-024105-060-5a85f57b/7.argb	480	640
NaVi-collect-20260919-024105-060-5a85f57b	8	1344	data/ai-evaluation/runs/jeonju-cone-20260919/NaVi-collect-20260919-024105-060-5a85f57b/8.argb	480	640
NaVi-collect-20260919-024105-060-5a85f57b	9	1552	data/ai-evaluation/runs/jeonju-cone-20260919/NaVi-collect-20260919-024105-060-5a85f57b/9.argb	480	640
NaVi-collect-20260919-024105-060-5a85f57b	10	1747	data/ai-evaluation/runs/jeonju-cone-20260919/NaVi-collect-20260919-024105-060-5a85f57b/10.argb	480	640
NaVi-collect-20260919-024105-060-5a85f57b	11	1986	data/ai-evaluation/runs/jeonju-cone-20260919/NaVi-collect-20260919-024105-060-5a85f57b/11.argb	480	640
NaVi-collect-20260919-024105-060-5a85f57b	12	2167	data/ai-evaluation/runs/jeonju-cone-20260919/NaVi-collect-20260919-024105-060-5a85f57b/12.argb	480	640
NaVi-collect-20260919-024105-060-5a85f57b	13	2362	data/ai-evaluation/runs/jeonju-cone-20260919/NaVi-collect-20260919-024105-060-5a85f57b/13.argb	480	640
NaVi-collect-20260919-024105-060-5a85f57b	14	2562	data/ai-evaluation/runs/jeonju-cone-20260919/NaVi-collect-20260919-024105-060-5a85f57b/14.argb	480	640
NaVi-collect-20260919-024105-060-5a85f57b	15	2761	data/ai-evaluation/runs/jeonju-cone-20260919/NaVi-collect-20260919-024105-060-5a85f57b/15.argb	480	640
NaVi-collect-20260919-024105-060-5a85f57b	16	2983	data/ai-evaluation/runs/jeonju-cone-20260919/NaVi-collect-20260919-024105-060-5a85f57b/16.argb	480	640
NaVi-collect-20260919-024105-060-5a85f57b	17	3170	data/ai-evaluation/runs/jeonju-cone-20260919/NaVi-collect-20260919-024105-060-5a85f57b/17.argb	480	640
NaVi-collect-20260919-024105-060-5a85f57b	18	3359	data/ai-evaluation/runs/jeonju-cone-20260919/NaVi-collect-20260919-024105-060-5a85f57b/18.argb	480	640
NaVi-collect-20260919-024105-060-5a85f57b	19	3560	data/ai-evaluation/runs/jeonju-cone-20260919/NaVi-collect-20260919-024105-060-5a85f57b/19.argb	480	640
NaVi-collect-20260919-024105-060-5a85f57b	20	3766	data/ai-evaluation/runs/jeonju-cone-20260919/NaVi-collect-20260919-024105-060-5a85f57b/20.argb	480	640
NaVi-collect-20260919-024105-060-5a85f57b	21	3962	data/ai-evaluation/runs/jeonju-cone-20260919/NaVi-collect-20260919-024105-060-5a85f57b/21.argb	480	640
NaVi-collect-20260919-024105-060-5a85f57b	22	4161	data/ai-evaluation/runs/jeonju-cone-20260919/NaVi-collect-20260919-024105-060-5a85f57b/22.argb	480	640
NaVi-collect-20260919-024105-060-5a85f57b	23	4370	data/ai-evaluation/runs/jeonju-cone-20260919/NaVi-collect-20260919-024105-060-5a85f57b/23.argb	480	640
NaVi-collect-20260919-024105-060-5a85f57b	24	4567	data/ai-evaluation/runs/jeonju-cone-20260919/NaVi-collect-20260919-024105-060-5a85f57b/24.argb	480	640
NaVi-collect-20260919-024105-060-5a85f57b	25	4781	data/ai-evaluation/runs/jeonju-cone-20260919/NaVi-collect-20260919-024105-060-5a85f57b/25.argb	480	640
NaVi-collect-20260919-024105-060-5a85f57b	26	4971	data/ai-evaluation/runs/jeonju-cone-20260919/NaVi-collect-20260919-024105-060-5a85f57b/26.argb	480	640
NaVi-collect-20260919-024105-060-5a85f57b	27	5173	data/ai-evaluation/runs/jeonju-cone-20260919/NaVi-collect-20260919-024105-060-5a85f57b/27.argb	480	640
NaVi-collect-20260919-024105-060-5a85f57b	28	5394	data/ai-evaluation/runs/jeonju-cone-20260919/NaVi-collect-20260919-024105-060-5a85f57b/28.argb	480	640
NaVi-collect-20260919-024105-060-5a85f57b	29	5581	data/ai-evaluation/runs/jeonju-cone-20260919/NaVi-collect-20260919-024105-060-5a85f57b/29.argb	480	640
NaVi-collect-20260919-024105-060-5a85f57b	31	5992	data/ai-evaluation/runs/jeonju-cone-20260919/NaVi-collect-20260919-024105-060-5a85f57b/31.argb	480	640
NaVi-collect-20260919-024105-060-5a85f57b	32	6189	data/ai-evaluation/runs/jeonju-cone-20260919/NaVi-collect-20260919-024105-060-5a85f57b/32.argb	480	640
NaVi-collect-20260919-024105-060-5a85f57b	33	6403	data/ai-evaluation/runs/jeonju-cone-20260919/NaVi-collect-20260919-024105-060-5a85f57b/33.argb	480	640
NaVi-collect-20260919-024105-060-5a85f57b	34	6597	data/ai-evaluation/runs/jeonju-cone-20260919/NaVi-collect-20260919-024105-060-5a85f57b/34.argb	480	640
NaVi-collect-20260919-024105-060-5a85f57b	35	6799	data/ai-evaluation/runs/jeonju-cone-20260919/NaVi-collect-20260919-024105-060-5a85f57b/35.argb	480	640
NaVi-collect-20260919-024105-060-5a85f57b	37	7188	data/ai-evaluation/runs/jeonju-cone-20260919/NaVi-collect-20260919-024105-060-5a85f57b/37.argb	480	640
NaVi-collect-20260919-024105-060-5a85f57b	38	7437	data/ai-evaluation/runs/jeonju-cone-20260919/NaVi-collect-20260919-024105-060-5a85f57b/38.argb	480	640
NaVi-collect-20260919-024105-060-5a85f57b	39	7615	data/ai-evaluation/runs/jeonju-cone-20260919/NaVi-collect-20260919-024105-060-5a85f57b/39.argb	480	640
NaVi-collect-20260919-024105-060-5a85f57b	40	7813	data/ai-evaluation/runs/jeonju-cone-20260919/NaVi-collect-20260919-024105-060-5a85f57b/40.argb	480	640
NaVi-collect-20260919-024105-060-5a85f57b	41	8027	data/ai-evaluation/runs/jeonju-cone-20260919/NaVi-collect-20260919-024105-060-5a85f57b/41.argb	480	640
NaVi-collect-20260919-024105-060-5a85f57b	42	8246	data/ai-evaluation/runs/jeonju-cone-20260919/NaVi-collect-20260919-024105-060-5a85f57b/42.argb	480	640
NaVi-collect-20260919-024105-060-5a85f57b	43	8422	data/ai-evaluation/runs/jeonju-cone-20260919/NaVi-collect-20260919-024105-060-5a85f57b/43.argb	480	640
NaVi-collect-20260919-024105-060-5a85f57b	45	8815	data/ai-evaluation/runs/jeonju-cone-20260919/NaVi-collect-20260919-024105-060-5a85f57b/45.argb	480	640
NaVi-collect-20260919-024105-060-5a85f57b	46	9039	data/ai-evaluation/runs/jeonju-cone-20260919/NaVi-collect-20260919-024105-060-5a85f57b/46.argb	480	640
NaVi-collect-20260919-024105-060-5a85f57b	47	9219	data/ai-evaluation/runs/jeonju-cone-20260919/NaVi-collect-20260919-024105-060-5a85f57b/47.argb	480	640
NaVi-collect-20260919-024105-060-5a85f57b	48	9421	data/ai-evaluation/runs/jeonju-cone-20260919/NaVi-collect-20260919-024105-060-5a85f57b/48.argb	480	640
NaVi-collect-20260919-024105-060-5a85f57b	49	9620	data/ai-evaluation/runs/jeonju-cone-20260919/NaVi-collect-20260919-024105-060-5a85f57b/49.argb	480	640
NaVi-collect-20260919-024105-060-5a85f57b	50	9817	data/ai-evaluation/runs/jeonju-cone-20260919/NaVi-collect-20260919-024105-060-5a85f57b/50.argb	480	640
NaVi-collect-20260919-024105-060-5a85f57b	51	10038	data/ai-evaluation/runs/jeonju-cone-20260919/NaVi-collect-20260919-024105-060-5a85f57b/51.argb	480	640
NaVi-collect-20260919-024105-060-5a85f57b	53	10426	data/ai-evaluation/runs/jeonju-cone-20260919/NaVi-collect-20260919-024105-060-5a85f57b/53.argb	480	640
NaVi-collect-20260919-024105-060-5a85f57b	54	10618	data/ai-evaluation/runs/jeonju-cone-20260919/NaVi-collect-20260919-024105-060-5a85f57b/54.argb	480	640
NaVi-collect-20260919-024105-060-5a85f57b	55	10822	data/ai-evaluation/runs/jeonju-cone-20260919/NaVi-collect-20260919-024105-060-5a85f57b/55.argb	480	640
NaVi-collect-20260919-024105-060-5a85f57b	56	11019	data/ai-evaluation/runs/jeonju-cone-20260919/NaVi-collect-20260919-024105-060-5a85f57b/56.argb	480	640
NaVi-collect-20260919-024105-060-5a85f57b	57	11220	data/ai-evaluation/runs/jeonju-cone-20260919/NaVi-collect-20260919-024105-060-5a85f57b/57.argb	480	640
NaVi-collect-20260919-024105-060-5a85f57b	58	11422	data/ai-evaluation/runs/jeonju-cone-20260919/NaVi-collect-20260919-024105-060-5a85f57b/58.argb	480	640
NaVi-collect-20260919-024105-060-5a85f57b	59	11626	data/ai-evaluation/runs/jeonju-cone-20260919/NaVi-collect-20260919-024105-060-5a85f57b/59.argb	480	640
NaVi-collect-20260919-024105-060-5a85f57b	60	11822	data/ai-evaluation/runs/jeonju-cone-20260919/NaVi-collect-20260919-024105-060-5a85f57b/60.argb	480	640
NaVi-collect-20260919-024105-060-5a85f57b	61	12020	data/ai-evaluation/runs/jeonju-cone-20260919/NaVi-collect-20260919-024105-060-5a85f57b/61.argb	480	640
NaVi-collect-20260919-024105-060-5a85f57b	62	12218	data/ai-evaluation/runs/jeonju-cone-20260919/NaVi-collect-20260919-024105-060-5a85f57b/62.argb	480	640
NaVi-collect-20260919-024105-060-5a85f57b	63	12449	data/ai-evaluation/runs/jeonju-cone-20260919/NaVi-collect-20260919-024105-060-5a85f57b/63.argb	480	640
NaVi-collect-20260919-024105-060-5a85f57b	64	12641	data/ai-evaluation/runs/jeonju-cone-20260919/NaVi-collect-20260919-024105-060-5a85f57b/64.argb	480	640
NaVi-collect-20260919-024105-060-5a85f57b	65	12840	data/ai-evaluation/runs/jeonju-cone-20260919/NaVi-collect-20260919-024105-060-5a85f57b/65.argb	480	640
NaVi-collect-20260919-024105-060-5a85f57b	66	13058	data/ai-evaluation/runs/jeonju-cone-20260919/NaVi-collect-20260919-024105-060-5a85f57b/66.argb	480	640
NaVi-collect-20260919-024105-060-5a85f57b	67	13290	data/ai-evaluation/runs/jeonju-cone-20260919/NaVi-collect-20260919-024105-060-5a85f57b/67.argb	480	640
NaVi-collect-20260919-024105-060-5a85f57b	68	13526	data/ai-evaluation/runs/jeonju-cone-20260919/NaVi-collect-20260919-024105-060-5a85f57b/68.argb	480	640
NaVi-collect-20260919-024105-060-5a85f57b	69	13732	data/ai-evaluation/runs/jeonju-cone-20260919/NaVi-collect-20260919-024105-060-5a85f57b/69.argb	480	640
NaVi-collect-20260919-024105-060-5a85f57b	70	13956	data/ai-evaluation/runs/jeonju-cone-20260919/NaVi-collect-20260919-024105-060-5a85f57b/70.argb	480	640
NaVi-collect-20260919-024105-060-5a85f57b	71	14161	data/ai-evaluation/runs/jeonju-cone-20260919/NaVi-collect-20260919-024105-060-5a85f57b/71.argb	480	640
NaVi-collect-20260919-024105-060-5a85f57b	72	14357	data/ai-evaluation/runs/jeonju-cone-20260919/NaVi-collect-20260919-024105-060-5a85f57b/72.argb	480	640
NaVi-collect-20260919-024105-060-5a85f57b	73	14565	data/ai-evaluation/runs/jeonju-cone-20260919/NaVi-collect-20260919-024105-060-5a85f57b/73.argb	480	640
NaVi-collect-20260919-024105-060-5a85f57b	74	14772	data/ai-evaluation/runs/jeonju-cone-20260919/NaVi-collect-20260919-024105-060-5a85f57b/74.argb	480	640
NaVi-collect-20260919-024105-060-5a85f57b	75	15000	data/ai-evaluation/runs/jeonju-cone-20260919/NaVi-collect-20260919-024105-060-5a85f57b/75.argb	480	640
NaVi-collect-20260919-024105-060-5a85f57b	76	15193	data/ai-evaluation/runs/jeonju-cone-20260919/NaVi-collect-20260919-024105-060-5a85f57b/76.argb	480	640
NaVi-collect-20260919-024105-060-5a85f57b	77	15400	data/ai-evaluation/runs/jeonju-cone-20260919/NaVi-collect-20260919-024105-060-5a85f57b/77.argb	480	640
NaVi-collect-20260919-024105-060-5a85f57b	78	15599	data/ai-evaluation/runs/jeonju-cone-20260919/NaVi-collect-20260919-024105-060-5a85f57b/78.argb	480	640
NaVi-collect-20260919-024105-060-5a85f57b	79	15827	data/ai-evaluation/runs/jeonju-cone-20260919/NaVi-collect-20260919-024105-060-5a85f57b/79.argb	480	640
NaVi-collect-20260919-024105-060-5a85f57b	80	16057	data/ai-evaluation/runs/jeonju-cone-20260919/NaVi-collect-20260919-024105-060-5a85f57b/80.argb	480	640
NaVi-collect-20260919-024105-060-5a85f57b	81	16258	data/ai-evaluation/runs/jeonju-cone-20260919/NaVi-collect-20260919-024105-060-5a85f57b/81.argb	480	640
NaVi-collect-20260919-024105-060-5a85f57b	82	16459	data/ai-evaluation/runs/jeonju-cone-20260919/NaVi-collect-20260919-024105-060-5a85f57b/82.argb	480	640
NaVi-collect-20260919-024105-060-5a85f57b	83	16676	data/ai-evaluation/runs/jeonju-cone-20260919/NaVi-collect-20260919-024105-060-5a85f57b/83.argb	480	640
NaVi-collect-20260919-024105-060-5a85f57b	84	16898	data/ai-evaluation/runs/jeonju-cone-20260919/NaVi-collect-20260919-024105-060-5a85f57b/84.argb	480	640
NaVi-collect-20260919-024105-060-5a85f57b	85	17105	data/ai-evaluation/runs/jeonju-cone-20260919/NaVi-collect-20260919-024105-060-5a85f57b/85.argb	480	640
NaVi-collect-20260919-024105-060-5a85f57b	86	17293	data/ai-evaluation/runs/jeonju-cone-20260919/NaVi-collect-20260919-024105-060-5a85f57b/86.argb	480	640
NaVi-collect-20260919-024105-060-5a85f57b	87	17528	data/ai-evaluation/runs/jeonju-cone-20260919/NaVi-collect-20260919-024105-060-5a85f57b/87.argb	480	640
NaVi-collect-20260919-024105-060-5a85f57b	88	17734	data/ai-evaluation/runs/jeonju-cone-20260919/NaVi-collect-20260919-024105-060-5a85f57b/88.argb	480	640
NaVi-collect-20260919-024105-060-5a85f57b	89	17941	data/ai-evaluation/runs/jeonju-cone-20260919/NaVi-collect-20260919-024105-060-5a85f57b/89.argb	480	640
NaVi-collect-20260919-024105-060-5a85f57b	90	18158	data/ai-evaluation/runs/jeonju-cone-20260919/NaVi-collect-20260919-024105-060-5a85f57b/90.argb	480	640
NaVi-collect-20260919-024105-060-5a85f57b	91	18398	data/ai-evaluation/runs/jeonju-cone-20260919/NaVi-collect-20260919-024105-060-5a85f57b/91.argb	480	640
NaVi-collect-20260919-024105-060-5a85f57b	92	18627	data/ai-evaluation/runs/jeonju-cone-20260919/NaVi-collect-20260919-024105-060-5a85f57b/92.argb	480	640
NaVi-collect-20260919-024105-060-5a85f57b	93	18826	data/ai-evaluation/runs/jeonju-cone-20260919/NaVi-collect-20260919-024105-060-5a85f57b/93.argb	480	640
NaVi-collect-20260919-024105-060-5a85f57b	94	19078	data/ai-evaluation/runs/jeonju-cone-20260919/NaVi-collect-20260919-024105-060-5a85f57b/94.argb	480	640
NaVi-collect-20260919-024105-060-5a85f57b	95	19280	data/ai-evaluation/runs/jeonju-cone-20260919/NaVi-collect-20260919-024105-060-5a85f57b/95.argb	480	640
NaVi-collect-20260919-024105-060-5a85f57b	96	19460	data/ai-evaluation/runs/jeonju-cone-20260919/NaVi-collect-20260919-024105-060-5a85f57b/96.argb	480	640
NaVi-collect-20260919-024105-060-5a85f57b	97	19659	data/ai-evaluation/runs/jeonju-cone-20260919/NaVi-collect-20260919-024105-060-5a85f57b/97.argb	480	640
NaVi-collect-20260919-024105-060-5a85f57b	98	19898	data/ai-evaluation/runs/jeonju-cone-20260919/NaVi-collect-20260919-024105-060-5a85f57b/98.argb	480	640
NaVi-collect-20260919-024105-060-5a85f57b	99	20120	data/ai-evaluation/runs/jeonju-cone-20260919/NaVi-collect-20260919-024105-060-5a85f57b/99.argb	480	640
NaVi-collect-20260919-024105-060-5a85f57b	100	20360	data/ai-evaluation/runs/jeonju-cone-20260919/NaVi-collect-20260919-024105-060-5a85f57b/100.argb	480	640
NaVi-collect-20260919-024105-060-5a85f57b	101	20568	data/ai-evaluation/runs/jeonju-cone-20260919/NaVi-collect-20260919-024105-060-5a85f57b/101.argb	480	640
NaVi-collect-20260919-024105-060-5a85f57b	102	20772	data/ai-evaluation/runs/jeonju-cone-20260919/NaVi-collect-20260919-024105-060-5a85f57b/102.argb	480	640
NaVi-collect-20260919-024105-060-5a85f57b	103	20947	data/ai-evaluation/runs/jeonju-cone-20260919/NaVi-collect-20260919-024105-060-5a85f57b/103.argb	480	640
NaVi-collect-20260919-024105-060-5a85f57b	104	21158	data/ai-evaluation/runs/jeonju-cone-20260919/NaVi-collect-20260919-024105-060-5a85f57b/104.argb	480	640
NaVi-collect-20260919-024105-060-5a85f57b	105	21398	data/ai-evaluation/runs/jeonju-cone-20260919/NaVi-collect-20260919-024105-060-5a85f57b/105.argb	480	640
NaVi-collect-20260919-024105-060-5a85f57b	106	21639	data/ai-evaluation/runs/jeonju-cone-20260919/NaVi-collect-20260919-024105-060-5a85f57b/106.argb	480	640
NaVi-collect-20260919-024105-060-5a85f57b	107	21864	data/ai-evaluation/runs/jeonju-cone-20260919/NaVi-collect-20260919-024105-060-5a85f57b/107.argb	480	640
NaVi-collect-20260919-024105-060-5a85f57b	108	22071	data/ai-evaluation/runs/jeonju-cone-20260919/NaVi-collect-20260919-024105-060-5a85f57b/108.argb	480	640
NaVi-collect-20260919-024105-060-5a85f57b	109	22254	data/ai-evaluation/runs/jeonju-cone-20260919/NaVi-collect-20260919-024105-060-5a85f57b/109.argb	480	640
NaVi-collect-20260919-024105-060-5a85f57b	110	22496	data/ai-evaluation/runs/jeonju-cone-20260919/NaVi-collect-20260919-024105-060-5a85f57b/110.argb	480	640
NaVi-collect-20260919-024105-060-5a85f57b	111	22729	data/ai-evaluation/runs/jeonju-cone-20260919/NaVi-collect-20260919-024105-060-5a85f57b/111.argb	480	640
NaVi-collect-20260919-024105-060-5a85f57b	112	22940	data/ai-evaluation/runs/jeonju-cone-20260919/NaVi-collect-20260919-024105-060-5a85f57b/112.argb	480	640
NaVi-collect-20260919-024105-060-5a85f57b	113	23139	data/ai-evaluation/runs/jeonju-cone-20260919/NaVi-collect-20260919-024105-060-5a85f57b/113.argb	480	640
NaVi-collect-20260919-024105-060-5a85f57b	114	23347	data/ai-evaluation/runs/jeonju-cone-20260919/NaVi-collect-20260919-024105-060-5a85f57b/114.argb	480	640
NaVi-collect-20260919-024105-060-5a85f57b	115	23539	data/ai-evaluation/runs/jeonju-cone-20260919/NaVi-collect-20260919-024105-060-5a85f57b/115.argb	480	640
NaVi-collect-20260919-024105-060-5a85f57b	116	23732	data/ai-evaluation/runs/jeonju-cone-20260919/NaVi-collect-20260919-024105-060-5a85f57b/116.argb	480	640
NaVi-collect-20260919-024105-060-5a85f57b	117	23960	data/ai-evaluation/runs/jeonju-cone-20260919/NaVi-collect-20260919-024105-060-5a85f57b/117.argb	480	640
NaVi-collect-20260919-024105-060-5a85f57b	118	24195	data/ai-evaluation/runs/jeonju-cone-20260919/NaVi-collect-20260919-024105-060-5a85f57b/118.argb	480	640
NaVi-collect-20260919-024105-060-5a85f57b	119	24425	data/ai-evaluation/runs/jeonju-cone-20260919/NaVi-collect-20260919-024105-060-5a85f57b/119.argb	480	640
NaVi-collect-20260919-024105-060-5a85f57b	120	24679	data/ai-evaluation/runs/jeonju-cone-20260919/NaVi-collect-20260919-024105-060-5a85f57b/120.argb	480	640
NaVi-collect-20260919-024105-060-5a85f57b	121	24938	data/ai-evaluation/runs/jeonju-cone-20260919/NaVi-collect-20260919-024105-060-5a85f57b/121.argb	480	640
NaVi-collect-20260919-024105-060-5a85f57b	122	25105	data/ai-evaluation/runs/jeonju-cone-20260919/NaVi-collect-20260919-024105-060-5a85f57b/122.argb	480	640
NaVi-collect-20260919-024105-060-5a85f57b	123	25322	data/ai-evaluation/runs/jeonju-cone-20260919/NaVi-collect-20260919-024105-060-5a85f57b/123.argb	480	640
NaVi-collect-20260919-024105-060-5a85f57b	124	25526	data/ai-evaluation/runs/jeonju-cone-20260919/NaVi-collect-20260919-024105-060-5a85f57b/124.argb	480	640
NaVi-collect-20260919-024105-060-5a85f57b	125	25725	data/ai-evaluation/runs/jeonju-cone-20260919/NaVi-collect-20260919-024105-060-5a85f57b/125.argb	480	640
NaVi-collect-20260919-024105-060-5a85f57b	126	25972	data/ai-evaluation/runs/jeonju-cone-20260919/NaVi-collect-20260919-024105-060-5a85f57b/126.argb	480	640
NaVi-collect-20260919-024105-060-5a85f57b	127	26205	data/ai-evaluation/runs/jeonju-cone-20260919/NaVi-collect-20260919-024105-060-5a85f57b/127.argb	480	640
NaVi-collect-20260919-024105-060-5a85f57b	128	26394	data/ai-evaluation/runs/jeonju-cone-20260919/NaVi-collect-20260919-024105-060-5a85f57b/128.argb	480	640
NaVi-collect-20260919-024105-060-5a85f57b	129	26599	data/ai-evaluation/runs/jeonju-cone-20260919/NaVi-collect-20260919-024105-060-5a85f57b/129.argb	480	640
NaVi-collect-20260919-024105-060-5a85f57b	130	26802	data/ai-evaluation/runs/jeonju-cone-20260919/NaVi-collect-20260919-024105-060-5a85f57b/130.argb	480	640
NaVi-collect-20260919-024105-060-5a85f57b	131	27005	data/ai-evaluation/runs/jeonju-cone-20260919/NaVi-collect-20260919-024105-060-5a85f57b/131.argb	480	640
NaVi-collect-20260919-024105-060-5a85f57b	132	27245	data/ai-evaluation/runs/jeonju-cone-20260919/NaVi-collect-20260919-024105-060-5a85f57b/132.argb	480	640
NaVi-collect-20260919-024105-060-5a85f57b	133	27432	data/ai-evaluation/runs/jeonju-cone-20260919/NaVi-collect-20260919-024105-060-5a85f57b/133.argb	480	640
NaVi-collect-20260919-024105-060-5a85f57b	134	27675	data/ai-evaluation/runs/jeonju-cone-20260919/NaVi-collect-20260919-024105-060-5a85f57b/134.argb	480	640
NaVi-collect-20260919-024105-060-5a85f57b	136	28094	data/ai-evaluation/runs/jeonju-cone-20260919/NaVi-collect-20260919-024105-060-5a85f57b/136.argb	480	640
NaVi-collect-20260919-024105-060-5a85f57b	137	28328	data/ai-evaluation/runs/jeonju-cone-20260919/NaVi-collect-20260919-024105-060-5a85f57b/137.argb	480	640
NaVi-collect-20260919-024105-060-5a85f57b	138	28557	data/ai-evaluation/runs/jeonju-cone-20260919/NaVi-collect-20260919-024105-060-5a85f57b/138.argb	480	640
NaVi-collect-20260919-024105-060-5a85f57b	139	28767	data/ai-evaluation/runs/jeonju-cone-20260919/NaVi-collect-20260919-024105-060-5a85f57b/139.argb	480	640
NaVi-collect-20260919-024105-060-5a85f57b	140	28966	data/ai-evaluation/runs/jeonju-cone-20260919/NaVi-collect-20260919-024105-060-5a85f57b/140.argb	480	640
NaVi-collect-20260919-024105-060-5a85f57b	141	29199	data/ai-evaluation/runs/jeonju-cone-20260919/NaVi-collect-20260919-024105-060-5a85f57b/141.argb	480	640
NaVi-collect-20260919-024105-060-5a85f57b	142	29402	data/ai-evaluation/runs/jeonju-cone-20260919/NaVi-collect-20260919-024105-060-5a85f57b/142.argb	480	640
NaVi-collect-20260919-024105-060-5a85f57b	143	29612	data/ai-evaluation/runs/jeonju-cone-20260919/NaVi-collect-20260919-024105-060-5a85f57b/143.argb	480	640
NaVi-collect-20260919-024105-060-5a85f57b	144	29836	data/ai-evaluation/runs/jeonju-cone-20260919/NaVi-collect-20260919-024105-060-5a85f57b/144.argb	480	640
NaVi-collect-20260919-024105-060-5a85f57b	145	30030	data/ai-evaluation/runs/jeonju-cone-20260919/NaVi-collect-20260919-024105-060-5a85f57b/145.argb	480	640
NaVi-collect-20260919-024105-060-5a85f57b	146	30234	data/ai-evaluation/runs/jeonju-cone-20260919/NaVi-collect-20260919-024105-060-5a85f57b/146.argb	480	640
NaVi-collect-20260919-024105-060-5a85f57b	147	30461	data/ai-evaluation/runs/jeonju-cone-20260919/NaVi-collect-20260919-024105-060-5a85f57b/147.argb	480	640
NaVi-collect-20260919-024105-060-5a85f57b	148	30697	data/ai-evaluation/runs/jeonju-cone-20260919/NaVi-collect-20260919-024105-060-5a85f57b/148.argb	480	640
NaVi-collect-20260919-024105-060-5a85f57b	149	30934	data/ai-evaluation/runs/jeonju-cone-20260919/NaVi-collect-20260919-024105-060-5a85f57b/149.argb	480	640
NaVi-collect-20260919-024105-060-5a85f57b	150	31165	data/ai-evaluation/runs/jeonju-cone-20260919/NaVi-collect-20260919-024105-060-5a85f57b/150.argb	480	640
NaVi-collect-20260919-024105-060-5a85f57b	151	31402	data/ai-evaluation/runs/jeonju-cone-20260919/NaVi-collect-20260919-024105-060-5a85f57b/151.argb	480	640
NaVi-collect-20260919-024105-060-5a85f57b	152	31606	data/ai-evaluation/runs/jeonju-cone-20260919/NaVi-collect-20260919-024105-060-5a85f57b/152.argb	480	640
NaVi-collect-20260919-024105-060-5a85f57b	153	31797	data/ai-evaluation/runs/jeonju-cone-20260919/NaVi-collect-20260919-024105-060-5a85f57b/153.argb	480	640
NaVi-collect-20260919-024105-060-5a85f57b	154	31996	data/ai-evaluation/runs/jeonju-cone-20260919/NaVi-collect-20260919-024105-060-5a85f57b/154.argb	480	640
NaVi-collect-20260919-024105-060-5a85f57b	155	32197	data/ai-evaluation/runs/jeonju-cone-20260919/NaVi-collect-20260919-024105-060-5a85f57b/155.argb	480	640
NaVi-collect-20260919-024105-060-5a85f57b	156	32398	data/ai-evaluation/runs/jeonju-cone-20260919/NaVi-collect-20260919-024105-060-5a85f57b/156.argb	480	640
NaVi-collect-20260919-024105-060-5a85f57b	157	32604	data/ai-evaluation/runs/jeonju-cone-20260919/NaVi-collect-20260919-024105-060-5a85f57b/157.argb	480	640
NaVi-collect-20260919-024105-060-5a85f57b	158	32813	data/ai-evaluation/runs/jeonju-cone-20260919/NaVi-collect-20260919-024105-060-5a85f57b/158.argb	480	640
NaVi-collect-20260919-024105-060-5a85f57b	159	32997	data/ai-evaluation/runs/jeonju-cone-20260919/NaVi-collect-20260919-024105-060-5a85f57b/159.argb	480	640
NaVi-collect-20260919-024105-060-5a85f57b	160	33217	data/ai-evaluation/runs/jeonju-cone-20260919/NaVi-collect-20260919-024105-060-5a85f57b/160.argb	480	640
NaVi-collect-20260919-024105-060-5a85f57b	161	33405	data/ai-evaluation/runs/jeonju-cone-20260919/NaVi-collect-20260919-024105-060-5a85f57b/161.argb	480	640
NaVi-collect-20260919-024105-060-5a85f57b	162	33604	data/ai-evaluation/runs/jeonju-cone-20260919/NaVi-collect-20260919-024105-060-5a85f57b/162.argb	480	640
NaVi-collect-20260919-024105-060-5a85f57b	163	33812	data/ai-evaluation/runs/jeonju-cone-20260919/NaVi-collect-20260919-024105-060-5a85f57b/163.argb	480	640
NaVi-collect-20260919-024105-060-5a85f57b	164	34001	data/ai-evaluation/runs/jeonju-cone-20260919/NaVi-collect-20260919-024105-060-5a85f57b/164.argb	480	640
NaVi-collect-20260919-024105-060-5a85f57b	165	34217	data/ai-evaluation/runs/jeonju-cone-20260919/NaVi-collect-20260919-024105-060-5a85f57b/165.argb	480	640
NaVi-collect-20260919-024105-060-5a85f57b	166	34414	data/ai-evaluation/runs/jeonju-cone-20260919/NaVi-collect-20260919-024105-060-5a85f57b/166.argb	480	640
NaVi-collect-20260919-024105-060-5a85f57b	168	34807	data/ai-evaluation/runs/jeonju-cone-20260919/NaVi-collect-20260919-024105-060-5a85f57b/168.argb	480	640
NaVi-collect-20260919-024105-060-5a85f57b	169	35018	data/ai-evaluation/runs/jeonju-cone-20260919/NaVi-collect-20260919-024105-060-5a85f57b/169.argb	480	640
NaVi-collect-20260919-024105-060-5a85f57b	170	35218	data/ai-evaluation/runs/jeonju-cone-20260919/NaVi-collect-20260919-024105-060-5a85f57b/170.argb	480	640
NaVi-collect-20260919-024105-060-5a85f57b	171	35428	data/ai-evaluation/runs/jeonju-cone-20260919/NaVi-collect-20260919-024105-060-5a85f57b/171.argb	480	640
NaVi-collect-20260919-024105-060-5a85f57b	172	35618	data/ai-evaluation/runs/jeonju-cone-20260919/NaVi-collect-20260919-024105-060-5a85f57b/172.argb	480	640
NaVi-collect-20260919-024105-060-5a85f57b	173	35817	data/ai-evaluation/runs/jeonju-cone-20260919/NaVi-collect-20260919-024105-060-5a85f57b/173.argb	480	640
NaVi-collect-20260919-024105-060-5a85f57b	175	36206	data/ai-evaluation/runs/jeonju-cone-20260919/NaVi-collect-20260919-024105-060-5a85f57b/175.argb	480	640
NaVi-collect-20260919-024105-060-5a85f57b	176	36412	data/ai-evaluation/runs/jeonju-cone-20260919/NaVi-collect-20260919-024105-060-5a85f57b/176.argb	480	640
NaVi-collect-20260919-024105-060-5a85f57b	177	36627	data/ai-evaluation/runs/jeonju-cone-20260919/NaVi-collect-20260919-024105-060-5a85f57b/177.argb	480	640
NaVi-collect-20260919-024105-060-5a85f57b	178	36821	data/ai-evaluation/runs/jeonju-cone-20260919/NaVi-collect-20260919-024105-060-5a85f57b/178.argb	480	640
NaVi-collect-20260919-024105-060-5a85f57b	179	37030	data/ai-evaluation/runs/jeonju-cone-20260919/NaVi-collect-20260919-024105-060-5a85f57b/179.argb	480	640
NaVi-collect-20260919-024105-060-5a85f57b	180	37219	data/ai-evaluation/runs/jeonju-cone-20260919/NaVi-collect-20260919-024105-060-5a85f57b/180.argb	480	640
NaVi-collect-20260919-024105-060-5a85f57b	181	37423	data/ai-evaluation/runs/jeonju-cone-20260919/NaVi-collect-20260919-024105-060-5a85f57b/181.argb	480	640
NaVi-collect-20260919-024105-060-5a85f57b	183	37830	data/ai-evaluation/runs/jeonju-cone-20260919/NaVi-collect-20260919-024105-060-5a85f57b/183.argb	480	640
NaVi-collect-20260919-024105-060-5a85f57b	184	38022	data/ai-evaluation/runs/jeonju-cone-20260919/NaVi-collect-20260919-024105-060-5a85f57b/184.argb	480	640
NaVi-collect-20260919-024105-060-5a85f57b	185	38224	data/ai-evaluation/runs/jeonju-cone-20260919/NaVi-collect-20260919-024105-060-5a85f57b/185.argb	480	640
NaVi-collect-20260919-024105-060-5a85f57b	186	38422	data/ai-evaluation/runs/jeonju-cone-20260919/NaVi-collect-20260919-024105-060-5a85f57b/186.argb	480	640
NaVi-collect-20260919-024105-060-5a85f57b	187	38636	data/ai-evaluation/runs/jeonju-cone-20260919/NaVi-collect-20260919-024105-060-5a85f57b/187.argb	480	640
NaVi-collect-20260919-024105-060-5a85f57b	188	38838	data/ai-evaluation/runs/jeonju-cone-20260919/NaVi-collect-20260919-024105-060-5a85f57b/188.argb	480	640
NaVi-collect-20260919-024105-060-5a85f57b	189	39015	data/ai-evaluation/runs/jeonju-cone-20260919/NaVi-collect-20260919-024105-060-5a85f57b/189.argb	480	640
NaVi-collect-20260919-024105-060-5a85f57b	190	39220	data/ai-evaluation/runs/jeonju-cone-20260919/NaVi-collect-20260919-024105-060-5a85f57b/190.argb	480	640
NaVi-collect-20260919-024105-060-5a85f57b	192	39627	data/ai-evaluation/runs/jeonju-cone-20260919/NaVi-collect-20260919-024105-060-5a85f57b/192.argb	480	640
NaVi-collect-20260919-024105-060-5a85f57b	193	39834	data/ai-evaluation/runs/jeonju-cone-20260919/NaVi-collect-20260919-024105-060-5a85f57b/193.argb	480	640
NaVi-collect-20260919-024105-060-5a85f57b	194	40032	data/ai-evaluation/runs/jeonju-cone-20260919/NaVi-collect-20260919-024105-060-5a85f57b/194.argb	480	640
NaVi-collect-20260919-024105-060-5a85f57b	195	40224	data/ai-evaluation/runs/jeonju-cone-20260919/NaVi-collect-20260919-024105-060-5a85f57b/195.argb	480	640
NaVi-collect-20260919-024105-060-5a85f57b	196	40437	data/ai-evaluation/runs/jeonju-cone-20260919/NaVi-collect-20260919-024105-060-5a85f57b/196.argb	480	640
NaVi-collect-20260919-024105-060-5a85f57b	197	40629	data/ai-evaluation/runs/jeonju-cone-20260919/NaVi-collect-20260919-024105-060-5a85f57b/197.argb	480	640
NaVi-collect-20260919-024105-060-5a85f57b	198	40826	data/ai-evaluation/runs/jeonju-cone-20260919/NaVi-collect-20260919-024105-060-5a85f57b/198.argb	480	640
NaVi-collect-20260919-024105-060-5a85f57b	199	41024	data/ai-evaluation/runs/jeonju-cone-20260919/NaVi-collect-20260919-024105-060-5a85f57b/199.argb	480	640
NaVi-collect-20260919-024105-060-5a85f57b	200	41232	data/ai-evaluation/runs/jeonju-cone-20260919/NaVi-collect-20260919-024105-060-5a85f57b/200.argb	480	640
NaVi-collect-20260919-024105-060-5a85f57b	201	41426	data/ai-evaluation/runs/jeonju-cone-20260919/NaVi-collect-20260919-024105-060-5a85f57b/201.argb	480	640
NaVi-collect-20260919-024105-060-5a85f57b	202	41637	data/ai-evaluation/runs/jeonju-cone-20260919/NaVi-collect-20260919-024105-060-5a85f57b/202.argb	480	640
NaVi-collect-20260919-024105-060-5a85f57b	204	42035	data/ai-evaluation/runs/jeonju-cone-20260919/NaVi-collect-20260919-024105-060-5a85f57b/204.argb	480	640
NaVi-collect-20260919-024105-060-5a85f57b	205	42235	data/ai-evaluation/runs/jeonju-cone-20260919/NaVi-collect-20260919-024105-060-5a85f57b/205.argb	480	640
NaVi-collect-20260919-024105-060-5a85f57b	206	42428	data/ai-evaluation/runs/jeonju-cone-20260919/NaVi-collect-20260919-024105-060-5a85f57b/206.argb	480	640
NaVi-collect-20260919-024105-060-5a85f57b	207	42641	data/ai-evaluation/runs/jeonju-cone-20260919/NaVi-collect-20260919-024105-060-5a85f57b/207.argb	480	640
NaVi-collect-20260919-024105-060-5a85f57b	208	42826	data/ai-evaluation/runs/jeonju-cone-20260919/NaVi-collect-20260919-024105-060-5a85f57b/208.argb	480	640
NaVi-collect-20260919-024105-060-5a85f57b	209	43035	data/ai-evaluation/runs/jeonju-cone-20260919/NaVi-collect-20260919-024105-060-5a85f57b/209.argb	480	640
NaVi-collect-20260919-024105-060-5a85f57b	210	43250	data/ai-evaluation/runs/jeonju-cone-20260919/NaVi-collect-20260919-024105-060-5a85f57b/210.argb	480	640
NaVi-collect-20260919-024105-060-5a85f57b	211	43457	data/ai-evaluation/runs/jeonju-cone-20260919/NaVi-collect-20260919-024105-060-5a85f57b/211.argb	480	640
NaVi-collect-20260919-024105-060-5a85f57b	212	43627	data/ai-evaluation/runs/jeonju-cone-20260919/NaVi-collect-20260919-024105-060-5a85f57b/212.argb	480	640
NaVi-collect-20260919-024105-060-5a85f57b	213	43847	data/ai-evaluation/runs/jeonju-cone-20260919/NaVi-collect-20260919-024105-060-5a85f57b/213.argb	480	640
NaVi-collect-20260919-024105-060-5a85f57b	214	44033	data/ai-evaluation/runs/jeonju-cone-20260919/NaVi-collect-20260919-024105-060-5a85f57b/214.argb	480	640
NaVi-collect-20260919-024204-341-339c8af2	2	88	data/ai-evaluation/runs/jeonju-cone-20260919/NaVi-collect-20260919-024204-341-339c8af2/2.argb	480	640
NaVi-collect-20260919-024204-341-339c8af2	3	301	data/ai-evaluation/runs/jeonju-cone-20260919/NaVi-collect-20260919-024204-341-339c8af2/3.argb	480	640
NaVi-collect-20260919-024204-341-339c8af2	4	486	data/ai-evaluation/runs/jeonju-cone-20260919/NaVi-collect-20260919-024204-341-339c8af2/4.argb	480	640
NaVi-collect-20260919-024204-341-339c8af2	5	687	data/ai-evaluation/runs/jeonju-cone-20260919/NaVi-collect-20260919-024204-341-339c8af2/5.argb	480	640
NaVi-collect-20260919-024204-341-339c8af2	6	888	data/ai-evaluation/runs/jeonju-cone-20260919/NaVi-collect-20260919-024204-341-339c8af2/6.argb	480	640
NaVi-collect-20260919-024204-341-339c8af2	7	1103	data/ai-evaluation/runs/jeonju-cone-20260919/NaVi-collect-20260919-024204-341-339c8af2/7.argb	480	640
NaVi-collect-20260919-024204-341-339c8af2	8	1335	data/ai-evaluation/runs/jeonju-cone-20260919/NaVi-collect-20260919-024204-341-339c8af2/8.argb	480	640
NaVi-collect-20260919-024204-341-339c8af2	9	1528	data/ai-evaluation/runs/jeonju-cone-20260919/NaVi-collect-20260919-024204-341-339c8af2/9.argb	480	640
NaVi-collect-20260919-024204-341-339c8af2	10	1726	data/ai-evaluation/runs/jeonju-cone-20260919/NaVi-collect-20260919-024204-341-339c8af2/10.argb	480	640
NaVi-collect-20260919-024204-341-339c8af2	11	1920	data/ai-evaluation/runs/jeonju-cone-20260919/NaVi-collect-20260919-024204-341-339c8af2/11.argb	480	640
NaVi-collect-20260919-024204-341-339c8af2	12	2155	data/ai-evaluation/runs/jeonju-cone-20260919/NaVi-collect-20260919-024204-341-339c8af2/12.argb	480	640
NaVi-collect-20260919-024204-341-339c8af2	13	2418	data/ai-evaluation/runs/jeonju-cone-20260919/NaVi-collect-20260919-024204-341-339c8af2/13.argb	480	640
NaVi-collect-20260919-024204-341-339c8af2	14	2644	data/ai-evaluation/runs/jeonju-cone-20260919/NaVi-collect-20260919-024204-341-339c8af2/14.argb	480	640
NaVi-collect-20260919-024204-341-339c8af2	16	3080	data/ai-evaluation/runs/jeonju-cone-20260919/NaVi-collect-20260919-024204-341-339c8af2/16.argb	480	640
NaVi-collect-20260919-024204-341-339c8af2	17	3278	data/ai-evaluation/runs/jeonju-cone-20260919/NaVi-collect-20260919-024204-341-339c8af2/17.argb	480	640
NaVi-collect-20260919-024204-341-339c8af2	18	3511	data/ai-evaluation/runs/jeonju-cone-20260919/NaVi-collect-20260919-024204-341-339c8af2/18.argb	480	640
NaVi-collect-20260919-024204-341-339c8af2	19	3744	data/ai-evaluation/runs/jeonju-cone-20260919/NaVi-collect-20260919-024204-341-339c8af2/19.argb	480	640
NaVi-collect-20260919-024204-341-339c8af2	20	3951	data/ai-evaluation/runs/jeonju-cone-20260919/NaVi-collect-20260919-024204-341-339c8af2/20.argb	480	640
NaVi-collect-20260919-024204-341-339c8af2	22	4369	data/ai-evaluation/runs/jeonju-cone-20260919/NaVi-collect-20260919-024204-341-339c8af2/22.argb	480	640
NaVi-collect-20260919-024204-341-339c8af2	23	4582	data/ai-evaluation/runs/jeonju-cone-20260919/NaVi-collect-20260919-024204-341-339c8af2/23.argb	480	640
NaVi-collect-20260919-024204-341-339c8af2	24	4784	data/ai-evaluation/runs/jeonju-cone-20260919/NaVi-collect-20260919-024204-341-339c8af2/24.argb	480	640
NaVi-collect-20260919-024204-341-339c8af2	25	4980	data/ai-evaluation/runs/jeonju-cone-20260919/NaVi-collect-20260919-024204-341-339c8af2/25.argb	480	640
NaVi-collect-20260919-024204-341-339c8af2	27	5463	data/ai-evaluation/runs/jeonju-cone-20260919/NaVi-collect-20260919-024204-341-339c8af2/27.argb	480	640
NaVi-collect-20260919-024204-341-339c8af2	28	5680	data/ai-evaluation/runs/jeonju-cone-20260919/NaVi-collect-20260919-024204-341-339c8af2/28.argb	480	640
NaVi-collect-20260919-024204-341-339c8af2	29	5950	data/ai-evaluation/runs/jeonju-cone-20260919/NaVi-collect-20260919-024204-341-339c8af2/29.argb	480	640
NaVi-collect-20260919-024204-341-339c8af2	31	6367	data/ai-evaluation/runs/jeonju-cone-20260919/NaVi-collect-20260919-024204-341-339c8af2/31.argb	480	640
NaVi-collect-20260919-024204-341-339c8af2	32	6581	data/ai-evaluation/runs/jeonju-cone-20260919/NaVi-collect-20260919-024204-341-339c8af2/32.argb	480	640
NaVi-collect-20260919-024204-341-339c8af2	33	6743	data/ai-evaluation/runs/jeonju-cone-20260919/NaVi-collect-20260919-024204-341-339c8af2/33.argb	480	640
NaVi-collect-20260919-024204-341-339c8af2	34	6970	data/ai-evaluation/runs/jeonju-cone-20260919/NaVi-collect-20260919-024204-341-339c8af2/34.argb	480	640
NaVi-collect-20260919-024204-341-339c8af2	36	7415	data/ai-evaluation/runs/jeonju-cone-20260919/NaVi-collect-20260919-024204-341-339c8af2/36.argb	480	640
NaVi-collect-20260919-024204-341-339c8af2	37	7654	data/ai-evaluation/runs/jeonju-cone-20260919/NaVi-collect-20260919-024204-341-339c8af2/37.argb	480	640
NaVi-collect-20260919-024204-341-339c8af2	38	7846	data/ai-evaluation/runs/jeonju-cone-20260919/NaVi-collect-20260919-024204-341-339c8af2/38.argb	480	640
NaVi-collect-20260919-024204-341-339c8af2	40	8292	data/ai-evaluation/runs/jeonju-cone-20260919/NaVi-collect-20260919-024204-341-339c8af2/40.argb	480	640
NaVi-collect-20260919-024204-341-339c8af2	41	8468	data/ai-evaluation/runs/jeonju-cone-20260919/NaVi-collect-20260919-024204-341-339c8af2/41.argb	480	640
NaVi-collect-20260919-024204-341-339c8af2	43	8883	data/ai-evaluation/runs/jeonju-cone-20260919/NaVi-collect-20260919-024204-341-339c8af2/43.argb	480	640
NaVi-collect-20260919-024204-341-339c8af2	44	9153	data/ai-evaluation/runs/jeonju-cone-20260919/NaVi-collect-20260919-024204-341-339c8af2/44.argb	480	640
NaVi-collect-20260919-024204-341-339c8af2	45	9334	data/ai-evaluation/runs/jeonju-cone-20260919/NaVi-collect-20260919-024204-341-339c8af2/45.argb	480	640
NaVi-collect-20260919-024204-341-339c8af2	47	9761	data/ai-evaluation/runs/jeonju-cone-20260919/NaVi-collect-20260919-024204-341-339c8af2/47.argb	480	640
NaVi-collect-20260919-024204-341-339c8af2	48	9966	data/ai-evaluation/runs/jeonju-cone-20260919/NaVi-collect-20260919-024204-341-339c8af2/48.argb	480	640
NaVi-collect-20260919-024204-341-339c8af2	49	10193	data/ai-evaluation/runs/jeonju-cone-20260919/NaVi-collect-20260919-024204-341-339c8af2/49.argb	480	640
NaVi-collect-20260919-024204-341-339c8af2	51	10642	data/ai-evaluation/runs/jeonju-cone-20260919/NaVi-collect-20260919-024204-341-339c8af2/51.argb	480	640
NaVi-collect-20260919-024204-341-339c8af2	52	10850	data/ai-evaluation/runs/jeonju-cone-20260919/NaVi-collect-20260919-024204-341-339c8af2/52.argb	480	640
NaVi-collect-20260919-024204-341-339c8af2	53	11050	data/ai-evaluation/runs/jeonju-cone-20260919/NaVi-collect-20260919-024204-341-339c8af2/53.argb	480	640
NaVi-collect-20260919-024204-341-339c8af2	55	11488	data/ai-evaluation/runs/jeonju-cone-20260919/NaVi-collect-20260919-024204-341-339c8af2/55.argb	480	640
NaVi-collect-20260919-024204-341-339c8af2	56	11693	data/ai-evaluation/runs/jeonju-cone-20260919/NaVi-collect-20260919-024204-341-339c8af2/56.argb	480	640
NaVi-collect-20260919-024204-341-339c8af2	57	11873	data/ai-evaluation/runs/jeonju-cone-20260919/NaVi-collect-20260919-024204-341-339c8af2/57.argb	480	640
NaVi-collect-20260919-024204-341-339c8af2	58	12127	data/ai-evaluation/runs/jeonju-cone-20260919/NaVi-collect-20260919-024204-341-339c8af2/58.argb	480	640
NaVi-collect-20260919-024204-341-339c8af2	60	12518	data/ai-evaluation/runs/jeonju-cone-20260919/NaVi-collect-20260919-024204-341-339c8af2/60.argb	480	640
NaVi-collect-20260919-024204-341-339c8af2	61	12707	data/ai-evaluation/runs/jeonju-cone-20260919/NaVi-collect-20260919-024204-341-339c8af2/61.argb	480	640
NaVi-collect-20260919-024204-341-339c8af2	62	12943	data/ai-evaluation/runs/jeonju-cone-20260919/NaVi-collect-20260919-024204-341-339c8af2/62.argb	480	640
NaVi-collect-20260919-024204-341-339c8af2	63	13188	data/ai-evaluation/runs/jeonju-cone-20260919/NaVi-collect-20260919-024204-341-339c8af2/63.argb	480	640
NaVi-collect-20260919-024204-341-339c8af2	64	13402	data/ai-evaluation/runs/jeonju-cone-20260919/NaVi-collect-20260919-024204-341-339c8af2/64.argb	480	640
NaVi-collect-20260919-024204-341-339c8af2	66	13811	data/ai-evaluation/runs/jeonju-cone-20260919/NaVi-collect-20260919-024204-341-339c8af2/66.argb	480	640
NaVi-collect-20260919-024204-341-339c8af2	67	14004	data/ai-evaluation/runs/jeonju-cone-20260919/NaVi-collect-20260919-024204-341-339c8af2/67.argb	480	640
NaVi-collect-20260919-024204-341-339c8af2	68	14256	data/ai-evaluation/runs/jeonju-cone-20260919/NaVi-collect-20260919-024204-341-339c8af2/68.argb	480	640
NaVi-collect-20260919-024204-341-339c8af2	69	14461	data/ai-evaluation/runs/jeonju-cone-20260919/NaVi-collect-20260919-024204-341-339c8af2/69.argb	480	640
NaVi-collect-20260919-024204-341-339c8af2	70	14647	data/ai-evaluation/runs/jeonju-cone-20260919/NaVi-collect-20260919-024204-341-339c8af2/70.argb	480	640
NaVi-collect-20260919-024204-341-339c8af2	71	14880	data/ai-evaluation/runs/jeonju-cone-20260919/NaVi-collect-20260919-024204-341-339c8af2/71.argb	480	640
NaVi-collect-20260919-024204-341-339c8af2	72	15080	data/ai-evaluation/runs/jeonju-cone-20260919/NaVi-collect-20260919-024204-341-339c8af2/72.argb	480	640
NaVi-collect-20260919-024204-341-339c8af2	74	15514	data/ai-evaluation/runs/jeonju-cone-20260919/NaVi-collect-20260919-024204-341-339c8af2/74.argb	480	640
NaVi-collect-20260919-024204-341-339c8af2	75	15739	data/ai-evaluation/runs/jeonju-cone-20260919/NaVi-collect-20260919-024204-341-339c8af2/75.argb	480	640
NaVi-collect-20260919-024204-341-339c8af2	76	15979	data/ai-evaluation/runs/jeonju-cone-20260919/NaVi-collect-20260919-024204-341-339c8af2/76.argb	480	640
NaVi-collect-20260919-024204-341-339c8af2	77	16210	data/ai-evaluation/runs/jeonju-cone-20260919/NaVi-collect-20260919-024204-341-339c8af2/77.argb	480	640
NaVi-collect-20260919-024204-341-339c8af2	78	16381	data/ai-evaluation/runs/jeonju-cone-20260919/NaVi-collect-20260919-024204-341-339c8af2/78.argb	480	640
NaVi-collect-20260919-024204-341-339c8af2	80	16776	data/ai-evaluation/runs/jeonju-cone-20260919/NaVi-collect-20260919-024204-341-339c8af2/80.argb	480	640
NaVi-collect-20260919-024204-341-339c8af2	81	16980	data/ai-evaluation/runs/jeonju-cone-20260919/NaVi-collect-20260919-024204-341-339c8af2/81.argb	480	640
NaVi-collect-20260919-024204-341-339c8af2	82	17190	data/ai-evaluation/runs/jeonju-cone-20260919/NaVi-collect-20260919-024204-341-339c8af2/82.argb	480	640
NaVi-collect-20260919-024204-341-339c8af2	83	17384	data/ai-evaluation/runs/jeonju-cone-20260919/NaVi-collect-20260919-024204-341-339c8af2/83.argb	480	640
NaVi-collect-20260919-024204-341-339c8af2	85	17782	data/ai-evaluation/runs/jeonju-cone-20260919/NaVi-collect-20260919-024204-341-339c8af2/85.argb	480	640
NaVi-collect-20260919-024204-341-339c8af2	86	17978	data/ai-evaluation/runs/jeonju-cone-20260919/NaVi-collect-20260919-024204-341-339c8af2/86.argb	480	640
NaVi-collect-20260919-024204-341-339c8af2	87	18191	data/ai-evaluation/runs/jeonju-cone-20260919/NaVi-collect-20260919-024204-341-339c8af2/87.argb	480	640
NaVi-collect-20260919-024204-341-339c8af2	89	18583	data/ai-evaluation/runs/jeonju-cone-20260919/NaVi-collect-20260919-024204-341-339c8af2/89.argb	480	640
NaVi-collect-20260919-024204-341-339c8af2	90	18794	data/ai-evaluation/runs/jeonju-cone-20260919/NaVi-collect-20260919-024204-341-339c8af2/90.argb	480	640
NaVi-collect-20260919-024204-341-339c8af2	91	18997	data/ai-evaluation/runs/jeonju-cone-20260919/NaVi-collect-20260919-024204-341-339c8af2/91.argb	480	640
NaVi-collect-20260919-024204-341-339c8af2	93	19395	data/ai-evaluation/runs/jeonju-cone-20260919/NaVi-collect-20260919-024204-341-339c8af2/93.argb	480	640
NaVi-collect-20260919-024204-341-339c8af2	94	19588	data/ai-evaluation/runs/jeonju-cone-20260919/NaVi-collect-20260919-024204-341-339c8af2/94.argb	480	640
NaVi-collect-20260919-024204-341-339c8af2	96	19995	data/ai-evaluation/runs/jeonju-cone-20260919/NaVi-collect-20260919-024204-341-339c8af2/96.argb	480	640
NaVi-collect-20260919-024204-341-339c8af2	97	20185	data/ai-evaluation/runs/jeonju-cone-20260919/NaVi-collect-20260919-024204-341-339c8af2/97.argb	480	640
NaVi-collect-20260919-024204-341-339c8af2	98	20399	data/ai-evaluation/runs/jeonju-cone-20260919/NaVi-collect-20260919-024204-341-339c8af2/98.argb	480	640
NaVi-collect-20260919-024204-341-339c8af2	100	20780	data/ai-evaluation/runs/jeonju-cone-20260919/NaVi-collect-20260919-024204-341-339c8af2/100.argb	480	640
NaVi-collect-20260919-024204-341-339c8af2	101	20997	data/ai-evaluation/runs/jeonju-cone-20260919/NaVi-collect-20260919-024204-341-339c8af2/101.argb	480	640
NaVi-collect-20260919-024204-341-339c8af2	103	21400	data/ai-evaluation/runs/jeonju-cone-20260919/NaVi-collect-20260919-024204-341-339c8af2/103.argb	480	640
NaVi-collect-20260919-024204-341-339c8af2	104	21596	data/ai-evaluation/runs/jeonju-cone-20260919/NaVi-collect-20260919-024204-341-339c8af2/104.argb	480	640
NaVi-collect-20260919-024204-341-339c8af2	105	21795	data/ai-evaluation/runs/jeonju-cone-20260919/NaVi-collect-20260919-024204-341-339c8af2/105.argb	480	640
NaVi-collect-20260919-024204-341-339c8af2	106	21999	data/ai-evaluation/runs/jeonju-cone-20260919/NaVi-collect-20260919-024204-341-339c8af2/106.argb	480	640
NaVi-collect-20260919-024204-341-339c8af2	108	22396	data/ai-evaluation/runs/jeonju-cone-20260919/NaVi-collect-20260919-024204-341-339c8af2/108.argb	480	640
NaVi-collect-20260919-024204-341-339c8af2	109	22598	data/ai-evaluation/runs/jeonju-cone-20260919/NaVi-collect-20260919-024204-341-339c8af2/109.argb	480	640
NaVi-collect-20260919-024204-341-339c8af2	110	22799	data/ai-evaluation/runs/jeonju-cone-20260919/NaVi-collect-20260919-024204-341-339c8af2/110.argb	480	640
NaVi-collect-20260919-024204-341-339c8af2	111	23001	data/ai-evaluation/runs/jeonju-cone-20260919/NaVi-collect-20260919-024204-341-339c8af2/111.argb	480	640
NaVi-collect-20260919-024204-341-339c8af2	113	23403	data/ai-evaluation/runs/jeonju-cone-20260919/NaVi-collect-20260919-024204-341-339c8af2/113.argb	480	640
NaVi-collect-20260919-024204-341-339c8af2	114	23601	data/ai-evaluation/runs/jeonju-cone-20260919/NaVi-collect-20260919-024204-341-339c8af2/114.argb	480	640
NaVi-collect-20260919-024204-341-339c8af2	115	23814	data/ai-evaluation/runs/jeonju-cone-20260919/NaVi-collect-20260919-024204-341-339c8af2/115.argb	480	640
NaVi-collect-20260919-024204-341-339c8af2	117	24203	data/ai-evaluation/runs/jeonju-cone-20260919/NaVi-collect-20260919-024204-341-339c8af2/117.argb	480	640
NaVi-collect-20260919-024204-341-339c8af2	118	24421	data/ai-evaluation/runs/jeonju-cone-20260919/NaVi-collect-20260919-024204-341-339c8af2/118.argb	480	640
NaVi-collect-20260919-024204-341-339c8af2	119	24610	data/ai-evaluation/runs/jeonju-cone-20260919/NaVi-collect-20260919-024204-341-339c8af2/119.argb	480	640
NaVi-collect-20260919-024204-341-339c8af2	121	25001	data/ai-evaluation/runs/jeonju-cone-20260919/NaVi-collect-20260919-024204-341-339c8af2/121.argb	480	640
NaVi-collect-20260919-024204-341-339c8af2	122	25220	data/ai-evaluation/runs/jeonju-cone-20260919/NaVi-collect-20260919-024204-341-339c8af2/122.argb	480	640
NaVi-collect-20260919-024204-341-339c8af2	123	25412	data/ai-evaluation/runs/jeonju-cone-20260919/NaVi-collect-20260919-024204-341-339c8af2/123.argb	480	640
NaVi-collect-20260919-024204-341-339c8af2	124	25618	data/ai-evaluation/runs/jeonju-cone-20260919/NaVi-collect-20260919-024204-341-339c8af2/124.argb	480	640
NaVi-collect-20260919-024204-341-339c8af2	126	26008	data/ai-evaluation/runs/jeonju-cone-20260919/NaVi-collect-20260919-024204-341-339c8af2/126.argb	480	640
NaVi-collect-20260919-024204-341-339c8af2	127	26239	data/ai-evaluation/runs/jeonju-cone-20260919/NaVi-collect-20260919-024204-341-339c8af2/127.argb	480	640
NaVi-collect-20260919-024204-341-339c8af2	129	26603	data/ai-evaluation/runs/jeonju-cone-20260919/NaVi-collect-20260919-024204-341-339c8af2/129.argb	480	640
NaVi-collect-20260919-024204-341-339c8af2	130	26822	data/ai-evaluation/runs/jeonju-cone-20260919/NaVi-collect-20260919-024204-341-339c8af2/130.argb	480	640
NaVi-collect-20260919-024204-341-339c8af2	131	27018	data/ai-evaluation/runs/jeonju-cone-20260919/NaVi-collect-20260919-024204-341-339c8af2/131.argb	480	640
NaVi-collect-20260919-024204-341-339c8af2	132	27225	data/ai-evaluation/runs/jeonju-cone-20260919/NaVi-collect-20260919-024204-341-339c8af2/132.argb	480	640
NaVi-collect-20260919-024204-341-339c8af2	133	27432	data/ai-evaluation/runs/jeonju-cone-20260919/NaVi-collect-20260919-024204-341-339c8af2/133.argb	480	640
NaVi-collect-20260919-024204-341-339c8af2	135	27820	data/ai-evaluation/runs/jeonju-cone-20260919/NaVi-collect-20260919-024204-341-339c8af2/135.argb	480	640
NaVi-collect-20260919-024204-341-339c8af2	136	28020	data/ai-evaluation/runs/jeonju-cone-20260919/NaVi-collect-20260919-024204-341-339c8af2/136.argb	480	640
NaVi-collect-20260919-024204-341-339c8af2	137	28209	data/ai-evaluation/runs/jeonju-cone-20260919/NaVi-collect-20260919-024204-341-339c8af2/137.argb	480	640
NaVi-collect-20260919-024204-341-339c8af2	138	28439	data/ai-evaluation/runs/jeonju-cone-20260919/NaVi-collect-20260919-024204-341-339c8af2/138.argb	480	640
NaVi-collect-20260919-024204-341-339c8af2	140	28814	data/ai-evaluation/runs/jeonju-cone-20260919/NaVi-collect-20260919-024204-341-339c8af2/140.argb	480	640
NaVi-collect-20260919-024204-341-339c8af2	141	29021	data/ai-evaluation/runs/jeonju-cone-20260919/NaVi-collect-20260919-024204-341-339c8af2/141.argb	480	640
NaVi-collect-20260919-024204-341-339c8af2	142	29231	data/ai-evaluation/runs/jeonju-cone-20260919/NaVi-collect-20260919-024204-341-339c8af2/142.argb	480	640
NaVi-collect-20260919-024204-341-339c8af2	144	29631	data/ai-evaluation/runs/jeonju-cone-20260919/NaVi-collect-20260919-024204-341-339c8af2/144.argb	480	640
NaVi-collect-20260919-024204-341-339c8af2	145	29810	data/ai-evaluation/runs/jeonju-cone-20260919/NaVi-collect-20260919-024204-341-339c8af2/145.argb	480	640
NaVi-collect-20260919-024204-341-339c8af2	146	30031	data/ai-evaluation/runs/jeonju-cone-20260919/NaVi-collect-20260919-024204-341-339c8af2/146.argb	480	640
NaVi-collect-20260919-024204-341-339c8af2	147	30238	data/ai-evaluation/runs/jeonju-cone-20260919/NaVi-collect-20260919-024204-341-339c8af2/147.argb	480	640
NaVi-collect-20260919-024204-341-339c8af2	149	30621	data/ai-evaluation/runs/jeonju-cone-20260919/NaVi-collect-20260919-024204-341-339c8af2/149.argb	480	640
NaVi-collect-20260919-024204-341-339c8af2	150	30824	data/ai-evaluation/runs/jeonju-cone-20260919/NaVi-collect-20260919-024204-341-339c8af2/150.argb	480	640
NaVi-collect-20260919-024204-341-339c8af2	151	31034	data/ai-evaluation/runs/jeonju-cone-20260919/NaVi-collect-20260919-024204-341-339c8af2/151.argb	480	640
NaVi-collect-20260919-024204-341-339c8af2	153	31428	data/ai-evaluation/runs/jeonju-cone-20260919/NaVi-collect-20260919-024204-341-339c8af2/153.argb	480	640
NaVi-collect-20260919-024204-341-339c8af2	154	31637	data/ai-evaluation/runs/jeonju-cone-20260919/NaVi-collect-20260919-024204-341-339c8af2/154.argb	480	640
NaVi-collect-20260919-024204-341-339c8af2	156	32031	data/ai-evaluation/runs/jeonju-cone-20260919/NaVi-collect-20260919-024204-341-339c8af2/156.argb	480	640
NaVi-collect-20260919-024204-341-339c8af2	157	32225	data/ai-evaluation/runs/jeonju-cone-20260919/NaVi-collect-20260919-024204-341-339c8af2/157.argb	480	640
NaVi-collect-20260919-024204-341-339c8af2	158	32433	data/ai-evaluation/runs/jeonju-cone-20260919/NaVi-collect-20260919-024204-341-339c8af2/158.argb	480	640
NaVi-collect-20260919-024204-341-339c8af2	160	32823	data/ai-evaluation/runs/jeonju-cone-20260919/NaVi-collect-20260919-024204-341-339c8af2/160.argb	480	640
NaVi-collect-20260919-024204-341-339c8af2	161	33034	data/ai-evaluation/runs/jeonju-cone-20260919/NaVi-collect-20260919-024204-341-339c8af2/161.argb	480	640
NaVi-collect-20260919-024204-341-339c8af2	162	33230	data/ai-evaluation/runs/jeonju-cone-20260919/NaVi-collect-20260919-024204-341-339c8af2/162.argb	480	640
NaVi-collect-20260919-024204-341-339c8af2	163	33425	data/ai-evaluation/runs/jeonju-cone-20260919/NaVi-collect-20260919-024204-341-339c8af2/163.argb	480	640
NaVi-collect-20260919-024204-341-339c8af2	164	33662	data/ai-evaluation/runs/jeonju-cone-20260919/NaVi-collect-20260919-024204-341-339c8af2/164.argb	480	640
NaVi-collect-20260919-024204-341-339c8af2	165	33836	data/ai-evaluation/runs/jeonju-cone-20260919/NaVi-collect-20260919-024204-341-339c8af2/165.argb	480	640
NaVi-collect-20260919-024204-341-339c8af2	166	34032	data/ai-evaluation/runs/jeonju-cone-20260919/NaVi-collect-20260919-024204-341-339c8af2/166.argb	480	640
NaVi-collect-20260919-024204-341-339c8af2	167	34232	data/ai-evaluation/runs/jeonju-cone-20260919/NaVi-collect-20260919-024204-341-339c8af2/167.argb	480	640
NaVi-collect-20260919-024204-341-339c8af2	168	34437	data/ai-evaluation/runs/jeonju-cone-20260919/NaVi-collect-20260919-024204-341-339c8af2/168.argb	480	640
NaVi-collect-20260919-024204-341-339c8af2	169	34640	data/ai-evaluation/runs/jeonju-cone-20260919/NaVi-collect-20260919-024204-341-339c8af2/169.argb	480	640
NaVi-collect-20260919-024204-341-339c8af2	170	34828	data/ai-evaluation/runs/jeonju-cone-20260919/NaVi-collect-20260919-024204-341-339c8af2/170.argb	480	640
NaVi-collect-20260919-024204-341-339c8af2	171	35049	data/ai-evaluation/runs/jeonju-cone-20260919/NaVi-collect-20260919-024204-341-339c8af2/171.argb	480	640
NaVi-collect-20260919-024204-341-339c8af2	172	35247	data/ai-evaluation/runs/jeonju-cone-20260919/NaVi-collect-20260919-024204-341-339c8af2/172.argb	480	640
NaVi-collect-20260919-024204-341-339c8af2	173	35428	data/ai-evaluation/runs/jeonju-cone-20260919/NaVi-collect-20260919-024204-341-339c8af2/173.argb	480	640
NaVi-collect-20260919-024204-341-339c8af2	174	35629	data/ai-evaluation/runs/jeonju-cone-20260919/NaVi-collect-20260919-024204-341-339c8af2/174.argb	480	640
NaVi-collect-20260919-024204-341-339c8af2	175	35838	data/ai-evaluation/runs/jeonju-cone-20260919/NaVi-collect-20260919-024204-341-339c8af2/175.argb	480	640
NaVi-collect-20260919-024204-341-339c8af2	176	36048	data/ai-evaluation/runs/jeonju-cone-20260919/NaVi-collect-20260919-024204-341-339c8af2/176.argb	480	640
NaVi-collect-20260919-024204-341-339c8af2	177	36251	data/ai-evaluation/runs/jeonju-cone-20260919/NaVi-collect-20260919-024204-341-339c8af2/177.argb	480	640
NaVi-collect-20260919-024204-341-339c8af2	178	36427	data/ai-evaluation/runs/jeonju-cone-20260919/NaVi-collect-20260919-024204-341-339c8af2/178.argb	480	640
NaVi-collect-20260919-024204-341-339c8af2	179	36637	data/ai-evaluation/runs/jeonju-cone-20260919/NaVi-collect-20260919-024204-341-339c8af2/179.argb	480	640
NaVi-collect-20260919-024204-341-339c8af2	180	36832	data/ai-evaluation/runs/jeonju-cone-20260919/NaVi-collect-20260919-024204-341-339c8af2/180.argb	480	640
NaVi-collect-20260919-024204-341-339c8af2	181	37054	data/ai-evaluation/runs/jeonju-cone-20260919/NaVi-collect-20260919-024204-341-339c8af2/181.argb	480	640
NaVi-collect-20260919-024204-341-339c8af2	182	37246	data/ai-evaluation/runs/jeonju-cone-20260919/NaVi-collect-20260919-024204-341-339c8af2/182.argb	480	640
NaVi-collect-20260919-024204-341-339c8af2	183	37450	data/ai-evaluation/runs/jeonju-cone-20260919/NaVi-collect-20260919-024204-341-339c8af2/183.argb	480	640
NaVi-collect-20260919-024204-341-339c8af2	184	37638	data/ai-evaluation/runs/jeonju-cone-20260919/NaVi-collect-20260919-024204-341-339c8af2/184.argb	480	640
NaVi-collect-20260919-024204-341-339c8af2	185	37837	data/ai-evaluation/runs/jeonju-cone-20260919/NaVi-collect-20260919-024204-341-339c8af2/185.argb	480	640
NaVi-collect-20260919-024204-341-339c8af2	186	38048	data/ai-evaluation/runs/jeonju-cone-20260919/NaVi-collect-20260919-024204-341-339c8af2/186.argb	480	640
NaVi-collect-20260919-024204-341-339c8af2	187	38248	data/ai-evaluation/runs/jeonju-cone-20260919/NaVi-collect-20260919-024204-341-339c8af2/187.argb	480	640
NaVi-collect-20260919-024204-341-339c8af2	188	38450	data/ai-evaluation/runs/jeonju-cone-20260919/NaVi-collect-20260919-024204-341-339c8af2/188.argb	480	640
NaVi-collect-20260919-024204-341-339c8af2	189	38649	data/ai-evaluation/runs/jeonju-cone-20260919/NaVi-collect-20260919-024204-341-339c8af2/189.argb	480	640
NaVi-collect-20260919-024204-341-339c8af2	190	38853	data/ai-evaluation/runs/jeonju-cone-20260919/NaVi-collect-20260919-024204-341-339c8af2/190.argb	480	640
NaVi-collect-20260919-024204-341-339c8af2	191	39060	data/ai-evaluation/runs/jeonju-cone-20260919/NaVi-collect-20260919-024204-341-339c8af2/191.argb	480	640
NaVi-collect-20260919-024204-341-339c8af2	192	39233	data/ai-evaluation/runs/jeonju-cone-20260919/NaVi-collect-20260919-024204-341-339c8af2/192.argb	480	640
NaVi-collect-20260919-024204-341-339c8af2	193	39456	data/ai-evaluation/runs/jeonju-cone-20260919/NaVi-collect-20260919-024204-341-339c8af2/193.argb	480	640
NaVi-collect-20260919-024204-341-339c8af2	194	39659	data/ai-evaluation/runs/jeonju-cone-20260919/NaVi-collect-20260919-024204-341-339c8af2/194.argb	480	640
NaVi-collect-20260919-024204-341-339c8af2	195	39854	data/ai-evaluation/runs/jeonju-cone-20260919/NaVi-collect-20260919-024204-341-339c8af2/195.argb	480	640
NaVi-collect-20260919-024204-341-339c8af2	196	40053	data/ai-evaluation/runs/jeonju-cone-20260919/NaVi-collect-20260919-024204-341-339c8af2/196.argb	480	640
NaVi-collect-20260919-024204-341-339c8af2	197	40252	data/ai-evaluation/runs/jeonju-cone-20260919/NaVi-collect-20260919-024204-341-339c8af2/197.argb	480	640
NaVi-collect-20260919-024204-341-339c8af2	198	40469	data/ai-evaluation/runs/jeonju-cone-20260919/NaVi-collect-20260919-024204-341-339c8af2/198.argb	480	640
NaVi-collect-20260919-024204-341-339c8af2	199	40654	data/ai-evaluation/runs/jeonju-cone-20260919/NaVi-collect-20260919-024204-341-339c8af2/199.argb	480	640
NaVi-collect-20260919-024204-341-339c8af2	200	40852	data/ai-evaluation/runs/jeonju-cone-20260919/NaVi-collect-20260919-024204-341-339c8af2/200.argb	480	640
NaVi-collect-20260919-024204-341-339c8af2	201	41051	data/ai-evaluation/runs/jeonju-cone-20260919/NaVi-collect-20260919-024204-341-339c8af2/201.argb	480	640
NaVi-collect-20260919-024204-341-339c8af2	202	41270	data/ai-evaluation/runs/jeonju-cone-20260919/NaVi-collect-20260919-024204-341-339c8af2/202.argb	480	640
NaVi-collect-20260919-024204-341-339c8af2	203	41471	data/ai-evaluation/runs/jeonju-cone-20260919/NaVi-collect-20260919-024204-341-339c8af2/203.argb	480	640
NaVi-collect-20260919-024204-341-339c8af2	204	41654	data/ai-evaluation/runs/jeonju-cone-20260919/NaVi-collect-20260919-024204-341-339c8af2/204.argb	480	640
NaVi-collect-20260919-024204-341-339c8af2	205	41858	data/ai-evaluation/runs/jeonju-cone-20260919/NaVi-collect-20260919-024204-341-339c8af2/205.argb	480	640
NaVi-collect-20260919-024204-341-339c8af2	206	42053	data/ai-evaluation/runs/jeonju-cone-20260919/NaVi-collect-20260919-024204-341-339c8af2/206.argb	480	640
NaVi-collect-20260919-024204-341-339c8af2	207	42254	data/ai-evaluation/runs/jeonju-cone-20260919/NaVi-collect-20260919-024204-341-339c8af2/207.argb	480	640
NaVi-collect-20260919-024204-341-339c8af2	208	42474	data/ai-evaluation/runs/jeonju-cone-20260919/NaVi-collect-20260919-024204-341-339c8af2/208.argb	480	640
NaVi-collect-20260919-024204-341-339c8af2	209	42661	data/ai-evaluation/runs/jeonju-cone-20260919/NaVi-collect-20260919-024204-341-339c8af2/209.argb	480	640
NaVi-collect-20260919-024204-341-339c8af2	210	42862	data/ai-evaluation/runs/jeonju-cone-20260919/NaVi-collect-20260919-024204-341-339c8af2/210.argb	480	640
NaVi-collect-20260919-024204-341-339c8af2	211	43078	data/ai-evaluation/runs/jeonju-cone-20260919/NaVi-collect-20260919-024204-341-339c8af2/211.argb	480	640
NaVi-collect-20260919-024204-341-339c8af2	212	43258	data/ai-evaluation/runs/jeonju-cone-20260919/NaVi-collect-20260919-024204-341-339c8af2/212.argb	480	640
NaVi-collect-20260919-024204-341-339c8af2	213	43457	data/ai-evaluation/runs/jeonju-cone-20260919/NaVi-collect-20260919-024204-341-339c8af2/213.argb	480	640
NaVi-collect-20260919-024204-341-339c8af2	214	43662	data/ai-evaluation/runs/jeonju-cone-20260919/NaVi-collect-20260919-024204-341-339c8af2/214.argb	480	640
NaVi-collect-20260919-024204-341-339c8af2	215	43861	data/ai-evaluation/runs/jeonju-cone-20260919/NaVi-collect-20260919-024204-341-339c8af2/215.argb	480	640
NaVi-collect-20260919-024204-341-339c8af2	216	44084	data/ai-evaluation/runs/jeonju-cone-20260919/NaVi-collect-20260919-024204-341-339c8af2/216.argb	480	640
NaVi-collect-20260919-024204-341-339c8af2	217	44268	data/ai-evaluation/runs/jeonju-cone-20260919/NaVi-collect-20260919-024204-341-339c8af2/217.argb	480	640
NaVi-collect-20260919-024204-341-339c8af2	218	44472	data/ai-evaluation/runs/jeonju-cone-20260919/NaVi-collect-20260919-024204-341-339c8af2/218.argb	480	640
NaVi-collect-20260919-024204-341-339c8af2	219	44661	data/ai-evaluation/runs/jeonju-cone-20260919/NaVi-collect-20260919-024204-341-339c8af2/219.argb	480	640
NaVi-collect-20260919-024204-341-339c8af2	220	44866	data/ai-evaluation/runs/jeonju-cone-20260919/NaVi-collect-20260919-024204-341-339c8af2/220.argb	480	640
NaVi-collect-20260919-024204-341-339c8af2	221	45072	data/ai-evaluation/runs/jeonju-cone-20260919/NaVi-collect-20260919-024204-341-339c8af2/221.argb	480	640
NaVi-collect-20260919-024204-341-339c8af2	222	45258	data/ai-evaluation/runs/jeonju-cone-20260919/NaVi-collect-20260919-024204-341-339c8af2/222.argb	480	640
NaVi-collect-20260919-024204-341-339c8af2	223	45460	data/ai-evaluation/runs/jeonju-cone-20260919/NaVi-collect-20260919-024204-341-339c8af2/223.argb	480	640
NaVi-collect-20260919-024204-341-339c8af2	224	45676	data/ai-evaluation/runs/jeonju-cone-20260919/NaVi-collect-20260919-024204-341-339c8af2/224.argb	480	640
NaVi-collect-20260919-024204-341-339c8af2	225	45873	data/ai-evaluation/runs/jeonju-cone-20260919/NaVi-collect-20260919-024204-341-339c8af2/225.argb	480	640
NaVi-collect-20260919-024204-341-339c8af2	226	46071	data/ai-evaluation/runs/jeonju-cone-20260919/NaVi-collect-20260919-024204-341-339c8af2/226.argb	480	640
NaVi-collect-20260919-024204-341-339c8af2	227	46292	data/ai-evaluation/runs/jeonju-cone-20260919/NaVi-collect-20260919-024204-341-339c8af2/227.argb	480	640
NaVi-collect-20260919-024204-341-339c8af2	228	46488	data/ai-evaluation/runs/jeonju-cone-20260919/NaVi-collect-20260919-024204-341-339c8af2/228.argb	480	640
NaVi-collect-20260919-024204-341-339c8af2	230	46875	data/ai-evaluation/runs/jeonju-cone-20260919/NaVi-collect-20260919-024204-341-339c8af2/230.argb	480	640
NaVi-collect-20260919-024204-341-339c8af2	231	47076	data/ai-evaluation/runs/jeonju-cone-20260919/NaVi-collect-20260919-024204-341-339c8af2/231.argb	480	640
NaVi-collect-20260919-024204-341-339c8af2	232	47274	data/ai-evaluation/runs/jeonju-cone-20260919/NaVi-collect-20260919-024204-341-339c8af2/232.argb	480	640
NaVi-collect-20260919-024204-341-339c8af2	233	47476	data/ai-evaluation/runs/jeonju-cone-20260919/NaVi-collect-20260919-024204-341-339c8af2/233.argb	480	640
NaVi-collect-20260919-024204-341-339c8af2	234	47673	data/ai-evaluation/runs/jeonju-cone-20260919/NaVi-collect-20260919-024204-341-339c8af2/234.argb	480	640
NaVi-collect-20260919-024204-341-339c8af2	235	47888	data/ai-evaluation/runs/jeonju-cone-20260919/NaVi-collect-20260919-024204-341-339c8af2/235.argb	480	640
NaVi-collect-20260919-024204-341-339c8af2	237	48280	data/ai-evaluation/runs/jeonju-cone-20260919/NaVi-collect-20260919-024204-341-339c8af2/237.argb	480	640
NaVi-collect-20260919-024204-341-339c8af2	238	48477	data/ai-evaluation/runs/jeonju-cone-20260919/NaVi-collect-20260919-024204-341-339c8af2/238.argb	480	640
NaVi-collect-20260919-024204-341-339c8af2	239	48680	data/ai-evaluation/runs/jeonju-cone-20260919/NaVi-collect-20260919-024204-341-339c8af2/239.argb	480	640
NaVi-collect-20260919-024204-341-339c8af2	240	48890	data/ai-evaluation/runs/jeonju-cone-20260919/NaVi-collect-20260919-024204-341-339c8af2/240.argb	480	640
NaVi-collect-20260919-024204-341-339c8af2	242	49277	data/ai-evaluation/runs/jeonju-cone-20260919/NaVi-collect-20260919-024204-341-339c8af2/242.argb	480	640
NaVi-collect-20260919-024204-341-339c8af2	243	49480	data/ai-evaluation/runs/jeonju-cone-20260919/NaVi-collect-20260919-024204-341-339c8af2/243.argb	480	640
NaVi-collect-20260919-024204-341-339c8af2	244	49681	data/ai-evaluation/runs/jeonju-cone-20260919/NaVi-collect-20260919-024204-341-339c8af2/244.argb	480	640
NaVi-collect-20260919-024204-341-339c8af2	245	49890	data/ai-evaluation/runs/jeonju-cone-20260919/NaVi-collect-20260919-024204-341-339c8af2/245.argb	480	640
NaVi-collect-20260919-024204-341-339c8af2	247	50282	data/ai-evaluation/runs/jeonju-cone-20260919/NaVi-collect-20260919-024204-341-339c8af2/247.argb	480	640
NaVi-collect-20260919-024204-341-339c8af2	248	50478	data/ai-evaluation/runs/jeonju-cone-20260919/NaVi-collect-20260919-024204-341-339c8af2/248.argb	480	640
NaVi-collect-20260919-024204-341-339c8af2	249	50679	data/ai-evaluation/runs/jeonju-cone-20260919/NaVi-collect-20260919-024204-341-339c8af2/249.argb	480	640
NaVi-collect-20260919-024204-341-339c8af2	250	50906	data/ai-evaluation/runs/jeonju-cone-20260919/NaVi-collect-20260919-024204-341-339c8af2/250.argb	480	640
NaVi-collect-20260919-024204-341-339c8af2	252	51281	data/ai-evaluation/runs/jeonju-cone-20260919/NaVi-collect-20260919-024204-341-339c8af2/252.argb	480	640
NaVi-collect-20260919-024204-341-339c8af2	253	51481	data/ai-evaluation/runs/jeonju-cone-20260919/NaVi-collect-20260919-024204-341-339c8af2/253.argb	480	640
NaVi-collect-20260919-024204-341-339c8af2	254	51699	data/ai-evaluation/runs/jeonju-cone-20260919/NaVi-collect-20260919-024204-341-339c8af2/254.argb	480	640
NaVi-collect-20260919-024204-341-339c8af2	255	51889	data/ai-evaluation/runs/jeonju-cone-20260919/NaVi-collect-20260919-024204-341-339c8af2/255.argb	480	640
NaVi-collect-20260919-024204-341-339c8af2	257	52286	data/ai-evaluation/runs/jeonju-cone-20260919/NaVi-collect-20260919-024204-341-339c8af2/257.argb	480	640
NaVi-collect-20260919-024204-341-339c8af2	258	52482	data/ai-evaluation/runs/jeonju-cone-20260919/NaVi-collect-20260919-024204-341-339c8af2/258.argb	480	640
NaVi-collect-20260919-024204-341-339c8af2	259	52688	data/ai-evaluation/runs/jeonju-cone-20260919/NaVi-collect-20260919-024204-341-339c8af2/259.argb	480	640
NaVi-collect-20260919-024204-341-339c8af2	260	52881	data/ai-evaluation/runs/jeonju-cone-20260919/NaVi-collect-20260919-024204-341-339c8af2/260.argb	480	640
NaVi-collect-20260919-024204-341-339c8af2	261	53096	data/ai-evaluation/runs/jeonju-cone-20260919/NaVi-collect-20260919-024204-341-339c8af2/261.argb	480	640
NaVi-collect-20260919-024204-341-339c8af2	262	53291	data/ai-evaluation/runs/jeonju-cone-20260919/NaVi-collect-20260919-024204-341-339c8af2/262.argb	480	640
NaVi-collect-20260919-024204-341-339c8af2	263	53498	data/ai-evaluation/runs/jeonju-cone-20260919/NaVi-collect-20260919-024204-341-339c8af2/263.argb	480	640
NaVi-collect-20260919-024204-341-339c8af2	264	53682	data/ai-evaluation/runs/jeonju-cone-20260919/NaVi-collect-20260919-024204-341-339c8af2/264.argb	480	640
NaVi-collect-20260919-024204-341-339c8af2	265	53954	data/ai-evaluation/runs/jeonju-cone-20260919/NaVi-collect-20260919-024204-341-339c8af2/265.argb	480	640
NaVi-collect-20260919-024204-341-339c8af2	267	54298	data/ai-evaluation/runs/jeonju-cone-20260919/NaVi-collect-20260919-024204-341-339c8af2/267.argb	480	640
NaVi-collect-20260919-024204-341-339c8af2	268	54497	data/ai-evaluation/runs/jeonju-cone-20260919/NaVi-collect-20260919-024204-341-339c8af2/268.argb	480	640
NaVi-collect-20260919-024204-341-339c8af2	269	54700	data/ai-evaluation/runs/jeonju-cone-20260919/NaVi-collect-20260919-024204-341-339c8af2/269.argb	480	640
NaVi-collect-20260919-024204-341-339c8af2	270	54901	data/ai-evaluation/runs/jeonju-cone-20260919/NaVi-collect-20260919-024204-341-339c8af2/270.argb	480	640
NaVi-collect-20260919-024204-341-339c8af2	271	55102	data/ai-evaluation/runs/jeonju-cone-20260919/NaVi-collect-20260919-024204-341-339c8af2/271.argb	480	640
NaVi-collect-20260919-024204-341-339c8af2	272	55307	data/ai-evaluation/runs/jeonju-cone-20260919/NaVi-collect-20260919-024204-341-339c8af2/272.argb	480	640
NaVi-collect-20260919-024204-341-339c8af2	273	55506	data/ai-evaluation/runs/jeonju-cone-20260919/NaVi-collect-20260919-024204-341-339c8af2/273.argb	480	640
NaVi-collect-20260919-024204-341-339c8af2	274	55687	data/ai-evaluation/runs/jeonju-cone-20260919/NaVi-collect-20260919-024204-341-339c8af2/274.argb	480	640
NaVi-collect-20260919-024204-341-339c8af2	276	56106	data/ai-evaluation/runs/jeonju-cone-20260919/NaVi-collect-20260919-024204-341-339c8af2/276.argb	480	640
NaVi-collect-20260919-024204-341-339c8af2	277	56317	data/ai-evaluation/runs/jeonju-cone-20260919/NaVi-collect-20260919-024204-341-339c8af2/277.argb	480	640
NaVi-collect-20260919-024204-341-339c8af2	278	56534	data/ai-evaluation/runs/jeonju-cone-20260919/NaVi-collect-20260919-024204-341-339c8af2/278.argb	480	640
NaVi-collect-20260919-024204-341-339c8af2	279	56779	data/ai-evaluation/runs/jeonju-cone-20260919/NaVi-collect-20260919-024204-341-339c8af2/279.argb	480	640
NaVi-collect-20260919-024204-341-339c8af2	281	57200	data/ai-evaluation/runs/jeonju-cone-20260919/NaVi-collect-20260919-024204-341-339c8af2/281.argb	480	640
NaVi-collect-20260919-024204-341-339c8af2	282	57405	data/ai-evaluation/runs/jeonju-cone-20260919/NaVi-collect-20260919-024204-341-339c8af2/282.argb	480	640
NaVi-collect-20260919-024204-341-339c8af2	283	57601	data/ai-evaluation/runs/jeonju-cone-20260919/NaVi-collect-20260919-024204-341-339c8af2/283.argb	480	640
NaVi-collect-20260919-024204-341-339c8af2	284	57811	data/ai-evaluation/runs/jeonju-cone-20260919/NaVi-collect-20260919-024204-341-339c8af2/284.argb	480	640
NaVi-collect-20260919-024204-341-339c8af2	285	58026	data/ai-evaluation/runs/jeonju-cone-20260919/NaVi-collect-20260919-024204-341-339c8af2/285.argb	480	640
NaVi-collect-20260919-024204-341-339c8af2	286	58280	data/ai-evaluation/runs/jeonju-cone-20260919/NaVi-collect-20260919-024204-341-339c8af2/286.argb	480	640
NaVi-collect-20260919-024204-341-339c8af2	287	58501	data/ai-evaluation/runs/jeonju-cone-20260919/NaVi-collect-20260919-024204-341-339c8af2/287.argb	480	640
NaVi-collect-20260919-024204-341-339c8af2	289	58928	data/ai-evaluation/runs/jeonju-cone-20260919/NaVi-collect-20260919-024204-341-339c8af2/289.argb	480	640
NaVi-collect-20260919-024204-341-339c8af2	290	59160	data/ai-evaluation/runs/jeonju-cone-20260919/NaVi-collect-20260919-024204-341-339c8af2/290.argb	480	640
NaVi-collect-20260919-024204-341-339c8af2	291	59376	data/ai-evaluation/runs/jeonju-cone-20260919/NaVi-collect-20260919-024204-341-339c8af2/291.argb	480	640
NaVi-collect-20260919-024204-341-339c8af2	293	59756	data/ai-evaluation/runs/jeonju-cone-20260919/NaVi-collect-20260919-024204-341-339c8af2/293.argb	480	640
NaVi-collect-20260919-024204-341-339c8af2	294	59974	data/ai-evaluation/runs/jeonju-cone-20260919/NaVi-collect-20260919-024204-341-339c8af2/294.argb	480	640
NaVi-collect-20260919-024204-341-339c8af2	295	60284	data/ai-evaluation/runs/jeonju-cone-20260919/NaVi-collect-20260919-024204-341-339c8af2/295.argb	480	640
NaVi-collect-20260919-024204-341-339c8af2	296	60439	data/ai-evaluation/runs/jeonju-cone-20260919/NaVi-collect-20260919-024204-341-339c8af2/296.argb	480	640
NaVi-collect-20260919-024204-341-339c8af2	298	60871	data/ai-evaluation/runs/jeonju-cone-20260919/NaVi-collect-20260919-024204-341-339c8af2/298.argb	480	640
NaVi-collect-20260919-024204-341-339c8af2	299	61097	data/ai-evaluation/runs/jeonju-cone-20260919/NaVi-collect-20260919-024204-341-339c8af2/299.argb	480	640
NaVi-collect-20260919-024204-341-339c8af2	301	61506	data/ai-evaluation/runs/jeonju-cone-20260919/NaVi-collect-20260919-024204-341-339c8af2/301.argb	480	640
NaVi-collect-20260919-024204-341-339c8af2	302	61709	data/ai-evaluation/runs/jeonju-cone-20260919/NaVi-collect-20260919-024204-341-339c8af2/302.argb	480	640
NaVi-collect-20260919-024204-341-339c8af2	303	61935	data/ai-evaluation/runs/jeonju-cone-20260919/NaVi-collect-20260919-024204-341-339c8af2/303.argb	480	640
NaVi-collect-20260919-024204-341-339c8af2	304	62127	data/ai-evaluation/runs/jeonju-cone-20260919/NaVi-collect-20260919-024204-341-339c8af2/304.argb	480	640
NaVi-collect-20260919-024204-341-339c8af2	305	62368	data/ai-evaluation/runs/jeonju-cone-20260919/NaVi-collect-20260919-024204-341-339c8af2/305.argb	480	640
NaVi-collect-20260919-024204-341-339c8af2	306	62614	data/ai-evaluation/runs/jeonju-cone-20260919/NaVi-collect-20260919-024204-341-339c8af2/306.argb	480	640
NaVi-collect-20260919-024204-341-339c8af2	307	62832	data/ai-evaluation/runs/jeonju-cone-20260919/NaVi-collect-20260919-024204-341-339c8af2/307.argb	480	640
NaVi-collect-20260919-024204-341-339c8af2	308	63076	data/ai-evaluation/runs/jeonju-cone-20260919/NaVi-collect-20260919-024204-341-339c8af2/308.argb	480	640
NaVi-collect-20260919-024204-341-339c8af2	309	63296	data/ai-evaluation/runs/jeonju-cone-20260919/NaVi-collect-20260919-024204-341-339c8af2/309.argb	480	640
NaVi-collect-20260919-024204-341-339c8af2	311	63697	data/ai-evaluation/runs/jeonju-cone-20260919/NaVi-collect-20260919-024204-341-339c8af2/311.argb	480	640
NaVi-collect-20260919-024204-341-339c8af2	312	63948	data/ai-evaluation/runs/jeonju-cone-20260919/NaVi-collect-20260919-024204-341-339c8af2/312.argb	480	640
NaVi-collect-20260919-024204-341-339c8af2	313	64129	data/ai-evaluation/runs/jeonju-cone-20260919/NaVi-collect-20260919-024204-341-339c8af2/313.argb	480	640
NaVi-collect-20260919-024204-341-339c8af2	314	64362	data/ai-evaluation/runs/jeonju-cone-20260919/NaVi-collect-20260919-024204-341-339c8af2/314.argb	480	640
NaVi-collect-20260919-024204-341-339c8af2	315	64594	data/ai-evaluation/runs/jeonju-cone-20260919/NaVi-collect-20260919-024204-341-339c8af2/315.argb	480	640
NaVi-collect-20260919-024204-341-339c8af2	317	65047	data/ai-evaluation/runs/jeonju-cone-20260919/NaVi-collect-20260919-024204-341-339c8af2/317.argb	480	640
NaVi-collect-20260919-024204-341-339c8af2	318	65229	data/ai-evaluation/runs/jeonju-cone-20260919/NaVi-collect-20260919-024204-341-339c8af2/318.argb	480	640
NaVi-collect-20260919-024204-341-339c8af2	320	65645	data/ai-evaluation/runs/jeonju-cone-20260919/NaVi-collect-20260919-024204-341-339c8af2/320.argb	480	640
NaVi-collect-20260919-024204-341-339c8af2	321	65832	data/ai-evaluation/runs/jeonju-cone-20260919/NaVi-collect-20260919-024204-341-339c8af2/321.argb	480	640
NaVi-collect-20260919-024204-341-339c8af2	322	66061	data/ai-evaluation/runs/jeonju-cone-20260919/NaVi-collect-20260919-024204-341-339c8af2/322.argb	480	640
NaVi-collect-20260919-024204-341-339c8af2	324	66438	data/ai-evaluation/runs/jeonju-cone-20260919/NaVi-collect-20260919-024204-341-339c8af2/324.argb	480	640
NaVi-collect-20260919-024204-341-339c8af2	325	66631	data/ai-evaluation/runs/jeonju-cone-20260919/NaVi-collect-20260919-024204-341-339c8af2/325.argb	480	640
NaVi-collect-20260919-024204-341-339c8af2	327	67037	data/ai-evaluation/runs/jeonju-cone-20260919/NaVi-collect-20260919-024204-341-339c8af2/327.argb	480	640
NaVi-collect-20260919-024204-341-339c8af2	328	67258	data/ai-evaluation/runs/jeonju-cone-20260919/NaVi-collect-20260919-024204-341-339c8af2/328.argb	480	640
NaVi-collect-20260919-024204-341-339c8af2	329	67432	data/ai-evaluation/runs/jeonju-cone-20260919/NaVi-collect-20260919-024204-341-339c8af2/329.argb	480	640
NaVi-collect-20260919-024204-341-339c8af2	330	67673	data/ai-evaluation/runs/jeonju-cone-20260919/NaVi-collect-20260919-024204-341-339c8af2/330.argb	480	640
NaVi-collect-20260919-024204-341-339c8af2	331	67869	data/ai-evaluation/runs/jeonju-cone-20260919/NaVi-collect-20260919-024204-341-339c8af2/331.argb	480	640
NaVi-collect-20260919-024204-341-339c8af2	333	68278	data/ai-evaluation/runs/jeonju-cone-20260919/NaVi-collect-20260919-024204-341-339c8af2/333.argb	480	640
NaVi-collect-20260919-024204-341-339c8af2	334	68479	data/ai-evaluation/runs/jeonju-cone-20260919/NaVi-collect-20260919-024204-341-339c8af2/334.argb	480	640
NaVi-collect-20260919-024204-341-339c8af2	335	68684	data/ai-evaluation/runs/jeonju-cone-20260919/NaVi-collect-20260919-024204-341-339c8af2/335.argb	480	640
NaVi-collect-20260919-024204-341-339c8af2	336	68908	data/ai-evaluation/runs/jeonju-cone-20260919/NaVi-collect-20260919-024204-341-339c8af2/336.argb	480	640
NaVi-collect-20260919-024204-341-339c8af2	338	69286	data/ai-evaluation/runs/jeonju-cone-20260919/NaVi-collect-20260919-024204-341-339c8af2/338.argb	480	640
NaVi-collect-20260919-024204-341-339c8af2	339	69489	data/ai-evaluation/runs/jeonju-cone-20260919/NaVi-collect-20260919-024204-341-339c8af2/339.argb	480	640
NaVi-collect-20260919-024204-341-339c8af2	340	69685	data/ai-evaluation/runs/jeonju-cone-20260919/NaVi-collect-20260919-024204-341-339c8af2/340.argb	480	640
NaVi-collect-20260919-024204-341-339c8af2	341	69893	data/ai-evaluation/runs/jeonju-cone-20260919/NaVi-collect-20260919-024204-341-339c8af2/341.argb	480	640
NaVi-collect-20260919-024204-341-339c8af2	343	70282	data/ai-evaluation/runs/jeonju-cone-20260919/NaVi-collect-20260919-024204-341-339c8af2/343.argb	480	640
NaVi-collect-20260919-024204-341-339c8af2	344	70489	data/ai-evaluation/runs/jeonju-cone-20260919/NaVi-collect-20260919-024204-341-339c8af2/344.argb	480	640
NaVi-collect-20260919-024204-341-339c8af2	345	70688	data/ai-evaluation/runs/jeonju-cone-20260919/NaVi-collect-20260919-024204-341-339c8af2/345.argb	480	640
NaVi-collect-20260919-024204-341-339c8af2	346	70893	data/ai-evaluation/runs/jeonju-cone-20260919/NaVi-collect-20260919-024204-341-339c8af2/346.argb	480	640
NaVi-collect-20260919-024204-341-339c8af2	348	71286	data/ai-evaluation/runs/jeonju-cone-20260919/NaVi-collect-20260919-024204-341-339c8af2/348.argb	480	640
NaVi-collect-20260919-024204-341-339c8af2	349	71490	data/ai-evaluation/runs/jeonju-cone-20260919/NaVi-collect-20260919-024204-341-339c8af2/349.argb	480	640
NaVi-collect-20260919-024204-341-339c8af2	350	71687	data/ai-evaluation/runs/jeonju-cone-20260919/NaVi-collect-20260919-024204-341-339c8af2/350.argb	480	640
NaVi-collect-20260919-024204-341-339c8af2	352	72093	data/ai-evaluation/runs/jeonju-cone-20260919/NaVi-collect-20260919-024204-341-339c8af2/352.argb	480	640
NaVi-collect-20260919-024204-341-339c8af2	353	72278	data/ai-evaluation/runs/jeonju-cone-20260919/NaVi-collect-20260919-024204-341-339c8af2/353.argb	480	640
NaVi-collect-20260919-024204-341-339c8af2	354	72488	data/ai-evaluation/runs/jeonju-cone-20260919/NaVi-collect-20260919-024204-341-339c8af2/354.argb	480	640
NaVi-collect-20260919-024204-341-339c8af2	355	72698	data/ai-evaluation/runs/jeonju-cone-20260919/NaVi-collect-20260919-024204-341-339c8af2/355.argb	480	640
NaVi-collect-20260919-024204-341-339c8af2	356	72899	data/ai-evaluation/runs/jeonju-cone-20260919/NaVi-collect-20260919-024204-341-339c8af2/356.argb	480	640
NaVi-collect-20260919-024204-341-339c8af2	357	73088	data/ai-evaluation/runs/jeonju-cone-20260919/NaVi-collect-20260919-024204-341-339c8af2/357.argb	480	640
NaVi-collect-20260919-024204-341-339c8af2	359	73551	data/ai-evaluation/runs/jeonju-cone-20260919/NaVi-collect-20260919-024204-341-339c8af2/359.argb	480	640
NaVi-collect-20260919-024204-341-339c8af2	360	73790	data/ai-evaluation/runs/jeonju-cone-20260919/NaVi-collect-20260919-024204-341-339c8af2/360.argb	480	640
NaVi-collect-20260919-024204-341-339c8af2	361	73994	data/ai-evaluation/runs/jeonju-cone-20260919/NaVi-collect-20260919-024204-341-339c8af2/361.argb	480	640
NaVi-collect-20260919-024204-341-339c8af2	362	74194	data/ai-evaluation/runs/jeonju-cone-20260919/NaVi-collect-20260919-024204-341-339c8af2/362.argb	480	640
NaVi-collect-20260919-024204-341-339c8af2	363	74421	data/ai-evaluation/runs/jeonju-cone-20260919/NaVi-collect-20260919-024204-341-339c8af2/363.argb	480	640
NaVi-collect-20260919-024204-341-339c8af2	364	74655	data/ai-evaluation/runs/jeonju-cone-20260919/NaVi-collect-20260919-024204-341-339c8af2/364.argb	480	640
NaVi-collect-20260919-024204-341-339c8af2	365	74853	data/ai-evaluation/runs/jeonju-cone-20260919/NaVi-collect-20260919-024204-341-339c8af2/365.argb	480	640
NaVi-collect-20260919-024204-341-339c8af2	367	75333	data/ai-evaluation/runs/jeonju-cone-20260919/NaVi-collect-20260919-024204-341-339c8af2/367.argb	480	640
NaVi-collect-20260919-024204-341-339c8af2	368	75553	data/ai-evaluation/runs/jeonju-cone-20260919/NaVi-collect-20260919-024204-341-339c8af2/368.argb	480	640
NaVi-collect-20260919-024204-341-339c8af2	369	75757	data/ai-evaluation/runs/jeonju-cone-20260919/NaVi-collect-20260919-024204-341-339c8af2/369.argb	480	640
NaVi-collect-20260919-024204-341-339c8af2	370	75993	data/ai-evaluation/runs/jeonju-cone-20260919/NaVi-collect-20260919-024204-341-339c8af2/370.argb	480	640
NaVi-collect-20260919-024204-341-339c8af2	372	76417	data/ai-evaluation/runs/jeonju-cone-20260919/NaVi-collect-20260919-024204-341-339c8af2/372.argb	480	640
NaVi-collect-20260919-024204-341-339c8af2	373	76601	data/ai-evaluation/runs/jeonju-cone-20260919/NaVi-collect-20260919-024204-341-339c8af2/373.argb	480	640
NaVi-collect-20260919-024204-341-339c8af2	375	76983	data/ai-evaluation/runs/jeonju-cone-20260919/NaVi-collect-20260919-024204-341-339c8af2/375.argb	480	640
NaVi-collect-20260919-024204-341-339c8af2	376	77228	data/ai-evaluation/runs/jeonju-cone-20260919/NaVi-collect-20260919-024204-341-339c8af2/376.argb	480	640
NaVi-collect-20260919-024204-341-339c8af2	377	77459	data/ai-evaluation/runs/jeonju-cone-20260919/NaVi-collect-20260919-024204-341-339c8af2/377.argb	480	640
NaVi-collect-20260919-024204-341-339c8af2	379	77894	data/ai-evaluation/runs/jeonju-cone-20260919/NaVi-collect-20260919-024204-341-339c8af2/379.argb	480	640
NaVi-collect-20260919-024204-341-339c8af2	380	78073	data/ai-evaluation/runs/jeonju-cone-20260919/NaVi-collect-20260919-024204-341-339c8af2/380.argb	480	640
NaVi-collect-20260919-024204-341-339c8af2	382	78478	data/ai-evaluation/runs/jeonju-cone-20260919/NaVi-collect-20260919-024204-341-339c8af2/382.argb	480	640
NaVi-collect-20260919-024204-341-339c8af2	383	78733	data/ai-evaluation/runs/jeonju-cone-20260919/NaVi-collect-20260919-024204-341-339c8af2/383.argb	480	640
NaVi-collect-20260919-024204-341-339c8af2	385	79099	data/ai-evaluation/runs/jeonju-cone-20260919/NaVi-collect-20260919-024204-341-339c8af2/385.argb	480	640
NaVi-collect-20260919-024204-341-339c8af2	386	79340	data/ai-evaluation/runs/jeonju-cone-20260919/NaVi-collect-20260919-024204-341-339c8af2/386.argb	480	640
NaVi-collect-20260919-024204-341-339c8af2	387	79590	data/ai-evaluation/runs/jeonju-cone-20260919/NaVi-collect-20260919-024204-341-339c8af2/387.argb	480	640
NaVi-collect-20260919-024204-341-339c8af2	389	80039	data/ai-evaluation/runs/jeonju-cone-20260919/NaVi-collect-20260919-024204-341-339c8af2/389.argb	480	640
NaVi-collect-20260919-024204-341-339c8af2	390	80274	data/ai-evaluation/runs/jeonju-cone-20260919/NaVi-collect-20260919-024204-341-339c8af2/390.argb	480	640
NaVi-collect-20260919-024204-341-339c8af2	392	80666	data/ai-evaluation/runs/jeonju-cone-20260919/NaVi-collect-20260919-024204-341-339c8af2/392.argb	480	640
NaVi-collect-20260919-024204-341-339c8af2	393	80920	data/ai-evaluation/runs/jeonju-cone-20260919/NaVi-collect-20260919-024204-341-339c8af2/393.argb	480	640
NaVi-collect-20260919-024204-341-339c8af2	394	81123	data/ai-evaluation/runs/jeonju-cone-20260919/NaVi-collect-20260919-024204-341-339c8af2/394.argb	480	640
NaVi-collect-20260919-024204-341-339c8af2	396	81512	data/ai-evaluation/runs/jeonju-cone-20260919/NaVi-collect-20260919-024204-341-339c8af2/396.argb	480	640
NaVi-collect-20260919-024204-341-339c8af2	398	81892	data/ai-evaluation/runs/jeonju-cone-20260919/NaVi-collect-20260919-024204-341-339c8af2/398.argb	480	640
NaVi-collect-20260919-024204-341-339c8af2	399	82113	data/ai-evaluation/runs/jeonju-cone-20260919/NaVi-collect-20260919-024204-341-339c8af2/399.argb	480	640
NaVi-collect-20260919-024204-341-339c8af2	401	82519	data/ai-evaluation/runs/jeonju-cone-20260919/NaVi-collect-20260919-024204-341-339c8af2/401.argb	480	640
NaVi-collect-20260919-024204-341-339c8af2	402	82727	data/ai-evaluation/runs/jeonju-cone-20260919/NaVi-collect-20260919-024204-341-339c8af2/402.argb	480	640
NaVi-collect-20260919-024204-341-339c8af2	403	82950	data/ai-evaluation/runs/jeonju-cone-20260919/NaVi-collect-20260919-024204-341-339c8af2/403.argb	480	640
NaVi-collect-20260919-024204-341-339c8af2	405	83407	data/ai-evaluation/runs/jeonju-cone-20260919/NaVi-collect-20260919-024204-341-339c8af2/405.argb	480	640
NaVi-collect-20260919-024204-341-339c8af2	406	83639	data/ai-evaluation/runs/jeonju-cone-20260919/NaVi-collect-20260919-024204-341-339c8af2/406.argb	480	640
NaVi-collect-20260919-024204-341-339c8af2	407	83848	data/ai-evaluation/runs/jeonju-cone-20260919/NaVi-collect-20260919-024204-341-339c8af2/407.argb	480	640
NaVi-collect-20260919-024204-341-339c8af2	409	84256	data/ai-evaluation/runs/jeonju-cone-20260919/NaVi-collect-20260919-024204-341-339c8af2/409.argb	480	640
NaVi-collect-20260919-024204-341-339c8af2	410	84493	data/ai-evaluation/runs/jeonju-cone-20260919/NaVi-collect-20260919-024204-341-339c8af2/410.argb	480	640
NaVi-collect-20260919-024204-341-339c8af2	411	84695	data/ai-evaluation/runs/jeonju-cone-20260919/NaVi-collect-20260919-024204-341-339c8af2/411.argb	480	640
NaVi-collect-20260919-024204-341-339c8af2	413	85121	data/ai-evaluation/runs/jeonju-cone-20260919/NaVi-collect-20260919-024204-341-339c8af2/413.argb	480	640
NaVi-collect-20260919-024204-341-339c8af2	414	85326	data/ai-evaluation/runs/jeonju-cone-20260919/NaVi-collect-20260919-024204-341-339c8af2/414.argb	480	640
NaVi-collect-20260919-024204-341-339c8af2	415	85555	data/ai-evaluation/runs/jeonju-cone-20260919/NaVi-collect-20260919-024204-341-339c8af2/415.argb	480	640
NaVi-collect-20260919-024204-341-339c8af2	417	85961	data/ai-evaluation/runs/jeonju-cone-20260919/NaVi-collect-20260919-024204-341-339c8af2/417.argb	480	640
NaVi-collect-20260919-024204-341-339c8af2	418	86257	data/ai-evaluation/runs/jeonju-cone-20260919/NaVi-collect-20260919-024204-341-339c8af2/418.argb	480	640
NaVi-collect-20260919-024204-341-339c8af2	420	86599	data/ai-evaluation/runs/jeonju-cone-20260919/NaVi-collect-20260919-024204-341-339c8af2/420.argb	480	640
NaVi-collect-20260919-024204-341-339c8af2	421	86825	data/ai-evaluation/runs/jeonju-cone-20260919/NaVi-collect-20260919-024204-341-339c8af2/421.argb	480	640
NaVi-collect-20260919-024204-341-339c8af2	422	87057	data/ai-evaluation/runs/jeonju-cone-20260919/NaVi-collect-20260919-024204-341-339c8af2/422.argb	480	640
NaVi-collect-20260919-024204-341-339c8af2	423	87256	data/ai-evaluation/runs/jeonju-cone-20260919/NaVi-collect-20260919-024204-341-339c8af2/423.argb	480	640
NaVi-collect-20260919-024204-341-339c8af2	425	87694	data/ai-evaluation/runs/jeonju-cone-20260919/NaVi-collect-20260919-024204-341-339c8af2/425.argb	480	640
NaVi-collect-20260919-024204-341-339c8af2	426	87892	data/ai-evaluation/runs/jeonju-cone-20260919/NaVi-collect-20260919-024204-341-339c8af2/426.argb	480	640
NaVi-collect-20260919-024204-341-339c8af2	427	88099	data/ai-evaluation/runs/jeonju-cone-20260919/NaVi-collect-20260919-024204-341-339c8af2/427.argb	480	640
NaVi-collect-20260919-024204-341-339c8af2	429	88561	data/ai-evaluation/runs/jeonju-cone-20260919/NaVi-collect-20260919-024204-341-339c8af2/429.argb	480	640
NaVi-collect-20260919-024204-341-339c8af2	430	88760	data/ai-evaluation/runs/jeonju-cone-20260919/NaVi-collect-20260919-024204-341-339c8af2/430.argb	480	640
NaVi-collect-20260919-024204-341-339c8af2	431	88989	data/ai-evaluation/runs/jeonju-cone-20260919/NaVi-collect-20260919-024204-341-339c8af2/431.argb	480	640
NaVi-collect-20260919-024204-341-339c8af2	433	89414	data/ai-evaluation/runs/jeonju-cone-20260919/NaVi-collect-20260919-024204-341-339c8af2/433.argb	480	640
NaVi-collect-20260919-024204-341-339c8af2	434	89594	data/ai-evaluation/runs/jeonju-cone-20260919/NaVi-collect-20260919-024204-341-339c8af2/434.argb	480	640
NaVi-collect-20260919-024204-341-339c8af2	435	89827	data/ai-evaluation/runs/jeonju-cone-20260919/NaVi-collect-20260919-024204-341-339c8af2/435.argb	480	640
NaVi-collect-20260919-024204-341-339c8af2	437	90264	data/ai-evaluation/runs/jeonju-cone-20260919/NaVi-collect-20260919-024204-341-339c8af2/437.argb	480	640
NaVi-collect-20260919-024204-341-339c8af2	438	90494	data/ai-evaluation/runs/jeonju-cone-20260919/NaVi-collect-20260919-024204-341-339c8af2/438.argb	480	640
NaVi-collect-20260919-024204-341-339c8af2	439	90700	data/ai-evaluation/runs/jeonju-cone-20260919/NaVi-collect-20260919-024204-341-339c8af2/439.argb	480	640
NaVi-collect-20260919-024204-341-339c8af2	441	91132	data/ai-evaluation/runs/jeonju-cone-20260919/NaVi-collect-20260919-024204-341-339c8af2/441.argb	480	640
NaVi-collect-20260919-024204-341-339c8af2	442	91377	data/ai-evaluation/runs/jeonju-cone-20260919/NaVi-collect-20260919-024204-341-339c8af2/442.argb	480	640
NaVi-collect-20260919-024204-341-339c8af2	443	91589	data/ai-evaluation/runs/jeonju-cone-20260919/NaVi-collect-20260919-024204-341-339c8af2/443.argb	480	640
NaVi-collect-20260919-024204-341-339c8af2	445	92005	data/ai-evaluation/runs/jeonju-cone-20260919/NaVi-collect-20260919-024204-341-339c8af2/445.argb	480	640
NaVi-collect-20260919-024204-341-339c8af2	446	92203	data/ai-evaluation/runs/jeonju-cone-20260919/NaVi-collect-20260919-024204-341-339c8af2/446.argb	480	640
NaVi-collect-20260919-024204-341-339c8af2	447	92394	data/ai-evaluation/runs/jeonju-cone-20260919/NaVi-collect-20260919-024204-341-339c8af2/447.argb	480	640
NaVi-collect-20260919-024204-341-339c8af2	449	92834	data/ai-evaluation/runs/jeonju-cone-20260919/NaVi-collect-20260919-024204-341-339c8af2/449.argb	480	640
NaVi-collect-20260919-024204-341-339c8af2	450	93050	data/ai-evaluation/runs/jeonju-cone-20260919/NaVi-collect-20260919-024204-341-339c8af2/450.argb	480	640
NaVi-collect-20260919-024204-341-339c8af2	452	93431	data/ai-evaluation/runs/jeonju-cone-20260919/NaVi-collect-20260919-024204-341-339c8af2/452.argb	480	640
NaVi-collect-20260919-024204-341-339c8af2	453	93665	data/ai-evaluation/runs/jeonju-cone-20260919/NaVi-collect-20260919-024204-341-339c8af2/453.argb	480	640
NaVi-collect-20260919-024204-341-339c8af2	455	94097	data/ai-evaluation/runs/jeonju-cone-20260919/NaVi-collect-20260919-024204-341-339c8af2/455.argb	480	640
NaVi-collect-20260919-024204-341-339c8af2	456	94334	data/ai-evaluation/runs/jeonju-cone-20260919/NaVi-collect-20260919-024204-341-339c8af2/456.argb	480	640
NaVi-collect-20260919-024204-341-339c8af2	458	94720	data/ai-evaluation/runs/jeonju-cone-20260919/NaVi-collect-20260919-024204-341-339c8af2/458.argb	480	640
NaVi-collect-20260919-024204-341-339c8af2	459	94940	data/ai-evaluation/runs/jeonju-cone-20260919/NaVi-collect-20260919-024204-341-339c8af2/459.argb	480	640
NaVi-collect-20260919-024204-341-339c8af2	460	95166	data/ai-evaluation/runs/jeonju-cone-20260919/NaVi-collect-20260919-024204-341-339c8af2/460.argb	480	640
NaVi-collect-20260919-024204-341-339c8af2	461	95387	data/ai-evaluation/runs/jeonju-cone-20260919/NaVi-collect-20260919-024204-341-339c8af2/461.argb	480	640
NaVi-collect-20260919-024204-341-339c8af2	462	95632	data/ai-evaluation/runs/jeonju-cone-20260919/NaVi-collect-20260919-024204-341-339c8af2/462.argb	480	640
NaVi-collect-20260919-024204-341-339c8af2	464	96071	data/ai-evaluation/runs/jeonju-cone-20260919/NaVi-collect-20260919-024204-341-339c8af2/464.argb	480	640
NaVi-collect-20260919-024204-341-339c8af2	465	96270	data/ai-evaluation/runs/jeonju-cone-20260919/NaVi-collect-20260919-024204-341-339c8af2/465.argb	480	640
NaVi-collect-20260919-024204-341-339c8af2	467	96666	data/ai-evaluation/runs/jeonju-cone-20260919/NaVi-collect-20260919-024204-341-339c8af2/467.argb	480	640
NaVi-collect-20260919-024204-341-339c8af2	469	97060	data/ai-evaluation/runs/jeonju-cone-20260919/NaVi-collect-20260919-024204-341-339c8af2/469.argb	480	640
NaVi-collect-20260919-024204-341-339c8af2	470	97270	data/ai-evaluation/runs/jeonju-cone-20260919/NaVi-collect-20260919-024204-341-339c8af2/470.argb	480	640
NaVi-collect-20260919-024204-341-339c8af2	472	97696	data/ai-evaluation/runs/jeonju-cone-20260919/NaVi-collect-20260919-024204-341-339c8af2/472.argb	480	640
NaVi-collect-20260919-024204-341-339c8af2	473	97867	data/ai-evaluation/runs/jeonju-cone-20260919/NaVi-collect-20260919-024204-341-339c8af2/473.argb	480	640
NaVi-collect-20260919-024204-341-339c8af2	475	98269	data/ai-evaluation/runs/jeonju-cone-20260919/NaVi-collect-20260919-024204-341-339c8af2/475.argb	480	640
NaVi-collect-20260919-024204-341-339c8af2	476	98468	data/ai-evaluation/runs/jeonju-cone-20260919/NaVi-collect-20260919-024204-341-339c8af2/476.argb	480	640
NaVi-collect-20260919-024204-341-339c8af2	477	98716	data/ai-evaluation/runs/jeonju-cone-20260919/NaVi-collect-20260919-024204-341-339c8af2/477.argb	480	640
NaVi-collect-20260919-024204-341-339c8af2	479	99130	data/ai-evaluation/runs/jeonju-cone-20260919/NaVi-collect-20260919-024204-341-339c8af2/479.argb	480	640
NaVi-collect-20260919-024204-341-339c8af2	480	99372	data/ai-evaluation/runs/jeonju-cone-20260919/NaVi-collect-20260919-024204-341-339c8af2/480.argb	480	640
NaVi-collect-20260919-024204-341-339c8af2	482	99799	data/ai-evaluation/runs/jeonju-cone-20260919/NaVi-collect-20260919-024204-341-339c8af2/482.argb	480	640
NaVi-collect-20260919-024204-341-339c8af2	483	100019	data/ai-evaluation/runs/jeonju-cone-20260919/NaVi-collect-20260919-024204-341-339c8af2/483.argb	480	640
NaVi-collect-20260919-024204-341-339c8af2	485	100419	data/ai-evaluation/runs/jeonju-cone-20260919/NaVi-collect-20260919-024204-341-339c8af2/485.argb	480	640
NaVi-collect-20260919-024204-341-339c8af2	486	100669	data/ai-evaluation/runs/jeonju-cone-20260919/NaVi-collect-20260919-024204-341-339c8af2/486.argb	480	640
NaVi-collect-20260919-024204-341-339c8af2	487	100862	data/ai-evaluation/runs/jeonju-cone-20260919/NaVi-collect-20260919-024204-341-339c8af2/487.argb	480	640
NaVi-collect-20260919-024204-341-339c8af2	489	101303	data/ai-evaluation/runs/jeonju-cone-20260919/NaVi-collect-20260919-024204-341-339c8af2/489.argb	480	640
NaVi-collect-20260919-024204-341-339c8af2	490	101489	data/ai-evaluation/runs/jeonju-cone-20260919/NaVi-collect-20260919-024204-341-339c8af2/490.argb	480	640
NaVi-collect-20260919-024204-341-339c8af2	492	101915	data/ai-evaluation/runs/jeonju-cone-20260919/NaVi-collect-20260919-024204-341-339c8af2/492.argb	480	640
NaVi-collect-20260919-024204-341-339c8af2	493	102153	data/ai-evaluation/runs/jeonju-cone-20260919/NaVi-collect-20260919-024204-341-339c8af2/493.argb	480	640
NaVi-collect-20260919-024204-341-339c8af2	494	102364	data/ai-evaluation/runs/jeonju-cone-20260919/NaVi-collect-20260919-024204-341-339c8af2/494.argb	480	640
NaVi-collect-20260919-024204-341-339c8af2	496	102777	data/ai-evaluation/runs/jeonju-cone-20260919/NaVi-collect-20260919-024204-341-339c8af2/496.argb	480	640
NaVi-collect-20260919-024204-341-339c8af2	498	103198	data/ai-evaluation/runs/jeonju-cone-20260919/NaVi-collect-20260919-024204-341-339c8af2/498.argb	480	640
NaVi-collect-20260919-024204-341-339c8af2	499	103397	data/ai-evaluation/runs/jeonju-cone-20260919/NaVi-collect-20260919-024204-341-339c8af2/499.argb	480	640
NaVi-collect-20260919-024204-341-339c8af2	500	103632	data/ai-evaluation/runs/jeonju-cone-20260919/NaVi-collect-20260919-024204-341-339c8af2/500.argb	480	640
NaVi-collect-20260919-024204-341-339c8af2	502	104034	data/ai-evaluation/runs/jeonju-cone-20260919/NaVi-collect-20260919-024204-341-339c8af2/502.argb	480	640
NaVi-collect-20260919-024204-341-339c8af2	504	104479	data/ai-evaluation/runs/jeonju-cone-20260919/NaVi-collect-20260919-024204-341-339c8af2/504.argb	480	640
NaVi-collect-20260919-024204-341-339c8af2	505	104668	data/ai-evaluation/runs/jeonju-cone-20260919/NaVi-collect-20260919-024204-341-339c8af2/505.argb	480	640
NaVi-collect-20260919-024204-341-339c8af2	507	105062	data/ai-evaluation/runs/jeonju-cone-20260919/NaVi-collect-20260919-024204-341-339c8af2/507.argb	480	640
NaVi-collect-20260919-024204-341-339c8af2	508	105306	data/ai-evaluation/runs/jeonju-cone-20260919/NaVi-collect-20260919-024204-341-339c8af2/508.argb	480	640
NaVi-collect-20260919-024204-341-339c8af2	509	105503	data/ai-evaluation/runs/jeonju-cone-20260919/NaVi-collect-20260919-024204-341-339c8af2/509.argb	480	640
NaVi-collect-20260919-024204-341-339c8af2	510	105748	data/ai-evaluation/runs/jeonju-cone-20260919/NaVi-collect-20260919-024204-341-339c8af2/510.argb	480	640
NaVi-collect-20260919-024204-341-339c8af2	512	106162	data/ai-evaluation/runs/jeonju-cone-20260919/NaVi-collect-20260919-024204-341-339c8af2/512.argb	480	640
NaVi-collect-20260919-024204-341-339c8af2	513	106434	data/ai-evaluation/runs/jeonju-cone-20260919/NaVi-collect-20260919-024204-341-339c8af2/513.argb	480	640
NaVi-collect-20260919-024204-341-339c8af2	515	106827	data/ai-evaluation/runs/jeonju-cone-20260919/NaVi-collect-20260919-024204-341-339c8af2/515.argb	480	640
NaVi-collect-20260919-024204-341-339c8af2	516	107039	data/ai-evaluation/runs/jeonju-cone-20260919/NaVi-collect-20260919-024204-341-339c8af2/516.argb	480	640
NaVi-collect-20260919-024204-341-339c8af2	517	107272	data/ai-evaluation/runs/jeonju-cone-20260919/NaVi-collect-20260919-024204-341-339c8af2/517.argb	480	640
NaVi-collect-20260919-024204-341-339c8af2	519	107726	data/ai-evaluation/runs/jeonju-cone-20260919/NaVi-collect-20260919-024204-341-339c8af2/519.argb	480	640
NaVi-collect-20260919-024204-341-339c8af2	520	107942	data/ai-evaluation/runs/jeonju-cone-20260919/NaVi-collect-20260919-024204-341-339c8af2/520.argb	480	640
NaVi-collect-20260919-024204-341-339c8af2	521	108187	data/ai-evaluation/runs/jeonju-cone-20260919/NaVi-collect-20260919-024204-341-339c8af2/521.argb	480	640
NaVi-collect-20260919-024204-341-339c8af2	522	108396	data/ai-evaluation/runs/jeonju-cone-20260919/NaVi-collect-20260919-024204-341-339c8af2/522.argb	480	640
NaVi-collect-20260919-024204-341-339c8af2	523	108661	data/ai-evaluation/runs/jeonju-cone-20260919/NaVi-collect-20260919-024204-341-339c8af2/523.argb	480	640
NaVi-collect-20260919-024204-341-339c8af2	525	109034	data/ai-evaluation/runs/jeonju-cone-20260919/NaVi-collect-20260919-024204-341-339c8af2/525.argb	480	640
NaVi-collect-20260919-024204-341-339c8af2	527	109437	data/ai-evaluation/runs/jeonju-cone-20260919/NaVi-collect-20260919-024204-341-339c8af2/527.argb	480	640
NaVi-collect-20260919-024204-341-339c8af2	528	109663	data/ai-evaluation/runs/jeonju-cone-20260919/NaVi-collect-20260919-024204-341-339c8af2/528.argb	480	640
NaVi-collect-20260919-024204-341-339c8af2	529	109920	data/ai-evaluation/runs/jeonju-cone-20260919/NaVi-collect-20260919-024204-341-339c8af2/529.argb	480	640
NaVi-collect-20260919-024204-341-339c8af2	530	110107	data/ai-evaluation/runs/jeonju-cone-20260919/NaVi-collect-20260919-024204-341-339c8af2/530.argb	480	640
NaVi-collect-20260919-024204-341-339c8af2	532	110531	data/ai-evaluation/runs/jeonju-cone-20260919/NaVi-collect-20260919-024204-341-339c8af2/532.argb	480	640
NaVi-collect-20260919-024204-341-339c8af2	533	110731	data/ai-evaluation/runs/jeonju-cone-20260919/NaVi-collect-20260919-024204-341-339c8af2/533.argb	480	640
NaVi-collect-20260919-024204-341-339c8af2	534	110964	data/ai-evaluation/runs/jeonju-cone-20260919/NaVi-collect-20260919-024204-341-339c8af2/534.argb	480	640
NaVi-collect-20260919-024204-341-339c8af2	535	111169	data/ai-evaluation/runs/jeonju-cone-20260919/NaVi-collect-20260919-024204-341-339c8af2/535.argb	480	640
NaVi-collect-20260919-024204-341-339c8af2	537	111596	data/ai-evaluation/runs/jeonju-cone-20260919/NaVi-collect-20260919-024204-341-339c8af2/537.argb	480	640
NaVi-collect-20260919-024204-341-339c8af2	538	111837	data/ai-evaluation/runs/jeonju-cone-20260919/NaVi-collect-20260919-024204-341-339c8af2/538.argb	480	640
NaVi-collect-20260919-024204-341-339c8af2	539	112054	data/ai-evaluation/runs/jeonju-cone-20260919/NaVi-collect-20260919-024204-341-339c8af2/539.argb	480	640
NaVi-collect-20260919-024204-341-339c8af2	540	112247	data/ai-evaluation/runs/jeonju-cone-20260919/NaVi-collect-20260919-024204-341-339c8af2/540.argb	480	640
NaVi-collect-20260919-024204-341-339c8af2	542	112742	data/ai-evaluation/runs/jeonju-cone-20260919/NaVi-collect-20260919-024204-341-339c8af2/542.argb	480	640
NaVi-collect-20260919-024204-341-339c8af2	543	112894	data/ai-evaluation/runs/jeonju-cone-20260919/NaVi-collect-20260919-024204-341-339c8af2/543.argb	480	640
NaVi-collect-20260919-024204-341-339c8af2	545	113300	data/ai-evaluation/runs/jeonju-cone-20260919/NaVi-collect-20260919-024204-341-339c8af2/545.argb	480	640
NaVi-collect-20260919-024204-341-339c8af2	546	113535	data/ai-evaluation/runs/jeonju-cone-20260919/NaVi-collect-20260919-024204-341-339c8af2/546.argb	480	640
NaVi-collect-20260919-024204-341-339c8af2	547	113767	data/ai-evaluation/runs/jeonju-cone-20260919/NaVi-collect-20260919-024204-341-339c8af2/547.argb	480	640
NaVi-collect-20260919-024204-341-339c8af2	548	114103	data/ai-evaluation/runs/jeonju-cone-20260919/NaVi-collect-20260919-024204-341-339c8af2/548.argb	480	640
NaVi-collect-20260919-024204-341-339c8af2	549	114240	data/ai-evaluation/runs/jeonju-cone-20260919/NaVi-collect-20260919-024204-341-339c8af2/549.argb	480	640
NaVi-collect-20260919-024204-341-339c8af2	551	114683	data/ai-evaluation/runs/jeonju-cone-20260919/NaVi-collect-20260919-024204-341-339c8af2/551.argb	480	640
NaVi-collect-20260919-024204-341-339c8af2	552	114874	data/ai-evaluation/runs/jeonju-cone-20260919/NaVi-collect-20260919-024204-341-339c8af2/552.argb	480	640
NaVi-collect-20260919-024204-341-339c8af2	553	115072	data/ai-evaluation/runs/jeonju-cone-20260919/NaVi-collect-20260919-024204-341-339c8af2/553.argb	480	640
NaVi-collect-20260919-024204-341-339c8af2	555	115526	data/ai-evaluation/runs/jeonju-cone-20260919/NaVi-collect-20260919-024204-341-339c8af2/555.argb	480	640
NaVi-collect-20260919-024204-341-339c8af2	556	115759	data/ai-evaluation/runs/jeonju-cone-20260919/NaVi-collect-20260919-024204-341-339c8af2/556.argb	480	640
NaVi-collect-20260919-024204-341-339c8af2	557	115983	data/ai-evaluation/runs/jeonju-cone-20260919/NaVi-collect-20260919-024204-341-339c8af2/557.argb	480	640
NaVi-collect-20260919-024204-341-339c8af2	560	116600	data/ai-evaluation/runs/jeonju-cone-20260919/NaVi-collect-20260919-024204-341-339c8af2/560.argb	480	640
NaVi-collect-20260919-024204-341-339c8af2	561	116779	data/ai-evaluation/runs/jeonju-cone-20260919/NaVi-collect-20260919-024204-341-339c8af2/561.argb	480	640
NaVi-collect-20260919-024204-341-339c8af2	563	117159	data/ai-evaluation/runs/jeonju-cone-20260919/NaVi-collect-20260919-024204-341-339c8af2/563.argb	480	640
NaVi-collect-20260919-024204-341-339c8af2	564	117393	data/ai-evaluation/runs/jeonju-cone-20260919/NaVi-collect-20260919-024204-341-339c8af2/564.argb	480	640
NaVi-collect-20260919-024204-341-339c8af2	565	117596	data/ai-evaluation/runs/jeonju-cone-20260919/NaVi-collect-20260919-024204-341-339c8af2/565.argb	480	640
NaVi-collect-20260919-024204-341-339c8af2	567	118027	data/ai-evaluation/runs/jeonju-cone-20260919/NaVi-collect-20260919-024204-341-339c8af2/567.argb	480	640
NaVi-collect-20260919-024204-341-339c8af2	568	118296	data/ai-evaluation/runs/jeonju-cone-20260919/NaVi-collect-20260919-024204-341-339c8af2/568.argb	480	640
NaVi-collect-20260919-024204-341-339c8af2	569	118505	data/ai-evaluation/runs/jeonju-cone-20260919/NaVi-collect-20260919-024204-341-339c8af2/569.argb	480	640
NaVi-collect-20260919-024204-341-339c8af2	570	118738	data/ai-evaluation/runs/jeonju-cone-20260919/NaVi-collect-20260919-024204-341-339c8af2/570.argb	480	640
NaVi-collect-20260919-024204-341-339c8af2	572	119202	data/ai-evaluation/runs/jeonju-cone-20260919/NaVi-collect-20260919-024204-341-339c8af2/572.argb	480	640
NaVi-collect-20260919-024204-341-339c8af2	573	119395	data/ai-evaluation/runs/jeonju-cone-20260919/NaVi-collect-20260919-024204-341-339c8af2/573.argb	480	640
NaVi-collect-20260919-024204-341-339c8af2	575	119822	data/ai-evaluation/runs/jeonju-cone-20260919/NaVi-collect-20260919-024204-341-339c8af2/575.argb	480	640
NaVi-collect-20260919-024204-341-339c8af2	576	119999	data/ai-evaluation/runs/jeonju-cone-20260919/NaVi-collect-20260919-024204-341-339c8af2/576.argb	480	640
NaVi-collect-20260919-024204-341-339c8af2	578	120493	data/ai-evaluation/runs/jeonju-cone-20260919/NaVi-collect-20260919-024204-341-339c8af2/578.argb	480	640
NaVi-collect-20260919-024204-341-339c8af2	579	120632	data/ai-evaluation/runs/jeonju-cone-20260919/NaVi-collect-20260919-024204-341-339c8af2/579.argb	480	640
NaVi-collect-20260919-024204-341-339c8af2	581	121029	data/ai-evaluation/runs/jeonju-cone-20260919/NaVi-collect-20260919-024204-341-339c8af2/581.argb	480	640
NaVi-collect-20260919-024204-341-339c8af2	582	121243	data/ai-evaluation/runs/jeonju-cone-20260919/NaVi-collect-20260919-024204-341-339c8af2/582.argb	480	640
NaVi-collect-20260919-024204-341-339c8af2	584	121663	data/ai-evaluation/runs/jeonju-cone-20260919/NaVi-collect-20260919-024204-341-339c8af2/584.argb	480	640
NaVi-collect-20260919-024204-341-339c8af2	585	121919	data/ai-evaluation/runs/jeonju-cone-20260919/NaVi-collect-20260919-024204-341-339c8af2/585.argb	480	640
NaVi-collect-20260919-024204-341-339c8af2	587	122381	data/ai-evaluation/runs/jeonju-cone-20260919/NaVi-collect-20260919-024204-341-339c8af2/587.argb	480	640
NaVi-collect-20260919-024204-341-339c8af2	588	122595	data/ai-evaluation/runs/jeonju-cone-20260919/NaVi-collect-20260919-024204-341-339c8af2/588.argb	480	640
NaVi-collect-20260919-024204-341-339c8af2	590	123001	data/ai-evaluation/runs/jeonju-cone-20260919/NaVi-collect-20260919-024204-341-339c8af2/590.argb	480	640
NaVi-collect-20260919-024204-341-339c8af2	591	123245	data/ai-evaluation/runs/jeonju-cone-20260919/NaVi-collect-20260919-024204-341-339c8af2/591.argb	480	640
NaVi-collect-20260919-024204-341-339c8af2	593	123667	data/ai-evaluation/runs/jeonju-cone-20260919/NaVi-collect-20260919-024204-341-339c8af2/593.argb	480	640
NaVi-collect-20260919-024204-341-339c8af2	594	123879	data/ai-evaluation/runs/jeonju-cone-20260919/NaVi-collect-20260919-024204-341-339c8af2/594.argb	480	640
NaVi-collect-20260919-024204-341-339c8af2	596	124295	data/ai-evaluation/runs/jeonju-cone-20260919/NaVi-collect-20260919-024204-341-339c8af2/596.argb	480	640
NaVi-collect-20260919-024204-341-339c8af2	597	124542	data/ai-evaluation/runs/jeonju-cone-20260919/NaVi-collect-20260919-024204-341-339c8af2/597.argb	480	640
NaVi-collect-20260919-024204-341-339c8af2	599	124972	data/ai-evaluation/runs/jeonju-cone-20260919/NaVi-collect-20260919-024204-341-339c8af2/599.argb	480	640
NaVi-collect-20260919-024204-341-339c8af2	600	125206	data/ai-evaluation/runs/jeonju-cone-20260919/NaVi-collect-20260919-024204-341-339c8af2/600.argb	480	640
NaVi-collect-20260919-024204-341-339c8af2	601	125362	data/ai-evaluation/runs/jeonju-cone-20260919/NaVi-collect-20260919-024204-341-339c8af2/601.argb	480	640
NaVi-collect-20260919-024204-341-339c8af2	603	125769	data/ai-evaluation/runs/jeonju-cone-20260919/NaVi-collect-20260919-024204-341-339c8af2/603.argb	480	640
NaVi-collect-20260919-024204-341-339c8af2	604	125997	data/ai-evaluation/runs/jeonju-cone-20260919/NaVi-collect-20260919-024204-341-339c8af2/604.argb	480	640
NaVi-collect-20260919-024204-341-339c8af2	606	126385	data/ai-evaluation/runs/jeonju-cone-20260919/NaVi-collect-20260919-024204-341-339c8af2/606.argb	480	640
NaVi-collect-20260919-024204-341-339c8af2	608	126777	data/ai-evaluation/runs/jeonju-cone-20260919/NaVi-collect-20260919-024204-341-339c8af2/608.argb	480	640
NaVi-collect-20260919-024204-341-339c8af2	609	127035	data/ai-evaluation/runs/jeonju-cone-20260919/NaVi-collect-20260919-024204-341-339c8af2/609.argb	480	640
NaVi-collect-20260919-024204-341-339c8af2	611	127384	data/ai-evaluation/runs/jeonju-cone-20260919/NaVi-collect-20260919-024204-341-339c8af2/611.argb	480	640
NaVi-collect-20260919-024204-341-339c8af2	612	127584	data/ai-evaluation/runs/jeonju-cone-20260919/NaVi-collect-20260919-024204-341-339c8af2/612.argb	480	640
NaVi-collect-20260919-024204-341-339c8af2	614	127980	data/ai-evaluation/runs/jeonju-cone-20260919/NaVi-collect-20260919-024204-341-339c8af2/614.argb	480	640
NaVi-collect-20260919-024204-341-339c8af2	615	128192	data/ai-evaluation/runs/jeonju-cone-20260919/NaVi-collect-20260919-024204-341-339c8af2/615.argb	480	640
NaVi-collect-20260919-024204-341-339c8af2	617	128581	data/ai-evaluation/runs/jeonju-cone-20260919/NaVi-collect-20260919-024204-341-339c8af2/617.argb	480	640
NaVi-collect-20260919-024204-341-339c8af2	618	128784	data/ai-evaluation/runs/jeonju-cone-20260919/NaVi-collect-20260919-024204-341-339c8af2/618.argb	480	640
NaVi-collect-20260919-024204-341-339c8af2	620	129209	data/ai-evaluation/runs/jeonju-cone-20260919/NaVi-collect-20260919-024204-341-339c8af2/620.argb	480	640
NaVi-collect-20260919-024204-341-339c8af2	621	129401	data/ai-evaluation/runs/jeonju-cone-20260919/NaVi-collect-20260919-024204-341-339c8af2/621.argb	480	640
NaVi-collect-20260919-024204-341-339c8af2	622	129620	data/ai-evaluation/runs/jeonju-cone-20260919/NaVi-collect-20260919-024204-341-339c8af2/622.argb	480	640
NaVi-collect-20260919-024204-341-339c8af2	624	130024	data/ai-evaluation/runs/jeonju-cone-20260919/NaVi-collect-20260919-024204-341-339c8af2/624.argb	480	640
NaVi-collect-20260919-024204-341-339c8af2	626	130430	data/ai-evaluation/runs/jeonju-cone-20260919/NaVi-collect-20260919-024204-341-339c8af2/626.argb	480	640
NaVi-collect-20260919-024204-341-339c8af2	627	130652	data/ai-evaluation/runs/jeonju-cone-20260919/NaVi-collect-20260919-024204-341-339c8af2/627.argb	480	640
NaVi-collect-20260919-024204-341-339c8af2	629	131027	data/ai-evaluation/runs/jeonju-cone-20260919/NaVi-collect-20260919-024204-341-339c8af2/629.argb	480	640
NaVi-collect-20260919-024204-341-339c8af2	630	131257	data/ai-evaluation/runs/jeonju-cone-20260919/NaVi-collect-20260919-024204-341-339c8af2/630.argb	480	640
NaVi-collect-20260919-024204-341-339c8af2	632	131624	data/ai-evaluation/runs/jeonju-cone-20260919/NaVi-collect-20260919-024204-341-339c8af2/632.argb	480	640
NaVi-collect-20260919-024204-341-339c8af2	633	131860	data/ai-evaluation/runs/jeonju-cone-20260919/NaVi-collect-20260919-024204-341-339c8af2/633.argb	480	640
NaVi-collect-20260919-024204-341-339c8af2	635	132286	data/ai-evaluation/runs/jeonju-cone-20260919/NaVi-collect-20260919-024204-341-339c8af2/635.argb	480	640
NaVi-collect-20260919-024204-341-339c8af2	636	132490	data/ai-evaluation/runs/jeonju-cone-20260919/NaVi-collect-20260919-024204-341-339c8af2/636.argb	480	640
NaVi-collect-20260919-024204-341-339c8af2	638	132955	data/ai-evaluation/runs/jeonju-cone-20260919/NaVi-collect-20260919-024204-341-339c8af2/638.argb	480	640
NaVi-collect-20260919-024204-341-339c8af2	639	133202	data/ai-evaluation/runs/jeonju-cone-20260919/NaVi-collect-20260919-024204-341-339c8af2/639.argb	480	640
NaVi-collect-20260919-024204-341-339c8af2	641	133619	data/ai-evaluation/runs/jeonju-cone-20260919/NaVi-collect-20260919-024204-341-339c8af2/641.argb	480	640
NaVi-collect-20260919-024204-341-339c8af2	642	133866	data/ai-evaluation/runs/jeonju-cone-20260919/NaVi-collect-20260919-024204-341-339c8af2/642.argb	480	640
NaVi-collect-20260919-024204-341-339c8af2	643	134096	data/ai-evaluation/runs/jeonju-cone-20260919/NaVi-collect-20260919-024204-341-339c8af2/643.argb	480	640
NaVi-collect-20260919-024204-341-339c8af2	644	134311	data/ai-evaluation/runs/jeonju-cone-20260919/NaVi-collect-20260919-024204-341-339c8af2/644.argb	480	640
NaVi-collect-20260919-024204-341-339c8af2	646	134725	data/ai-evaluation/runs/jeonju-cone-20260919/NaVi-collect-20260919-024204-341-339c8af2/646.argb	480	640
NaVi-collect-20260919-024204-341-339c8af2	647	134922	data/ai-evaluation/runs/jeonju-cone-20260919/NaVi-collect-20260919-024204-341-339c8af2/647.argb	480	640
NaVi-collect-20260919-024204-341-339c8af2	649	135363	data/ai-evaluation/runs/jeonju-cone-20260919/NaVi-collect-20260919-024204-341-339c8af2/649.argb	480	640
NaVi-collect-20260919-024204-341-339c8af2	650	135687	data/ai-evaluation/runs/jeonju-cone-20260919/NaVi-collect-20260919-024204-341-339c8af2/650.argb	480	640
NaVi-collect-20260919-024204-341-339c8af2	652	136091	data/ai-evaluation/runs/jeonju-cone-20260919/NaVi-collect-20260919-024204-341-339c8af2/652.argb	480	640
NaVi-collect-20260919-024204-341-339c8af2	653	136296	data/ai-evaluation/runs/jeonju-cone-20260919/NaVi-collect-20260919-024204-341-339c8af2/653.argb	480	640
NaVi-collect-20260919-024204-341-339c8af2	655	136675	data/ai-evaluation/runs/jeonju-cone-20260919/NaVi-collect-20260919-024204-341-339c8af2/655.argb	480	640
NaVi-collect-20260919-024204-341-339c8af2	656	136895	data/ai-evaluation/runs/jeonju-cone-20260919/NaVi-collect-20260919-024204-341-339c8af2/656.argb	480	640
NaVi-collect-20260919-024204-341-339c8af2	658	137326	data/ai-evaluation/runs/jeonju-cone-20260919/NaVi-collect-20260919-024204-341-339c8af2/658.argb	480	640
NaVi-collect-20260919-024204-341-339c8af2	659	137525	data/ai-evaluation/runs/jeonju-cone-20260919/NaVi-collect-20260919-024204-341-339c8af2/659.argb	480	640
NaVi-collect-20260919-024204-341-339c8af2	660	137777	data/ai-evaluation/runs/jeonju-cone-20260919/NaVi-collect-20260919-024204-341-339c8af2/660.argb	480	640
NaVi-collect-20260919-024204-341-339c8af2	662	138204	data/ai-evaluation/runs/jeonju-cone-20260919/NaVi-collect-20260919-024204-341-339c8af2/662.argb	480	640
NaVi-collect-20260919-024204-341-339c8af2	663	138426	data/ai-evaluation/runs/jeonju-cone-20260919/NaVi-collect-20260919-024204-341-339c8af2/663.argb	480	640
NaVi-collect-20260919-024204-341-339c8af2	664	138657	data/ai-evaluation/runs/jeonju-cone-20260919/NaVi-collect-20260919-024204-341-339c8af2/664.argb	480	640
NaVi-collect-20260919-024204-341-339c8af2	666	139106	data/ai-evaluation/runs/jeonju-cone-20260919/NaVi-collect-20260919-024204-341-339c8af2/666.argb	480	640
NaVi-collect-20260919-024204-341-339c8af2	667	139299	data/ai-evaluation/runs/jeonju-cone-20260919/NaVi-collect-20260919-024204-341-339c8af2/667.argb	480	640
NaVi-collect-20260919-024204-341-339c8af2	669	139725	data/ai-evaluation/runs/jeonju-cone-20260919/NaVi-collect-20260919-024204-341-339c8af2/669.argb	480	640
NaVi-collect-20260919-024204-341-339c8af2	670	139912	data/ai-evaluation/runs/jeonju-cone-20260919/NaVi-collect-20260919-024204-341-339c8af2/670.argb	480	640
NaVi-collect-20260919-024204-341-339c8af2	671	140153	data/ai-evaluation/runs/jeonju-cone-20260919/NaVi-collect-20260919-024204-341-339c8af2/671.argb	480	640
NaVi-collect-20260919-024204-341-339c8af2	673	140579	data/ai-evaluation/runs/jeonju-cone-20260919/NaVi-collect-20260919-024204-341-339c8af2/673.argb	480	640
NaVi-collect-20260919-024204-341-339c8af2	674	140821	data/ai-evaluation/runs/jeonju-cone-20260919/NaVi-collect-20260919-024204-341-339c8af2/674.argb	480	640
NaVi-collect-20260919-024204-341-339c8af2	675	141034	data/ai-evaluation/runs/jeonju-cone-20260919/NaVi-collect-20260919-024204-341-339c8af2/675.argb	480	640
NaVi-collect-20260919-024204-341-339c8af2	677	141483	data/ai-evaluation/runs/jeonju-cone-20260919/NaVi-collect-20260919-024204-341-339c8af2/677.argb	480	640
NaVi-collect-20260919-024204-341-339c8af2	678	141698	data/ai-evaluation/runs/jeonju-cone-20260919/NaVi-collect-20260919-024204-341-339c8af2/678.argb	480	640
NaVi-collect-20260919-024204-341-339c8af2	679	141898	data/ai-evaluation/runs/jeonju-cone-20260919/NaVi-collect-20260919-024204-341-339c8af2/679.argb	480	640
NaVi-collect-20260919-024204-341-339c8af2	680	142116	data/ai-evaluation/runs/jeonju-cone-20260919/NaVi-collect-20260919-024204-341-339c8af2/680.argb	480	640
NaVi-collect-20260919-024204-341-339c8af2	682	142552	data/ai-evaluation/runs/jeonju-cone-20260919/NaVi-collect-20260919-024204-341-339c8af2/682.argb	480	640
NaVi-collect-20260919-024204-341-339c8af2	683	142749	data/ai-evaluation/runs/jeonju-cone-20260919/NaVi-collect-20260919-024204-341-339c8af2/683.argb	480	640
NaVi-collect-20260919-024204-341-339c8af2	684	142952	data/ai-evaluation/runs/jeonju-cone-20260919/NaVi-collect-20260919-024204-341-339c8af2/684.argb	480	640
NaVi-collect-20260919-024204-341-339c8af2	686	143388	data/ai-evaluation/runs/jeonju-cone-20260919/NaVi-collect-20260919-024204-341-339c8af2/686.argb	480	640
NaVi-collect-20260919-024204-341-339c8af2	687	143585	data/ai-evaluation/runs/jeonju-cone-20260919/NaVi-collect-20260919-024204-341-339c8af2/687.argb	480	640
NaVi-collect-20260919-024204-341-339c8af2	688	143788	data/ai-evaluation/runs/jeonju-cone-20260919/NaVi-collect-20260919-024204-341-339c8af2/688.argb	480	640
NaVi-collect-20260919-024204-341-339c8af2	690	144230	data/ai-evaluation/runs/jeonju-cone-20260919/NaVi-collect-20260919-024204-341-339c8af2/690.argb	480	640
NaVi-collect-20260919-024204-341-339c8af2	691	144452	data/ai-evaluation/runs/jeonju-cone-20260919/NaVi-collect-20260919-024204-341-339c8af2/691.argb	480	640
NaVi-collect-20260919-024204-341-339c8af2	692	144686	data/ai-evaluation/runs/jeonju-cone-20260919/NaVi-collect-20260919-024204-341-339c8af2/692.argb	480	640
NaVi-collect-20260919-024204-341-339c8af2	693	144924	data/ai-evaluation/runs/jeonju-cone-20260919/NaVi-collect-20260919-024204-341-339c8af2/693.argb	480	640
NaVi-collect-20260919-024204-341-339c8af2	694	145121	data/ai-evaluation/runs/jeonju-cone-20260919/NaVi-collect-20260919-024204-341-339c8af2/694.argb	480	640
NaVi-collect-20260919-024204-341-339c8af2	696	145633	data/ai-evaluation/runs/jeonju-cone-20260919/NaVi-collect-20260919-024204-341-339c8af2/696.argb	480	640
NaVi-collect-20260919-024204-341-339c8af2	698	146066	data/ai-evaluation/runs/jeonju-cone-20260919/NaVi-collect-20260919-024204-341-339c8af2/698.argb	480	640
NaVi-collect-20260919-024204-341-339c8af2	700	146536	data/ai-evaluation/runs/jeonju-cone-20260919/NaVi-collect-20260919-024204-341-339c8af2/700.argb	480	640
NaVi-collect-20260919-024204-341-339c8af2	702	146980	data/ai-evaluation/runs/jeonju-cone-20260919/NaVi-collect-20260919-024204-341-339c8af2/702.argb	480	640
NaVi-collect-20260919-024204-341-339c8af2	704	147336	data/ai-evaluation/runs/jeonju-cone-20260919/NaVi-collect-20260919-024204-341-339c8af2/704.argb	480	640
NaVi-collect-20260919-024204-341-339c8af2	705	147548	data/ai-evaluation/runs/jeonju-cone-20260919/NaVi-collect-20260919-024204-341-339c8af2/705.argb	480	640
NaVi-collect-20260919-024204-341-339c8af2	707	147920	data/ai-evaluation/runs/jeonju-cone-20260919/NaVi-collect-20260919-024204-341-339c8af2/707.argb	480	640
NaVi-collect-20260919-024204-341-339c8af2	708	148144	data/ai-evaluation/runs/jeonju-cone-20260919/NaVi-collect-20260919-024204-341-339c8af2/708.argb	480	640
NaVi-collect-20260919-024204-341-339c8af2	710	148537	data/ai-evaluation/runs/jeonju-cone-20260919/NaVi-collect-20260919-024204-341-339c8af2/710.argb	480	640
NaVi-collect-20260919-024204-341-339c8af2	711	148726	data/ai-evaluation/runs/jeonju-cone-20260919/NaVi-collect-20260919-024204-341-339c8af2/711.argb	480	640
NaVi-collect-20260919-024204-341-339c8af2	713	149142	data/ai-evaluation/runs/jeonju-cone-20260919/NaVi-collect-20260919-024204-341-339c8af2/713.argb	480	640
NaVi-collect-20260919-024204-341-339c8af2	714	149339	data/ai-evaluation/runs/jeonju-cone-20260919/NaVi-collect-20260919-024204-341-339c8af2/714.argb	480	640
NaVi-collect-20260919-024204-341-339c8af2	716	149742	data/ai-evaluation/runs/jeonju-cone-20260919/NaVi-collect-20260919-024204-341-339c8af2/716.argb	480	640
NaVi-collect-20260919-024204-341-339c8af2	717	149945	data/ai-evaluation/runs/jeonju-cone-20260919/NaVi-collect-20260919-024204-341-339c8af2/717.argb	480	640
NaVi-collect-20260919-024204-341-339c8af2	719	150342	data/ai-evaluation/runs/jeonju-cone-20260919/NaVi-collect-20260919-024204-341-339c8af2/719.argb	480	640
NaVi-collect-20260919-024204-341-339c8af2	721	150743	data/ai-evaluation/runs/jeonju-cone-20260919/NaVi-collect-20260919-024204-341-339c8af2/721.argb	480	640
NaVi-collect-20260919-024204-341-339c8af2	722	150938	data/ai-evaluation/runs/jeonju-cone-20260919/NaVi-collect-20260919-024204-341-339c8af2/722.argb	480	640
NaVi-collect-20260919-024204-341-339c8af2	724	151340	data/ai-evaluation/runs/jeonju-cone-20260919/NaVi-collect-20260919-024204-341-339c8af2/724.argb	480	640
NaVi-collect-20260919-024204-341-339c8af2	725	151543	data/ai-evaluation/runs/jeonju-cone-20260919/NaVi-collect-20260919-024204-341-339c8af2/725.argb	480	640
NaVi-collect-20260919-024204-341-339c8af2	727	152006	data/ai-evaluation/runs/jeonju-cone-20260919/NaVi-collect-20260919-024204-341-339c8af2/727.argb	480	640
NaVi-collect-20260919-024204-341-339c8af2	728	152231	data/ai-evaluation/runs/jeonju-cone-20260919/NaVi-collect-20260919-024204-341-339c8af2/728.argb	480	640
NaVi-collect-20260919-024204-341-339c8af2	731	152890	data/ai-evaluation/runs/jeonju-cone-20260919/NaVi-collect-20260919-024204-341-339c8af2/731.argb	480	640
NaVi-collect-20260919-024204-341-339c8af2	733	153298	data/ai-evaluation/runs/jeonju-cone-20260919/NaVi-collect-20260919-024204-341-339c8af2/733.argb	480	640
NaVi-collect-20260919-024204-341-339c8af2	735	153667	data/ai-evaluation/runs/jeonju-cone-20260919/NaVi-collect-20260919-024204-341-339c8af2/735.argb	480	640
NaVi-collect-20260919-024204-341-339c8af2	736	153856	data/ai-evaluation/runs/jeonju-cone-20260919/NaVi-collect-20260919-024204-341-339c8af2/736.argb	480	640
NaVi-collect-20260919-024204-341-339c8af2	738	154247	data/ai-evaluation/runs/jeonju-cone-20260919/NaVi-collect-20260919-024204-341-339c8af2/738.argb	480	640
NaVi-collect-20260919-024204-341-339c8af2	739	154451	data/ai-evaluation/runs/jeonju-cone-20260919/NaVi-collect-20260919-024204-341-339c8af2/739.argb	480	640
NaVi-collect-20260919-024204-341-339c8af2	741	154853	data/ai-evaluation/runs/jeonju-cone-20260919/NaVi-collect-20260919-024204-341-339c8af2/741.argb	480	640
NaVi-collect-20260919-024204-341-339c8af2	742	155069	data/ai-evaluation/runs/jeonju-cone-20260919/NaVi-collect-20260919-024204-341-339c8af2/742.argb	480	640
NaVi-collect-20260919-024204-341-339c8af2	744	155453	data/ai-evaluation/runs/jeonju-cone-20260919/NaVi-collect-20260919-024204-341-339c8af2/744.argb	480	640
NaVi-collect-20260919-024204-341-339c8af2	746	155847	data/ai-evaluation/runs/jeonju-cone-20260919/NaVi-collect-20260919-024204-341-339c8af2/746.argb	480	640
NaVi-collect-20260919-024204-341-339c8af2	747	156124	data/ai-evaluation/runs/jeonju-cone-20260919/NaVi-collect-20260919-024204-341-339c8af2/747.argb	480	640
NaVi-collect-20260919-024204-341-339c8af2	749	156452	data/ai-evaluation/runs/jeonju-cone-20260919/NaVi-collect-20260919-024204-341-339c8af2/749.argb	480	640
NaVi-collect-20260919-024204-341-339c8af2	750	156668	data/ai-evaluation/runs/jeonju-cone-20260919/NaVi-collect-20260919-024204-341-339c8af2/750.argb	480	640
NaVi-collect-20260919-024204-341-339c8af2	752	157054	data/ai-evaluation/runs/jeonju-cone-20260919/NaVi-collect-20260919-024204-341-339c8af2/752.argb	480	640
NaVi-collect-20260919-024204-341-339c8af2	753	157275	data/ai-evaluation/runs/jeonju-cone-20260919/NaVi-collect-20260919-024204-341-339c8af2/753.argb	480	640
NaVi-collect-20260919-024204-341-339c8af2	755	157675	data/ai-evaluation/runs/jeonju-cone-20260919/NaVi-collect-20260919-024204-341-339c8af2/755.argb	480	640
NaVi-collect-20260919-024204-341-339c8af2	756	157868	data/ai-evaluation/runs/jeonju-cone-20260919/NaVi-collect-20260919-024204-341-339c8af2/756.argb	480	640
NaVi-collect-20260919-024204-341-339c8af2	758	158358	data/ai-evaluation/runs/jeonju-cone-20260919/NaVi-collect-20260919-024204-341-339c8af2/758.argb	480	640
NaVi-collect-20260919-024204-341-339c8af2	759	158490	data/ai-evaluation/runs/jeonju-cone-20260919/NaVi-collect-20260919-024204-341-339c8af2/759.argb	480	640
NaVi-collect-20260919-024204-341-339c8af2	761	158898	data/ai-evaluation/runs/jeonju-cone-20260919/NaVi-collect-20260919-024204-341-339c8af2/761.argb	480	640
NaVi-collect-20260919-024204-341-339c8af2	762	159108	data/ai-evaluation/runs/jeonju-cone-20260919/NaVi-collect-20260919-024204-341-339c8af2/762.argb	480	640
NaVi-collect-20260919-024204-341-339c8af2	764	159512	data/ai-evaluation/runs/jeonju-cone-20260919/NaVi-collect-20260919-024204-341-339c8af2/764.argb	480	640
NaVi-collect-20260919-024204-341-339c8af2	765	159711	data/ai-evaluation/runs/jeonju-cone-20260919/NaVi-collect-20260919-024204-341-339c8af2/765.argb	480	640
NaVi-collect-20260919-024204-341-339c8af2	767	160101	data/ai-evaluation/runs/jeonju-cone-20260919/NaVi-collect-20260919-024204-341-339c8af2/767.argb	480	640
NaVi-collect-20260919-024204-341-339c8af2	768	160307	data/ai-evaluation/runs/jeonju-cone-20260919/NaVi-collect-20260919-024204-341-339c8af2/768.argb	480	640
NaVi-collect-20260919-024204-341-339c8af2	770	160719	data/ai-evaluation/runs/jeonju-cone-20260919/NaVi-collect-20260919-024204-341-339c8af2/770.argb	480	640
NaVi-collect-20260919-024204-341-339c8af2	771	160910	data/ai-evaluation/runs/jeonju-cone-20260919/NaVi-collect-20260919-024204-341-339c8af2/771.argb	480	640
NaVi-collect-20260919-024204-341-339c8af2	773	161312	data/ai-evaluation/runs/jeonju-cone-20260919/NaVi-collect-20260919-024204-341-339c8af2/773.argb	480	640
NaVi-collect-20260919-024204-341-339c8af2	774	161517	data/ai-evaluation/runs/jeonju-cone-20260919/NaVi-collect-20260919-024204-341-339c8af2/774.argb	480	640
NaVi-collect-20260919-024204-341-339c8af2	776	161905	data/ai-evaluation/runs/jeonju-cone-20260919/NaVi-collect-20260919-024204-341-339c8af2/776.argb	480	640
NaVi-collect-20260919-024204-341-339c8af2	777	162102	data/ai-evaluation/runs/jeonju-cone-20260919/NaVi-collect-20260919-024204-341-339c8af2/777.argb	480	640
NaVi-collect-20260919-024204-341-339c8af2	778	162326	data/ai-evaluation/runs/jeonju-cone-20260919/NaVi-collect-20260919-024204-341-339c8af2/778.argb	480	640
NaVi-collect-20260919-024204-341-339c8af2	780	162731	data/ai-evaluation/runs/jeonju-cone-20260919/NaVi-collect-20260919-024204-341-339c8af2/780.argb	480	640
NaVi-collect-20260919-024204-341-339c8af2	781	162919	data/ai-evaluation/runs/jeonju-cone-20260919/NaVi-collect-20260919-024204-341-339c8af2/781.argb	480	640
NaVi-collect-20260919-024204-341-339c8af2	783	163343	data/ai-evaluation/runs/jeonju-cone-20260919/NaVi-collect-20260919-024204-341-339c8af2/783.argb	480	640
NaVi-collect-20260919-024204-341-339c8af2	785	163708	data/ai-evaluation/runs/jeonju-cone-20260919/NaVi-collect-20260919-024204-341-339c8af2/785.argb	480	640
NaVi-collect-20260919-024204-341-339c8af2	786	163939	data/ai-evaluation/runs/jeonju-cone-20260919/NaVi-collect-20260919-024204-341-339c8af2/786.argb	480	640
NaVi-collect-20260919-024204-341-339c8af2	788	164318	data/ai-evaluation/runs/jeonju-cone-20260919/NaVi-collect-20260919-024204-341-339c8af2/788.argb	480	640
NaVi-collect-20260919-024204-341-339c8af2	789	164552	data/ai-evaluation/runs/jeonju-cone-20260919/NaVi-collect-20260919-024204-341-339c8af2/789.argb	480	640
NaVi-collect-20260919-024204-341-339c8af2	791	164914	data/ai-evaluation/runs/jeonju-cone-20260919/NaVi-collect-20260919-024204-341-339c8af2/791.argb	480	640
NaVi-collect-20260919-024204-341-339c8af2	792	165109	data/ai-evaluation/runs/jeonju-cone-20260919/NaVi-collect-20260919-024204-341-339c8af2/792.argb	480	640
NaVi-collect-20260919-024204-341-339c8af2	793	165322	data/ai-evaluation/runs/jeonju-cone-20260919/NaVi-collect-20260919-024204-341-339c8af2/793.argb	480	640
NaVi-collect-20260919-024204-341-339c8af2	796	165936	data/ai-evaluation/runs/jeonju-cone-20260919/NaVi-collect-20260919-024204-341-339c8af2/796.argb	480	640
NaVi-collect-20260919-024204-341-339c8af2	797	166140	data/ai-evaluation/runs/jeonju-cone-20260919/NaVi-collect-20260919-024204-341-339c8af2/797.argb	480	640
NaVi-collect-20260919-024204-341-339c8af2	799	166513	data/ai-evaluation/runs/jeonju-cone-20260919/NaVi-collect-20260919-024204-341-339c8af2/799.argb	480	640
NaVi-collect-20260919-024204-341-339c8af2	800	166728	data/ai-evaluation/runs/jeonju-cone-20260919/NaVi-collect-20260919-024204-341-339c8af2/800.argb	480	640
NaVi-collect-20260919-024204-341-339c8af2	801	166924	data/ai-evaluation/runs/jeonju-cone-20260919/NaVi-collect-20260919-024204-341-339c8af2/801.argb	480	640
NaVi-collect-20260919-024204-341-339c8af2	803	167312	data/ai-evaluation/runs/jeonju-cone-20260919/NaVi-collect-20260919-024204-341-339c8af2/803.argb	480	640
NaVi-collect-20260919-024204-341-339c8af2	805	167713	data/ai-evaluation/runs/jeonju-cone-20260919/NaVi-collect-20260919-024204-341-339c8af2/805.argb	480	640
NaVi-collect-20260919-024204-341-339c8af2	806	167954	data/ai-evaluation/runs/jeonju-cone-20260919/NaVi-collect-20260919-024204-341-339c8af2/806.argb	480	640
NaVi-collect-20260919-024204-341-339c8af2	807	168185	data/ai-evaluation/runs/jeonju-cone-20260919/NaVi-collect-20260919-024204-341-339c8af2/807.argb	480	640
NaVi-collect-20260919-024204-341-339c8af2	809	168533	data/ai-evaluation/runs/jeonju-cone-20260919/NaVi-collect-20260919-024204-341-339c8af2/809.argb	480	640
NaVi-collect-20260919-024204-341-339c8af2	811	168928	data/ai-evaluation/runs/jeonju-cone-20260919/NaVi-collect-20260919-024204-341-339c8af2/811.argb	480	640
NaVi-collect-20260919-024204-341-339c8af2	812	169131	data/ai-evaluation/runs/jeonju-cone-20260919/NaVi-collect-20260919-024204-341-339c8af2/812.argb	480	640
NaVi-collect-20260919-024204-341-339c8af2	813	169335	data/ai-evaluation/runs/jeonju-cone-20260919/NaVi-collect-20260919-024204-341-339c8af2/813.argb	480	640
NaVi-collect-20260919-024204-341-339c8af2	815	169747	data/ai-evaluation/runs/jeonju-cone-20260919/NaVi-collect-20260919-024204-341-339c8af2/815.argb	480	640
NaVi-collect-20260919-024204-341-339c8af2	817	170134	data/ai-evaluation/runs/jeonju-cone-20260919/NaVi-collect-20260919-024204-341-339c8af2/817.argb	480	640
NaVi-collect-20260919-024204-341-339c8af2	818	170395	data/ai-evaluation/runs/jeonju-cone-20260919/NaVi-collect-20260919-024204-341-339c8af2/818.argb	480	640
NaVi-collect-20260919-024204-341-339c8af2	820	170739	data/ai-evaluation/runs/jeonju-cone-20260919/NaVi-collect-20260919-024204-341-339c8af2/820.argb	480	640
NaVi-collect-20260919-024204-341-339c8af2	821	170935	data/ai-evaluation/runs/jeonju-cone-20260919/NaVi-collect-20260919-024204-341-339c8af2/821.argb	480	640
NaVi-collect-20260919-024204-341-339c8af2	823	171355	data/ai-evaluation/runs/jeonju-cone-20260919/NaVi-collect-20260919-024204-341-339c8af2/823.argb	480	640
NaVi-collect-20260919-024204-341-339c8af2	825	171754	data/ai-evaluation/runs/jeonju-cone-20260919/NaVi-collect-20260919-024204-341-339c8af2/825.argb	480	640
NaVi-collect-20260919-024204-341-339c8af2	826	171962	data/ai-evaluation/runs/jeonju-cone-20260919/NaVi-collect-20260919-024204-341-339c8af2/826.argb	480	640
NaVi-collect-20260919-024204-341-339c8af2	827	172145	data/ai-evaluation/runs/jeonju-cone-20260919/NaVi-collect-20260919-024204-341-339c8af2/827.argb	480	640
NaVi-collect-20260919-024204-341-339c8af2	829	172580	data/ai-evaluation/runs/jeonju-cone-20260919/NaVi-collect-20260919-024204-341-339c8af2/829.argb	480	640
NaVi-collect-20260919-024204-341-339c8af2	830	172766	data/ai-evaluation/runs/jeonju-cone-20260919/NaVi-collect-20260919-024204-341-339c8af2/830.argb	480	640
NaVi-collect-20260919-024204-341-339c8af2	832	173254	data/ai-evaluation/runs/jeonju-cone-20260919/NaVi-collect-20260919-024204-341-339c8af2/832.argb	480	640
NaVi-collect-20260919-024204-341-339c8af2	834	173607	data/ai-evaluation/runs/jeonju-cone-20260919/NaVi-collect-20260919-024204-341-339c8af2/834.argb	480	640
NaVi-collect-20260919-024204-341-339c8af2	835	173797	data/ai-evaluation/runs/jeonju-cone-20260919/NaVi-collect-20260919-024204-341-339c8af2/835.argb	480	640
NaVi-collect-20260919-024204-341-339c8af2	836	174040	data/ai-evaluation/runs/jeonju-cone-20260919/NaVi-collect-20260919-024204-341-339c8af2/836.argb	480	640
NaVi-collect-20260919-024204-341-339c8af2	838	174451	data/ai-evaluation/runs/jeonju-cone-20260919/NaVi-collect-20260919-024204-341-339c8af2/838.argb	480	640
NaVi-collect-20260919-024204-341-339c8af2	839	174691	data/ai-evaluation/runs/jeonju-cone-20260919/NaVi-collect-20260919-024204-341-339c8af2/839.argb	480	640
NaVi-collect-20260919-024204-341-339c8af2	840	174946	data/ai-evaluation/runs/jeonju-cone-20260919/NaVi-collect-20260919-024204-341-339c8af2/840.argb	480	640
NaVi-collect-20260919-024204-341-339c8af2	842	175306	data/ai-evaluation/runs/jeonju-cone-20260919/NaVi-collect-20260919-024204-341-339c8af2/842.argb	480	640
NaVi-collect-20260919-024204-341-339c8af2	843	175528	data/ai-evaluation/runs/jeonju-cone-20260919/NaVi-collect-20260919-024204-341-339c8af2/843.argb	480	640
NaVi-collect-20260919-024204-341-339c8af2	845	175936	data/ai-evaluation/runs/jeonju-cone-20260919/NaVi-collect-20260919-024204-341-339c8af2/845.argb	480	640
NaVi-collect-20260919-024204-341-339c8af2	846	176178	data/ai-evaluation/runs/jeonju-cone-20260919/NaVi-collect-20260919-024204-341-339c8af2/846.argb	480	640
NaVi-collect-20260919-024204-341-339c8af2	848	176604	data/ai-evaluation/runs/jeonju-cone-20260919/NaVi-collect-20260919-024204-341-339c8af2/848.argb	480	640
NaVi-collect-20260919-024204-341-339c8af2	849	176804	data/ai-evaluation/runs/jeonju-cone-20260919/NaVi-collect-20260919-024204-341-339c8af2/849.argb	480	640
NaVi-collect-20260919-024204-341-339c8af2	850	177043	data/ai-evaluation/runs/jeonju-cone-20260919/NaVi-collect-20260919-024204-341-339c8af2/850.argb	480	640
NaVi-collect-20260919-024204-341-339c8af2	851	177271	data/ai-evaluation/runs/jeonju-cone-20260919/NaVi-collect-20260919-024204-341-339c8af2/851.argb	480	640
NaVi-collect-20260919-024204-341-339c8af2	853	177670	data/ai-evaluation/runs/jeonju-cone-20260919/NaVi-collect-20260919-024204-341-339c8af2/853.argb	480	640
NaVi-collect-20260919-024204-341-339c8af2	854	177901	data/ai-evaluation/runs/jeonju-cone-20260919/NaVi-collect-20260919-024204-341-339c8af2/854.argb	480	640
NaVi-collect-20260919-024204-341-339c8af2	856	178348	data/ai-evaluation/runs/jeonju-cone-20260919/NaVi-collect-20260919-024204-341-339c8af2/856.argb	480	640
NaVi-collect-20260919-024204-341-339c8af2	857	178542	data/ai-evaluation/runs/jeonju-cone-20260919/NaVi-collect-20260919-024204-341-339c8af2/857.argb	480	640
NaVi-collect-20260919-024204-341-339c8af2	858	178741	data/ai-evaluation/runs/jeonju-cone-20260919/NaVi-collect-20260919-024204-341-339c8af2/858.argb	480	640
NaVi-collect-20260919-024204-341-339c8af2	860	179141	data/ai-evaluation/runs/jeonju-cone-20260919/NaVi-collect-20260919-024204-341-339c8af2/860.argb	480	640
NaVi-collect-20260919-024204-341-339c8af2	861	179344	data/ai-evaluation/runs/jeonju-cone-20260919/NaVi-collect-20260919-024204-341-339c8af2/861.argb	480	640
NaVi-collect-20260919-024204-341-339c8af2	863	179753	data/ai-evaluation/runs/jeonju-cone-20260919/NaVi-collect-20260919-024204-341-339c8af2/863.argb	480	640
NaVi-collect-20260919-024204-341-339c8af2	864	179958	data/ai-evaluation/runs/jeonju-cone-20260919/NaVi-collect-20260919-024204-341-339c8af2/864.argb	480	640
NaVi-collect-20260919-024719-670-dd86e6fb	5	54	data/ai-evaluation/runs/jeonju-cone-20260919/NaVi-collect-20260919-024719-670-dd86e6fb/5.argb	480	640
NaVi-collect-20260919-024719-670-dd86e6fb	6	203	data/ai-evaluation/runs/jeonju-cone-20260919/NaVi-collect-20260919-024719-670-dd86e6fb/6.argb	480	640
NaVi-collect-20260919-024719-670-dd86e6fb	7	414	data/ai-evaluation/runs/jeonju-cone-20260919/NaVi-collect-20260919-024719-670-dd86e6fb/7.argb	480	640
NaVi-collect-20260919-024719-670-dd86e6fb	8	588	data/ai-evaluation/runs/jeonju-cone-20260919/NaVi-collect-20260919-024719-670-dd86e6fb/8.argb	480	640
NaVi-collect-20260919-024719-670-dd86e6fb	9	788	data/ai-evaluation/runs/jeonju-cone-20260919/NaVi-collect-20260919-024719-670-dd86e6fb/9.argb	480	640
NaVi-collect-20260919-024719-670-dd86e6fb	10	1011	data/ai-evaluation/runs/jeonju-cone-20260919/NaVi-collect-20260919-024719-670-dd86e6fb/10.argb	480	640
NaVi-collect-20260919-024719-670-dd86e6fb	11	1213	data/ai-evaluation/runs/jeonju-cone-20260919/NaVi-collect-20260919-024719-670-dd86e6fb/11.argb	480	640
NaVi-collect-20260919-024719-670-dd86e6fb	12	1418	data/ai-evaluation/runs/jeonju-cone-20260919/NaVi-collect-20260919-024719-670-dd86e6fb/12.argb	480	640
NaVi-collect-20260919-024719-670-dd86e6fb	13	1621	data/ai-evaluation/runs/jeonju-cone-20260919/NaVi-collect-20260919-024719-670-dd86e6fb/13.argb	480	640
NaVi-collect-20260919-024719-670-dd86e6fb	14	1824	data/ai-evaluation/runs/jeonju-cone-20260919/NaVi-collect-20260919-024719-670-dd86e6fb/14.argb	480	640
NaVi-collect-20260919-024719-670-dd86e6fb	15	2015	data/ai-evaluation/runs/jeonju-cone-20260919/NaVi-collect-20260919-024719-670-dd86e6fb/15.argb	480	640
NaVi-collect-20260919-024719-670-dd86e6fb	16	2228	data/ai-evaluation/runs/jeonju-cone-20260919/NaVi-collect-20260919-024719-670-dd86e6fb/16.argb	480	640
NaVi-collect-20260919-024719-670-dd86e6fb	17	2416	data/ai-evaluation/runs/jeonju-cone-20260919/NaVi-collect-20260919-024719-670-dd86e6fb/17.argb	480	640
NaVi-collect-20260919-024719-670-dd86e6fb	18	2616	data/ai-evaluation/runs/jeonju-cone-20260919/NaVi-collect-20260919-024719-670-dd86e6fb/18.argb	480	640
NaVi-collect-20260919-024719-670-dd86e6fb	19	2817	data/ai-evaluation/runs/jeonju-cone-20260919/NaVi-collect-20260919-024719-670-dd86e6fb/19.argb	480	640
NaVi-collect-20260919-024719-670-dd86e6fb	20	3017	data/ai-evaluation/runs/jeonju-cone-20260919/NaVi-collect-20260919-024719-670-dd86e6fb/20.argb	480	640
NaVi-collect-20260919-024719-670-dd86e6fb	21	3220	data/ai-evaluation/runs/jeonju-cone-20260919/NaVi-collect-20260919-024719-670-dd86e6fb/21.argb	480	640
NaVi-collect-20260919-024719-670-dd86e6fb	22	3418	data/ai-evaluation/runs/jeonju-cone-20260919/NaVi-collect-20260919-024719-670-dd86e6fb/22.argb	480	640
NaVi-collect-20260919-024719-670-dd86e6fb	23	3618	data/ai-evaluation/runs/jeonju-cone-20260919/NaVi-collect-20260919-024719-670-dd86e6fb/23.argb	480	640
NaVi-collect-20260919-024719-670-dd86e6fb	24	3827	data/ai-evaluation/runs/jeonju-cone-20260919/NaVi-collect-20260919-024719-670-dd86e6fb/24.argb	480	640
NaVi-collect-20260919-024719-670-dd86e6fb	25	4021	data/ai-evaluation/runs/jeonju-cone-20260919/NaVi-collect-20260919-024719-670-dd86e6fb/25.argb	480	640
NaVi-collect-20260919-024719-670-dd86e6fb	26	4223	data/ai-evaluation/runs/jeonju-cone-20260919/NaVi-collect-20260919-024719-670-dd86e6fb/26.argb	480	640
NaVi-collect-20260919-024719-670-dd86e6fb	27	4419	data/ai-evaluation/runs/jeonju-cone-20260919/NaVi-collect-20260919-024719-670-dd86e6fb/27.argb	480	640
NaVi-collect-20260919-024719-670-dd86e6fb	28	4623	data/ai-evaluation/runs/jeonju-cone-20260919/NaVi-collect-20260919-024719-670-dd86e6fb/28.argb	480	640
NaVi-collect-20260919-024719-670-dd86e6fb	29	4825	data/ai-evaluation/runs/jeonju-cone-20260919/NaVi-collect-20260919-024719-670-dd86e6fb/29.argb	480	640
NaVi-collect-20260919-024719-670-dd86e6fb	30	5021	data/ai-evaluation/runs/jeonju-cone-20260919/NaVi-collect-20260919-024719-670-dd86e6fb/30.argb	480	640
NaVi-collect-20260919-024719-670-dd86e6fb	31	5220	data/ai-evaluation/runs/jeonju-cone-20260919/NaVi-collect-20260919-024719-670-dd86e6fb/31.argb	480	640
NaVi-collect-20260919-024719-670-dd86e6fb	32	5435	data/ai-evaluation/runs/jeonju-cone-20260919/NaVi-collect-20260919-024719-670-dd86e6fb/32.argb	480	640
NaVi-collect-20260919-024719-670-dd86e6fb	33	5623	data/ai-evaluation/runs/jeonju-cone-20260919/NaVi-collect-20260919-024719-670-dd86e6fb/33.argb	480	640
NaVi-collect-20260919-024719-670-dd86e6fb	34	5838	data/ai-evaluation/runs/jeonju-cone-20260919/NaVi-collect-20260919-024719-670-dd86e6fb/34.argb	480	640
NaVi-collect-20260919-024719-670-dd86e6fb	35	6022	data/ai-evaluation/runs/jeonju-cone-20260919/NaVi-collect-20260919-024719-670-dd86e6fb/35.argb	480	640
NaVi-collect-20260919-024719-670-dd86e6fb	36	6226	data/ai-evaluation/runs/jeonju-cone-20260919/NaVi-collect-20260919-024719-670-dd86e6fb/36.argb	480	640
NaVi-collect-20260919-024719-670-dd86e6fb	37	6435	data/ai-evaluation/runs/jeonju-cone-20260919/NaVi-collect-20260919-024719-670-dd86e6fb/37.argb	480	640
NaVi-collect-20260919-024719-670-dd86e6fb	38	6644	data/ai-evaluation/runs/jeonju-cone-20260919/NaVi-collect-20260919-024719-670-dd86e6fb/38.argb	480	640
NaVi-collect-20260919-024719-670-dd86e6fb	39	6852	data/ai-evaluation/runs/jeonju-cone-20260919/NaVi-collect-20260919-024719-670-dd86e6fb/39.argb	480	640
NaVi-collect-20260919-024719-670-dd86e6fb	40	7033	data/ai-evaluation/runs/jeonju-cone-20260919/NaVi-collect-20260919-024719-670-dd86e6fb/40.argb	480	640
NaVi-collect-20260919-024719-670-dd86e6fb	41	7243	data/ai-evaluation/runs/jeonju-cone-20260919/NaVi-collect-20260919-024719-670-dd86e6fb/41.argb	480	640
NaVi-collect-20260919-024719-670-dd86e6fb	42	7444	data/ai-evaluation/runs/jeonju-cone-20260919/NaVi-collect-20260919-024719-670-dd86e6fb/42.argb	480	640
NaVi-collect-20260919-024719-670-dd86e6fb	43	7642	data/ai-evaluation/runs/jeonju-cone-20260919/NaVi-collect-20260919-024719-670-dd86e6fb/43.argb	480	640
NaVi-collect-20260919-024719-670-dd86e6fb	44	7842	data/ai-evaluation/runs/jeonju-cone-20260919/NaVi-collect-20260919-024719-670-dd86e6fb/44.argb	480	640
NaVi-collect-20260919-024719-670-dd86e6fb	45	8044	data/ai-evaluation/runs/jeonju-cone-20260919/NaVi-collect-20260919-024719-670-dd86e6fb/45.argb	480	640
NaVi-collect-20260919-024719-670-dd86e6fb	46	8239	data/ai-evaluation/runs/jeonju-cone-20260919/NaVi-collect-20260919-024719-670-dd86e6fb/46.argb	480	640
NaVi-collect-20260919-024719-670-dd86e6fb	47	8443	data/ai-evaluation/runs/jeonju-cone-20260919/NaVi-collect-20260919-024719-670-dd86e6fb/47.argb	480	640
NaVi-collect-20260919-024719-670-dd86e6fb	48	8641	data/ai-evaluation/runs/jeonju-cone-20260919/NaVi-collect-20260919-024719-670-dd86e6fb/48.argb	480	640
NaVi-collect-20260919-024719-670-dd86e6fb	49	8843	data/ai-evaluation/runs/jeonju-cone-20260919/NaVi-collect-20260919-024719-670-dd86e6fb/49.argb	480	640
NaVi-collect-20260919-024719-670-dd86e6fb	50	9042	data/ai-evaluation/runs/jeonju-cone-20260919/NaVi-collect-20260919-024719-670-dd86e6fb/50.argb	480	640
NaVi-collect-20260919-024719-670-dd86e6fb	51	9241	data/ai-evaluation/runs/jeonju-cone-20260919/NaVi-collect-20260919-024719-670-dd86e6fb/51.argb	480	640
NaVi-collect-20260919-024719-670-dd86e6fb	52	9443	data/ai-evaluation/runs/jeonju-cone-20260919/NaVi-collect-20260919-024719-670-dd86e6fb/52.argb	480	640
NaVi-collect-20260919-024719-670-dd86e6fb	53	9642	data/ai-evaluation/runs/jeonju-cone-20260919/NaVi-collect-20260919-024719-670-dd86e6fb/53.argb	480	640
NaVi-collect-20260919-024719-670-dd86e6fb	54	9843	data/ai-evaluation/runs/jeonju-cone-20260919/NaVi-collect-20260919-024719-670-dd86e6fb/54.argb	480	640
NaVi-collect-20260919-024719-670-dd86e6fb	55	10042	data/ai-evaluation/runs/jeonju-cone-20260919/NaVi-collect-20260919-024719-670-dd86e6fb/55.argb	480	640
NaVi-collect-20260919-024719-670-dd86e6fb	56	10261	data/ai-evaluation/runs/jeonju-cone-20260919/NaVi-collect-20260919-024719-670-dd86e6fb/56.argb	480	640
NaVi-collect-20260919-024719-670-dd86e6fb	57	10460	data/ai-evaluation/runs/jeonju-cone-20260919/NaVi-collect-20260919-024719-670-dd86e6fb/57.argb	480	640
NaVi-collect-20260919-024719-670-dd86e6fb	58	10664	data/ai-evaluation/runs/jeonju-cone-20260919/NaVi-collect-20260919-024719-670-dd86e6fb/58.argb	480	640
NaVi-collect-20260919-024719-670-dd86e6fb	59	10844	data/ai-evaluation/runs/jeonju-cone-20260919/NaVi-collect-20260919-024719-670-dd86e6fb/59.argb	480	640
NaVi-collect-20260919-024719-670-dd86e6fb	60	11044	data/ai-evaluation/runs/jeonju-cone-20260919/NaVi-collect-20260919-024719-670-dd86e6fb/60.argb	480	640
NaVi-collect-20260919-024719-670-dd86e6fb	61	11263	data/ai-evaluation/runs/jeonju-cone-20260919/NaVi-collect-20260919-024719-670-dd86e6fb/61.argb	480	640
NaVi-collect-20260919-024719-670-dd86e6fb	62	11444	data/ai-evaluation/runs/jeonju-cone-20260919/NaVi-collect-20260919-024719-670-dd86e6fb/62.argb	480	640
NaVi-collect-20260919-024719-670-dd86e6fb	63	11645	data/ai-evaluation/runs/jeonju-cone-20260919/NaVi-collect-20260919-024719-670-dd86e6fb/63.argb	480	640
NaVi-collect-20260919-024719-670-dd86e6fb	64	11863	data/ai-evaluation/runs/jeonju-cone-20260919/NaVi-collect-20260919-024719-670-dd86e6fb/64.argb	480	640
NaVi-collect-20260919-024719-670-dd86e6fb	65	12063	data/ai-evaluation/runs/jeonju-cone-20260919/NaVi-collect-20260919-024719-670-dd86e6fb/65.argb	480	640
NaVi-collect-20260919-024719-670-dd86e6fb	66	12275	data/ai-evaluation/runs/jeonju-cone-20260919/NaVi-collect-20260919-024719-670-dd86e6fb/66.argb	480	640
NaVi-collect-20260919-024719-670-dd86e6fb	67	12466	data/ai-evaluation/runs/jeonju-cone-20260919/NaVi-collect-20260919-024719-670-dd86e6fb/67.argb	480	640
NaVi-collect-20260919-024719-670-dd86e6fb	68	12666	data/ai-evaluation/runs/jeonju-cone-20260919/NaVi-collect-20260919-024719-670-dd86e6fb/68.argb	480	640
NaVi-collect-20260919-024719-670-dd86e6fb	69	12867	data/ai-evaluation/runs/jeonju-cone-20260919/NaVi-collect-20260919-024719-670-dd86e6fb/69.argb	480	640
NaVi-collect-20260919-024719-670-dd86e6fb	70	13064	data/ai-evaluation/runs/jeonju-cone-20260919/NaVi-collect-20260919-024719-670-dd86e6fb/70.argb	480	640
NaVi-collect-20260919-024719-670-dd86e6fb	71	13263	data/ai-evaluation/runs/jeonju-cone-20260919/NaVi-collect-20260919-024719-670-dd86e6fb/71.argb	480	640
NaVi-collect-20260919-024719-670-dd86e6fb	72	13472	data/ai-evaluation/runs/jeonju-cone-20260919/NaVi-collect-20260919-024719-670-dd86e6fb/72.argb	480	640
NaVi-collect-20260919-024719-670-dd86e6fb	73	13663	data/ai-evaluation/runs/jeonju-cone-20260919/NaVi-collect-20260919-024719-670-dd86e6fb/73.argb	480	640
NaVi-collect-20260919-024719-670-dd86e6fb	74	13866	data/ai-evaluation/runs/jeonju-cone-20260919/NaVi-collect-20260919-024719-670-dd86e6fb/74.argb	480	640
NaVi-collect-20260919-024719-670-dd86e6fb	75	14067	data/ai-evaluation/runs/jeonju-cone-20260919/NaVi-collect-20260919-024719-670-dd86e6fb/75.argb	480	640
NaVi-collect-20260919-024719-670-dd86e6fb	76	14267	data/ai-evaluation/runs/jeonju-cone-20260919/NaVi-collect-20260919-024719-670-dd86e6fb/76.argb	480	640
NaVi-collect-20260919-024719-670-dd86e6fb	77	14466	data/ai-evaluation/runs/jeonju-cone-20260919/NaVi-collect-20260919-024719-670-dd86e6fb/77.argb	480	640
NaVi-collect-20260919-024719-670-dd86e6fb	78	14698	data/ai-evaluation/runs/jeonju-cone-20260919/NaVi-collect-20260919-024719-670-dd86e6fb/78.argb	480	640
NaVi-collect-20260919-024719-670-dd86e6fb	79	14897	data/ai-evaluation/runs/jeonju-cone-20260919/NaVi-collect-20260919-024719-670-dd86e6fb/79.argb	480	640
NaVi-collect-20260919-024719-670-dd86e6fb	80	15097	data/ai-evaluation/runs/jeonju-cone-20260919/NaVi-collect-20260919-024719-670-dd86e6fb/80.argb	480	640
NaVi-collect-20260919-024719-670-dd86e6fb	81	15298	data/ai-evaluation/runs/jeonju-cone-20260919/NaVi-collect-20260919-024719-670-dd86e6fb/81.argb	480	640
NaVi-collect-20260919-024719-670-dd86e6fb	82	15502	data/ai-evaluation/runs/jeonju-cone-20260919/NaVi-collect-20260919-024719-670-dd86e6fb/82.argb	480	640
NaVi-collect-20260919-024719-670-dd86e6fb	83	15699	data/ai-evaluation/runs/jeonju-cone-20260919/NaVi-collect-20260919-024719-670-dd86e6fb/83.argb	480	640
NaVi-collect-20260919-024719-670-dd86e6fb	84	15900	data/ai-evaluation/runs/jeonju-cone-20260919/NaVi-collect-20260919-024719-670-dd86e6fb/84.argb	480	640
NaVi-collect-20260919-024719-670-dd86e6fb	85	16100	data/ai-evaluation/runs/jeonju-cone-20260919/NaVi-collect-20260919-024719-670-dd86e6fb/85.argb	480	640
NaVi-collect-20260919-024719-670-dd86e6fb	86	16307	data/ai-evaluation/runs/jeonju-cone-20260919/NaVi-collect-20260919-024719-670-dd86e6fb/86.argb	480	640
NaVi-collect-20260919-024719-670-dd86e6fb	87	16510	data/ai-evaluation/runs/jeonju-cone-20260919/NaVi-collect-20260919-024719-670-dd86e6fb/87.argb	480	640
NaVi-collect-20260919-024719-670-dd86e6fb	88	16702	data/ai-evaluation/runs/jeonju-cone-20260919/NaVi-collect-20260919-024719-670-dd86e6fb/88.argb	480	640
NaVi-collect-20260919-024719-670-dd86e6fb	89	16936	data/ai-evaluation/runs/jeonju-cone-20260919/NaVi-collect-20260919-024719-670-dd86e6fb/89.argb	480	640
NaVi-collect-20260919-024719-670-dd86e6fb	90	17135	data/ai-evaluation/runs/jeonju-cone-20260919/NaVi-collect-20260919-024719-670-dd86e6fb/90.argb	480	640
NaVi-collect-20260919-024719-670-dd86e6fb	91	17336	data/ai-evaluation/runs/jeonju-cone-20260919/NaVi-collect-20260919-024719-670-dd86e6fb/91.argb	480	640
NaVi-collect-20260919-024719-670-dd86e6fb	92	17569	data/ai-evaluation/runs/jeonju-cone-20260919/NaVi-collect-20260919-024719-670-dd86e6fb/92.argb	480	640
NaVi-collect-20260919-024719-670-dd86e6fb	93	17769	data/ai-evaluation/runs/jeonju-cone-20260919/NaVi-collect-20260919-024719-670-dd86e6fb/93.argb	480	640
NaVi-collect-20260919-024719-670-dd86e6fb	94	18003	data/ai-evaluation/runs/jeonju-cone-20260919/NaVi-collect-20260919-024719-670-dd86e6fb/94.argb	480	640
NaVi-collect-20260919-024719-670-dd86e6fb	95	18239	data/ai-evaluation/runs/jeonju-cone-20260919/NaVi-collect-20260919-024719-670-dd86e6fb/95.argb	480	640
NaVi-collect-20260919-024719-670-dd86e6fb	96	18470	data/ai-evaluation/runs/jeonju-cone-20260919/NaVi-collect-20260919-024719-670-dd86e6fb/96.argb	480	640
NaVi-collect-20260919-024719-670-dd86e6fb	97	18700	data/ai-evaluation/runs/jeonju-cone-20260919/NaVi-collect-20260919-024719-670-dd86e6fb/97.argb	480	640
NaVi-collect-20260919-024719-670-dd86e6fb	98	18904	data/ai-evaluation/runs/jeonju-cone-20260919/NaVi-collect-20260919-024719-670-dd86e6fb/98.argb	480	640
NaVi-collect-20260919-024719-670-dd86e6fb	99	19104	data/ai-evaluation/runs/jeonju-cone-20260919/NaVi-collect-20260919-024719-670-dd86e6fb/99.argb	480	640
NaVi-collect-20260919-024719-670-dd86e6fb	100	19341	data/ai-evaluation/runs/jeonju-cone-20260919/NaVi-collect-20260919-024719-670-dd86e6fb/100.argb	480	640
NaVi-collect-20260919-024719-670-dd86e6fb	101	19576	data/ai-evaluation/runs/jeonju-cone-20260919/NaVi-collect-20260919-024719-670-dd86e6fb/101.argb	480	640
NaVi-collect-20260919-024719-670-dd86e6fb	102	19782	data/ai-evaluation/runs/jeonju-cone-20260919/NaVi-collect-20260919-024719-670-dd86e6fb/102.argb	480	640
NaVi-collect-20260919-024719-670-dd86e6fb	103	19971	data/ai-evaluation/runs/jeonju-cone-20260919/NaVi-collect-20260919-024719-670-dd86e6fb/103.argb	480	640
NaVi-collect-20260919-024719-670-dd86e6fb	104	20214	data/ai-evaluation/runs/jeonju-cone-20260919/NaVi-collect-20260919-024719-670-dd86e6fb/104.argb	480	640
NaVi-collect-20260919-024719-670-dd86e6fb	105	20425	data/ai-evaluation/runs/jeonju-cone-20260919/NaVi-collect-20260919-024719-670-dd86e6fb/105.argb	480	640
NaVi-collect-20260919-024719-670-dd86e6fb	106	20669	data/ai-evaluation/runs/jeonju-cone-20260919/NaVi-collect-20260919-024719-670-dd86e6fb/106.argb	480	640
NaVi-collect-20260919-024719-670-dd86e6fb	107	20872	data/ai-evaluation/runs/jeonju-cone-20260919/NaVi-collect-20260919-024719-670-dd86e6fb/107.argb	480	640
NaVi-collect-20260919-024719-670-dd86e6fb	108	21073	data/ai-evaluation/runs/jeonju-cone-20260919/NaVi-collect-20260919-024719-670-dd86e6fb/108.argb	480	640
NaVi-collect-20260919-024719-670-dd86e6fb	109	21305	data/ai-evaluation/runs/jeonju-cone-20260919/NaVi-collect-20260919-024719-670-dd86e6fb/109.argb	480	640
NaVi-collect-20260919-024719-670-dd86e6fb	110	21549	data/ai-evaluation/runs/jeonju-cone-20260919/NaVi-collect-20260919-024719-670-dd86e6fb/110.argb	480	640
NaVi-collect-20260919-024719-670-dd86e6fb	111	21777	data/ai-evaluation/runs/jeonju-cone-20260919/NaVi-collect-20260919-024719-670-dd86e6fb/111.argb	480	640
NaVi-collect-20260919-024719-670-dd86e6fb	112	22009	data/ai-evaluation/runs/jeonju-cone-20260919/NaVi-collect-20260919-024719-670-dd86e6fb/112.argb	480	640
NaVi-collect-20260919-024719-670-dd86e6fb	113	22216	data/ai-evaluation/runs/jeonju-cone-20260919/NaVi-collect-20260919-024719-670-dd86e6fb/113.argb	480	640
NaVi-collect-20260919-024719-670-dd86e6fb	114	22393	data/ai-evaluation/runs/jeonju-cone-20260919/NaVi-collect-20260919-024719-670-dd86e6fb/114.argb	480	640
NaVi-collect-20260919-024719-670-dd86e6fb	115	22638	data/ai-evaluation/runs/jeonju-cone-20260919/NaVi-collect-20260919-024719-670-dd86e6fb/115.argb	480	640
NaVi-collect-20260919-024719-670-dd86e6fb	116	22842	data/ai-evaluation/runs/jeonju-cone-20260919/NaVi-collect-20260919-024719-670-dd86e6fb/116.argb	480	640
NaVi-collect-20260919-024719-670-dd86e6fb	117	23046	data/ai-evaluation/runs/jeonju-cone-20260919/NaVi-collect-20260919-024719-670-dd86e6fb/117.argb	480	640
NaVi-collect-20260919-024719-670-dd86e6fb	118	23283	data/ai-evaluation/runs/jeonju-cone-20260919/NaVi-collect-20260919-024719-670-dd86e6fb/118.argb	480	640
NaVi-collect-20260919-024719-670-dd86e6fb	119	23474	data/ai-evaluation/runs/jeonju-cone-20260919/NaVi-collect-20260919-024719-670-dd86e6fb/119.argb	480	640
NaVi-collect-20260919-024719-670-dd86e6fb	120	23691	data/ai-evaluation/runs/jeonju-cone-20260919/NaVi-collect-20260919-024719-670-dd86e6fb/120.argb	480	640
NaVi-collect-20260919-024719-670-dd86e6fb	121	23872	data/ai-evaluation/runs/jeonju-cone-20260919/NaVi-collect-20260919-024719-670-dd86e6fb/121.argb	480	640
NaVi-collect-20260919-024719-670-dd86e6fb	122	24083	data/ai-evaluation/runs/jeonju-cone-20260919/NaVi-collect-20260919-024719-670-dd86e6fb/122.argb	480	640
NaVi-collect-20260919-024719-670-dd86e6fb	123	24314	data/ai-evaluation/runs/jeonju-cone-20260919/NaVi-collect-20260919-024719-670-dd86e6fb/123.argb	480	640
NaVi-collect-20260919-024719-670-dd86e6fb	124	24505	data/ai-evaluation/runs/jeonju-cone-20260919/NaVi-collect-20260919-024719-670-dd86e6fb/124.argb	480	640
NaVi-collect-20260919-024719-670-dd86e6fb	125	24710	data/ai-evaluation/runs/jeonju-cone-20260919/NaVi-collect-20260919-024719-670-dd86e6fb/125.argb	480	640
NaVi-collect-20260919-024719-670-dd86e6fb	126	24922	data/ai-evaluation/runs/jeonju-cone-20260919/NaVi-collect-20260919-024719-670-dd86e6fb/126.argb	480	640
NaVi-collect-20260919-024719-670-dd86e6fb	127	25159	data/ai-evaluation/runs/jeonju-cone-20260919/NaVi-collect-20260919-024719-670-dd86e6fb/127.argb	480	640
NaVi-collect-20260919-024719-670-dd86e6fb	128	25361	data/ai-evaluation/runs/jeonju-cone-20260919/NaVi-collect-20260919-024719-670-dd86e6fb/128.argb	480	640
NaVi-collect-20260919-024719-670-dd86e6fb	129	25561	data/ai-evaluation/runs/jeonju-cone-20260919/NaVi-collect-20260919-024719-670-dd86e6fb/129.argb	480	640
NaVi-collect-20260919-024719-670-dd86e6fb	130	25793	data/ai-evaluation/runs/jeonju-cone-20260919/NaVi-collect-20260919-024719-670-dd86e6fb/130.argb	480	640
NaVi-collect-20260919-024719-670-dd86e6fb	131	26043	data/ai-evaluation/runs/jeonju-cone-20260919/NaVi-collect-20260919-024719-670-dd86e6fb/131.argb	480	640
NaVi-collect-20260919-024719-670-dd86e6fb	132	26255	data/ai-evaluation/runs/jeonju-cone-20260919/NaVi-collect-20260919-024719-670-dd86e6fb/132.argb	480	640
NaVi-collect-20260919-024719-670-dd86e6fb	133	26489	data/ai-evaluation/runs/jeonju-cone-20260919/NaVi-collect-20260919-024719-670-dd86e6fb/133.argb	480	640
NaVi-collect-20260919-024719-670-dd86e6fb	134	26723	data/ai-evaluation/runs/jeonju-cone-20260919/NaVi-collect-20260919-024719-670-dd86e6fb/134.argb	480	640
NaVi-collect-20260919-024719-670-dd86e6fb	135	26971	data/ai-evaluation/runs/jeonju-cone-20260919/NaVi-collect-20260919-024719-670-dd86e6fb/135.argb	480	640
NaVi-collect-20260919-024719-670-dd86e6fb	136	27160	data/ai-evaluation/runs/jeonju-cone-20260919/NaVi-collect-20260919-024719-670-dd86e6fb/136.argb	480	640
NaVi-collect-20260919-024719-670-dd86e6fb	137	27365	data/ai-evaluation/runs/jeonju-cone-20260919/NaVi-collect-20260919-024719-670-dd86e6fb/137.argb	480	640
NaVi-collect-20260919-024719-670-dd86e6fb	138	27571	data/ai-evaluation/runs/jeonju-cone-20260919/NaVi-collect-20260919-024719-670-dd86e6fb/138.argb	480	640
NaVi-collect-20260919-024719-670-dd86e6fb	139	27760	data/ai-evaluation/runs/jeonju-cone-20260919/NaVi-collect-20260919-024719-670-dd86e6fb/139.argb	480	640
NaVi-collect-20260919-024719-670-dd86e6fb	140	27993	data/ai-evaluation/runs/jeonju-cone-20260919/NaVi-collect-20260919-024719-670-dd86e6fb/140.argb	480	640
NaVi-collect-20260919-024719-670-dd86e6fb	141	28196	data/ai-evaluation/runs/jeonju-cone-20260919/NaVi-collect-20260919-024719-670-dd86e6fb/141.argb	480	640
NaVi-collect-20260919-024719-670-dd86e6fb	142	28394	data/ai-evaluation/runs/jeonju-cone-20260919/NaVi-collect-20260919-024719-670-dd86e6fb/142.argb	480	640
NaVi-collect-20260919-024719-670-dd86e6fb	143	28598	data/ai-evaluation/runs/jeonju-cone-20260919/NaVi-collect-20260919-024719-670-dd86e6fb/143.argb	480	640
NaVi-collect-20260919-024719-670-dd86e6fb	144	28830	data/ai-evaluation/runs/jeonju-cone-20260919/NaVi-collect-20260919-024719-670-dd86e6fb/144.argb	480	640
NaVi-collect-20260919-024719-670-dd86e6fb	145	29030	data/ai-evaluation/runs/jeonju-cone-20260919/NaVi-collect-20260919-024719-670-dd86e6fb/145.argb	480	640
NaVi-collect-20260919-024719-670-dd86e6fb	146	29261	data/ai-evaluation/runs/jeonju-cone-20260919/NaVi-collect-20260919-024719-670-dd86e6fb/146.argb	480	640
NaVi-collect-20260919-024719-670-dd86e6fb	147	29463	data/ai-evaluation/runs/jeonju-cone-20260919/NaVi-collect-20260919-024719-670-dd86e6fb/147.argb	480	640
NaVi-collect-20260919-024719-670-dd86e6fb	148	29707	data/ai-evaluation/runs/jeonju-cone-20260919/NaVi-collect-20260919-024719-670-dd86e6fb/148.argb	480	640
NaVi-collect-20260919-024719-670-dd86e6fb	149	29895	data/ai-evaluation/runs/jeonju-cone-20260919/NaVi-collect-20260919-024719-670-dd86e6fb/149.argb	480	640
NaVi-collect-20260919-024719-670-dd86e6fb	150	30105	data/ai-evaluation/runs/jeonju-cone-20260919/NaVi-collect-20260919-024719-670-dd86e6fb/150.argb	480	640
NaVi-collect-20260919-024719-670-dd86e6fb	151	30332	data/ai-evaluation/runs/jeonju-cone-20260919/NaVi-collect-20260919-024719-670-dd86e6fb/151.argb	480	640
NaVi-collect-20260919-024719-670-dd86e6fb	152	30528	data/ai-evaluation/runs/jeonju-cone-20260919/NaVi-collect-20260919-024719-670-dd86e6fb/152.argb	480	640
NaVi-collect-20260919-024719-670-dd86e6fb	153	30733	data/ai-evaluation/runs/jeonju-cone-20260919/NaVi-collect-20260919-024719-670-dd86e6fb/153.argb	480	640
NaVi-collect-20260919-024719-670-dd86e6fb	154	30968	data/ai-evaluation/runs/jeonju-cone-20260919/NaVi-collect-20260919-024719-670-dd86e6fb/154.argb	480	640
NaVi-collect-20260919-024719-670-dd86e6fb	155	31164	data/ai-evaluation/runs/jeonju-cone-20260919/NaVi-collect-20260919-024719-670-dd86e6fb/155.argb	480	640
NaVi-collect-20260919-024719-670-dd86e6fb	156	31367	data/ai-evaluation/runs/jeonju-cone-20260919/NaVi-collect-20260919-024719-670-dd86e6fb/156.argb	480	640
NaVi-collect-20260919-024719-670-dd86e6fb	157	31563	data/ai-evaluation/runs/jeonju-cone-20260919/NaVi-collect-20260919-024719-670-dd86e6fb/157.argb	480	640
NaVi-collect-20260919-024719-670-dd86e6fb	158	31764	data/ai-evaluation/runs/jeonju-cone-20260919/NaVi-collect-20260919-024719-670-dd86e6fb/158.argb	480	640
NaVi-collect-20260919-024719-670-dd86e6fb	159	31966	data/ai-evaluation/runs/jeonju-cone-20260919/NaVi-collect-20260919-024719-670-dd86e6fb/159.argb	480	640
NaVi-collect-20260919-024719-670-dd86e6fb	160	32174	data/ai-evaluation/runs/jeonju-cone-20260919/NaVi-collect-20260919-024719-670-dd86e6fb/160.argb	480	640
NaVi-collect-20260919-024719-670-dd86e6fb	161	32365	data/ai-evaluation/runs/jeonju-cone-20260919/NaVi-collect-20260919-024719-670-dd86e6fb/161.argb	480	640
NaVi-collect-20260919-024719-670-dd86e6fb	162	32582	data/ai-evaluation/runs/jeonju-cone-20260919/NaVi-collect-20260919-024719-670-dd86e6fb/162.argb	480	640
NaVi-collect-20260919-024719-670-dd86e6fb	163	32767	data/ai-evaluation/runs/jeonju-cone-20260919/NaVi-collect-20260919-024719-670-dd86e6fb/163.argb	480	640
NaVi-collect-20260919-024719-670-dd86e6fb	164	32969	data/ai-evaluation/runs/jeonju-cone-20260919/NaVi-collect-20260919-024719-670-dd86e6fb/164.argb	480	640
NaVi-collect-20260919-024719-670-dd86e6fb	165	33169	data/ai-evaluation/runs/jeonju-cone-20260919/NaVi-collect-20260919-024719-670-dd86e6fb/165.argb	480	640
NaVi-collect-20260919-024719-670-dd86e6fb	166	33369	data/ai-evaluation/runs/jeonju-cone-20260919/NaVi-collect-20260919-024719-670-dd86e6fb/166.argb	480	640
NaVi-collect-20260919-024719-670-dd86e6fb	167	33569	data/ai-evaluation/runs/jeonju-cone-20260919/NaVi-collect-20260919-024719-670-dd86e6fb/167.argb	480	640
NaVi-collect-20260919-024719-670-dd86e6fb	168	33767	data/ai-evaluation/runs/jeonju-cone-20260919/NaVi-collect-20260919-024719-670-dd86e6fb/168.argb	480	640
NaVi-collect-20260919-024719-670-dd86e6fb	169	33969	data/ai-evaluation/runs/jeonju-cone-20260919/NaVi-collect-20260919-024719-670-dd86e6fb/169.argb	480	640
NaVi-collect-20260919-024719-670-dd86e6fb	170	34185	data/ai-evaluation/runs/jeonju-cone-20260919/NaVi-collect-20260919-024719-670-dd86e6fb/170.argb	480	640
NaVi-collect-20260919-024719-670-dd86e6fb	171	34371	data/ai-evaluation/runs/jeonju-cone-20260919/NaVi-collect-20260919-024719-670-dd86e6fb/171.argb	480	640
NaVi-collect-20260919-024719-670-dd86e6fb	172	34567	data/ai-evaluation/runs/jeonju-cone-20260919/NaVi-collect-20260919-024719-670-dd86e6fb/172.argb	480	640
NaVi-collect-20260919-024719-670-dd86e6fb	173	34768	data/ai-evaluation/runs/jeonju-cone-20260919/NaVi-collect-20260919-024719-670-dd86e6fb/173.argb	480	640
NaVi-collect-20260919-024719-670-dd86e6fb	174	34973	data/ai-evaluation/runs/jeonju-cone-20260919/NaVi-collect-20260919-024719-670-dd86e6fb/174.argb	480	640
NaVi-collect-20260919-024719-670-dd86e6fb	175	35188	data/ai-evaluation/runs/jeonju-cone-20260919/NaVi-collect-20260919-024719-670-dd86e6fb/175.argb	480	640
NaVi-collect-20260919-024719-670-dd86e6fb	176	35386	data/ai-evaluation/runs/jeonju-cone-20260919/NaVi-collect-20260919-024719-670-dd86e6fb/176.argb	480	640
NaVi-collect-20260919-024719-670-dd86e6fb	177	35586	data/ai-evaluation/runs/jeonju-cone-20260919/NaVi-collect-20260919-024719-670-dd86e6fb/177.argb	480	640
NaVi-collect-20260919-024719-670-dd86e6fb	178	35787	data/ai-evaluation/runs/jeonju-cone-20260919/NaVi-collect-20260919-024719-670-dd86e6fb/178.argb	480	640
NaVi-collect-20260919-024719-670-dd86e6fb	179	35984	data/ai-evaluation/runs/jeonju-cone-20260919/NaVi-collect-20260919-024719-670-dd86e6fb/179.argb	480	640
NaVi-collect-20260919-024719-670-dd86e6fb	180	36192	data/ai-evaluation/runs/jeonju-cone-20260919/NaVi-collect-20260919-024719-670-dd86e6fb/180.argb	480	640
NaVi-collect-20260919-024719-670-dd86e6fb	181	36386	data/ai-evaluation/runs/jeonju-cone-20260919/NaVi-collect-20260919-024719-670-dd86e6fb/181.argb	480	640
NaVi-collect-20260919-024719-670-dd86e6fb	182	36613	data/ai-evaluation/runs/jeonju-cone-20260919/NaVi-collect-20260919-024719-670-dd86e6fb/182.argb	480	640
NaVi-collect-20260919-024719-670-dd86e6fb	183	36778	data/ai-evaluation/runs/jeonju-cone-20260919/NaVi-collect-20260919-024719-670-dd86e6fb/183.argb	480	640
NaVi-collect-20260919-024719-670-dd86e6fb	184	36977	data/ai-evaluation/runs/jeonju-cone-20260919/NaVi-collect-20260919-024719-670-dd86e6fb/184.argb	480	640
NaVi-collect-20260919-024719-670-dd86e6fb	185	37193	data/ai-evaluation/runs/jeonju-cone-20260919/NaVi-collect-20260919-024719-670-dd86e6fb/185.argb	480	640
NaVi-collect-20260919-024719-670-dd86e6fb	186	37390	data/ai-evaluation/runs/jeonju-cone-20260919/NaVi-collect-20260919-024719-670-dd86e6fb/186.argb	480	640
NaVi-collect-20260919-024719-670-dd86e6fb	187	37590	data/ai-evaluation/runs/jeonju-cone-20260919/NaVi-collect-20260919-024719-670-dd86e6fb/187.argb	480	640
NaVi-collect-20260919-024719-670-dd86e6fb	188	37795	data/ai-evaluation/runs/jeonju-cone-20260919/NaVi-collect-20260919-024719-670-dd86e6fb/188.argb	480	640
NaVi-collect-20260919-024719-670-dd86e6fb	189	37998	data/ai-evaluation/runs/jeonju-cone-20260919/NaVi-collect-20260919-024719-670-dd86e6fb/189.argb	480	640
NaVi-collect-20260919-024719-670-dd86e6fb	191	38389	data/ai-evaluation/runs/jeonju-cone-20260919/NaVi-collect-20260919-024719-670-dd86e6fb/191.argb	480	640
NaVi-collect-20260919-024719-670-dd86e6fb	192	38589	data/ai-evaluation/runs/jeonju-cone-20260919/NaVi-collect-20260919-024719-670-dd86e6fb/192.argb	480	640
NaVi-collect-20260919-024719-670-dd86e6fb	193	38802	data/ai-evaluation/runs/jeonju-cone-20260919/NaVi-collect-20260919-024719-670-dd86e6fb/193.argb	480	640
NaVi-collect-20260919-024719-670-dd86e6fb	194	38988	data/ai-evaluation/runs/jeonju-cone-20260919/NaVi-collect-20260919-024719-670-dd86e6fb/194.argb	480	640
NaVi-collect-20260919-024719-670-dd86e6fb	195	39190	data/ai-evaluation/runs/jeonju-cone-20260919/NaVi-collect-20260919-024719-670-dd86e6fb/195.argb	480	640
NaVi-collect-20260919-024719-670-dd86e6fb	196	39388	data/ai-evaluation/runs/jeonju-cone-20260919/NaVi-collect-20260919-024719-670-dd86e6fb/196.argb	480	640
NaVi-collect-20260919-024719-670-dd86e6fb	197	39591	data/ai-evaluation/runs/jeonju-cone-20260919/NaVi-collect-20260919-024719-670-dd86e6fb/197.argb	480	640
NaVi-collect-20260919-024719-670-dd86e6fb	198	39791	data/ai-evaluation/runs/jeonju-cone-20260919/NaVi-collect-20260919-024719-670-dd86e6fb/198.argb	480	640
NaVi-collect-20260919-024719-670-dd86e6fb	199	40000	data/ai-evaluation/runs/jeonju-cone-20260919/NaVi-collect-20260919-024719-670-dd86e6fb/199.argb	480	640
NaVi-collect-20260919-024719-670-dd86e6fb	200	40202	data/ai-evaluation/runs/jeonju-cone-20260919/NaVi-collect-20260919-024719-670-dd86e6fb/200.argb	480	640
NaVi-collect-20260919-024719-670-dd86e6fb	201	40403	data/ai-evaluation/runs/jeonju-cone-20260919/NaVi-collect-20260919-024719-670-dd86e6fb/201.argb	480	640
NaVi-collect-20260919-024719-670-dd86e6fb	203	40807	data/ai-evaluation/runs/jeonju-cone-20260919/NaVi-collect-20260919-024719-670-dd86e6fb/203.argb	480	640
NaVi-collect-20260919-024719-670-dd86e6fb	204	41022	data/ai-evaluation/runs/jeonju-cone-20260919/NaVi-collect-20260919-024719-670-dd86e6fb/204.argb	480	640
NaVi-collect-20260919-024719-670-dd86e6fb	205	41200	data/ai-evaluation/runs/jeonju-cone-20260919/NaVi-collect-20260919-024719-670-dd86e6fb/205.argb	480	640
NaVi-collect-20260919-024719-670-dd86e6fb	206	41419	data/ai-evaluation/runs/jeonju-cone-20260919/NaVi-collect-20260919-024719-670-dd86e6fb/206.argb	480	640
NaVi-collect-20260919-024719-670-dd86e6fb	207	41613	data/ai-evaluation/runs/jeonju-cone-20260919/NaVi-collect-20260919-024719-670-dd86e6fb/207.argb	480	640
NaVi-collect-20260919-024719-670-dd86e6fb	209	42020	data/ai-evaluation/runs/jeonju-cone-20260919/NaVi-collect-20260919-024719-670-dd86e6fb/209.argb	480	640
NaVi-collect-20260919-024719-670-dd86e6fb	210	42236	data/ai-evaluation/runs/jeonju-cone-20260919/NaVi-collect-20260919-024719-670-dd86e6fb/210.argb	480	640
NaVi-collect-20260919-024719-670-dd86e6fb	211	42403	data/ai-evaluation/runs/jeonju-cone-20260919/NaVi-collect-20260919-024719-670-dd86e6fb/211.argb	480	640
NaVi-collect-20260919-024719-670-dd86e6fb	212	42609	data/ai-evaluation/runs/jeonju-cone-20260919/NaVi-collect-20260919-024719-670-dd86e6fb/212.argb	480	640
NaVi-collect-20260919-024719-670-dd86e6fb	213	42800	data/ai-evaluation/runs/jeonju-cone-20260919/NaVi-collect-20260919-024719-670-dd86e6fb/213.argb	480	640
NaVi-collect-20260919-024719-670-dd86e6fb	214	43026	data/ai-evaluation/runs/jeonju-cone-20260919/NaVi-collect-20260919-024719-670-dd86e6fb/214.argb	480	640
NaVi-collect-20260919-024719-670-dd86e6fb	216	43420	data/ai-evaluation/runs/jeonju-cone-20260919/NaVi-collect-20260919-024719-670-dd86e6fb/216.argb	480	640
NaVi-collect-20260919-024719-670-dd86e6fb	217	43604	data/ai-evaluation/runs/jeonju-cone-20260919/NaVi-collect-20260919-024719-670-dd86e6fb/217.argb	480	640
NaVi-collect-20260919-024719-670-dd86e6fb	218	43805	data/ai-evaluation/runs/jeonju-cone-20260919/NaVi-collect-20260919-024719-670-dd86e6fb/218.argb	480	640
NaVi-collect-20260919-024719-670-dd86e6fb	219	44022	data/ai-evaluation/runs/jeonju-cone-20260919/NaVi-collect-20260919-024719-670-dd86e6fb/219.argb	480	640
NaVi-collect-20260919-024719-670-dd86e6fb	220	44211	data/ai-evaluation/runs/jeonju-cone-20260919/NaVi-collect-20260919-024719-670-dd86e6fb/220.argb	480	640
NaVi-collect-20260919-024719-670-dd86e6fb	221	44419	data/ai-evaluation/runs/jeonju-cone-20260919/NaVi-collect-20260919-024719-670-dd86e6fb/221.argb	480	640
NaVi-collect-20260919-024719-670-dd86e6fb	222	44606	data/ai-evaluation/runs/jeonju-cone-20260919/NaVi-collect-20260919-024719-670-dd86e6fb/222.argb	480	640
NaVi-collect-20260919-024719-670-dd86e6fb	224	45020	data/ai-evaluation/runs/jeonju-cone-20260919/NaVi-collect-20260919-024719-670-dd86e6fb/224.argb	480	640
NaVi-collect-20260919-024719-670-dd86e6fb	225	45211	data/ai-evaluation/runs/jeonju-cone-20260919/NaVi-collect-20260919-024719-670-dd86e6fb/225.argb	480	640
NaVi-collect-20260919-024719-670-dd86e6fb	226	45421	data/ai-evaluation/runs/jeonju-cone-20260919/NaVi-collect-20260919-024719-670-dd86e6fb/226.argb	480	640
NaVi-collect-20260919-024719-670-dd86e6fb	227	45627	data/ai-evaluation/runs/jeonju-cone-20260919/NaVi-collect-20260919-024719-670-dd86e6fb/227.argb	480	640
NaVi-collect-20260919-024719-670-dd86e6fb	229	46024	data/ai-evaluation/runs/jeonju-cone-20260919/NaVi-collect-20260919-024719-670-dd86e6fb/229.argb	480	640
NaVi-collect-20260919-024719-670-dd86e6fb	230	46226	data/ai-evaluation/runs/jeonju-cone-20260919/NaVi-collect-20260919-024719-670-dd86e6fb/230.argb	480	640
NaVi-collect-20260919-024719-670-dd86e6fb	231	46425	data/ai-evaluation/runs/jeonju-cone-20260919/NaVi-collect-20260919-024719-670-dd86e6fb/231.argb	480	640
NaVi-collect-20260919-024719-670-dd86e6fb	232	46623	data/ai-evaluation/runs/jeonju-cone-20260919/NaVi-collect-20260919-024719-670-dd86e6fb/232.argb	480	640
NaVi-collect-20260919-024719-670-dd86e6fb	234	47025	data/ai-evaluation/runs/jeonju-cone-20260919/NaVi-collect-20260919-024719-670-dd86e6fb/234.argb	480	640
NaVi-collect-20260919-024719-670-dd86e6fb	235	47243	data/ai-evaluation/runs/jeonju-cone-20260919/NaVi-collect-20260919-024719-670-dd86e6fb/235.argb	480	640
NaVi-collect-20260919-024719-670-dd86e6fb	236	47433	data/ai-evaluation/runs/jeonju-cone-20260919/NaVi-collect-20260919-024719-670-dd86e6fb/236.argb	480	640
NaVi-collect-20260919-024719-670-dd86e6fb	238	47825	data/ai-evaluation/runs/jeonju-cone-20260919/NaVi-collect-20260919-024719-670-dd86e6fb/238.argb	480	640
NaVi-collect-20260919-024719-670-dd86e6fb	239	48043	data/ai-evaluation/runs/jeonju-cone-20260919/NaVi-collect-20260919-024719-670-dd86e6fb/239.argb	480	640
NaVi-collect-20260919-024719-670-dd86e6fb	240	48227	data/ai-evaluation/runs/jeonju-cone-20260919/NaVi-collect-20260919-024719-670-dd86e6fb/240.argb	480	640
NaVi-collect-20260919-024719-670-dd86e6fb	241	48428	data/ai-evaluation/runs/jeonju-cone-20260919/NaVi-collect-20260919-024719-670-dd86e6fb/241.argb	480	640
NaVi-collect-20260919-024719-670-dd86e6fb	243	48828	data/ai-evaluation/runs/jeonju-cone-20260919/NaVi-collect-20260919-024719-670-dd86e6fb/243.argb	480	640
NaVi-collect-20260919-024719-670-dd86e6fb	244	49029	data/ai-evaluation/runs/jeonju-cone-20260919/NaVi-collect-20260919-024719-670-dd86e6fb/244.argb	480	640
NaVi-collect-20260919-024719-670-dd86e6fb	245	49243	data/ai-evaluation/runs/jeonju-cone-20260919/NaVi-collect-20260919-024719-670-dd86e6fb/245.argb	480	640
NaVi-collect-20260919-024719-670-dd86e6fb	246	49442	data/ai-evaluation/runs/jeonju-cone-20260919/NaVi-collect-20260919-024719-670-dd86e6fb/246.argb	480	640
NaVi-collect-20260919-024719-670-dd86e6fb	247	49650	data/ai-evaluation/runs/jeonju-cone-20260919/NaVi-collect-20260919-024719-670-dd86e6fb/247.argb	480	640
NaVi-collect-20260919-024719-670-dd86e6fb	249	50084	data/ai-evaluation/runs/jeonju-cone-20260919/NaVi-collect-20260919-024719-670-dd86e6fb/249.argb	480	640
NaVi-collect-20260919-024719-670-dd86e6fb	250	50286	data/ai-evaluation/runs/jeonju-cone-20260919/NaVi-collect-20260919-024719-670-dd86e6fb/250.argb	480	640
NaVi-collect-20260919-024719-670-dd86e6fb	251	50482	data/ai-evaluation/runs/jeonju-cone-20260919/NaVi-collect-20260919-024719-670-dd86e6fb/251.argb	480	640
NaVi-collect-20260919-024719-670-dd86e6fb	253	50887	data/ai-evaluation/runs/jeonju-cone-20260919/NaVi-collect-20260919-024719-670-dd86e6fb/253.argb	480	640
NaVi-collect-20260919-024719-670-dd86e6fb	254	51086	data/ai-evaluation/runs/jeonju-cone-20260919/NaVi-collect-20260919-024719-670-dd86e6fb/254.argb	480	640
NaVi-collect-20260919-024719-670-dd86e6fb	255	51288	data/ai-evaluation/runs/jeonju-cone-20260919/NaVi-collect-20260919-024719-670-dd86e6fb/255.argb	480	640
NaVi-collect-20260919-024719-670-dd86e6fb	256	51488	data/ai-evaluation/runs/jeonju-cone-20260919/NaVi-collect-20260919-024719-670-dd86e6fb/256.argb	480	640
NaVi-collect-20260919-024719-670-dd86e6fb	258	51901	data/ai-evaluation/runs/jeonju-cone-20260919/NaVi-collect-20260919-024719-670-dd86e6fb/258.argb	480	640
NaVi-collect-20260919-024719-670-dd86e6fb	259	52085	data/ai-evaluation/runs/jeonju-cone-20260919/NaVi-collect-20260919-024719-670-dd86e6fb/259.argb	480	640
NaVi-collect-20260919-024719-670-dd86e6fb	261	52508	data/ai-evaluation/runs/jeonju-cone-20260919/NaVi-collect-20260919-024719-670-dd86e6fb/261.argb	480	640
NaVi-collect-20260919-024719-670-dd86e6fb	262	52685	data/ai-evaluation/runs/jeonju-cone-20260919/NaVi-collect-20260919-024719-670-dd86e6fb/262.argb	480	640
NaVi-collect-20260919-024719-670-dd86e6fb	263	52878	data/ai-evaluation/runs/jeonju-cone-20260919/NaVi-collect-20260919-024719-670-dd86e6fb/263.argb	480	640
NaVi-collect-20260919-024719-670-dd86e6fb	265	53308	data/ai-evaluation/runs/jeonju-cone-20260919/NaVi-collect-20260919-024719-670-dd86e6fb/265.argb	480	640
NaVi-collect-20260919-024719-670-dd86e6fb	266	53485	data/ai-evaluation/runs/jeonju-cone-20260919/NaVi-collect-20260919-024719-670-dd86e6fb/266.argb	480	640
NaVi-collect-20260919-024719-670-dd86e6fb	268	53888	data/ai-evaluation/runs/jeonju-cone-20260919/NaVi-collect-20260919-024719-670-dd86e6fb/268.argb	480	640
NaVi-collect-20260919-024719-670-dd86e6fb	269	54090	data/ai-evaluation/runs/jeonju-cone-20260919/NaVi-collect-20260919-024719-670-dd86e6fb/269.argb	480	640
NaVi-collect-20260919-024719-670-dd86e6fb	270	54299	data/ai-evaluation/runs/jeonju-cone-20260919/NaVi-collect-20260919-024719-670-dd86e6fb/270.argb	480	640
NaVi-collect-20260919-024719-670-dd86e6fb	272	54707	data/ai-evaluation/runs/jeonju-cone-20260919/NaVi-collect-20260919-024719-670-dd86e6fb/272.argb	480	640
NaVi-collect-20260919-024719-670-dd86e6fb	273	54896	data/ai-evaluation/runs/jeonju-cone-20260919/NaVi-collect-20260919-024719-670-dd86e6fb/273.argb	480	640
NaVi-collect-20260919-024719-670-dd86e6fb	274	55099	data/ai-evaluation/runs/jeonju-cone-20260919/NaVi-collect-20260919-024719-670-dd86e6fb/274.argb	480	640
NaVi-collect-20260919-024719-670-dd86e6fb	275	55288	data/ai-evaluation/runs/jeonju-cone-20260919/NaVi-collect-20260919-024719-670-dd86e6fb/275.argb	480	640
NaVi-collect-20260919-024719-670-dd86e6fb	277	55702	data/ai-evaluation/runs/jeonju-cone-20260919/NaVi-collect-20260919-024719-670-dd86e6fb/277.argb	480	640
NaVi-collect-20260919-024719-670-dd86e6fb	278	55891	data/ai-evaluation/runs/jeonju-cone-20260919/NaVi-collect-20260919-024719-670-dd86e6fb/278.argb	480	640
NaVi-collect-20260919-024719-670-dd86e6fb	279	56108	data/ai-evaluation/runs/jeonju-cone-20260919/NaVi-collect-20260919-024719-670-dd86e6fb/279.argb	480	640
NaVi-collect-20260919-024719-670-dd86e6fb	281	56508	data/ai-evaluation/runs/jeonju-cone-20260919/NaVi-collect-20260919-024719-670-dd86e6fb/281.argb	480	640
NaVi-collect-20260919-024719-670-dd86e6fb	282	56695	data/ai-evaluation/runs/jeonju-cone-20260919/NaVi-collect-20260919-024719-670-dd86e6fb/282.argb	480	640
NaVi-collect-20260919-024719-670-dd86e6fb	284	57092	data/ai-evaluation/runs/jeonju-cone-20260919/NaVi-collect-20260919-024719-670-dd86e6fb/284.argb	480	640
NaVi-collect-20260919-024719-670-dd86e6fb	285	57308	data/ai-evaluation/runs/jeonju-cone-20260919/NaVi-collect-20260919-024719-670-dd86e6fb/285.argb	480	640
NaVi-collect-20260919-024719-670-dd86e6fb	286	57515	data/ai-evaluation/runs/jeonju-cone-20260919/NaVi-collect-20260919-024719-670-dd86e6fb/286.argb	480	640
NaVi-collect-20260919-024719-670-dd86e6fb	288	57937	data/ai-evaluation/runs/jeonju-cone-20260919/NaVi-collect-20260919-024719-670-dd86e6fb/288.argb	480	640
NaVi-collect-20260919-024719-670-dd86e6fb	289	58099	data/ai-evaluation/runs/jeonju-cone-20260919/NaVi-collect-20260919-024719-670-dd86e6fb/289.argb	480	640
NaVi-collect-20260919-024719-670-dd86e6fb	290	58321	data/ai-evaluation/runs/jeonju-cone-20260919/NaVi-collect-20260919-024719-670-dd86e6fb/290.argb	480	640
NaVi-collect-20260919-024719-670-dd86e6fb	292	58719	data/ai-evaluation/runs/jeonju-cone-20260919/NaVi-collect-20260919-024719-670-dd86e6fb/292.argb	480	640
NaVi-collect-20260919-024719-670-dd86e6fb	293	58909	data/ai-evaluation/runs/jeonju-cone-20260919/NaVi-collect-20260919-024719-670-dd86e6fb/293.argb	480	640
NaVi-collect-20260919-024719-670-dd86e6fb	294	59102	data/ai-evaluation/runs/jeonju-cone-20260919/NaVi-collect-20260919-024719-670-dd86e6fb/294.argb	480	640
NaVi-collect-20260919-024719-670-dd86e6fb	296	59505	data/ai-evaluation/runs/jeonju-cone-20260919/NaVi-collect-20260919-024719-670-dd86e6fb/296.argb	480	640
NaVi-collect-20260919-024719-670-dd86e6fb	297	59742	data/ai-evaluation/runs/jeonju-cone-20260919/NaVi-collect-20260919-024719-670-dd86e6fb/297.argb	480	640
NaVi-collect-20260919-024719-670-dd86e6fb	298	59914	data/ai-evaluation/runs/jeonju-cone-20260919/NaVi-collect-20260919-024719-670-dd86e6fb/298.argb	480	640
NaVi-collect-20260919-024719-670-dd86e6fb	299	60109	data/ai-evaluation/runs/jeonju-cone-20260919/NaVi-collect-20260919-024719-670-dd86e6fb/299.argb	480	640
NaVi-collect-20260919-024719-670-dd86e6fb	301	60681	data/ai-evaluation/runs/jeonju-cone-20260919/NaVi-collect-20260919-024719-670-dd86e6fb/301.argb	480	640
NaVi-collect-20260919-024719-670-dd86e6fb	303	61002	data/ai-evaluation/runs/jeonju-cone-20260919/NaVi-collect-20260919-024719-670-dd86e6fb/303.argb	480	640
NaVi-collect-20260919-024719-670-dd86e6fb	304	61211	data/ai-evaluation/runs/jeonju-cone-20260919/NaVi-collect-20260919-024719-670-dd86e6fb/304.argb	480	640
NaVi-collect-20260919-024719-670-dd86e6fb	305	61430	data/ai-evaluation/runs/jeonju-cone-20260919/NaVi-collect-20260919-024719-670-dd86e6fb/305.argb	480	640
NaVi-collect-20260919-024719-670-dd86e6fb	307	61815	data/ai-evaluation/runs/jeonju-cone-20260919/NaVi-collect-20260919-024719-670-dd86e6fb/307.argb	480	640
NaVi-collect-20260919-024719-670-dd86e6fb	308	62015	data/ai-evaluation/runs/jeonju-cone-20260919/NaVi-collect-20260919-024719-670-dd86e6fb/308.argb	480	640
NaVi-collect-20260919-024719-670-dd86e6fb	309	62211	data/ai-evaluation/runs/jeonju-cone-20260919/NaVi-collect-20260919-024719-670-dd86e6fb/309.argb	480	640
NaVi-collect-20260919-024719-670-dd86e6fb	310	62418	data/ai-evaluation/runs/jeonju-cone-20260919/NaVi-collect-20260919-024719-670-dd86e6fb/310.argb	480	640
NaVi-collect-20260919-024719-670-dd86e6fb	311	62613	data/ai-evaluation/runs/jeonju-cone-20260919/NaVi-collect-20260919-024719-670-dd86e6fb/311.argb	480	640
NaVi-collect-20260919-024719-670-dd86e6fb	312	62818	data/ai-evaluation/runs/jeonju-cone-20260919/NaVi-collect-20260919-024719-670-dd86e6fb/312.argb	480	640
NaVi-collect-20260919-024719-670-dd86e6fb	313	63015	data/ai-evaluation/runs/jeonju-cone-20260919/NaVi-collect-20260919-024719-670-dd86e6fb/313.argb	480	640
NaVi-collect-20260919-024719-670-dd86e6fb	314	63223	data/ai-evaluation/runs/jeonju-cone-20260919/NaVi-collect-20260919-024719-670-dd86e6fb/314.argb	480	640
NaVi-collect-20260919-024719-670-dd86e6fb	315	63413	data/ai-evaluation/runs/jeonju-cone-20260919/NaVi-collect-20260919-024719-670-dd86e6fb/315.argb	480	640
NaVi-collect-20260919-024719-670-dd86e6fb	316	63637	data/ai-evaluation/runs/jeonju-cone-20260919/NaVi-collect-20260919-024719-670-dd86e6fb/316.argb	480	640
NaVi-collect-20260919-024719-670-dd86e6fb	317	63813	data/ai-evaluation/runs/jeonju-cone-20260919/NaVi-collect-20260919-024719-670-dd86e6fb/317.argb	480	640
NaVi-collect-20260919-024719-670-dd86e6fb	319	64214	data/ai-evaluation/runs/jeonju-cone-20260919/NaVi-collect-20260919-024719-670-dd86e6fb/319.argb	480	640
NaVi-collect-20260919-024719-670-dd86e6fb	320	64433	data/ai-evaluation/runs/jeonju-cone-20260919/NaVi-collect-20260919-024719-670-dd86e6fb/320.argb	480	640
NaVi-collect-20260919-024719-670-dd86e6fb	321	64616	data/ai-evaluation/runs/jeonju-cone-20260919/NaVi-collect-20260919-024719-670-dd86e6fb/321.argb	480	640
NaVi-collect-20260919-024719-670-dd86e6fb	322	64840	data/ai-evaluation/runs/jeonju-cone-20260919/NaVi-collect-20260919-024719-670-dd86e6fb/322.argb	480	640
NaVi-collect-20260919-024719-670-dd86e6fb	323	65016	data/ai-evaluation/runs/jeonju-cone-20260919/NaVi-collect-20260919-024719-670-dd86e6fb/323.argb	480	640
NaVi-collect-20260919-024719-670-dd86e6fb	325	65416	data/ai-evaluation/runs/jeonju-cone-20260919/NaVi-collect-20260919-024719-670-dd86e6fb/325.argb	480	640
NaVi-collect-20260919-024719-670-dd86e6fb	326	65639	data/ai-evaluation/runs/jeonju-cone-20260919/NaVi-collect-20260919-024719-670-dd86e6fb/326.argb	480	640
NaVi-collect-20260919-024719-670-dd86e6fb	327	65825	data/ai-evaluation/runs/jeonju-cone-20260919/NaVi-collect-20260919-024719-670-dd86e6fb/327.argb	480	640
NaVi-collect-20260919-024719-670-dd86e6fb	328	66022	data/ai-evaluation/runs/jeonju-cone-20260919/NaVi-collect-20260919-024719-670-dd86e6fb/328.argb	480	640
NaVi-collect-20260919-024719-670-dd86e6fb	329	66268	data/ai-evaluation/runs/jeonju-cone-20260919/NaVi-collect-20260919-024719-670-dd86e6fb/329.argb	480	640
NaVi-collect-20260919-024719-670-dd86e6fb	331	66634	data/ai-evaluation/runs/jeonju-cone-20260919/NaVi-collect-20260919-024719-670-dd86e6fb/331.argb	480	640
NaVi-collect-20260919-024719-670-dd86e6fb	332	66820	data/ai-evaluation/runs/jeonju-cone-20260919/NaVi-collect-20260919-024719-670-dd86e6fb/332.argb	480	640
NaVi-collect-20260919-024719-670-dd86e6fb	333	67024	data/ai-evaluation/runs/jeonju-cone-20260919/NaVi-collect-20260919-024719-670-dd86e6fb/333.argb	480	640
NaVi-collect-20260919-024719-670-dd86e6fb	335	67433	data/ai-evaluation/runs/jeonju-cone-20260919/NaVi-collect-20260919-024719-670-dd86e6fb/335.argb	480	640
NaVi-collect-20260919-024719-670-dd86e6fb	336	67636	data/ai-evaluation/runs/jeonju-cone-20260919/NaVi-collect-20260919-024719-670-dd86e6fb/336.argb	480	640
NaVi-collect-20260919-024719-670-dd86e6fb	338	68033	data/ai-evaluation/runs/jeonju-cone-20260919/NaVi-collect-20260919-024719-670-dd86e6fb/338.argb	480	640
NaVi-collect-20260919-024719-670-dd86e6fb	339	68258	data/ai-evaluation/runs/jeonju-cone-20260919/NaVi-collect-20260919-024719-670-dd86e6fb/339.argb	480	640
NaVi-collect-20260919-024719-670-dd86e6fb	340	68423	data/ai-evaluation/runs/jeonju-cone-20260919/NaVi-collect-20260919-024719-670-dd86e6fb/340.argb	480	640
NaVi-collect-20260919-024719-670-dd86e6fb	342	68836	data/ai-evaluation/runs/jeonju-cone-20260919/NaVi-collect-20260919-024719-670-dd86e6fb/342.argb	480	640
NaVi-collect-20260919-024719-670-dd86e6fb	343	69028	data/ai-evaluation/runs/jeonju-cone-20260919/NaVi-collect-20260919-024719-670-dd86e6fb/343.argb	480	640
NaVi-collect-20260919-024719-670-dd86e6fb	345	69441	data/ai-evaluation/runs/jeonju-cone-20260919/NaVi-collect-20260919-024719-670-dd86e6fb/345.argb	480	640
NaVi-collect-20260919-024719-670-dd86e6fb	346	69637	data/ai-evaluation/runs/jeonju-cone-20260919/NaVi-collect-20260919-024719-670-dd86e6fb/346.argb	480	640
NaVi-collect-20260919-024719-670-dd86e6fb	347	69831	data/ai-evaluation/runs/jeonju-cone-20260919/NaVi-collect-20260919-024719-670-dd86e6fb/347.argb	480	640
NaVi-collect-20260919-024719-670-dd86e6fb	349	70247	data/ai-evaluation/runs/jeonju-cone-20260919/NaVi-collect-20260919-024719-670-dd86e6fb/349.argb	480	640
NaVi-collect-20260919-024719-670-dd86e6fb	350	70442	data/ai-evaluation/runs/jeonju-cone-20260919/NaVi-collect-20260919-024719-670-dd86e6fb/350.argb	480	640
NaVi-collect-20260919-024719-670-dd86e6fb	351	70639	data/ai-evaluation/runs/jeonju-cone-20260919/NaVi-collect-20260919-024719-670-dd86e6fb/351.argb	480	640
NaVi-collect-20260919-024719-670-dd86e6fb	353	71058	data/ai-evaluation/runs/jeonju-cone-20260919/NaVi-collect-20260919-024719-670-dd86e6fb/353.argb	480	640
NaVi-collect-20260919-024719-670-dd86e6fb	354	71242	data/ai-evaluation/runs/jeonju-cone-20260919/NaVi-collect-20260919-024719-670-dd86e6fb/354.argb	480	640
NaVi-collect-20260919-024719-670-dd86e6fb	356	71650	data/ai-evaluation/runs/jeonju-cone-20260919/NaVi-collect-20260919-024719-670-dd86e6fb/356.argb	480	640
NaVi-collect-20260919-024719-670-dd86e6fb	357	71847	data/ai-evaluation/runs/jeonju-cone-20260919/NaVi-collect-20260919-024719-670-dd86e6fb/357.argb	480	640
NaVi-collect-20260919-024719-670-dd86e6fb	359	72292	data/ai-evaluation/runs/jeonju-cone-20260919/NaVi-collect-20260919-024719-670-dd86e6fb/359.argb	480	640
NaVi-collect-20260919-024719-670-dd86e6fb	360	72480	data/ai-evaluation/runs/jeonju-cone-20260919/NaVi-collect-20260919-024719-670-dd86e6fb/360.argb	480	640
NaVi-collect-20260919-024719-670-dd86e6fb	361	72743	data/ai-evaluation/runs/jeonju-cone-20260919/NaVi-collect-20260919-024719-670-dd86e6fb/361.argb	480	640
NaVi-collect-20260919-024719-670-dd86e6fb	363	73145	data/ai-evaluation/runs/jeonju-cone-20260919/NaVi-collect-20260919-024719-670-dd86e6fb/363.argb	480	640
NaVi-collect-20260919-024719-670-dd86e6fb	364	73379	data/ai-evaluation/runs/jeonju-cone-20260919/NaVi-collect-20260919-024719-670-dd86e6fb/364.argb	480	640
NaVi-collect-20260919-024719-670-dd86e6fb	365	73541	data/ai-evaluation/runs/jeonju-cone-20260919/NaVi-collect-20260919-024719-670-dd86e6fb/365.argb	480	640
NaVi-collect-20260919-024719-670-dd86e6fb	366	73763	data/ai-evaluation/runs/jeonju-cone-20260919/NaVi-collect-20260919-024719-670-dd86e6fb/366.argb	480	640
NaVi-collect-20260919-024719-670-dd86e6fb	368	74175	data/ai-evaluation/runs/jeonju-cone-20260919/NaVi-collect-20260919-024719-670-dd86e6fb/368.argb	480	640
NaVi-collect-20260919-024719-670-dd86e6fb	369	74413	data/ai-evaluation/runs/jeonju-cone-20260919/NaVi-collect-20260919-024719-670-dd86e6fb/369.argb	480	640
NaVi-collect-20260919-024719-670-dd86e6fb	371	74786	data/ai-evaluation/runs/jeonju-cone-20260919/NaVi-collect-20260919-024719-670-dd86e6fb/371.argb	480	640
NaVi-collect-20260919-024719-670-dd86e6fb	372	75015	data/ai-evaluation/runs/jeonju-cone-20260919/NaVi-collect-20260919-024719-670-dd86e6fb/372.argb	480	640
NaVi-collect-20260919-024719-670-dd86e6fb	374	75408	data/ai-evaluation/runs/jeonju-cone-20260919/NaVi-collect-20260919-024719-670-dd86e6fb/374.argb	480	640
NaVi-collect-20260919-024719-670-dd86e6fb	375	75648	data/ai-evaluation/runs/jeonju-cone-20260919/NaVi-collect-20260919-024719-670-dd86e6fb/375.argb	480	640
NaVi-collect-20260919-024719-670-dd86e6fb	376	75882	data/ai-evaluation/runs/jeonju-cone-20260919/NaVi-collect-20260919-024719-670-dd86e6fb/376.argb	480	640
NaVi-collect-20260919-024719-670-dd86e6fb	377	76112	data/ai-evaluation/runs/jeonju-cone-20260919/NaVi-collect-20260919-024719-670-dd86e6fb/377.argb	480	640
NaVi-collect-20260919-024719-670-dd86e6fb	378	76314	data/ai-evaluation/runs/jeonju-cone-20260919/NaVi-collect-20260919-024719-670-dd86e6fb/378.argb	480	640
NaVi-collect-20260919-024719-670-dd86e6fb	380	76716	data/ai-evaluation/runs/jeonju-cone-20260919/NaVi-collect-20260919-024719-670-dd86e6fb/380.argb	480	640
NaVi-collect-20260919-024719-670-dd86e6fb	381	76947	data/ai-evaluation/runs/jeonju-cone-20260919/NaVi-collect-20260919-024719-670-dd86e6fb/381.argb	480	640
NaVi-collect-20260919-024719-670-dd86e6fb	382	77185	data/ai-evaluation/runs/jeonju-cone-20260919/NaVi-collect-20260919-024719-670-dd86e6fb/382.argb	480	640
NaVi-collect-20260919-024719-670-dd86e6fb	384	77585	data/ai-evaluation/runs/jeonju-cone-20260919/NaVi-collect-20260919-024719-670-dd86e6fb/384.argb	480	640
NaVi-collect-20260919-024719-670-dd86e6fb	385	77793	data/ai-evaluation/runs/jeonju-cone-20260919/NaVi-collect-20260919-024719-670-dd86e6fb/385.argb	480	640
NaVi-collect-20260919-024719-670-dd86e6fb	387	78260	data/ai-evaluation/runs/jeonju-cone-20260919/NaVi-collect-20260919-024719-670-dd86e6fb/387.argb	480	640
NaVi-collect-20260919-024719-670-dd86e6fb	388	78445	data/ai-evaluation/runs/jeonju-cone-20260919/NaVi-collect-20260919-024719-670-dd86e6fb/388.argb	480	640
NaVi-collect-20260919-024719-670-dd86e6fb	389	78692	data/ai-evaluation/runs/jeonju-cone-20260919/NaVi-collect-20260919-024719-670-dd86e6fb/389.argb	480	640
NaVi-collect-20260919-024719-670-dd86e6fb	390	78903	data/ai-evaluation/runs/jeonju-cone-20260919/NaVi-collect-20260919-024719-670-dd86e6fb/390.argb	480	640
NaVi-collect-20260919-024719-670-dd86e6fb	391	79153	data/ai-evaluation/runs/jeonju-cone-20260919/NaVi-collect-20260919-024719-670-dd86e6fb/391.argb	480	640
NaVi-collect-20260919-024719-670-dd86e6fb	392	79410	data/ai-evaluation/runs/jeonju-cone-20260919/NaVi-collect-20260919-024719-670-dd86e6fb/392.argb	480	640
NaVi-collect-20260919-024719-670-dd86e6fb	393	79619	data/ai-evaluation/runs/jeonju-cone-20260919/NaVi-collect-20260919-024719-670-dd86e6fb/393.argb	480	640
NaVi-collect-20260919-024719-670-dd86e6fb	395	80054	data/ai-evaluation/runs/jeonju-cone-20260919/NaVi-collect-20260919-024719-670-dd86e6fb/395.argb	480	640
NaVi-collect-20260919-024719-670-dd86e6fb	396	80253	data/ai-evaluation/runs/jeonju-cone-20260919/NaVi-collect-20260919-024719-670-dd86e6fb/396.argb	480	640
NaVi-collect-20260919-024719-670-dd86e6fb	397	80484	data/ai-evaluation/runs/jeonju-cone-20260919/NaVi-collect-20260919-024719-670-dd86e6fb/397.argb	480	640
NaVi-collect-20260919-024719-670-dd86e6fb	398	80720	data/ai-evaluation/runs/jeonju-cone-20260919/NaVi-collect-20260919-024719-670-dd86e6fb/398.argb	480	640
NaVi-collect-20260919-024719-670-dd86e6fb	399	80933	data/ai-evaluation/runs/jeonju-cone-20260919/NaVi-collect-20260919-024719-670-dd86e6fb/399.argb	480	640
NaVi-collect-20260919-024719-670-dd86e6fb	401	81338	data/ai-evaluation/runs/jeonju-cone-20260919/NaVi-collect-20260919-024719-670-dd86e6fb/401.argb	480	640
NaVi-collect-20260919-024719-670-dd86e6fb	402	81620	data/ai-evaluation/runs/jeonju-cone-20260919/NaVi-collect-20260919-024719-670-dd86e6fb/402.argb	480	640
NaVi-collect-20260919-024719-670-dd86e6fb	403	81808	data/ai-evaluation/runs/jeonju-cone-20260919/NaVi-collect-20260919-024719-670-dd86e6fb/403.argb	480	640
NaVi-collect-20260919-024719-670-dd86e6fb	404	82035	data/ai-evaluation/runs/jeonju-cone-20260919/NaVi-collect-20260919-024719-670-dd86e6fb/404.argb	480	640
NaVi-collect-20260919-024719-670-dd86e6fb	405	82292	data/ai-evaluation/runs/jeonju-cone-20260919/NaVi-collect-20260919-024719-670-dd86e6fb/405.argb	480	640
NaVi-collect-20260919-024719-670-dd86e6fb	406	82491	data/ai-evaluation/runs/jeonju-cone-20260919/NaVi-collect-20260919-024719-670-dd86e6fb/406.argb	480	640
NaVi-collect-20260919-024719-670-dd86e6fb	408	82919	data/ai-evaluation/runs/jeonju-cone-20260919/NaVi-collect-20260919-024719-670-dd86e6fb/408.argb	480	640
NaVi-collect-20260919-024719-670-dd86e6fb	409	83154	data/ai-evaluation/runs/jeonju-cone-20260919/NaVi-collect-20260919-024719-670-dd86e6fb/409.argb	480	640
NaVi-collect-20260919-024719-670-dd86e6fb	410	83384	data/ai-evaluation/runs/jeonju-cone-20260919/NaVi-collect-20260919-024719-670-dd86e6fb/410.argb	480	640
NaVi-collect-20260919-024719-670-dd86e6fb	411	83620	data/ai-evaluation/runs/jeonju-cone-20260919/NaVi-collect-20260919-024719-670-dd86e6fb/411.argb	480	640
NaVi-collect-20260919-024719-670-dd86e6fb	412	83832	data/ai-evaluation/runs/jeonju-cone-20260919/NaVi-collect-20260919-024719-670-dd86e6fb/412.argb	480	640
NaVi-collect-20260919-024719-670-dd86e6fb	414	84224	data/ai-evaluation/runs/jeonju-cone-20260919/NaVi-collect-20260919-024719-670-dd86e6fb/414.argb	480	640
NaVi-collect-20260919-024719-670-dd86e6fb	415	84427	data/ai-evaluation/runs/jeonju-cone-20260919/NaVi-collect-20260919-024719-670-dd86e6fb/415.argb	480	640
NaVi-collect-20260919-024719-670-dd86e6fb	417	84820	data/ai-evaluation/runs/jeonju-cone-20260919/NaVi-collect-20260919-024719-670-dd86e6fb/417.argb	480	640
NaVi-collect-20260919-024719-670-dd86e6fb	418	85022	data/ai-evaluation/runs/jeonju-cone-20260919/NaVi-collect-20260919-024719-670-dd86e6fb/418.argb	480	640
NaVi-collect-20260919-024719-670-dd86e6fb	419	85221	data/ai-evaluation/runs/jeonju-cone-20260919/NaVi-collect-20260919-024719-670-dd86e6fb/419.argb	480	640
NaVi-collect-20260919-024719-670-dd86e6fb	421	85628	data/ai-evaluation/runs/jeonju-cone-20260919/NaVi-collect-20260919-024719-670-dd86e6fb/421.argb	480	640
NaVi-collect-20260919-024719-670-dd86e6fb	422	85831	data/ai-evaluation/runs/jeonju-cone-20260919/NaVi-collect-20260919-024719-670-dd86e6fb/422.argb	480	640
NaVi-collect-20260919-024719-670-dd86e6fb	423	86027	data/ai-evaluation/runs/jeonju-cone-20260919/NaVi-collect-20260919-024719-670-dd86e6fb/423.argb	480	640
NaVi-collect-20260919-024719-670-dd86e6fb	425	86433	data/ai-evaluation/runs/jeonju-cone-20260919/NaVi-collect-20260919-024719-670-dd86e6fb/425.argb	480	640
NaVi-collect-20260919-024719-670-dd86e6fb	426	86626	data/ai-evaluation/runs/jeonju-cone-20260919/NaVi-collect-20260919-024719-670-dd86e6fb/426.argb	480	640
NaVi-collect-20260919-024719-670-dd86e6fb	427	86810	data/ai-evaluation/runs/jeonju-cone-20260919/NaVi-collect-20260919-024719-670-dd86e6fb/427.argb	480	640
NaVi-collect-20260919-024719-670-dd86e6fb	429	87237	data/ai-evaluation/runs/jeonju-cone-20260919/NaVi-collect-20260919-024719-670-dd86e6fb/429.argb	480	640
NaVi-collect-20260919-024719-670-dd86e6fb	430	87437	data/ai-evaluation/runs/jeonju-cone-20260919/NaVi-collect-20260919-024719-670-dd86e6fb/430.argb	480	640
NaVi-collect-20260919-024719-670-dd86e6fb	431	87625	data/ai-evaluation/runs/jeonju-cone-20260919/NaVi-collect-20260919-024719-670-dd86e6fb/431.argb	480	640
NaVi-collect-20260919-024719-670-dd86e6fb	433	88024	data/ai-evaluation/runs/jeonju-cone-20260919/NaVi-collect-20260919-024719-670-dd86e6fb/433.argb	480	640
NaVi-collect-20260919-024719-670-dd86e6fb	434	88233	data/ai-evaluation/runs/jeonju-cone-20260919/NaVi-collect-20260919-024719-670-dd86e6fb/434.argb	480	640
NaVi-collect-20260919-024719-670-dd86e6fb	435	88435	data/ai-evaluation/runs/jeonju-cone-20260919/NaVi-collect-20260919-024719-670-dd86e6fb/435.argb	480	640
NaVi-collect-20260919-024719-670-dd86e6fb	437	88847	data/ai-evaluation/runs/jeonju-cone-20260919/NaVi-collect-20260919-024719-670-dd86e6fb/437.argb	480	640
NaVi-collect-20260919-024719-670-dd86e6fb	438	89031	data/ai-evaluation/runs/jeonju-cone-20260919/NaVi-collect-20260919-024719-670-dd86e6fb/438.argb	480	640
NaVi-collect-20260919-024719-670-dd86e6fb	439	89240	data/ai-evaluation/runs/jeonju-cone-20260919/NaVi-collect-20260919-024719-670-dd86e6fb/439.argb	480	640
NaVi-collect-20260919-024719-670-dd86e6fb	441	89627	data/ai-evaluation/runs/jeonju-cone-20260919/NaVi-collect-20260919-024719-670-dd86e6fb/441.argb	480	640
NaVi-collect-20260919-024719-670-dd86e6fb	442	89843	data/ai-evaluation/runs/jeonju-cone-20260919/NaVi-collect-20260919-024719-670-dd86e6fb/442.argb	480	640
NaVi-collect-20260919-024719-670-dd86e6fb	443	90030	data/ai-evaluation/runs/jeonju-cone-20260919/NaVi-collect-20260919-024719-670-dd86e6fb/443.argb	480	640
NaVi-collect-20260919-024719-670-dd86e6fb	445	90449	data/ai-evaluation/runs/jeonju-cone-20260919/NaVi-collect-20260919-024719-670-dd86e6fb/445.argb	480	640
NaVi-collect-20260919-024719-670-dd86e6fb	446	90653	data/ai-evaluation/runs/jeonju-cone-20260919/NaVi-collect-20260919-024719-670-dd86e6fb/446.argb	480	640
NaVi-collect-20260919-024719-670-dd86e6fb	448	91033	data/ai-evaluation/runs/jeonju-cone-20260919/NaVi-collect-20260919-024719-670-dd86e6fb/448.argb	480	640
NaVi-collect-20260919-024719-670-dd86e6fb	449	91243	data/ai-evaluation/runs/jeonju-cone-20260919/NaVi-collect-20260919-024719-670-dd86e6fb/449.argb	480	640
NaVi-collect-20260919-024719-670-dd86e6fb	450	91444	data/ai-evaluation/runs/jeonju-cone-20260919/NaVi-collect-20260919-024719-670-dd86e6fb/450.argb	480	640
NaVi-collect-20260919-024719-670-dd86e6fb	452	91833	data/ai-evaluation/runs/jeonju-cone-20260919/NaVi-collect-20260919-024719-670-dd86e6fb/452.argb	480	640
NaVi-collect-20260919-024719-670-dd86e6fb	453	92032	data/ai-evaluation/runs/jeonju-cone-20260919/NaVi-collect-20260919-024719-670-dd86e6fb/453.argb	480	640
NaVi-collect-20260919-024719-670-dd86e6fb	455	92452	data/ai-evaluation/runs/jeonju-cone-20260919/NaVi-collect-20260919-024719-670-dd86e6fb/455.argb	480	640
NaVi-collect-20260919-024719-670-dd86e6fb	456	92680	data/ai-evaluation/runs/jeonju-cone-20260919/NaVi-collect-20260919-024719-670-dd86e6fb/456.argb	480	640
NaVi-collect-20260919-024719-670-dd86e6fb	457	92846	data/ai-evaluation/runs/jeonju-cone-20260919/NaVi-collect-20260919-024719-670-dd86e6fb/457.argb	480	640
NaVi-collect-20260919-024719-670-dd86e6fb	459	93277	data/ai-evaluation/runs/jeonju-cone-20260919/NaVi-collect-20260919-024719-670-dd86e6fb/459.argb	480	640
NaVi-collect-20260919-024719-670-dd86e6fb	460	93467	data/ai-evaluation/runs/jeonju-cone-20260919/NaVi-collect-20260919-024719-670-dd86e6fb/460.argb	480	640
NaVi-collect-20260919-024719-670-dd86e6fb	462	93850	data/ai-evaluation/runs/jeonju-cone-20260919/NaVi-collect-20260919-024719-670-dd86e6fb/462.argb	480	640
NaVi-collect-20260919-024719-670-dd86e6fb	463	94081	data/ai-evaluation/runs/jeonju-cone-20260919/NaVi-collect-20260919-024719-670-dd86e6fb/463.argb	480	640
NaVi-collect-20260919-024719-670-dd86e6fb	464	94237	data/ai-evaluation/runs/jeonju-cone-20260919/NaVi-collect-20260919-024719-670-dd86e6fb/464.argb	480	640
NaVi-collect-20260919-024719-670-dd86e6fb	465	94446	data/ai-evaluation/runs/jeonju-cone-20260919/NaVi-collect-20260919-024719-670-dd86e6fb/465.argb	480	640
NaVi-collect-20260919-024719-670-dd86e6fb	467	94847	data/ai-evaluation/runs/jeonju-cone-20260919/NaVi-collect-20260919-024719-670-dd86e6fb/467.argb	480	640
NaVi-collect-20260919-024719-670-dd86e6fb	468	95053	data/ai-evaluation/runs/jeonju-cone-20260919/NaVi-collect-20260919-024719-670-dd86e6fb/468.argb	480	640
NaVi-collect-20260919-024719-670-dd86e6fb	469	95253	data/ai-evaluation/runs/jeonju-cone-20260919/NaVi-collect-20260919-024719-670-dd86e6fb/469.argb	480	640
NaVi-collect-20260919-024719-670-dd86e6fb	471	95647	data/ai-evaluation/runs/jeonju-cone-20260919/NaVi-collect-20260919-024719-670-dd86e6fb/471.argb	480	640
NaVi-collect-20260919-024719-670-dd86e6fb	472	95847	data/ai-evaluation/runs/jeonju-cone-20260919/NaVi-collect-20260919-024719-670-dd86e6fb/472.argb	480	640
NaVi-collect-20260919-024719-670-dd86e6fb	473	96066	data/ai-evaluation/runs/jeonju-cone-20260919/NaVi-collect-20260919-024719-670-dd86e6fb/473.argb	480	640
NaVi-collect-20260919-024719-670-dd86e6fb	475	96459	data/ai-evaluation/runs/jeonju-cone-20260919/NaVi-collect-20260919-024719-670-dd86e6fb/475.argb	480	640
NaVi-collect-20260919-024719-670-dd86e6fb	476	96688	data/ai-evaluation/runs/jeonju-cone-20260919/NaVi-collect-20260919-024719-670-dd86e6fb/476.argb	480	640
NaVi-collect-20260919-024719-670-dd86e6fb	478	97090	data/ai-evaluation/runs/jeonju-cone-20260919/NaVi-collect-20260919-024719-670-dd86e6fb/478.argb	480	640
NaVi-collect-20260919-024719-670-dd86e6fb	479	97286	data/ai-evaluation/runs/jeonju-cone-20260919/NaVi-collect-20260919-024719-670-dd86e6fb/479.argb	480	640
NaVi-collect-20260919-024719-670-dd86e6fb	480	97482	data/ai-evaluation/runs/jeonju-cone-20260919/NaVi-collect-20260919-024719-670-dd86e6fb/480.argb	480	640
NaVi-collect-20260919-024719-670-dd86e6fb	482	97902	data/ai-evaluation/runs/jeonju-cone-20260919/NaVi-collect-20260919-024719-670-dd86e6fb/482.argb	480	640
NaVi-collect-20260919-024719-670-dd86e6fb	483	98090	data/ai-evaluation/runs/jeonju-cone-20260919/NaVi-collect-20260919-024719-670-dd86e6fb/483.argb	480	640
NaVi-collect-20260919-024719-670-dd86e6fb	485	98489	data/ai-evaluation/runs/jeonju-cone-20260919/NaVi-collect-20260919-024719-670-dd86e6fb/485.argb	480	640
NaVi-collect-20260919-024719-670-dd86e6fb	486	98705	data/ai-evaluation/runs/jeonju-cone-20260919/NaVi-collect-20260919-024719-670-dd86e6fb/486.argb	480	640
NaVi-collect-20260919-024719-670-dd86e6fb	487	98906	data/ai-evaluation/runs/jeonju-cone-20260919/NaVi-collect-20260919-024719-670-dd86e6fb/487.argb	480	640
NaVi-collect-20260919-024719-670-dd86e6fb	488	99108	data/ai-evaluation/runs/jeonju-cone-20260919/NaVi-collect-20260919-024719-670-dd86e6fb/488.argb	480	640
NaVi-collect-20260919-024719-670-dd86e6fb	489	99310	data/ai-evaluation/runs/jeonju-cone-20260919/NaVi-collect-20260919-024719-670-dd86e6fb/489.argb	480	640
NaVi-collect-20260919-024719-670-dd86e6fb	491	99694	data/ai-evaluation/runs/jeonju-cone-20260919/NaVi-collect-20260919-024719-670-dd86e6fb/491.argb	480	640
NaVi-collect-20260919-024719-670-dd86e6fb	492	99937	data/ai-evaluation/runs/jeonju-cone-20260919/NaVi-collect-20260919-024719-670-dd86e6fb/492.argb	480	640
NaVi-collect-20260919-024719-670-dd86e6fb	493	100087	data/ai-evaluation/runs/jeonju-cone-20260919/NaVi-collect-20260919-024719-670-dd86e6fb/493.argb	480	640
NaVi-collect-20260919-024719-670-dd86e6fb	494	100289	data/ai-evaluation/runs/jeonju-cone-20260919/NaVi-collect-20260919-024719-670-dd86e6fb/494.argb	480	640
NaVi-collect-20260919-024719-670-dd86e6fb	495	100505	data/ai-evaluation/runs/jeonju-cone-20260919/NaVi-collect-20260919-024719-670-dd86e6fb/495.argb	480	640
NaVi-collect-20260919-024719-670-dd86e6fb	496	100679	data/ai-evaluation/runs/jeonju-cone-20260919/NaVi-collect-20260919-024719-670-dd86e6fb/496.argb	480	640
NaVi-collect-20260919-024719-670-dd86e6fb	497	100886	data/ai-evaluation/runs/jeonju-cone-20260919/NaVi-collect-20260919-024719-670-dd86e6fb/497.argb	480	640
NaVi-collect-20260919-024719-670-dd86e6fb	498	101090	data/ai-evaluation/runs/jeonju-cone-20260919/NaVi-collect-20260919-024719-670-dd86e6fb/498.argb	480	640
NaVi-collect-20260919-024719-670-dd86e6fb	499	101288	data/ai-evaluation/runs/jeonju-cone-20260919/NaVi-collect-20260919-024719-670-dd86e6fb/499.argb	480	640
NaVi-collect-20260919-024719-670-dd86e6fb	500	101475	data/ai-evaluation/runs/jeonju-cone-20260919/NaVi-collect-20260919-024719-670-dd86e6fb/500.argb	480	640
NaVi-collect-20260919-024719-670-dd86e6fb	501	101687	data/ai-evaluation/runs/jeonju-cone-20260919/NaVi-collect-20260919-024719-670-dd86e6fb/501.argb	480	640
NaVi-collect-20260919-024719-670-dd86e6fb	502	101879	data/ai-evaluation/runs/jeonju-cone-20260919/NaVi-collect-20260919-024719-670-dd86e6fb/502.argb	480	640
NaVi-collect-20260919-024719-670-dd86e6fb	503	102086	data/ai-evaluation/runs/jeonju-cone-20260919/NaVi-collect-20260919-024719-670-dd86e6fb/503.argb	480	640
NaVi-collect-20260919-024719-670-dd86e6fb	504	102294	data/ai-evaluation/runs/jeonju-cone-20260919/NaVi-collect-20260919-024719-670-dd86e6fb/504.argb	480	640
NaVi-collect-20260919-024719-670-dd86e6fb	505	102487	data/ai-evaluation/runs/jeonju-cone-20260919/NaVi-collect-20260919-024719-670-dd86e6fb/505.argb	480	640
NaVi-collect-20260919-024719-670-dd86e6fb	506	102693	data/ai-evaluation/runs/jeonju-cone-20260919/NaVi-collect-20260919-024719-670-dd86e6fb/506.argb	480	640
NaVi-collect-20260919-024719-670-dd86e6fb	507	102912	data/ai-evaluation/runs/jeonju-cone-20260919/NaVi-collect-20260919-024719-670-dd86e6fb/507.argb	480	640
NaVi-collect-20260919-024719-670-dd86e6fb	508	103081	data/ai-evaluation/runs/jeonju-cone-20260919/NaVi-collect-20260919-024719-670-dd86e6fb/508.argb	480	640
NaVi-collect-20260919-024719-670-dd86e6fb	509	103277	data/ai-evaluation/runs/jeonju-cone-20260919/NaVi-collect-20260919-024719-670-dd86e6fb/509.argb	480	640
NaVi-collect-20260919-024719-670-dd86e6fb	510	103486	data/ai-evaluation/runs/jeonju-cone-20260919/NaVi-collect-20260919-024719-670-dd86e6fb/510.argb	480	640
NaVi-collect-20260919-024719-670-dd86e6fb	511	103695	data/ai-evaluation/runs/jeonju-cone-20260919/NaVi-collect-20260919-024719-670-dd86e6fb/511.argb	480	640
NaVi-collect-20260919-024719-670-dd86e6fb	512	103886	data/ai-evaluation/runs/jeonju-cone-20260919/NaVi-collect-20260919-024719-670-dd86e6fb/512.argb	480	640
NaVi-collect-20260919-024719-670-dd86e6fb	513	104100	data/ai-evaluation/runs/jeonju-cone-20260919/NaVi-collect-20260919-024719-670-dd86e6fb/513.argb	480	640
NaVi-collect-20260919-024719-670-dd86e6fb	514	104280	data/ai-evaluation/runs/jeonju-cone-20260919/NaVi-collect-20260919-024719-670-dd86e6fb/514.argb	480	640
NaVi-collect-20260919-024719-670-dd86e6fb	515	104504	data/ai-evaluation/runs/jeonju-cone-20260919/NaVi-collect-20260919-024719-670-dd86e6fb/515.argb	480	640
NaVi-collect-20260919-024719-670-dd86e6fb	516	104705	data/ai-evaluation/runs/jeonju-cone-20260919/NaVi-collect-20260919-024719-670-dd86e6fb/516.argb	480	640
NaVi-collect-20260919-024719-670-dd86e6fb	517	104890	data/ai-evaluation/runs/jeonju-cone-20260919/NaVi-collect-20260919-024719-670-dd86e6fb/517.argb	480	640
NaVi-collect-20260919-024719-670-dd86e6fb	518	105099	data/ai-evaluation/runs/jeonju-cone-20260919/NaVi-collect-20260919-024719-670-dd86e6fb/518.argb	480	640
NaVi-collect-20260919-024719-670-dd86e6fb	519	105281	data/ai-evaluation/runs/jeonju-cone-20260919/NaVi-collect-20260919-024719-670-dd86e6fb/519.argb	480	640
NaVi-collect-20260919-024719-670-dd86e6fb	520	105495	data/ai-evaluation/runs/jeonju-cone-20260919/NaVi-collect-20260919-024719-670-dd86e6fb/520.argb	480	640
NaVi-collect-20260919-024719-670-dd86e6fb	521	105685	data/ai-evaluation/runs/jeonju-cone-20260919/NaVi-collect-20260919-024719-670-dd86e6fb/521.argb	480	640
NaVi-collect-20260919-024719-670-dd86e6fb	522	105899	data/ai-evaluation/runs/jeonju-cone-20260919/NaVi-collect-20260919-024719-670-dd86e6fb/522.argb	480	640
NaVi-collect-20260919-024719-670-dd86e6fb	523	106105	data/ai-evaluation/runs/jeonju-cone-20260919/NaVi-collect-20260919-024719-670-dd86e6fb/523.argb	480	640
NaVi-collect-20260919-024719-670-dd86e6fb	524	106309	data/ai-evaluation/runs/jeonju-cone-20260919/NaVi-collect-20260919-024719-670-dd86e6fb/524.argb	480	640
NaVi-collect-20260919-024719-670-dd86e6fb	525	106516	data/ai-evaluation/runs/jeonju-cone-20260919/NaVi-collect-20260919-024719-670-dd86e6fb/525.argb	480	640
NaVi-collect-20260919-024719-670-dd86e6fb	526	106722	data/ai-evaluation/runs/jeonju-cone-20260919/NaVi-collect-20260919-024719-670-dd86e6fb/526.argb	480	640
NaVi-collect-20260919-024719-670-dd86e6fb	527	106940	data/ai-evaluation/runs/jeonju-cone-20260919/NaVi-collect-20260919-024719-670-dd86e6fb/527.argb	480	640
NaVi-collect-20260919-024719-670-dd86e6fb	528	107112	data/ai-evaluation/runs/jeonju-cone-20260919/NaVi-collect-20260919-024719-670-dd86e6fb/528.argb	480	640
NaVi-collect-20260919-024719-670-dd86e6fb	529	107340	data/ai-evaluation/runs/jeonju-cone-20260919/NaVi-collect-20260919-024719-670-dd86e6fb/529.argb	480	640
NaVi-collect-20260919-024719-670-dd86e6fb	530	107512	data/ai-evaluation/runs/jeonju-cone-20260919/NaVi-collect-20260919-024719-670-dd86e6fb/530.argb	480	640
NaVi-collect-20260919-024719-670-dd86e6fb	531	107725	data/ai-evaluation/runs/jeonju-cone-20260919/NaVi-collect-20260919-024719-670-dd86e6fb/531.argb	480	640
NaVi-collect-20260919-024719-670-dd86e6fb	532	107930	data/ai-evaluation/runs/jeonju-cone-20260919/NaVi-collect-20260919-024719-670-dd86e6fb/532.argb	480	640
NaVi-collect-20260919-024719-670-dd86e6fb	533	108145	data/ai-evaluation/runs/jeonju-cone-20260919/NaVi-collect-20260919-024719-670-dd86e6fb/533.argb	480	640
NaVi-collect-20260919-024719-670-dd86e6fb	534	108317	data/ai-evaluation/runs/jeonju-cone-20260919/NaVi-collect-20260919-024719-670-dd86e6fb/534.argb	480	640
NaVi-collect-20260919-024719-670-dd86e6fb	536	108731	data/ai-evaluation/runs/jeonju-cone-20260919/NaVi-collect-20260919-024719-670-dd86e6fb/536.argb	480	640
NaVi-collect-20260919-024719-670-dd86e6fb	537	108917	data/ai-evaluation/runs/jeonju-cone-20260919/NaVi-collect-20260919-024719-670-dd86e6fb/537.argb	480	640
NaVi-collect-20260919-024719-670-dd86e6fb	538	109153	data/ai-evaluation/runs/jeonju-cone-20260919/NaVi-collect-20260919-024719-670-dd86e6fb/538.argb	480	640
NaVi-collect-20260919-024719-670-dd86e6fb	539	109342	data/ai-evaluation/runs/jeonju-cone-20260919/NaVi-collect-20260919-024719-670-dd86e6fb/539.argb	480	640
NaVi-collect-20260919-024719-670-dd86e6fb	541	109732	data/ai-evaluation/runs/jeonju-cone-20260919/NaVi-collect-20260919-024719-670-dd86e6fb/541.argb	480	640
NaVi-collect-20260919-024719-670-dd86e6fb	542	109942	data/ai-evaluation/runs/jeonju-cone-20260919/NaVi-collect-20260919-024719-670-dd86e6fb/542.argb	480	640
NaVi-collect-20260919-024719-670-dd86e6fb	543	110134	data/ai-evaluation/runs/jeonju-cone-20260919/NaVi-collect-20260919-024719-670-dd86e6fb/543.argb	480	640
NaVi-collect-20260919-024719-670-dd86e6fb	545	110532	data/ai-evaluation/runs/jeonju-cone-20260919/NaVi-collect-20260919-024719-670-dd86e6fb/545.argb	480	640
NaVi-collect-20260919-024719-670-dd86e6fb	546	110734	data/ai-evaluation/runs/jeonju-cone-20260919/NaVi-collect-20260919-024719-670-dd86e6fb/546.argb	480	640
NaVi-collect-20260919-024719-670-dd86e6fb	547	110943	data/ai-evaluation/runs/jeonju-cone-20260919/NaVi-collect-20260919-024719-670-dd86e6fb/547.argb	480	640
NaVi-collect-20260919-024719-670-dd86e6fb	548	111145	data/ai-evaluation/runs/jeonju-cone-20260919/NaVi-collect-20260919-024719-670-dd86e6fb/548.argb	480	640
NaVi-collect-20260919-024719-670-dd86e6fb	549	111345	data/ai-evaluation/runs/jeonju-cone-20260919/NaVi-collect-20260919-024719-670-dd86e6fb/549.argb	480	640
NaVi-collect-20260919-024719-670-dd86e6fb	551	111753	data/ai-evaluation/runs/jeonju-cone-20260919/NaVi-collect-20260919-024719-670-dd86e6fb/551.argb	480	640
NaVi-collect-20260919-024719-670-dd86e6fb	552	111935	data/ai-evaluation/runs/jeonju-cone-20260919/NaVi-collect-20260919-024719-670-dd86e6fb/552.argb	480	640
NaVi-collect-20260919-024719-670-dd86e6fb	554	112337	data/ai-evaluation/runs/jeonju-cone-20260919/NaVi-collect-20260919-024719-670-dd86e6fb/554.argb	480	640
NaVi-collect-20260919-024719-670-dd86e6fb	555	112535	data/ai-evaluation/runs/jeonju-cone-20260919/NaVi-collect-20260919-024719-670-dd86e6fb/555.argb	480	640
NaVi-collect-20260919-024719-670-dd86e6fb	556	112746	data/ai-evaluation/runs/jeonju-cone-20260919/NaVi-collect-20260919-024719-670-dd86e6fb/556.argb	480	640
NaVi-collect-20260919-024719-670-dd86e6fb	557	112940	data/ai-evaluation/runs/jeonju-cone-20260919/NaVi-collect-20260919-024719-670-dd86e6fb/557.argb	480	640
NaVi-collect-20260919-024719-670-dd86e6fb	559	113348	data/ai-evaluation/runs/jeonju-cone-20260919/NaVi-collect-20260919-024719-670-dd86e6fb/559.argb	480	640
NaVi-collect-20260919-024719-670-dd86e6fb	560	113545	data/ai-evaluation/runs/jeonju-cone-20260919/NaVi-collect-20260919-024719-670-dd86e6fb/560.argb	480	640
NaVi-collect-20260919-024719-670-dd86e6fb	561	113752	data/ai-evaluation/runs/jeonju-cone-20260919/NaVi-collect-20260919-024719-670-dd86e6fb/561.argb	480	640
NaVi-collect-20260919-024719-670-dd86e6fb	563	114165	data/ai-evaluation/runs/jeonju-cone-20260919/NaVi-collect-20260919-024719-670-dd86e6fb/563.argb	480	640
NaVi-collect-20260919-024719-670-dd86e6fb	564	114339	data/ai-evaluation/runs/jeonju-cone-20260919/NaVi-collect-20260919-024719-670-dd86e6fb/564.argb	480	640
NaVi-collect-20260919-024719-670-dd86e6fb	565	114571	data/ai-evaluation/runs/jeonju-cone-20260919/NaVi-collect-20260919-024719-670-dd86e6fb/565.argb	480	640
NaVi-collect-20260919-024719-670-dd86e6fb	567	114941	data/ai-evaluation/runs/jeonju-cone-20260919/NaVi-collect-20260919-024719-670-dd86e6fb/567.argb	480	640
NaVi-collect-20260919-024719-670-dd86e6fb	568	115137	data/ai-evaluation/runs/jeonju-cone-20260919/NaVi-collect-20260919-024719-670-dd86e6fb/568.argb	480	640
NaVi-collect-20260919-024719-670-dd86e6fb	569	115340	data/ai-evaluation/runs/jeonju-cone-20260919/NaVi-collect-20260919-024719-670-dd86e6fb/569.argb	480	640
NaVi-collect-20260919-024719-670-dd86e6fb	571	115739	data/ai-evaluation/runs/jeonju-cone-20260919/NaVi-collect-20260919-024719-670-dd86e6fb/571.argb	480	640
NaVi-collect-20260919-024719-670-dd86e6fb	572	115943	data/ai-evaluation/runs/jeonju-cone-20260919/NaVi-collect-20260919-024719-670-dd86e6fb/572.argb	480	640
NaVi-collect-20260919-024719-670-dd86e6fb	573	116149	data/ai-evaluation/runs/jeonju-cone-20260919/NaVi-collect-20260919-024719-670-dd86e6fb/573.argb	480	640
NaVi-collect-20260919-024719-670-dd86e6fb	574	116344	data/ai-evaluation/runs/jeonju-cone-20260919/NaVi-collect-20260919-024719-670-dd86e6fb/574.argb	480	640
NaVi-collect-20260919-024719-670-dd86e6fb	575	116539	data/ai-evaluation/runs/jeonju-cone-20260919/NaVi-collect-20260919-024719-670-dd86e6fb/575.argb	480	640
NaVi-collect-20260919-024719-670-dd86e6fb	577	116961	data/ai-evaluation/runs/jeonju-cone-20260919/NaVi-collect-20260919-024719-670-dd86e6fb/577.argb	480	640
NaVi-collect-20260919-024719-670-dd86e6fb	578	117176	data/ai-evaluation/runs/jeonju-cone-20260919/NaVi-collect-20260919-024719-670-dd86e6fb/578.argb	480	640
NaVi-collect-20260919-024719-670-dd86e6fb	579	117360	data/ai-evaluation/runs/jeonju-cone-20260919/NaVi-collect-20260919-024719-670-dd86e6fb/579.argb	480	640
NaVi-collect-20260919-024719-670-dd86e6fb	580	117564	data/ai-evaluation/runs/jeonju-cone-20260919/NaVi-collect-20260919-024719-670-dd86e6fb/580.argb	480	640
NaVi-collect-20260919-024719-670-dd86e6fb	581	117760	data/ai-evaluation/runs/jeonju-cone-20260919/NaVi-collect-20260919-024719-670-dd86e6fb/581.argb	480	640
NaVi-collect-20260919-024719-670-dd86e6fb	582	117962	data/ai-evaluation/runs/jeonju-cone-20260919/NaVi-collect-20260919-024719-670-dd86e6fb/582.argb	480	640
NaVi-collect-20260919-024719-670-dd86e6fb	584	118362	data/ai-evaluation/runs/jeonju-cone-20260919/NaVi-collect-20260919-024719-670-dd86e6fb/584.argb	480	640
NaVi-collect-20260919-024719-670-dd86e6fb	585	118569	data/ai-evaluation/runs/jeonju-cone-20260919/NaVi-collect-20260919-024719-670-dd86e6fb/585.argb	480	640
NaVi-collect-20260919-024719-670-dd86e6fb	586	118756	data/ai-evaluation/runs/jeonju-cone-20260919/NaVi-collect-20260919-024719-670-dd86e6fb/586.argb	480	640
NaVi-collect-20260919-024719-670-dd86e6fb	587	118989	data/ai-evaluation/runs/jeonju-cone-20260919/NaVi-collect-20260919-024719-670-dd86e6fb/587.argb	480	640
NaVi-collect-20260919-024719-670-dd86e6fb	589	119403	data/ai-evaluation/runs/jeonju-cone-20260919/NaVi-collect-20260919-024719-670-dd86e6fb/589.argb	480	640
NaVi-collect-20260919-024719-670-dd86e6fb	590	119577	data/ai-evaluation/runs/jeonju-cone-20260919/NaVi-collect-20260919-024719-670-dd86e6fb/590.argb	480	640
NaVi-collect-20260919-024719-670-dd86e6fb	591	119785	data/ai-evaluation/runs/jeonju-cone-20260919/NaVi-collect-20260919-024719-670-dd86e6fb/591.argb	480	640
NaVi-collect-20260919-024719-670-dd86e6fb	592	120034	data/ai-evaluation/runs/jeonju-cone-20260919/NaVi-collect-20260919-024719-670-dd86e6fb/592.argb	480	640
NaVi-collect-20260919-024719-670-dd86e6fb	594	120480	data/ai-evaluation/runs/jeonju-cone-20260919/NaVi-collect-20260919-024719-670-dd86e6fb/594.argb	480	640
NaVi-collect-20260919-024719-670-dd86e6fb	595	120710	data/ai-evaluation/runs/jeonju-cone-20260919/NaVi-collect-20260919-024719-670-dd86e6fb/595.argb	480	640
NaVi-collect-20260919-024719-670-dd86e6fb	597	121112	data/ai-evaluation/runs/jeonju-cone-20260919/NaVi-collect-20260919-024719-670-dd86e6fb/597.argb	480	640
NaVi-collect-20260919-024719-670-dd86e6fb	598	121363	data/ai-evaluation/runs/jeonju-cone-20260919/NaVi-collect-20260919-024719-670-dd86e6fb/598.argb	480	640
NaVi-collect-20260919-024719-670-dd86e6fb	599	121594	data/ai-evaluation/runs/jeonju-cone-20260919/NaVi-collect-20260919-024719-670-dd86e6fb/599.argb	480	640
NaVi-collect-20260919-024719-670-dd86e6fb	600	121808	data/ai-evaluation/runs/jeonju-cone-20260919/NaVi-collect-20260919-024719-670-dd86e6fb/600.argb	480	640
NaVi-collect-20260919-024719-670-dd86e6fb	602	122219	data/ai-evaluation/runs/jeonju-cone-20260919/NaVi-collect-20260919-024719-670-dd86e6fb/602.argb	480	640
NaVi-collect-20260919-024719-670-dd86e6fb	603	122422	data/ai-evaluation/runs/jeonju-cone-20260919/NaVi-collect-20260919-024719-670-dd86e6fb/603.argb	480	640
NaVi-collect-20260919-024719-670-dd86e6fb	604	122663	data/ai-evaluation/runs/jeonju-cone-20260919/NaVi-collect-20260919-024719-670-dd86e6fb/604.argb	480	640
NaVi-collect-20260919-024719-670-dd86e6fb	606	123055	data/ai-evaluation/runs/jeonju-cone-20260919/NaVi-collect-20260919-024719-670-dd86e6fb/606.argb	480	640
NaVi-collect-20260919-024719-670-dd86e6fb	607	123300	data/ai-evaluation/runs/jeonju-cone-20260919/NaVi-collect-20260919-024719-670-dd86e6fb/607.argb	480	640
NaVi-collect-20260919-024719-670-dd86e6fb	608	123557	data/ai-evaluation/runs/jeonju-cone-20260919/NaVi-collect-20260919-024719-670-dd86e6fb/608.argb	480	640
NaVi-collect-20260919-024719-670-dd86e6fb	610	123962	data/ai-evaluation/runs/jeonju-cone-20260919/NaVi-collect-20260919-024719-670-dd86e6fb/610.argb	480	640
NaVi-collect-20260919-024719-670-dd86e6fb	611	124148	data/ai-evaluation/runs/jeonju-cone-20260919/NaVi-collect-20260919-024719-670-dd86e6fb/611.argb	480	640
NaVi-collect-20260919-024719-670-dd86e6fb	612	124382	data/ai-evaluation/runs/jeonju-cone-20260919/NaVi-collect-20260919-024719-670-dd86e6fb/612.argb	480	640
NaVi-collect-20260919-024719-670-dd86e6fb	614	124832	data/ai-evaluation/runs/jeonju-cone-20260919/NaVi-collect-20260919-024719-670-dd86e6fb/614.argb	480	640
NaVi-collect-20260919-024719-670-dd86e6fb	615	125012	data/ai-evaluation/runs/jeonju-cone-20260919/NaVi-collect-20260919-024719-670-dd86e6fb/615.argb	480	640
NaVi-collect-20260919-024719-670-dd86e6fb	616	125259	data/ai-evaluation/runs/jeonju-cone-20260919/NaVi-collect-20260919-024719-670-dd86e6fb/616.argb	480	640
NaVi-collect-20260919-024719-670-dd86e6fb	617	125529	data/ai-evaluation/runs/jeonju-cone-20260919/NaVi-collect-20260919-024719-670-dd86e6fb/617.argb	480	640
NaVi-collect-20260919-024719-670-dd86e6fb	618	125715	data/ai-evaluation/runs/jeonju-cone-20260919/NaVi-collect-20260919-024719-670-dd86e6fb/618.argb	480	640
NaVi-collect-20260919-024719-670-dd86e6fb	620	126159	data/ai-evaluation/runs/jeonju-cone-20260919/NaVi-collect-20260919-024719-670-dd86e6fb/620.argb	480	640
NaVi-collect-20260919-024719-670-dd86e6fb	621	126360	data/ai-evaluation/runs/jeonju-cone-20260919/NaVi-collect-20260919-024719-670-dd86e6fb/621.argb	480	640
NaVi-collect-20260919-024719-670-dd86e6fb	622	126595	data/ai-evaluation/runs/jeonju-cone-20260919/NaVi-collect-20260919-024719-670-dd86e6fb/622.argb	480	640
NaVi-collect-20260919-024719-670-dd86e6fb	623	126822	data/ai-evaluation/runs/jeonju-cone-20260919/NaVi-collect-20260919-024719-670-dd86e6fb/623.argb	480	640
NaVi-collect-20260919-024719-670-dd86e6fb	625	127225	data/ai-evaluation/runs/jeonju-cone-20260919/NaVi-collect-20260919-024719-670-dd86e6fb/625.argb	480	640
NaVi-collect-20260919-024719-670-dd86e6fb	626	127451	data/ai-evaluation/runs/jeonju-cone-20260919/NaVi-collect-20260919-024719-670-dd86e6fb/626.argb	480	640
NaVi-collect-20260919-024719-670-dd86e6fb	627	127661	data/ai-evaluation/runs/jeonju-cone-20260919/NaVi-collect-20260919-024719-670-dd86e6fb/627.argb	480	640
NaVi-collect-20260919-024719-670-dd86e6fb	628	127891	data/ai-evaluation/runs/jeonju-cone-20260919/NaVi-collect-20260919-024719-670-dd86e6fb/628.argb	480	640
NaVi-collect-20260919-024719-670-dd86e6fb	630	128296	data/ai-evaluation/runs/jeonju-cone-20260919/NaVi-collect-20260919-024719-670-dd86e6fb/630.argb	480	640
NaVi-collect-20260919-024719-670-dd86e6fb	631	128486	data/ai-evaluation/runs/jeonju-cone-20260919/NaVi-collect-20260919-024719-670-dd86e6fb/631.argb	480	640
NaVi-collect-20260919-024719-670-dd86e6fb	632	128711	data/ai-evaluation/runs/jeonju-cone-20260919/NaVi-collect-20260919-024719-670-dd86e6fb/632.argb	480	640
NaVi-collect-20260919-024719-670-dd86e6fb	634	129105	data/ai-evaluation/runs/jeonju-cone-20260919/NaVi-collect-20260919-024719-670-dd86e6fb/634.argb	480	640
NaVi-collect-20260919-024719-670-dd86e6fb	635	129323	data/ai-evaluation/runs/jeonju-cone-20260919/NaVi-collect-20260919-024719-670-dd86e6fb/635.argb	480	640
NaVi-collect-20260919-024719-670-dd86e6fb	637	129718	data/ai-evaluation/runs/jeonju-cone-20260919/NaVi-collect-20260919-024719-670-dd86e6fb/637.argb	480	640
NaVi-collect-20260919-024719-670-dd86e6fb	638	129912	data/ai-evaluation/runs/jeonju-cone-20260919/NaVi-collect-20260919-024719-670-dd86e6fb/638.argb	480	640
NaVi-collect-20260919-024719-670-dd86e6fb	639	130099	data/ai-evaluation/runs/jeonju-cone-20260919/NaVi-collect-20260919-024719-670-dd86e6fb/639.argb	480	640
NaVi-collect-20260919-024719-670-dd86e6fb	641	130513	data/ai-evaluation/runs/jeonju-cone-20260919/NaVi-collect-20260919-024719-670-dd86e6fb/641.argb	480	640
NaVi-collect-20260919-024719-670-dd86e6fb	642	130706	data/ai-evaluation/runs/jeonju-cone-20260919/NaVi-collect-20260919-024719-670-dd86e6fb/642.argb	480	640
NaVi-collect-20260919-024719-670-dd86e6fb	644	131106	data/ai-evaluation/runs/jeonju-cone-20260919/NaVi-collect-20260919-024719-670-dd86e6fb/644.argb	480	640
NaVi-collect-20260919-024719-670-dd86e6fb	645	131289	data/ai-evaluation/runs/jeonju-cone-20260919/NaVi-collect-20260919-024719-670-dd86e6fb/645.argb	480	640
NaVi-collect-20260919-024719-670-dd86e6fb	647	131698	data/ai-evaluation/runs/jeonju-cone-20260919/NaVi-collect-20260919-024719-670-dd86e6fb/647.argb	480	640
NaVi-collect-20260919-024719-670-dd86e6fb	648	131905	data/ai-evaluation/runs/jeonju-cone-20260919/NaVi-collect-20260919-024719-670-dd86e6fb/648.argb	480	640
NaVi-collect-20260919-024719-670-dd86e6fb	649	132112	data/ai-evaluation/runs/jeonju-cone-20260919/NaVi-collect-20260919-024719-670-dd86e6fb/649.argb	480	640
NaVi-collect-20260919-024719-670-dd86e6fb	651	132518	data/ai-evaluation/runs/jeonju-cone-20260919/NaVi-collect-20260919-024719-670-dd86e6fb/651.argb	480	640
NaVi-collect-20260919-024719-670-dd86e6fb	652	132714	data/ai-evaluation/runs/jeonju-cone-20260919/NaVi-collect-20260919-024719-670-dd86e6fb/652.argb	480	640
NaVi-collect-20260919-024719-670-dd86e6fb	653	132912	data/ai-evaluation/runs/jeonju-cone-20260919/NaVi-collect-20260919-024719-670-dd86e6fb/653.argb	480	640
NaVi-collect-20260919-024719-670-dd86e6fb	655	133320	data/ai-evaluation/runs/jeonju-cone-20260919/NaVi-collect-20260919-024719-670-dd86e6fb/655.argb	480	640
NaVi-collect-20260919-024719-670-dd86e6fb	656	133507	data/ai-evaluation/runs/jeonju-cone-20260919/NaVi-collect-20260919-024719-670-dd86e6fb/656.argb	480	640
NaVi-collect-20260919-024719-670-dd86e6fb	657	133710	data/ai-evaluation/runs/jeonju-cone-20260919/NaVi-collect-20260919-024719-670-dd86e6fb/657.argb	480	640
NaVi-collect-20260919-024719-670-dd86e6fb	659	134110	data/ai-evaluation/runs/jeonju-cone-20260919/NaVi-collect-20260919-024719-670-dd86e6fb/659.argb	480	640
NaVi-collect-20260919-024719-670-dd86e6fb	660	134336	data/ai-evaluation/runs/jeonju-cone-20260919/NaVi-collect-20260919-024719-670-dd86e6fb/660.argb	480	640
NaVi-collect-20260919-024719-670-dd86e6fb	662	134724	data/ai-evaluation/runs/jeonju-cone-20260919/NaVi-collect-20260919-024719-670-dd86e6fb/662.argb	480	640
NaVi-collect-20260919-024719-670-dd86e6fb	663	134937	data/ai-evaluation/runs/jeonju-cone-20260919/NaVi-collect-20260919-024719-670-dd86e6fb/663.argb	480	640
NaVi-collect-20260919-024719-670-dd86e6fb	665	135347	data/ai-evaluation/runs/jeonju-cone-20260919/NaVi-collect-20260919-024719-670-dd86e6fb/665.argb	480	640
NaVi-collect-20260919-024719-670-dd86e6fb	666	135542	data/ai-evaluation/runs/jeonju-cone-20260919/NaVi-collect-20260919-024719-670-dd86e6fb/666.argb	480	640
NaVi-collect-20260919-024719-670-dd86e6fb	667	135753	data/ai-evaluation/runs/jeonju-cone-20260919/NaVi-collect-20260919-024719-670-dd86e6fb/667.argb	480	640
NaVi-collect-20260919-024719-670-dd86e6fb	668	135979	data/ai-evaluation/runs/jeonju-cone-20260919/NaVi-collect-20260919-024719-670-dd86e6fb/668.argb	480	640
NaVi-collect-20260919-024719-670-dd86e6fb	669	136208	data/ai-evaluation/runs/jeonju-cone-20260919/NaVi-collect-20260919-024719-670-dd86e6fb/669.argb	480	640
NaVi-collect-20260919-024719-670-dd86e6fb	671	136613	data/ai-evaluation/runs/jeonju-cone-20260919/NaVi-collect-20260919-024719-670-dd86e6fb/671.argb	480	640
NaVi-collect-20260919-024719-670-dd86e6fb	672	136835	data/ai-evaluation/runs/jeonju-cone-20260919/NaVi-collect-20260919-024719-670-dd86e6fb/672.argb	480	640
NaVi-collect-20260919-024719-670-dd86e6fb	674	137247	data/ai-evaluation/runs/jeonju-cone-20260919/NaVi-collect-20260919-024719-670-dd86e6fb/674.argb	480	640
NaVi-collect-20260919-024719-670-dd86e6fb	675	137425	data/ai-evaluation/runs/jeonju-cone-20260919/NaVi-collect-20260919-024719-670-dd86e6fb/675.argb	480	640
NaVi-collect-20260919-024719-670-dd86e6fb	676	137623	data/ai-evaluation/runs/jeonju-cone-20260919/NaVi-collect-20260919-024719-670-dd86e6fb/676.argb	480	640
NaVi-collect-20260919-024719-670-dd86e6fb	678	138047	data/ai-evaluation/runs/jeonju-cone-20260919/NaVi-collect-20260919-024719-670-dd86e6fb/678.argb	480	640
NaVi-collect-20260919-024719-670-dd86e6fb	679	138262	data/ai-evaluation/runs/jeonju-cone-20260919/NaVi-collect-20260919-024719-670-dd86e6fb/679.argb	480	640
NaVi-collect-20260919-024719-670-dd86e6fb	680	138451	data/ai-evaluation/runs/jeonju-cone-20260919/NaVi-collect-20260919-024719-670-dd86e6fb/680.argb	480	640
NaVi-collect-20260919-024719-670-dd86e6fb	681	138682	data/ai-evaluation/runs/jeonju-cone-20260919/NaVi-collect-20260919-024719-670-dd86e6fb/681.argb	480	640
NaVi-collect-20260919-024719-670-dd86e6fb	683	139081	data/ai-evaluation/runs/jeonju-cone-20260919/NaVi-collect-20260919-024719-670-dd86e6fb/683.argb	480	640
NaVi-collect-20260919-024719-670-dd86e6fb	684	139291	data/ai-evaluation/runs/jeonju-cone-20260919/NaVi-collect-20260919-024719-670-dd86e6fb/684.argb	480	640
NaVi-collect-20260919-024719-670-dd86e6fb	685	139489	data/ai-evaluation/runs/jeonju-cone-20260919/NaVi-collect-20260919-024719-670-dd86e6fb/685.argb	480	640
NaVi-collect-20260919-024719-670-dd86e6fb	686	139723	data/ai-evaluation/runs/jeonju-cone-20260919/NaVi-collect-20260919-024719-670-dd86e6fb/686.argb	480	640
NaVi-collect-20260919-024719-670-dd86e6fb	688	140179	data/ai-evaluation/runs/jeonju-cone-20260919/NaVi-collect-20260919-024719-670-dd86e6fb/688.argb	480	640
NaVi-collect-20260919-024719-670-dd86e6fb	689	140380	data/ai-evaluation/runs/jeonju-cone-20260919/NaVi-collect-20260919-024719-670-dd86e6fb/689.argb	480	640
NaVi-collect-20260919-024719-670-dd86e6fb	690	140613	data/ai-evaluation/runs/jeonju-cone-20260919/NaVi-collect-20260919-024719-670-dd86e6fb/690.argb	480	640
NaVi-collect-20260919-024719-670-dd86e6fb	691	140846	data/ai-evaluation/runs/jeonju-cone-20260919/NaVi-collect-20260919-024719-670-dd86e6fb/691.argb	480	640
NaVi-collect-20260919-024719-670-dd86e6fb	693	141289	data/ai-evaluation/runs/jeonju-cone-20260919/NaVi-collect-20260919-024719-670-dd86e6fb/693.argb	480	640
NaVi-collect-20260919-024719-670-dd86e6fb	694	141481	data/ai-evaluation/runs/jeonju-cone-20260919/NaVi-collect-20260919-024719-670-dd86e6fb/694.argb	480	640
NaVi-collect-20260919-024719-670-dd86e6fb	696	141927	data/ai-evaluation/runs/jeonju-cone-20260919/NaVi-collect-20260919-024719-670-dd86e6fb/696.argb	480	640
NaVi-collect-20260919-024719-670-dd86e6fb	697	142122	data/ai-evaluation/runs/jeonju-cone-20260919/NaVi-collect-20260919-024719-670-dd86e6fb/697.argb	480	640
NaVi-collect-20260919-024719-670-dd86e6fb	699	142585	data/ai-evaluation/runs/jeonju-cone-20260919/NaVi-collect-20260919-024719-670-dd86e6fb/699.argb	480	640
NaVi-collect-20260919-024719-670-dd86e6fb	700	142854	data/ai-evaluation/runs/jeonju-cone-20260919/NaVi-collect-20260919-024719-670-dd86e6fb/700.argb	480	640
NaVi-collect-20260919-024719-670-dd86e6fb	701	143010	data/ai-evaluation/runs/jeonju-cone-20260919/NaVi-collect-20260919-024719-670-dd86e6fb/701.argb	480	640
NaVi-collect-20260919-024719-670-dd86e6fb	702	143256	data/ai-evaluation/runs/jeonju-cone-20260919/NaVi-collect-20260919-024719-670-dd86e6fb/702.argb	480	640
NaVi-collect-20260919-024719-670-dd86e6fb	703	143476	data/ai-evaluation/runs/jeonju-cone-20260919/NaVi-collect-20260919-024719-670-dd86e6fb/703.argb	480	640
NaVi-collect-20260919-024719-670-dd86e6fb	705	143951	data/ai-evaluation/runs/jeonju-cone-20260919/NaVi-collect-20260919-024719-670-dd86e6fb/705.argb	480	640
NaVi-collect-20260919-024719-670-dd86e6fb	706	144157	data/ai-evaluation/runs/jeonju-cone-20260919/NaVi-collect-20260919-024719-670-dd86e6fb/706.argb	480	640
NaVi-collect-20260919-024719-670-dd86e6fb	707	144344	data/ai-evaluation/runs/jeonju-cone-20260919/NaVi-collect-20260919-024719-670-dd86e6fb/707.argb	480	640
NaVi-collect-20260919-024719-670-dd86e6fb	709	144752	data/ai-evaluation/runs/jeonju-cone-20260919/NaVi-collect-20260919-024719-670-dd86e6fb/709.argb	480	640
NaVi-collect-20260919-024719-670-dd86e6fb	710	144981	data/ai-evaluation/runs/jeonju-cone-20260919/NaVi-collect-20260919-024719-670-dd86e6fb/710.argb	480	640
NaVi-collect-20260919-024719-670-dd86e6fb	711	145222	data/ai-evaluation/runs/jeonju-cone-20260919/NaVi-collect-20260919-024719-670-dd86e6fb/711.argb	480	640
NaVi-collect-20260919-024719-670-dd86e6fb	712	145455	data/ai-evaluation/runs/jeonju-cone-20260919/NaVi-collect-20260919-024719-670-dd86e6fb/712.argb	480	640
NaVi-collect-20260919-024719-670-dd86e6fb	714	145880	data/ai-evaluation/runs/jeonju-cone-20260919/NaVi-collect-20260919-024719-670-dd86e6fb/714.argb	480	640
NaVi-collect-20260919-024719-670-dd86e6fb	715	146079	data/ai-evaluation/runs/jeonju-cone-20260919/NaVi-collect-20260919-024719-670-dd86e6fb/715.argb	480	640
NaVi-collect-20260919-024719-670-dd86e6fb	716	146317	data/ai-evaluation/runs/jeonju-cone-20260919/NaVi-collect-20260919-024719-670-dd86e6fb/716.argb	480	640
NaVi-collect-20260919-024719-670-dd86e6fb	717	146480	data/ai-evaluation/runs/jeonju-cone-20260919/NaVi-collect-20260919-024719-670-dd86e6fb/717.argb	480	640
NaVi-collect-20260919-024719-670-dd86e6fb	719	147007	data/ai-evaluation/runs/jeonju-cone-20260919/NaVi-collect-20260919-024719-670-dd86e6fb/719.argb	480	640
NaVi-collect-20260919-024719-670-dd86e6fb	720	147241	data/ai-evaluation/runs/jeonju-cone-20260919/NaVi-collect-20260919-024719-670-dd86e6fb/720.argb	480	640
NaVi-collect-20260919-024719-670-dd86e6fb	722	147627	data/ai-evaluation/runs/jeonju-cone-20260919/NaVi-collect-20260919-024719-670-dd86e6fb/722.argb	480	640
NaVi-collect-20260919-024719-670-dd86e6fb	723	147841	data/ai-evaluation/runs/jeonju-cone-20260919/NaVi-collect-20260919-024719-670-dd86e6fb/723.argb	480	640
NaVi-collect-20260919-024719-670-dd86e6fb	724	148080	data/ai-evaluation/runs/jeonju-cone-20260919/NaVi-collect-20260919-024719-670-dd86e6fb/724.argb	480	640
NaVi-collect-20260919-024719-670-dd86e6fb	726	148479	data/ai-evaluation/runs/jeonju-cone-20260919/NaVi-collect-20260919-024719-670-dd86e6fb/726.argb	480	640
NaVi-collect-20260919-024719-670-dd86e6fb	727	148681	data/ai-evaluation/runs/jeonju-cone-20260919/NaVi-collect-20260919-024719-670-dd86e6fb/727.argb	480	640
NaVi-collect-20260919-024719-670-dd86e6fb	729	149124	data/ai-evaluation/runs/jeonju-cone-20260919/NaVi-collect-20260919-024719-670-dd86e6fb/729.argb	480	640
NaVi-collect-20260919-024719-670-dd86e6fb	730	149348	data/ai-evaluation/runs/jeonju-cone-20260919/NaVi-collect-20260919-024719-670-dd86e6fb/730.argb	480	640
NaVi-collect-20260919-024719-670-dd86e6fb	731	149566	data/ai-evaluation/runs/jeonju-cone-20260919/NaVi-collect-20260919-024719-670-dd86e6fb/731.argb	480	640
NaVi-collect-20260919-024719-670-dd86e6fb	733	149973	data/ai-evaluation/runs/jeonju-cone-20260919/NaVi-collect-20260919-024719-670-dd86e6fb/733.argb	480	640
NaVi-collect-20260919-024719-670-dd86e6fb	734	150231	data/ai-evaluation/runs/jeonju-cone-20260919/NaVi-collect-20260919-024719-670-dd86e6fb/734.argb	480	640
NaVi-collect-20260919-024719-670-dd86e6fb	735	150436	data/ai-evaluation/runs/jeonju-cone-20260919/NaVi-collect-20260919-024719-670-dd86e6fb/735.argb	480	640
NaVi-collect-20260919-024719-670-dd86e6fb	736	150661	data/ai-evaluation/runs/jeonju-cone-20260919/NaVi-collect-20260919-024719-670-dd86e6fb/736.argb	480	640
NaVi-collect-20260919-024719-670-dd86e6fb	737	150855	data/ai-evaluation/runs/jeonju-cone-20260919/NaVi-collect-20260919-024719-670-dd86e6fb/737.argb	480	640
NaVi-collect-20260919-024719-670-dd86e6fb	739	151324	data/ai-evaluation/runs/jeonju-cone-20260919/NaVi-collect-20260919-024719-670-dd86e6fb/739.argb	480	640
NaVi-collect-20260919-024719-670-dd86e6fb	740	151533	data/ai-evaluation/runs/jeonju-cone-20260919/NaVi-collect-20260919-024719-670-dd86e6fb/740.argb	480	640
NaVi-collect-20260919-024719-670-dd86e6fb	741	151753	data/ai-evaluation/runs/jeonju-cone-20260919/NaVi-collect-20260919-024719-670-dd86e6fb/741.argb	480	640
NaVi-collect-20260919-024719-670-dd86e6fb	743	152180	data/ai-evaluation/runs/jeonju-cone-20260919/NaVi-collect-20260919-024719-670-dd86e6fb/743.argb	480	640
NaVi-collect-20260919-024719-670-dd86e6fb	744	152394	data/ai-evaluation/runs/jeonju-cone-20260919/NaVi-collect-20260919-024719-670-dd86e6fb/744.argb	480	640
NaVi-collect-20260919-024719-670-dd86e6fb	745	152586	data/ai-evaluation/runs/jeonju-cone-20260919/NaVi-collect-20260919-024719-670-dd86e6fb/745.argb	480	640
NaVi-collect-20260919-024719-670-dd86e6fb	747	153047	data/ai-evaluation/runs/jeonju-cone-20260919/NaVi-collect-20260919-024719-670-dd86e6fb/747.argb	480	640
NaVi-collect-20260919-024719-670-dd86e6fb	748	153283	data/ai-evaluation/runs/jeonju-cone-20260919/NaVi-collect-20260919-024719-670-dd86e6fb/748.argb	480	640
NaVi-collect-20260919-024719-670-dd86e6fb	749	153518	data/ai-evaluation/runs/jeonju-cone-20260919/NaVi-collect-20260919-024719-670-dd86e6fb/749.argb	480	640
NaVi-collect-20260919-024719-670-dd86e6fb	750	153748	data/ai-evaluation/runs/jeonju-cone-20260919/NaVi-collect-20260919-024719-670-dd86e6fb/750.argb	480	640
NaVi-collect-20260919-024719-670-dd86e6fb	752	154182	data/ai-evaluation/runs/jeonju-cone-20260919/NaVi-collect-20260919-024719-670-dd86e6fb/752.argb	480	640
NaVi-collect-20260919-024719-670-dd86e6fb	753	154428	data/ai-evaluation/runs/jeonju-cone-20260919/NaVi-collect-20260919-024719-670-dd86e6fb/753.argb	480	640
NaVi-collect-20260919-024719-670-dd86e6fb	755	154824	data/ai-evaluation/runs/jeonju-cone-20260919/NaVi-collect-20260919-024719-670-dd86e6fb/755.argb	480	640
NaVi-collect-20260919-024719-670-dd86e6fb	756	155060	data/ai-evaluation/runs/jeonju-cone-20260919/NaVi-collect-20260919-024719-670-dd86e6fb/756.argb	480	640
NaVi-collect-20260919-024719-670-dd86e6fb	757	155281	data/ai-evaluation/runs/jeonju-cone-20260919/NaVi-collect-20260919-024719-670-dd86e6fb/757.argb	480	640
NaVi-collect-20260919-024719-670-dd86e6fb	758	155529	data/ai-evaluation/runs/jeonju-cone-20260919/NaVi-collect-20260919-024719-670-dd86e6fb/758.argb	480	640
NaVi-collect-20260919-024719-670-dd86e6fb	760	155957	data/ai-evaluation/runs/jeonju-cone-20260919/NaVi-collect-20260919-024719-670-dd86e6fb/760.argb	480	640
NaVi-collect-20260919-024719-670-dd86e6fb	761	156180	data/ai-evaluation/runs/jeonju-cone-20260919/NaVi-collect-20260919-024719-670-dd86e6fb/761.argb	480	640
NaVi-collect-20260919-024719-670-dd86e6fb	763	156612	data/ai-evaluation/runs/jeonju-cone-20260919/NaVi-collect-20260919-024719-670-dd86e6fb/763.argb	480	640
NaVi-collect-20260919-024719-670-dd86e6fb	765	157015	data/ai-evaluation/runs/jeonju-cone-20260919/NaVi-collect-20260919-024719-670-dd86e6fb/765.argb	480	640
NaVi-collect-20260919-024719-670-dd86e6fb	766	157230	data/ai-evaluation/runs/jeonju-cone-20260919/NaVi-collect-20260919-024719-670-dd86e6fb/766.argb	480	640
NaVi-collect-20260919-024719-670-dd86e6fb	767	157461	data/ai-evaluation/runs/jeonju-cone-20260919/NaVi-collect-20260919-024719-670-dd86e6fb/767.argb	480	640
NaVi-collect-20260919-024719-670-dd86e6fb	769	157890	data/ai-evaluation/runs/jeonju-cone-20260919/NaVi-collect-20260919-024719-670-dd86e6fb/769.argb	480	640
NaVi-collect-20260919-024719-670-dd86e6fb	770	158095	data/ai-evaluation/runs/jeonju-cone-20260919/NaVi-collect-20260919-024719-670-dd86e6fb/770.argb	480	640
NaVi-collect-20260919-024719-670-dd86e6fb	771	158293	data/ai-evaluation/runs/jeonju-cone-20260919/NaVi-collect-20260919-024719-670-dd86e6fb/771.argb	480	640
NaVi-collect-20260919-024719-670-dd86e6fb	773	158720	data/ai-evaluation/runs/jeonju-cone-20260919/NaVi-collect-20260919-024719-670-dd86e6fb/773.argb	480	640
NaVi-collect-20260919-024719-670-dd86e6fb	774	158917	data/ai-evaluation/runs/jeonju-cone-20260919/NaVi-collect-20260919-024719-670-dd86e6fb/774.argb	480	640
NaVi-collect-20260919-024719-670-dd86e6fb	776	159385	data/ai-evaluation/runs/jeonju-cone-20260919/NaVi-collect-20260919-024719-670-dd86e6fb/776.argb	480	640
NaVi-collect-20260919-024719-670-dd86e6fb	777	159587	data/ai-evaluation/runs/jeonju-cone-20260919/NaVi-collect-20260919-024719-670-dd86e6fb/777.argb	480	640
NaVi-collect-20260919-024719-670-dd86e6fb	779	160071	data/ai-evaluation/runs/jeonju-cone-20260919/NaVi-collect-20260919-024719-670-dd86e6fb/779.argb	480	640
NaVi-collect-20260919-024719-670-dd86e6fb	780	160261	data/ai-evaluation/runs/jeonju-cone-20260919/NaVi-collect-20260919-024719-670-dd86e6fb/780.argb	480	640
NaVi-collect-20260919-024719-670-dd86e6fb	782	160704	data/ai-evaluation/runs/jeonju-cone-20260919/NaVi-collect-20260919-024719-670-dd86e6fb/782.argb	480	640
NaVi-collect-20260919-024719-670-dd86e6fb	783	160935	data/ai-evaluation/runs/jeonju-cone-20260919/NaVi-collect-20260919-024719-670-dd86e6fb/783.argb	480	640
NaVi-collect-20260919-024719-670-dd86e6fb	785	161385	data/ai-evaluation/runs/jeonju-cone-20260919/NaVi-collect-20260919-024719-670-dd86e6fb/785.argb	480	640
NaVi-collect-20260919-024719-670-dd86e6fb	786	161608	data/ai-evaluation/runs/jeonju-cone-20260919/NaVi-collect-20260919-024719-670-dd86e6fb/786.argb	480	640
NaVi-collect-20260919-024719-670-dd86e6fb	788	162015	data/ai-evaluation/runs/jeonju-cone-20260919/NaVi-collect-20260919-024719-670-dd86e6fb/788.argb	480	640
NaVi-collect-20260919-024719-670-dd86e6fb	790	162381	data/ai-evaluation/runs/jeonju-cone-20260919/NaVi-collect-20260919-024719-670-dd86e6fb/790.argb	480	640
NaVi-collect-20260919-024719-670-dd86e6fb	791	162592	data/ai-evaluation/runs/jeonju-cone-20260919/NaVi-collect-20260919-024719-670-dd86e6fb/791.argb	480	640
NaVi-collect-20260919-024719-670-dd86e6fb	792	162820	data/ai-evaluation/runs/jeonju-cone-20260919/NaVi-collect-20260919-024719-670-dd86e6fb/792.argb	480	640
NaVi-collect-20260919-024719-670-dd86e6fb	794	163259	data/ai-evaluation/runs/jeonju-cone-20260919/NaVi-collect-20260919-024719-670-dd86e6fb/794.argb	480	640
NaVi-collect-20260919-024719-670-dd86e6fb	796	163606	data/ai-evaluation/runs/jeonju-cone-20260919/NaVi-collect-20260919-024719-670-dd86e6fb/796.argb	480	640
NaVi-collect-20260919-024719-670-dd86e6fb	797	163875	data/ai-evaluation/runs/jeonju-cone-20260919/NaVi-collect-20260919-024719-670-dd86e6fb/797.argb	480	640
NaVi-collect-20260919-024719-670-dd86e6fb	799	164307	data/ai-evaluation/runs/jeonju-cone-20260919/NaVi-collect-20260919-024719-670-dd86e6fb/799.argb	480	640
NaVi-collect-20260919-024719-670-dd86e6fb	801	164711	data/ai-evaluation/runs/jeonju-cone-20260919/NaVi-collect-20260919-024719-670-dd86e6fb/801.argb	480	640
NaVi-collect-20260919-024719-670-dd86e6fb	802	164926	data/ai-evaluation/runs/jeonju-cone-20260919/NaVi-collect-20260919-024719-670-dd86e6fb/802.argb	480	640
NaVi-collect-20260919-024719-670-dd86e6fb	803	165165	data/ai-evaluation/runs/jeonju-cone-20260919/NaVi-collect-20260919-024719-670-dd86e6fb/803.argb	480	640
NaVi-collect-20260919-024719-670-dd86e6fb	805	165631	data/ai-evaluation/runs/jeonju-cone-20260919/NaVi-collect-20260919-024719-670-dd86e6fb/805.argb	480	640
NaVi-collect-20260919-024719-670-dd86e6fb	806	165831	data/ai-evaluation/runs/jeonju-cone-20260919/NaVi-collect-20260919-024719-670-dd86e6fb/806.argb	480	640
NaVi-collect-20260919-024719-670-dd86e6fb	807	166047	data/ai-evaluation/runs/jeonju-cone-20260919/NaVi-collect-20260919-024719-670-dd86e6fb/807.argb	480	640
NaVi-collect-20260919-024719-670-dd86e6fb	809	166493	data/ai-evaluation/runs/jeonju-cone-20260919/NaVi-collect-20260919-024719-670-dd86e6fb/809.argb	480	640
NaVi-collect-20260919-024719-670-dd86e6fb	810	166720	data/ai-evaluation/runs/jeonju-cone-20260919/NaVi-collect-20260919-024719-670-dd86e6fb/810.argb	480	640
NaVi-collect-20260919-024719-670-dd86e6fb	811	166951	data/ai-evaluation/runs/jeonju-cone-20260919/NaVi-collect-20260919-024719-670-dd86e6fb/811.argb	480	640
NaVi-collect-20260919-024719-670-dd86e6fb	813	167348	data/ai-evaluation/runs/jeonju-cone-20260919/NaVi-collect-20260919-024719-670-dd86e6fb/813.argb	480	640
NaVi-collect-20260919-024719-670-dd86e6fb	814	167549	data/ai-evaluation/runs/jeonju-cone-20260919/NaVi-collect-20260919-024719-670-dd86e6fb/814.argb	480	640
NaVi-collect-20260919-024719-670-dd86e6fb	815	167789	data/ai-evaluation/runs/jeonju-cone-20260919/NaVi-collect-20260919-024719-670-dd86e6fb/815.argb	480	640
NaVi-collect-20260919-024719-670-dd86e6fb	817	168269	data/ai-evaluation/runs/jeonju-cone-20260919/NaVi-collect-20260919-024719-670-dd86e6fb/817.argb	480	640
NaVi-collect-20260919-024719-670-dd86e6fb	818	168494	data/ai-evaluation/runs/jeonju-cone-20260919/NaVi-collect-20260919-024719-670-dd86e6fb/818.argb	480	640
NaVi-collect-20260919-024719-670-dd86e6fb	819	168721	data/ai-evaluation/runs/jeonju-cone-20260919/NaVi-collect-20260919-024719-670-dd86e6fb/819.argb	480	640
NaVi-collect-20260919-024719-670-dd86e6fb	821	169127	data/ai-evaluation/runs/jeonju-cone-20260919/NaVi-collect-20260919-024719-670-dd86e6fb/821.argb	480	640
NaVi-collect-20260919-024719-670-dd86e6fb	822	169332	data/ai-evaluation/runs/jeonju-cone-20260919/NaVi-collect-20260919-024719-670-dd86e6fb/822.argb	480	640
NaVi-collect-20260919-024719-670-dd86e6fb	824	169753	data/ai-evaluation/runs/jeonju-cone-20260919/NaVi-collect-20260919-024719-670-dd86e6fb/824.argb	480	640
NaVi-collect-20260919-024719-670-dd86e6fb	825	169948	data/ai-evaluation/runs/jeonju-cone-20260919/NaVi-collect-20260919-024719-670-dd86e6fb/825.argb	480	640
NaVi-collect-20260919-024719-670-dd86e6fb	826	170120	data/ai-evaluation/runs/jeonju-cone-20260919/NaVi-collect-20260919-024719-670-dd86e6fb/826.argb	480	640
NaVi-collect-20260919-024719-670-dd86e6fb	828	170582	data/ai-evaluation/runs/jeonju-cone-20260919/NaVi-collect-20260919-024719-670-dd86e6fb/828.argb	480	640
NaVi-collect-20260919-024719-670-dd86e6fb	829	170818	data/ai-evaluation/runs/jeonju-cone-20260919/NaVi-collect-20260919-024719-670-dd86e6fb/829.argb	480	640
NaVi-collect-20260919-024719-670-dd86e6fb	830	171056	data/ai-evaluation/runs/jeonju-cone-20260919/NaVi-collect-20260919-024719-670-dd86e6fb/830.argb	480	640
NaVi-collect-20260919-024719-670-dd86e6fb	831	171286	data/ai-evaluation/runs/jeonju-cone-20260919/NaVi-collect-20260919-024719-670-dd86e6fb/831.argb	480	640
NaVi-collect-20260919-024719-670-dd86e6fb	832	171544	data/ai-evaluation/runs/jeonju-cone-20260919/NaVi-collect-20260919-024719-670-dd86e6fb/832.argb	480	640
NaVi-collect-20260919-024719-670-dd86e6fb	834	171958	data/ai-evaluation/runs/jeonju-cone-20260919/NaVi-collect-20260919-024719-670-dd86e6fb/834.argb	480	640
NaVi-collect-20260919-024719-670-dd86e6fb	835	172169	data/ai-evaluation/runs/jeonju-cone-20260919/NaVi-collect-20260919-024719-670-dd86e6fb/835.argb	480	640
NaVi-collect-20260919-024719-670-dd86e6fb	837	172593	data/ai-evaluation/runs/jeonju-cone-20260919/NaVi-collect-20260919-024719-670-dd86e6fb/837.argb	480	640
NaVi-collect-20260919-024719-670-dd86e6fb	838	172820	data/ai-evaluation/runs/jeonju-cone-20260919/NaVi-collect-20260919-024719-670-dd86e6fb/838.argb	480	640
NaVi-collect-20260919-024719-670-dd86e6fb	839	173056	data/ai-evaluation/runs/jeonju-cone-20260919/NaVi-collect-20260919-024719-670-dd86e6fb/839.argb	480	640
NaVi-collect-20260919-024719-670-dd86e6fb	840	173279	data/ai-evaluation/runs/jeonju-cone-20260919/NaVi-collect-20260919-024719-670-dd86e6fb/840.argb	480	640
NaVi-collect-20260919-024719-670-dd86e6fb	842	173731	data/ai-evaluation/runs/jeonju-cone-20260919/NaVi-collect-20260919-024719-670-dd86e6fb/842.argb	480	640
NaVi-collect-20260919-024719-670-dd86e6fb	843	173935	data/ai-evaluation/runs/jeonju-cone-20260919/NaVi-collect-20260919-024719-670-dd86e6fb/843.argb	480	640
NaVi-collect-20260919-024719-670-dd86e6fb	845	174332	data/ai-evaluation/runs/jeonju-cone-20260919/NaVi-collect-20260919-024719-670-dd86e6fb/845.argb	480	640
NaVi-collect-20260919-024719-670-dd86e6fb	846	174544	data/ai-evaluation/runs/jeonju-cone-20260919/NaVi-collect-20260919-024719-670-dd86e6fb/846.argb	480	640
NaVi-collect-20260919-024719-670-dd86e6fb	847	174763	data/ai-evaluation/runs/jeonju-cone-20260919/NaVi-collect-20260919-024719-670-dd86e6fb/847.argb	480	640
NaVi-collect-20260919-024719-670-dd86e6fb	849	175253	data/ai-evaluation/runs/jeonju-cone-20260919/NaVi-collect-20260919-024719-670-dd86e6fb/849.argb	480	640
NaVi-collect-20260919-024719-670-dd86e6fb	850	175465	data/ai-evaluation/runs/jeonju-cone-20260919/NaVi-collect-20260919-024719-670-dd86e6fb/850.argb	480	640
NaVi-collect-20260919-024719-670-dd86e6fb	851	175678	data/ai-evaluation/runs/jeonju-cone-20260919/NaVi-collect-20260919-024719-670-dd86e6fb/851.argb	480	640
NaVi-collect-20260919-024719-670-dd86e6fb	853	176170	data/ai-evaluation/runs/jeonju-cone-20260919/NaVi-collect-20260919-024719-670-dd86e6fb/853.argb	480	640
NaVi-collect-20260919-024719-670-dd86e6fb	854	176388	data/ai-evaluation/runs/jeonju-cone-20260919/NaVi-collect-20260919-024719-670-dd86e6fb/854.argb	480	640
NaVi-collect-20260919-024719-670-dd86e6fb	855	176623	data/ai-evaluation/runs/jeonju-cone-20260919/NaVi-collect-20260919-024719-670-dd86e6fb/855.argb	480	640
NaVi-collect-20260919-024719-670-dd86e6fb	857	177161	data/ai-evaluation/runs/jeonju-cone-20260919/NaVi-collect-20260919-024719-670-dd86e6fb/857.argb	480	640
NaVi-collect-20260919-024719-670-dd86e6fb	859	177558	data/ai-evaluation/runs/jeonju-cone-20260919/NaVi-collect-20260919-024719-670-dd86e6fb/859.argb	480	640
NaVi-collect-20260919-024719-670-dd86e6fb	860	177746	data/ai-evaluation/runs/jeonju-cone-20260919/NaVi-collect-20260919-024719-670-dd86e6fb/860.argb	480	640
NaVi-collect-20260919-024719-670-dd86e6fb	862	178151	data/ai-evaluation/runs/jeonju-cone-20260919/NaVi-collect-20260919-024719-670-dd86e6fb/862.argb	480	640
NaVi-collect-20260919-024719-670-dd86e6fb	864	178575	data/ai-evaluation/runs/jeonju-cone-20260919/NaVi-collect-20260919-024719-670-dd86e6fb/864.argb	480	640
NaVi-collect-20260919-024719-670-dd86e6fb	865	178773	data/ai-evaluation/runs/jeonju-cone-20260919/NaVi-collect-20260919-024719-670-dd86e6fb/865.argb	480	640
NaVi-collect-20260919-024719-670-dd86e6fb	867	179162	data/ai-evaluation/runs/jeonju-cone-20260919/NaVi-collect-20260919-024719-670-dd86e6fb/867.argb	480	640
NaVi-collect-20260919-024719-670-dd86e6fb	868	179376	data/ai-evaluation/runs/jeonju-cone-20260919/NaVi-collect-20260919-024719-670-dd86e6fb/868.argb	480	640
NaVi-collect-20260919-024719-670-dd86e6fb	870	179773	data/ai-evaluation/runs/jeonju-cone-20260919/NaVi-collect-20260919-024719-670-dd86e6fb/870.argb	480	640
NaVi-collect-20260919-024719-670-dd86e6fb	871	179995	data/ai-evaluation/runs/jeonju-cone-20260919/NaVi-collect-20260919-024719-670-dd86e6fb/871.argb	480	640
