run	frame_id	elapsed_ms	cones	observations	reason	alignment_provenance
NaVi-collect-20260919-022341-193-a2b8792d	2	95	1	0	alignment_unavailable	assumed_first_frame_not_map_validation
NaVi-collect-20260919-022341-193-a2b8792d	3	329	1	0	alignment_unavailable	assumed_first_frame_not_map_validation
NaVi-collect-20260919-022341-193-a2b8792d	4	496	1	0	alignment_unavailable	assumed_first_frame_not_map_validation
NaVi-collect-20260919-022341-193-a2b8792d	5	694	1	0	alignment_unavailable	assumed_first_frame_not_map_validation
NaVi-collect-20260919-022341-193-a2b8792d	6	952	1	0	insufficient_depth_samples	assumed_first_frame_not_map_validation
NaVi-collect-20260919-022341-193-a2b8792d	7	1176	1	0	insufficient_depth_samples	assumed_first_frame_not_map_validation
NaVi-collect-20260919-022341-193-a2b8792d	8	1408	1	0	insufficient_depth_samples	assumed_first_frame_not_map_validation
NaVi-collect-20260919-022341-193-a2b8792d	10	1759	1	0	insufficient_depth_samples	assumed_first_frame_not_map_validation
NaVi-collect-20260919-022341-193-a2b8792d	11	1985	1	0	insufficient_depth_samples	assumed_first_frame_not_map_validation
NaVi-collect-20260919-022341-193-a2b8792d	12	2174	1	0	insufficient_depth_samples	assumed_first_frame_not_map_validation
NaVi-collect-20260919-022341-193-a2b8792d	14	2571	1	0	insufficient_depth_samples	assumed_first_frame_not_map_validation
NaVi-collect-20260919-022341-193-a2b8792d	15	2761	1	0	insufficient_depth_samples	assumed_first_frame_not_map_validation
NaVi-collect-20260919-022341-193-a2b8792d	16	2969	1	0	insufficient_depth_samples	assumed_first_frame_not_map_validation
NaVi-collect-20260919-022341-193-a2b8792d	18	3418	1	0	insufficient_depth_samples	assumed_first_frame_not_map_validation
NaVi-collect-20260919-022341-193-a2b8792d	19	3570	1	0	insufficient_depth_samples	assumed_first_frame_not_map_validation
NaVi-collect-20260919-022341-193-a2b8792d	20	3806	1	0	insufficient_depth_samples	assumed_first_frame_not_map_validation
NaVi-collect-20260919-022341-193-a2b8792d	22	4240	1	0	insufficient_depth_samples	assumed_first_frame_not_map_validation
NaVi-collect-20260919-022341-193-a2b8792d	24	4661	0	0	no_supported_obstacle	assumed_first_frame_not_map_validation
NaVi-collect-20260919-022341-193-a2b8792d	25	4805	0	0	no_supported_obstacle	assumed_first_frame_not_map_validation
NaVi-collect-20260919-022341-193-a2b8792d	27	5203	1	0	insufficient_depth_samples	assumed_first_frame_not_map_validation
NaVi-collect-20260919-022341-193-a2b8792d	28	5398	1	0	insufficient_depth_samples	assumed_first_frame_not_map_validation
NaVi-collect-20260919-022341-193-a2b8792d	29	5602	0	0	no_supported_obstacle	assumed_first_frame_not_map_validation
NaVi-collect-20260919-022341-193-a2b8792d	31	5996	0	0	no_supported_obstacle	assumed_first_frame_not_map_validation
NaVi-collect-20260919-022341-193-a2b8792d	32	6220	0	0	no_supported_obstacle	assumed_first_frame_not_map_validation
NaVi-collect-20260919-022341-193-a2b8792d	33	6447	0	0	no_supported_obstacle	assumed_first_frame_not_map_validation
NaVi-collect-20260919-022341-193-a2b8792d	34	6637	0	0	no_supported_obstacle	assumed_first_frame_not_map_validation
NaVi-collect-20260919-022341-193-a2b8792d	36	7053	0	0	no_supported_obstacle	assumed_first_frame_not_map_validation
NaVi-collect-20260919-022341-193-a2b8792d	37	7250	0	0	no_supported_obstacle	assumed_first_frame_not_map_validation
NaVi-collect-20260919-022341-193-a2b8792d	38	7445	0	0	no_supported_obstacle	assumed_first_frame_not_map_validation
NaVi-collect-20260919-022341-193-a2b8792d	39	7650	0	0	no_supported_obstacle	assumed_first_frame_not_map_validation
NaVi-collect-20260919-022341-193-a2b8792d	40	7847	0	0	no_supported_obstacle	assumed_first_frame_not_map_validation
NaVi-collect-20260919-022341-193-a2b8792d	41	8040	0	0	no_supported_obstacle	assumed_first_frame_not_map_validation
NaVi-collect-20260919-022341-193-a2b8792d	42	8247	0	0	no_supported_obstacle	assumed_first_frame_not_map_validation
NaVi-collect-20260919-022341-193-a2b8792d	43	8447	0	0	no_supported_obstacle	assumed_first_frame_not_map_validation
NaVi-collect-20260919-022341-193-a2b8792d	44	8645	0	0	no_supported_obstacle	assumed_first_frame_not_map_validation
NaVi-collect-20260919-022341-193-a2b8792d	45	8853	0	0	no_supported_obstacle	assumed_first_frame_not_map_validation
NaVi-collect-20260919-022341-193-a2b8792d	46	9052	0	0	no_supported_obstacle	assumed_first_frame_not_map_validation
NaVi-collect-20260919-022341-193-a2b8792d	47	9250	0	0	no_supported_obstacle	assumed_first_frame_not_map_validation
NaVi-collect-20260919-022341-193-a2b8792d	48	9449	0	0	no_supported_obstacle	assumed_first_frame_not_map_validation
NaVi-collect-20260919-022341-193-a2b8792d	49	9656	0	0	no_supported_obstacle	assumed_first_frame_not_map_validation
NaVi-collect-20260919-022341-193-a2b8792d	50	9858	0	0	no_supported_obstacle	assumed_first_frame_not_map_validation
NaVi-collect-20260919-022341-193-a2b8792d	51	10053	0	0	no_supported_obstacle	assumed_first_frame_not_map_validation
NaVi-collect-20260919-022341-193-a2b8792d	52	10266	0	0	no_supported_obstacle	assumed_first_frame_not_map_validation
NaVi-collect-20260919-022341-193-a2b8792d	53	10476	0	0	no_supported_obstacle	assumed_first_frame_not_map_validation
NaVi-collect-20260919-022341-193-a2b8792d	54	10676	0	0	no_supported_obstacle	assumed_first_frame_not_map_validation
NaVi-collect-20260919-022341-193-a2b8792d	55	10853	0	0	no_supported_obstacle	assumed_first_frame_not_map_validation
NaVi-collect-20260919-022341-193-a2b8792d	56	11054	0	0	no_supported_obstacle	assumed_first_frame_not_map_validation
NaVi-collect-20260919-022341-193-a2b8792d	57	11265	0	0	no_supported_obstacle	assumed_first_frame_not_map_validation
NaVi-collect-20260919-022341-193-a2b8792d	58	11464	0	0	no_supported_obstacle	assumed_first_frame_not_map_validation
NaVi-collect-20260919-022341-193-a2b8792d	59	11654	0	0	no_supported_obstacle	assumed_first_frame_not_map_validation
NaVi-collect-20260919-022341-193-a2b8792d	60	11880	0	0	no_supported_obstacle	assumed_first_frame_not_map_validation
NaVi-collect-20260919-022341-193-a2b8792d	61	12061	0	0	no_supported_obstacle	assumed_first_frame_not_map_validation
NaVi-collect-20260919-022341-193-a2b8792d	62	12272	0	0	no_supported_obstacle	assumed_first_frame_not_map_validation
NaVi-collect-20260919-022341-193-a2b8792d	63	12473	0	0	no_supported_obstacle	assumed_first_frame_not_map_validation
NaVi-collect-20260919-022341-193-a2b8792d	65	12854	0	0	no_supported_obstacle	assumed_first_frame_not_map_validation
NaVi-collect-20260919-022341-193-a2b8792d	66	13062	0	0	no_supported_obstacle	assumed_first_frame_not_map_validation
NaVi-collect-20260919-022341-193-a2b8792d	67	13265	0	0	no_supported_obstacle	assumed_first_frame_not_map_validation
NaVi-collect-20260919-022341-193-a2b8792d	68	13470	0	0	no_supported_obstacle	assumed_first_frame_not_map_validation
NaVi-collect-20260919-022341-193-a2b8792d	69	13659	0	0	no_supported_obstacle	assumed_first_frame_not_map_validation
NaVi-collect-20260919-022341-193-a2b8792d	70	13868	0	0	no_supported_obstacle	assumed_first_frame_not_map_validation
NaVi-collect-20260919-022341-193-a2b8792d	71	14060	0	0	no_supported_obstacle	assumed_first_frame_not_map_validation
NaVi-collect-20260919-022341-193-a2b8792d	72	14274	0	0	no_supported_obstacle	assumed_first_frame_not_map_validation
NaVi-collect-20260919-022341-193-a2b8792d	73	14479	0	0	no_supported_obstacle	assumed_first_frame_not_map_validation
NaVi-collect-20260919-022341-193-a2b8792d	74	14672	0	0	no_supported_obstacle	assumed_first_frame_not_map_validation
NaVi-collect-20260919-022341-193-a2b8792d	75	14869	0	0	no_supported_obstacle	assumed_first_frame_not_map_validation
NaVi-collect-20260919-022341-193-a2b8792d	76	15078	0	0	no_supported_obstacle	assumed_first_frame_not_map_validation
NaVi-collect-20260919-022341-193-a2b8792d	77	15269	0	0	no_supported_obstacle	assumed_first_frame_not_map_validation
NaVi-collect-20260919-022341-193-a2b8792d	78	15468	0	0	no_supported_obstacle	assumed_first_frame_not_map_validation
NaVi-collect-20260919-022341-193-a2b8792d	79	15667	0	0	no_supported_obstacle	assumed_first_frame_not_map_validation
NaVi-collect-20260919-022341-193-a2b8792d	80	15873	0	0	no_supported_obstacle	assumed_first_frame_not_map_validation
NaVi-collect-20260919-022341-193-a2b8792d	81	16089	0	0	no_supported_obstacle	assumed_first_frame_not_map_validation
NaVi-collect-20260919-022341-193-a2b8792d	82	16277	0	0	no_supported_obstacle	assumed_first_frame_not_map_validation
NaVi-collect-20260919-022341-193-a2b8792d	83	16479	0	0	no_supported_obstacle	assumed_first_frame_not_map_validation
NaVi-collect-20260919-022341-193-a2b8792d	84	16673	0	0	no_supported_obstacle	assumed_first_frame_not_map_validation
NaVi-collect-20260919-022341-193-a2b8792d	85	16872	0	0	no_supported_obstacle	assumed_first_frame_not_map_validation
NaVi-collect-20260919-022341-193-a2b8792d	86	17076	0	0	no_supported_obstacle	assumed_first_frame_not_map_validation
NaVi-collect-20260919-022341-193-a2b8792d	87	17336	0	0	no_supported_obstacle	assumed_first_frame_not_map_validation
NaVi-collect-20260919-022341-193-a2b8792d	88	17526	0	0	no_supported_obstacle	assumed_first_frame_not_map_validation
NaVi-collect-20260919-022341-193-a2b8792d	89	17706	0	0	no_supported_obstacle	assumed_first_frame_not_map_validation
NaVi-collect-20260919-022341-193-a2b8792d	90	17917	0	0	no_supported_obstacle	assumed_first_frame_not_map_validation
NaVi-collect-20260919-022341-193-a2b8792d	91	18115	0	0	no_supported_obstacle	assumed_first_frame_not_map_validation
NaVi-collect-20260919-022341-193-a2b8792d	92	18314	0	0	no_supported_obstacle	assumed_first_frame_not_map_validation
NaVi-collect-20260919-022341-193-a2b8792d	93	18541	0	0	no_supported_obstacle	assumed_first_frame_not_map_validation
NaVi-collect-20260919-022341-193-a2b8792d	94	18740	0	0	no_supported_obstacle	assumed_first_frame_not_map_validation
NaVi-collect-20260919-022341-193-a2b8792d	95	18945	0	0	no_supported_obstacle	assumed_first_frame_not_map_validation
NaVi-collect-20260919-022341-193-a2b8792d	96	19143	0	0	no_supported_obstacle	assumed_first_frame_not_map_validation
NaVi-collect-20260919-022341-193-a2b8792d	97	19375	0	0	no_supported_obstacle	assumed_first_frame_not_map_validation
NaVi-collect-20260919-022341-193-a2b8792d	98	19621	0	0	no_supported_obstacle	assumed_first_frame_not_map_validation
NaVi-collect-20260919-022341-193-a2b8792d	99	19817	0	0	no_supported_obstacle	assumed_first_frame_not_map_validation
NaVi-collect-20260919-022341-193-a2b8792d	100	20013	0	0	no_supported_obstacle	assumed_first_frame_not_map_validation
NaVi-collect-20260919-022341-193-a2b8792d	101	20212	0	0	no_supported_obstacle	assumed_first_frame_not_map_validation
NaVi-collect-20260919-022341-193-a2b8792d	102	20446	0	0	no_supported_obstacle	assumed_first_frame_not_map_validation
NaVi-collect-20260919-022341-193-a2b8792d	103	20688	0	0	no_supported_obstacle	assumed_first_frame_not_map_validation
NaVi-collect-20260919-022341-193-a2b8792d	104	20917	0	0	no_supported_obstacle	assumed_first_frame_not_map_validation
NaVi-collect-20260919-022341-193-a2b8792d	105	21145	0	0	no_supported_obstacle	assumed_first_frame_not_map_validation
NaVi-collect-20260919-022341-193-a2b8792d	106	21376	0	0	no_supported_obstacle	assumed_first_frame_not_map_validation
NaVi-collect-20260919-022341-193-a2b8792d	107	21603	0	0	no_supported_obstacle	assumed_first_frame_not_map_validation
NaVi-collect-20260919-022341-193-a2b8792d	108	21802	0	0	no_supported_obstacle	assumed_first_frame_not_map_validation
NaVi-collect-20260919-022341-193-a2b8792d	109	22030	0	0	no_supported_obstacle	assumed_first_frame_not_map_validation
NaVi-collect-20260919-022341-193-a2b8792d	110	22256	0	0	no_supported_obstacle	assumed_first_frame_not_map_validation
NaVi-collect-20260919-022341-193-a2b8792d	111	22454	0	0	no_supported_obstacle	assumed_first_frame_not_map_validation
NaVi-collect-20260919-022341-193-a2b8792d	112	22655	0	0	no_supported_obstacle	assumed_first_frame_not_map_validation
NaVi-collect-20260919-022341-193-a2b8792d	113	22834	0	0	no_supported_obstacle	assumed_first_frame_not_map_validation
NaVi-collect-20260919-022341-193-a2b8792d	114	23093	0	0	no_supported_obstacle	assumed_first_frame_not_map_validation
NaVi-collect-20260919-022341-193-a2b8792d	115	23314	0	0	no_supported_obstacle	assumed_first_frame_not_map_validation
NaVi-collect-20260919-022341-193-a2b8792d	116	23559	0	0	no_supported_obstacle	assumed_first_frame_not_map_validation
NaVi-collect-20260919-022341-193-a2b8792d	117	23750	0	0	no_supported_obstacle	assumed_first_frame_not_map_validation
NaVi-collect-20260919-022341-193-a2b8792d	118	23979	0	0	no_supported_obstacle	assumed_first_frame_not_map_validation
NaVi-collect-20260919-022341-193-a2b8792d	119	24183	0	0	no_supported_obstacle	assumed_first_frame_not_map_validation
NaVi-collect-20260919-022341-193-a2b8792d	120	24420	0	0	no_supported_obstacle	assumed_first_frame_not_map_validation
NaVi-collect-20260919-022341-193-a2b8792d	121	24616	0	0	no_supported_obstacle	assumed_first_frame_not_map_validation
NaVi-collect-20260919-022341-193-a2b8792d	122	24808	0	0	no_supported_obstacle	assumed_first_frame_not_map_validation
NaVi-collect-20260919-022341-193-a2b8792d	123	25020	0	0	no_supported_obstacle	assumed_first_frame_not_map_validation
NaVi-collect-20260919-022341-193-a2b8792d	124	25202	0	0	no_supported_obstacle	assumed_first_frame_not_map_validation
NaVi-collect-20260919-022341-193-a2b8792d	125	25413	0	0	no_supported_obstacle	assumed_first_frame_not_map_validation
NaVi-collect-20260919-022341-193-a2b8792d	126	25608	0	0	no_supported_obstacle	assumed_first_frame_not_map_validation
NaVi-collect-20260919-022341-193-a2b8792d	127	25842	0	0	no_supported_obstacle	assumed_first_frame_not_map_validation
NaVi-collect-20260919-022341-193-a2b8792d	128	26052	0	0	no_supported_obstacle	assumed_first_frame_not_map_validation
NaVi-collect-20260919-022341-193-a2b8792d	129	26239	0	0	no_supported_obstacle	assumed_first_frame_not_map_validation
NaVi-collect-20260919-022341-193-a2b8792d	130	26479	0	0	no_supported_obstacle	assumed_first_frame_not_map_validation
NaVi-collect-20260919-022341-193-a2b8792d	131	26678	0	0	no_supported_obstacle	assumed_first_frame_not_map_validation
NaVi-collect-20260919-022341-193-a2b8792d	132	26909	0	0	no_supported_obstacle	assumed_first_frame_not_map_validation
NaVi-collect-20260919-022341-193-a2b8792d	133	27160	0	0	no_supported_obstacle	assumed_first_frame_not_map_validation
NaVi-collect-20260919-022341-193-a2b8792d	134	27340	0	0	no_supported_obstacle	assumed_first_frame_not_map_validation
NaVi-collect-20260919-022341-193-a2b8792d	135	27544	0	0	no_supported_obstacle	assumed_first_frame_not_map_validation
NaVi-collect-20260919-022341-193-a2b8792d	136	27738	0	0	no_supported_obstacle	assumed_first_frame_not_map_validation
NaVi-collect-20260919-022341-193-a2b8792d	137	27935	0	0	no_supported_obstacle	assumed_first_frame_not_map_validation
NaVi-collect-20260919-022341-193-a2b8792d	138	28158	0	0	no_supported_obstacle	assumed_first_frame_not_map_validation
NaVi-collect-20260919-022341-193-a2b8792d	139	28394	0	0	no_supported_obstacle	assumed_first_frame_not_map_validation
NaVi-collect-20260919-022341-193-a2b8792d	140	28617	0	0	no_supported_obstacle	assumed_first_frame_not_map_validation
NaVi-collect-20260919-022341-193-a2b8792d	141	28844	0	0	no_supported_obstacle	assumed_first_frame_not_map_validation
NaVi-collect-20260919-022341-193-a2b8792d	142	29090	0	0	no_supported_obstacle	assumed_first_frame_not_map_validation
NaVi-collect-20260919-022341-193-a2b8792d	143	29313	0	0	no_supported_obstacle	assumed_first_frame_not_map_validation
NaVi-collect-20260919-022341-193-a2b8792d	144	29517	0	0	no_supported_obstacle	assumed_first_frame_not_map_validation
NaVi-collect-20260919-022341-193-a2b8792d	145	29756	0	0	no_supported_obstacle	assumed_first_frame_not_map_validation
NaVi-collect-20260919-022341-193-a2b8792d	146	29940	0	0	no_supported_obstacle	assumed_first_frame_not_map_validation
NaVi-collect-20260919-022341-193-a2b8792d	147	30179	0	0	no_supported_obstacle	assumed_first_frame_not_map_validation
NaVi-collect-20260919-022341-193-a2b8792d	148	30404	0	0	no_supported_obstacle	assumed_first_frame_not_map_validation
NaVi-collect-20260919-022341-193-a2b8792d	149	30655	0	0	no_supported_obstacle	assumed_first_frame_not_map_validation
NaVi-collect-20260919-022341-193-a2b8792d	150	30837	0	0	no_supported_obstacle	assumed_first_frame_not_map_validation
NaVi-collect-20260919-022341-193-a2b8792d	151	31047	0	0	no_supported_obstacle	assumed_first_frame_not_map_validation
NaVi-collect-20260919-022341-193-a2b8792d	152	31250	0	0	no_supported_obstacle	assumed_first_frame_not_map_validation
NaVi-collect-20260919-022341-193-a2b8792d	153	31472	0	0	no_supported_obstacle	assumed_first_frame_not_map_validation
NaVi-collect-20260919-022341-193-a2b8792d	154	31708	0	0	no_supported_obstacle	assumed_first_frame_not_map_validation
NaVi-collect-20260919-022341-193-a2b8792d	155	31917	0	0	no_supported_obstacle	assumed_first_frame_not_map_validation
NaVi-collect-20260919-022341-193-a2b8792d	156	32144	0	0	no_supported_obstacle	assumed_first_frame_not_map_validation
NaVi-collect-20260919-022341-193-a2b8792d	157	32378	0	0	no_supported_obstacle	assumed_first_frame_not_map_validation
NaVi-collect-20260919-022341-193-a2b8792d	158	32581	0	0	no_supported_obstacle	assumed_first_frame_not_map_validation
NaVi-collect-20260919-022341-193-a2b8792d	159	32815	0	0	no_supported_obstacle	assumed_first_frame_not_map_validation
NaVi-collect-20260919-022341-193-a2b8792d	160	33015	0	0	no_supported_obstacle	assumed_first_frame_not_map_validation
NaVi-collect-20260919-022341-193-a2b8792d	161	33213	0	0	no_supported_obstacle	assumed_first_frame_not_map_validation
NaVi-collect-20260919-022341-193-a2b8792d	162	33417	0	0	no_supported_obstacle	assumed_first_frame_not_map_validation
NaVi-collect-20260919-022341-193-a2b8792d	163	33646	0	0	no_supported_obstacle	assumed_first_frame_not_map_validation
NaVi-collect-20260919-022341-193-a2b8792d	164	33849	0	0	no_supported_obstacle	assumed_first_frame_not_map_validation
NaVi-collect-20260919-022341-193-a2b8792d	165	34083	0	0	no_supported_obstacle	assumed_first_frame_not_map_validation
NaVi-collect-20260919-022341-193-a2b8792d	166	34312	0	0	no_supported_obstacle	assumed_first_frame_not_map_validation
NaVi-collect-20260919-022341-193-a2b8792d	167	34544	0	0	no_supported_obstacle	assumed_first_frame_not_map_validation
NaVi-collect-20260919-022341-193-a2b8792d	168	34782	0	0	no_supported_obstacle	assumed_first_frame_not_map_validation
NaVi-collect-20260919-022341-193-a2b8792d	169	35008	0	0	no_supported_obstacle	assumed_first_frame_not_map_validation
NaVi-collect-20260919-022341-193-a2b8792d	170	35244	0	0	no_supported_obstacle	assumed_first_frame_not_map_validation
NaVi-collect-20260919-022341-193-a2b8792d	171	35451	0	0	no_supported_obstacle	assumed_first_frame_not_map_validation
NaVi-collect-20260919-022341-193-a2b8792d	172	35682	0	0	no_supported_obstacle	assumed_first_frame_not_map_validation
NaVi-collect-20260919-022341-193-a2b8792d	173	35919	0	0	no_supported_obstacle	assumed_first_frame_not_map_validation
NaVi-collect-20260919-022341-193-a2b8792d	174	36120	0	0	no_supported_obstacle	assumed_first_frame_not_map_validation
NaVi-collect-20260919-022341-193-a2b8792d	175	36318	0	0	no_supported_obstacle	assumed_first_frame_not_map_validation
NaVi-collect-20260919-022341-193-a2b8792d	176	36545	0	0	no_supported_obstacle	assumed_first_frame_not_map_validation
NaVi-collect-20260919-022341-193-a2b8792d	177	36776	0	0	no_supported_obstacle	assumed_first_frame_not_map_validation
NaVi-collect-20260919-022341-193-a2b8792d	178	36981	0	0	no_supported_obstacle	assumed_first_frame_not_map_validation
NaVi-collect-20260919-022341-193-a2b8792d	179	37192	0	0	no_supported_obstacle	assumed_first_frame_not_map_validation
NaVi-collect-20260919-022341-193-a2b8792d	180	37396	0	0	no_supported_obstacle	assumed_first_frame_not_map_validation
NaVi-collect-20260919-022341-193-a2b8792d	181	37594	0	0	no_supported_obstacle	assumed_first_frame_not_map_validation
NaVi-collect-20260919-022341-193-a2b8792d	182	37826	0	0	no_supported_obstacle	assumed_first_frame_not_map_validation
NaVi-collect-20260919-022341-193-a2b8792d	183	38019	0	0	no_supported_obstacle	assumed_first_frame_not_map_validation
NaVi-collect-20260919-022341-193-a2b8792d	184	38219	0	0	no_supported_obstacle	assumed_first_frame_not_map_validation
NaVi-collect-20260919-022341-193-a2b8792d	185	38432	0	0	no_supported_obstacle	assumed_first_frame_not_map_validation
NaVi-collect-20260919-022341-193-a2b8792d	186	38635	0	0	no_supported_obstacle	assumed_first_frame_not_map_validation
NaVi-collect-20260919-022341-193-a2b8792d	187	38827	0	0	no_supported_obstacle	assumed_first_frame_not_map_validation
NaVi-collect-20260919-022341-193-a2b8792d	188	39024	0	0	no_supported_obstacle	assumed_first_frame_not_map_validation
NaVi-collect-20260919-022341-193-a2b8792d	189	39224	0	0	no_supported_obstacle	assumed_first_frame_not_map_validation
NaVi-collect-20260919-022341-193-a2b8792d	190	39432	0	0	no_supported_obstacle	assumed_first_frame_not_map_validation
NaVi-collect-20260919-022341-193-a2b8792d	191	39645	0	0	no_supported_obstacle	assumed_first_frame_not_map_validation
NaVi-collect-20260919-022341-193-a2b8792d	192	39824	0	0	no_supported_obstacle	assumed_first_frame_not_map_validation
NaVi-collect-20260919-022341-193-a2b8792d	193	40033	0	0	no_supported_obstacle	assumed_first_frame_not_map_validation
NaVi-collect-20260919-022341-193-a2b8792d	194	40250	0	0	no_supported_obstacle	assumed_first_frame_not_map_validation
NaVi-collect-20260919-022341-193-a2b8792d	196	40623	0	0	no_supported_obstacle	assumed_first_frame_not_map_validation
NaVi-collect-20260919-022341-193-a2b8792d	197	40825	0	0	no_supported_obstacle	assumed_first_frame_not_map_validation
NaVi-collect-20260919-022341-193-a2b8792d	198	41030	0	0	no_supported_obstacle	assumed_first_frame_not_map_validation
NaVi-collect-20260919-022341-193-a2b8792d	199	41235	0	0	no_supported_obstacle	assumed_first_frame_not_map_validation
NaVi-collect-20260919-022341-193-a2b8792d	200	41438	0	0	no_supported_obstacle	assumed_first_frame_not_map_validation
NaVi-collect-20260919-022341-193-a2b8792d	201	41630	0	0	no_supported_obstacle	assumed_first_frame_not_map_validation
NaVi-collect-20260919-022341-193-a2b8792d	202	41833	0	0	no_supported_obstacle	assumed_first_frame_not_map_validation
NaVi-collect-20260919-022341-193-a2b8792d	204	42227	0	0	no_supported_obstacle	assumed_first_frame_not_map_validation
NaVi-collect-20260919-022341-193-a2b8792d	205	42434	0	0	no_supported_obstacle	assumed_first_frame_not_map_validation
NaVi-collect-20260919-022341-193-a2b8792d	206	42646	0	0	no_supported_obstacle	assumed_first_frame_not_map_validation
NaVi-collect-20260919-022341-193-a2b8792d	207	42829	0	0	no_supported_obstacle	assumed_first_frame_not_map_validation
NaVi-collect-20260919-022341-193-a2b8792d	208	43039	0	0	no_supported_obstacle	assumed_first_frame_not_map_validation
NaVi-collect-20260919-022341-193-a2b8792d	209	43237	0	0	no_supported_obstacle	assumed_first_frame_not_map_validation
NaVi-collect-20260919-022341-193-a2b8792d	210	43456	0	0	no_supported_obstacle	assumed_first_frame_not_map_validation
NaVi-collect-20260919-022341-193-a2b8792d	211	43649	0	0	no_supported_obstacle	assumed_first_frame_not_map_validation
NaVi-collect-20260919-022341-193-a2b8792d	213	44026	0	0	no_supported_obstacle	assumed_first_frame_not_map_validation
NaVi-collect-20260919-022341-193-a2b8792d	214	44238	0	0	no_supported_obstacle	assumed_first_frame_not_map_validation
NaVi-collect-20260919-022341-193-a2b8792d	215	44456	0	0	no_supported_obstacle	assumed_first_frame_not_map_validation
NaVi-collect-20260919-022341-193-a2b8792d	216	44633	0	0	no_supported_obstacle	assumed_first_frame_not_map_validation
NaVi-collect-20260919-022341-193-a2b8792d	217	44855	0	0	no_supported_obstacle	assumed_first_frame_not_map_validation
NaVi-collect-20260919-022341-193-a2b8792d	218	45052	0	0	no_supported_obstacle	assumed_first_frame_not_map_validation
NaVi-collect-20260919-022341-193-a2b8792d	219	45245	0	0	no_supported_obstacle	assumed_first_frame_not_map_validation
NaVi-collect-20260919-022341-193-a2b8792d	220	45447	0	0	no_supported_obstacle	assumed_first_frame_not_map_validation
NaVi-collect-20260919-022341-193-a2b8792d	222	45857	0	0	no_supported_obstacle	assumed_first_frame_not_map_validation
NaVi-collect-20260919-022341-193-a2b8792d	223	46054	0	0	no_supported_obstacle	assumed_first_frame_not_map_validation
NaVi-collect-20260919-022341-193-a2b8792d	224	46247	0	0	no_supported_obstacle	assumed_first_frame_not_map_validation
NaVi-collect-20260919-022341-193-a2b8792d	225	46444	0	0	no_supported_obstacle	assumed_first_frame_not_map_validation
NaVi-collect-20260919-022341-193-a2b8792d	226	46649	0	0	no_supported_obstacle	assumed_first_frame_not_map_validation
NaVi-collect-20260919-022341-193-a2b8792d	227	46852	0	0	no_supported_obstacle	assumed_first_frame_not_map_validation
NaVi-collect-20260919-022341-193-a2b8792d	229	47260	0	0	no_supported_obstacle	assumed_first_frame_not_map_validation
NaVi-collect-20260919-022341-193-a2b8792d	230	47468	0	0	no_supported_obstacle	assumed_first_frame_not_map_validation
NaVi-collect-20260919-022341-193-a2b8792d	231	47681	0	0	no_supported_obstacle	assumed_first_frame_not_map_validation
NaVi-collect-20260919-022341-193-a2b8792d	232	47849	0	0	no_supported_obstacle	assumed_first_frame_not_map_validation
NaVi-collect-20260919-022341-193-a2b8792d	233	48079	0	0	no_supported_obstacle	assumed_first_frame_not_map_validation
NaVi-collect-20260919-022341-193-a2b8792d	234	48259	0	0	no_supported_obstacle	assumed_first_frame_not_map_validation
NaVi-collect-20260919-022341-193-a2b8792d	236	48650	0	0	no_supported_obstacle	assumed_first_frame_not_map_validation
NaVi-collect-20260919-022341-193-a2b8792d	237	48863	0	0	no_supported_obstacle	assumed_first_frame_not_map_validation
NaVi-collect-20260919-022341-193-a2b8792d	238	49066	0	0	no_supported_obstacle	assumed_first_frame_not_map_validation
NaVi-collect-20260919-022341-193-a2b8792d	239	49258	0	0	no_supported_obstacle	assumed_first_frame_not_map_validation
NaVi-collect-20260919-022341-193-a2b8792d	241	49691	0	0	no_supported_obstacle	assumed_first_frame_not_map_validation
NaVi-collect-20260919-022341-193-a2b8792d	242	49889	0	0	no_supported_obstacle	assumed_first_frame_not_map_validation
NaVi-collect-20260919-022341-193-a2b8792d	243	50068	0	0	no_supported_obstacle	assumed_first_frame_not_map_validation
NaVi-collect-20260919-022341-193-a2b8792d	245	50454	0	0	no_supported_obstacle	assumed_first_frame_not_map_validation
NaVi-collect-20260919-022341-193-a2b8792d	246	50656	0	0	no_supported_obstacle	assumed_first_frame_not_map_validation
NaVi-collect-20260919-022341-193-a2b8792d	247	50860	0	0	no_supported_obstacle	assumed_first_frame_not_map_validation
NaVi-collect-20260919-022341-193-a2b8792d	248	51054	0	0	no_supported_obstacle	assumed_first_frame_not_map_validation
NaVi-collect-20260919-022341-193-a2b8792d	249	51262	0	0	no_supported_obstacle	assumed_first_frame_not_map_validation
NaVi-collect-20260919-022341-193-a2b8792d	250	51478	0	0	no_supported_obstacle	assumed_first_frame_not_map_validation
NaVi-collect-20260919-022341-193-a2b8792d	251	51652	0	0	no_supported_obstacle	assumed_first_frame_not_map_validation
NaVi-collect-20260919-022341-193-a2b8792d	252	51850	0	0	no_supported_obstacle	assumed_first_frame_not_map_validation
NaVi-collect-20260919-022341-193-a2b8792d	253	52073	0	0	no_supported_obstacle	assumed_first_frame_not_map_validation
NaVi-collect-20260919-022341-193-a2b8792d	254	52255	0	0	no_supported_obstacle	assumed_first_frame_not_map_validation
NaVi-collect-20260919-022341-193-a2b8792d	255	52455	1	0	insufficient_depth_samples	assumed_first_frame_not_map_validation
NaVi-collect-20260919-022341-193-a2b8792d	256	52660	0	0	no_supported_obstacle	assumed_first_frame_not_map_validation
NaVi-collect-20260919-022341-193-a2b8792d	257	52863	0	0	no_supported_obstacle	assumed_first_frame_not_map_validation
NaVi-collect-20260919-022341-193-a2b8792d	258	53055	0	0	no_supported_obstacle	assumed_first_frame_not_map_validation
NaVi-collect-20260919-022341-193-a2b8792d	259	53268	0	0	no_supported_obstacle	assumed_first_frame_not_map_validation
NaVi-collect-20260919-022341-193-a2b8792d	260	53480	1	0	insufficient_depth_samples	assumed_first_frame_not_map_validation
NaVi-collect-20260919-022341-193-a2b8792d	261	53675	1	0	insufficient_depth_samples	assumed_first_frame_not_map_validation
NaVi-collect-20260919-022341-193-a2b8792d	262	53874	0	0	no_supported_obstacle	assumed_first_frame_not_map_validation
NaVi-collect-20260919-022341-193-a2b8792d	263	54068	1	0	insufficient_depth_samples	assumed_first_frame_not_map_validation
NaVi-collect-20260919-022341-193-a2b8792d	264	54266	1	0	insufficient_depth_samples	assumed_first_frame_not_map_validation
NaVi-collect-20260919-022341-193-a2b8792d	266	54668	1	0	insufficient_depth_samples	assumed_first_frame_not_map_validation
NaVi-collect-20260919-022341-193-a2b8792d	267	54874	0	0	no_supported_obstacle	assumed_first_frame_not_map_validation
NaVi-collect-20260919-022341-193-a2b8792d	268	55075	1	0	outside_sidewalk_or_mask_uncertain	assumed_first_frame_not_map_validation
NaVi-collect-20260919-022341-193-a2b8792d	269	55281	0	0	no_supported_obstacle	assumed_first_frame_not_map_validation
NaVi-collect-20260919-022341-193-a2b8792d	270	55484	1	0	insufficient_depth_samples	assumed_first_frame_not_map_validation
NaVi-collect-20260919-022341-193-a2b8792d	271	55681	1	0	insufficient_depth_samples	assumed_first_frame_not_map_validation
NaVi-collect-20260919-022341-193-a2b8792d	273	56084	1	0	outside_sidewalk_or_mask_uncertain	assumed_first_frame_not_map_validation
NaVi-collect-20260919-022341-193-a2b8792d	274	56287	0	0	no_supported_obstacle	assumed_first_frame_not_map_validation
NaVi-collect-20260919-022341-193-a2b8792d	275	56473	0	0	no_supported_obstacle	assumed_first_frame_not_map_validation
NaVi-collect-20260919-022341-193-a2b8792d	276	56696	0	0	no_supported_obstacle	assumed_first_frame_not_map_validation
NaVi-collect-20260919-022341-193-a2b8792d	278	57105	0	0	no_supported_obstacle	assumed_first_frame_not_map_validation
NaVi-collect-20260919-022341-193-a2b8792d	279	57304	0	0	no_supported_obstacle	assumed_first_frame_not_map_validation
NaVi-collect-20260919-022341-193-a2b8792d	281	57704	0	0	no_supported_obstacle	assumed_first_frame_not_map_validation
NaVi-collect-20260919-022341-193-a2b8792d	282	57879	0	0	no_supported_obstacle	assumed_first_frame_not_map_validation
NaVi-collect-20260919-022341-193-a2b8792d	283	58087	2	0	insufficient_depth_samples	assumed_first_frame_not_map_validation
NaVi-collect-20260919-022341-193-a2b8792d	285	58489	0	0	no_supported_obstacle	assumed_first_frame_not_map_validation
NaVi-collect-20260919-022341-193-a2b8792d	286	58721	0	0	no_supported_obstacle	assumed_first_frame_not_map_validation
NaVi-collect-20260919-022341-193-a2b8792d	288	59096	1	0	outside_sidewalk_or_mask_uncertain	assumed_first_frame_not_map_validation
NaVi-collect-20260919-022341-193-a2b8792d	289	59284	1	0	outside_sidewalk_or_mask_uncertain	assumed_first_frame_not_map_validation
NaVi-collect-20260919-022341-193-a2b8792d	290	59511	1	0	outside_sidewalk_or_mask_uncertain	assumed_first_frame_not_map_validation
NaVi-collect-20260919-022341-193-a2b8792d	291	59704	0	0	no_supported_obstacle	assumed_first_frame_not_map_validation
NaVi-collect-20260919-022341-193-a2b8792d	293	60103	0	0	no_supported_obstacle	assumed_first_frame_not_map_validation
NaVi-collect-20260919-022341-193-a2b8792d	294	60332	0	0	no_supported_obstacle	assumed_first_frame_not_map_validation
NaVi-collect-20260919-022341-193-a2b8792d	296	60735	0	0	no_supported_obstacle	assumed_first_frame_not_map_validation
NaVi-collect-20260919-022341-193-a2b8792d	297	60900	0	0	no_supported_obstacle	assumed_first_frame_not_map_validation
NaVi-collect-20260919-022341-193-a2b8792d	299	61315	0	0	no_supported_obstacle	assumed_first_frame_not_map_validation
NaVi-collect-20260919-022341-193-a2b8792d	300	61546	0	0	no_supported_obstacle	assumed_first_frame_not_map_validation
NaVi-collect-20260919-022341-193-a2b8792d	302	61912	0	0	no_supported_obstacle	assumed_first_frame_not_map_validation
NaVi-collect-20260919-022341-193-a2b8792d	303	62179	0	0	no_supported_obstacle	assumed_first_frame_not_map_validation
NaVi-collect-20260919-022341-193-a2b8792d	305	62513	0	0	no_supported_obstacle	assumed_first_frame_not_map_validation
NaVi-collect-20260919-022341-193-a2b8792d	306	62710	1	0	insufficient_depth_samples	assumed_first_frame_not_map_validation
NaVi-collect-20260919-022341-193-a2b8792d	308	63116	0	0	no_supported_obstacle	assumed_first_frame_not_map_validation
NaVi-collect-20260919-022341-193-a2b8792d	309	63302	0	0	no_supported_obstacle	assumed_first_frame_not_map_validation
NaVi-collect-20260919-022341-193-a2b8792d	311	63735	0	0	no_supported_obstacle	assumed_first_frame_not_map_validation
NaVi-collect-20260919-022341-193-a2b8792d	312	63916	0	0	no_supported_obstacle	assumed_first_frame_not_map_validation
NaVi-collect-20260919-022341-193-a2b8792d	313	64131	0	0	no_supported_obstacle	assumed_first_frame_not_map_validation
NaVi-collect-20260919-022341-193-a2b8792d	315	64532	0	0	no_supported_obstacle	assumed_first_frame_not_map_validation
NaVi-collect-20260919-022341-193-a2b8792d	316	64770	0	0	no_supported_obstacle	assumed_first_frame_not_map_validation
NaVi-collect-20260919-022341-193-a2b8792d	317	64909	0	0	no_supported_obstacle	assumed_first_frame_not_map_validation
NaVi-collect-20260919-022341-193-a2b8792d	318	65122	0	0	no_supported_obstacle	assumed_first_frame_not_map_validation
NaVi-collect-20260919-022341-193-a2b8792d	320	65509	0	0	no_supported_obstacle	assumed_first_frame_not_map_validation
NaVi-collect-20260919-022341-193-a2b8792d	321	65739	0	0	no_supported_obstacle	assumed_first_frame_not_map_validation
NaVi-collect-20260919-022341-193-a2b8792d	322	65910	0	0	no_supported_obstacle	assumed_first_frame_not_map_validation
NaVi-collect-20260919-022341-193-a2b8792d	324	66319	0	0	no_supported_obstacle	assumed_first_frame_not_map_validation
NaVi-collect-20260919-022341-193-a2b8792d	325	66523	0	0	no_supported_obstacle	assumed_first_frame_not_map_validation
NaVi-collect-20260919-022341-193-a2b8792d	326	66718	0	0	no_supported_obstacle	assumed_first_frame_not_map_validation
NaVi-collect-20260919-022341-193-a2b8792d	328	67128	0	0	no_supported_obstacle	assumed_first_frame_not_map_validation
NaVi-collect-20260919-022341-193-a2b8792d	329	67331	0	0	no_supported_obstacle	assumed_first_frame_not_map_validation
NaVi-collect-20260919-022341-193-a2b8792d	331	67729	0	0	no_supported_obstacle	assumed_first_frame_not_map_validation
NaVi-collect-20260919-022341-193-a2b8792d	332	67938	0	0	no_supported_obstacle	assumed_first_frame_not_map_validation
NaVi-collect-20260919-022341-193-a2b8792d	333	68164	0	0	no_supported_obstacle	assumed_first_frame_not_map_validation
NaVi-collect-20260919-022341-193-a2b8792d	335	68524	0	0	no_supported_obstacle	assumed_first_frame_not_map_validation
NaVi-collect-20260919-022341-193-a2b8792d	336	68739	0	0	no_supported_obstacle	assumed_first_frame_not_map_validation
NaVi-collect-20260919-022341-193-a2b8792d	337	68930	0	0	no_supported_obstacle	assumed_first_frame_not_map_validation
NaVi-collect-20260919-022341-193-a2b8792d	339	69343	0	0	no_supported_obstacle	assumed_first_frame_not_map_validation
NaVi-collect-20260919-022341-193-a2b8792d	340	69528	0	0	no_supported_obstacle	assumed_first_frame_not_map_validation
NaVi-collect-20260919-022341-193-a2b8792d	342	69930	0	0	no_supported_obstacle	assumed_first_frame_not_map_validation
NaVi-collect-20260919-022341-193-a2b8792d	343	70128	0	0	no_supported_obstacle	assumed_first_frame_not_map_validation
NaVi-collect-20260919-022341-193-a2b8792d	344	70337	0	0	no_supported_obstacle	assumed_first_frame_not_map_validation
NaVi-collect-20260919-022341-193-a2b8792d	346	70736	1	0	outside_sidewalk_or_mask_uncertain	assumed_first_frame_not_map_validation
NaVi-collect-20260919-022341-193-a2b8792d	347	70929	0	0	no_supported_obstacle	assumed_first_frame_not_map_validation
NaVi-collect-20260919-022341-193-a2b8792d	349	71339	0	0	no_supported_obstacle	assumed_first_frame_not_map_validation
NaVi-collect-20260919-022341-193-a2b8792d	350	71531	1	0	outside_sidewalk_or_mask_uncertain	assumed_first_frame_not_map_validation
NaVi-collect-20260919-022341-193-a2b8792d	351	71734	0	0	no_supported_obstacle	assumed_first_frame_not_map_validation
NaVi-collect-20260919-022341-193-a2b8792d	353	72168	0	0	no_supported_obstacle	assumed_first_frame_not_map_validation
NaVi-collect-20260919-022341-193-a2b8792d	354	72365	0	0	no_supported_obstacle	assumed_first_frame_not_map_validation
NaVi-collect-20260919-022341-193-a2b8792d	356	72747	0	0	no_supported_obstacle	assumed_first_frame_not_map_validation
NaVi-collect-20260919-022341-193-a2b8792d	357	72946	0	0	no_supported_obstacle	assumed_first_frame_not_map_validation
NaVi-collect-20260919-022341-193-a2b8792d	359	73345	0	0	no_supported_obstacle	assumed_first_frame_not_map_validation
NaVi-collect-20260919-022341-193-a2b8792d	360	73531	0	0	no_supported_obstacle	assumed_first_frame_not_map_validation
NaVi-collect-20260919-022341-193-a2b8792d	362	73935	0	0	no_supported_obstacle	assumed_first_frame_not_map_validation
NaVi-collect-20260919-022341-193-a2b8792d	363	74137	0	0	no_supported_obstacle	assumed_first_frame_not_map_validation
NaVi-collect-20260919-022341-193-a2b8792d	364	74342	0	0	no_supported_obstacle	assumed_first_frame_not_map_validation
NaVi-collect-20260919-022341-193-a2b8792d	366	74737	0	0	no_supported_obstacle	assumed_first_frame_not_map_validation
NaVi-collect-20260919-022341-193-a2b8792d	367	74963	2	0	outside_sidewalk_or_mask_uncertain	assumed_first_frame_not_map_validation
NaVi-collect-20260919-022341-193-a2b8792d	369	75369	0	0	no_supported_obstacle	assumed_first_frame_not_map_validation
NaVi-collect-20260919-022341-193-a2b8792d	370	75567	0	0	no_supported_obstacle	assumed_first_frame_not_map_validation
NaVi-collect-20260919-022341-193-a2b8792d	372	75956	1	0	persistence_pending	assumed_first_frame_not_map_validation
NaVi-collect-20260919-022341-193-a2b8792d	373	76210	0	0	no_supported_obstacle	assumed_first_frame_not_map_validation
NaVi-collect-20260919-022341-193-a2b8792d	375	76549	0	0	no_supported_obstacle	assumed_first_frame_not_map_validation
NaVi-collect-20260919-022341-193-a2b8792d	377	76955	0	0	no_supported_obstacle	assumed_first_frame_not_map_validation
NaVi-collect-20260919-022341-193-a2b8792d	378	77166	0	0	no_supported_obstacle	assumed_first_frame_not_map_validation
NaVi-collect-20260919-022341-193-a2b8792d	379	77359	0	0	no_supported_obstacle	assumed_first_frame_not_map_validation
NaVi-collect-20260919-022341-193-a2b8792d	381	77754	0	0	no_supported_obstacle	assumed_first_frame_not_map_validation
NaVi-collect-20260919-022341-193-a2b8792d	382	77954	0	0	no_supported_obstacle	assumed_first_frame_not_map_validation
NaVi-collect-20260919-022341-193-a2b8792d	384	78379	0	0	no_supported_obstacle	assumed_first_frame_not_map_validation
NaVi-collect-20260919-022341-193-a2b8792d	385	78566	0	0	no_supported_obstacle	assumed_first_frame_not_map_validation
NaVi-collect-20260919-022341-193-a2b8792d	386	78768	0	0	no_supported_obstacle	assumed_first_frame_not_map_validation
NaVi-collect-20260919-022341-193-a2b8792d	388	79151	0	0	no_supported_obstacle	assumed_first_frame_not_map_validation
NaVi-collect-20260919-022341-193-a2b8792d	389	79382	0	0	no_supported_obstacle	assumed_first_frame_not_map_validation
NaVi-collect-20260919-022341-193-a2b8792d	391	79764	0	0	no_supported_obstacle	assumed_first_frame_not_map_validation
NaVi-collect-20260919-022341-193-a2b8792d	392	79966	0	0	no_supported_obstacle	assumed_first_frame_not_map_validation
NaVi-collect-20260919-022341-193-a2b8792d	393	80159	1	0	outside_sidewalk_or_mask_uncertain	assumed_first_frame_not_map_validation
NaVi-collect-20260919-022341-193-a2b8792d	395	80567	0	0	no_supported_obstacle	assumed_first_frame_not_map_validation
NaVi-collect-20260919-022341-193-a2b8792d	396	80789	0	0	no_supported_obstacle	assumed_first_frame_not_map_validation
NaVi-collect-20260919-022341-193-a2b8792d	398	81156	0	0	no_supported_obstacle	assumed_first_frame_not_map_validation
NaVi-collect-20260919-022341-193-a2b8792d	399	81372	0	0	no_supported_obstacle	assumed_first_frame_not_map_validation
NaVi-collect-20260919-022341-193-a2b8792d	401	81772	0	0	no_supported_obstacle	assumed_first_frame_not_map_validation
NaVi-collect-20260919-022341-193-a2b8792d	402	81965	0	0	no_supported_obstacle	assumed_first_frame_not_map_validation
NaVi-collect-20260919-022341-193-a2b8792d	404	82362	0	0	no_supported_obstacle	assumed_first_frame_not_map_validation
NaVi-collect-20260919-022341-193-a2b8792d	406	82785	0	0	no_supported_obstacle	assumed_first_frame_not_map_validation
NaVi-collect-20260919-022341-193-a2b8792d	407	82972	0	0	no_supported_obstacle	assumed_first_frame_not_map_validation
NaVi-collect-20260919-022341-193-a2b8792d	408	83162	0	0	no_supported_obstacle	assumed_first_frame_not_map_validation
NaVi-collect-20260919-022341-193-a2b8792d	410	83562	0	0	no_supported_obstacle	assumed_first_frame_not_map_validation
NaVi-collect-20260919-022341-193-a2b8792d	411	83779	0	0	no_supported_obstacle	assumed_first_frame_not_map_validation
NaVi-collect-20260919-022341-193-a2b8792d	413	84162	0	0	no_supported_obstacle	assumed_first_frame_not_map_validation
NaVi-collect-20260919-022341-193-a2b8792d	414	84363	0	0	no_supported_obstacle	assumed_first_frame_not_map_validation
NaVi-collect-20260919-022341-193-a2b8792d	415	84574	0	0	no_supported_obstacle	assumed_first_frame_not_map_validation
NaVi-collect-20260919-022341-193-a2b8792d	417	84977	0	0	no_supported_obstacle	assumed_first_frame_not_map_validation
NaVi-collect-20260919-022341-193-a2b8792d	418	85198	0	0	no_supported_obstacle	assumed_first_frame_not_map_validation
NaVi-collect-20260919-022341-193-a2b8792d	420	85568	0	0	no_supported_obstacle	assumed_first_frame_not_map_validation
NaVi-collect-20260919-022341-193-a2b8792d	421	85793	0	0	no_supported_obstacle	assumed_first_frame_not_map_validation
NaVi-collect-20260919-022341-193-a2b8792d	422	86011	0	0	no_supported_obstacle	assumed_first_frame_not_map_validation
NaVi-collect-20260919-022341-193-a2b8792d	424	86394	0	0	no_supported_obstacle	assumed_first_frame_not_map_validation
NaVi-collect-20260919-022341-193-a2b8792d	425	86590	0	0	no_supported_obstacle	assumed_first_frame_not_map_validation
NaVi-collect-20260919-022341-193-a2b8792d	426	86777	0	0	no_supported_obstacle	assumed_first_frame_not_map_validation
NaVi-collect-20260919-022341-193-a2b8792d	428	87192	0	0	no_supported_obstacle	assumed_first_frame_not_map_validation
NaVi-collect-20260919-022341-193-a2b8792d	429	87408	0	0	no_supported_obstacle	assumed_first_frame_not_map_validation
NaVi-collect-20260919-022341-193-a2b8792d	431	87790	0	0	no_supported_obstacle	assumed_first_frame_not_map_validation
NaVi-collect-20260919-022341-193-a2b8792d	432	87983	0	0	no_supported_obstacle	assumed_first_frame_not_map_validation
NaVi-collect-20260919-022341-193-a2b8792d	434	88393	0	0	no_supported_obstacle	assumed_first_frame_not_map_validation
NaVi-collect-20260919-022341-193-a2b8792d	435	88592	0	0	no_supported_obstacle	assumed_first_frame_not_map_validation
NaVi-collect-20260919-022341-193-a2b8792d	436	88785	0	0	no_supported_obstacle	assumed_first_frame_not_map_validation
NaVi-collect-20260919-022341-193-a2b8792d	438	89185	0	0	no_supported_obstacle	assumed_first_frame_not_map_validation
NaVi-collect-20260919-022341-193-a2b8792d	439	89384	0	0	no_supported_obstacle	assumed_first_frame_not_map_validation
NaVi-collect-20260919-022341-193-a2b8792d	441	89793	0	0	no_supported_obstacle	assumed_first_frame_not_map_validation
NaVi-collect-20260919-022341-193-a2b8792d	442	90023	0	0	no_supported_obstacle	assumed_first_frame_not_map_validation
NaVi-collect-20260919-022341-193-a2b8792d	443	90235	0	0	no_supported_obstacle	assumed_first_frame_not_map_validation
NaVi-collect-20260919-022341-193-a2b8792d	445	90654	0	0	no_supported_obstacle	assumed_first_frame_not_map_validation
NaVi-collect-20260919-022341-193-a2b8792d	446	90865	0	0	no_supported_obstacle	assumed_first_frame_not_map_validation
NaVi-collect-20260919-022341-193-a2b8792d	447	91090	0	0	no_supported_obstacle	assumed_first_frame_not_map_validation
NaVi-collect-20260919-022341-193-a2b8792d	448	91293	0	0	no_supported_obstacle	assumed_first_frame_not_map_validation
NaVi-collect-20260919-022341-193-a2b8792d	449	91522	0	0	no_supported_obstacle	assumed_first_frame_not_map_validation
NaVi-collect-20260919-022341-193-a2b8792d	451	91944	0	0	no_supported_obstacle	assumed_first_frame_not_map_validation
NaVi-collect-20260919-022341-193-a2b8792d	452	92130	0	0	no_supported_obstacle	assumed_first_frame_not_map_validation
NaVi-collect-20260919-022341-193-a2b8792d	453	92367	0	0	no_supported_obstacle	assumed_first_frame_not_map_validation
NaVi-collect-20260919-022341-193-a2b8792d	455	92772	0	0	no_supported_obstacle	assumed_first_frame_not_map_validation
NaVi-collect-20260919-022341-193-a2b8792d	456	93023	0	0	no_supported_obstacle	assumed_first_frame_not_map_validation
NaVi-collect-20260919-022341-193-a2b8792d	457	93236	0	0	no_supported_obstacle	assumed_first_frame_not_map_validation
NaVi-collect-20260919-022341-193-a2b8792d	458	93466	0	0	no_supported_obstacle	assumed_first_frame_not_map_validation
NaVi-collect-20260919-022341-193-a2b8792d	459	93700	0	0	no_supported_obstacle	assumed_first_frame_not_map_validation
NaVi-collect-20260919-022341-193-a2b8792d	460	93926	0	0	no_supported_obstacle	assumed_first_frame_not_map_validation
NaVi-collect-20260919-022341-193-a2b8792d	462	94352	0	0	no_supported_obstacle	assumed_first_frame_not_map_validation
NaVi-collect-20260919-022341-193-a2b8792d	463	94552	0	0	no_supported_obstacle	assumed_first_frame_not_map_validation
NaVi-collect-20260919-022341-193-a2b8792d	464	94768	0	0	no_supported_obstacle	assumed_first_frame_not_map_validation
NaVi-collect-20260919-022341-193-a2b8792d	465	94983	0	0	no_supported_obstacle	assumed_first_frame_not_map_validation
NaVi-collect-20260919-022341-193-a2b8792d	467	95420	0	0	no_supported_obstacle	assumed_first_frame_not_map_validation
NaVi-collect-20260919-022341-193-a2b8792d	468	95660	0	0	no_supported_obstacle	assumed_first_frame_not_map_validation
NaVi-collect-20260919-022341-193-a2b8792d	469	95853	0	0	no_supported_obstacle	assumed_first_frame_not_map_validation
NaVi-collect-20260919-022341-193-a2b8792d	470	96066	0	0	no_supported_obstacle	assumed_first_frame_not_map_validation
NaVi-collect-20260919-022341-193-a2b8792d	472	96503	0	0	no_supported_obstacle	assumed_first_frame_not_map_validation
NaVi-collect-20260919-022341-193-a2b8792d	473	96718	0	0	no_supported_obstacle	assumed_first_frame_not_map_validation
NaVi-collect-20260919-022341-193-a2b8792d	474	96955	0	0	no_supported_obstacle	assumed_first_frame_not_map_validation
NaVi-collect-20260919-022341-193-a2b8792d	475	97175	0	0	no_supported_obstacle	assumed_first_frame_not_map_validation
NaVi-collect-20260919-022341-193-a2b8792d	476	97358	0	0	no_supported_obstacle	assumed_first_frame_not_map_validation
NaVi-collect-20260919-022341-193-a2b8792d	477	97553	0	0	no_supported_obstacle	assumed_first_frame_not_map_validation
NaVi-collect-20260919-022341-193-a2b8792d	479	98012	0	0	no_supported_obstacle	assumed_first_frame_not_map_validation
NaVi-collect-20260919-022341-193-a2b8792d	480	98261	0	0	no_supported_obstacle	assumed_first_frame_not_map_validation
NaVi-collect-20260919-022341-193-a2b8792d	481	98480	0	0	no_supported_obstacle	assumed_first_frame_not_map_validation
NaVi-collect-20260919-022341-193-a2b8792d	482	98792	0	0	no_supported_obstacle	assumed_first_frame_not_map_validation
NaVi-collect-20260919-022341-193-a2b8792d	483	98921	0	0	no_supported_obstacle	assumed_first_frame_not_map_validation
NaVi-collect-20260919-022341-193-a2b8792d	485	99348	0	0	no_supported_obstacle	assumed_first_frame_not_map_validation
NaVi-collect-20260919-022341-193-a2b8792d	486	99559	0	0	no_supported_obstacle	assumed_first_frame_not_map_validation
NaVi-collect-20260919-022341-193-a2b8792d	487	99779	0	0	no_supported_obstacle	assumed_first_frame_not_map_validation
NaVi-collect-20260919-022341-193-a2b8792d	489	100216	0	0	no_supported_obstacle	assumed_first_frame_not_map_validation
NaVi-collect-20260919-022341-193-a2b8792d	490	100422	0	0	no_supported_obstacle	assumed_first_frame_not_map_validation
NaVi-collect-20260919-022341-193-a2b8792d	491	100617	0	0	no_supported_obstacle	assumed_first_frame_not_map_validation
NaVi-collect-20260919-022341-193-a2b8792d	493	101068	0	0	no_supported_obstacle	assumed_first_frame_not_map_validation
NaVi-collect-20260919-022341-193-a2b8792d	494	101294	0	0	no_supported_obstacle	assumed_first_frame_not_map_validation
NaVi-collect-20260919-022341-193-a2b8792d	495	101526	0	0	no_supported_obstacle	assumed_first_frame_not_map_validation
NaVi-collect-20260919-022341-193-a2b8792d	496	101743	0	0	no_supported_obstacle	assumed_first_frame_not_map_validation
NaVi-collect-20260919-022341-193-a2b8792d	497	101957	0	0	no_supported_obstacle	assumed_first_frame_not_map_validation
NaVi-collect-20260919-022341-193-a2b8792d	498	102182	0	0	no_supported_obstacle	assumed_first_frame_not_map_validation
NaVi-collect-20260919-022341-193-a2b8792d	500	102582	0	0	no_supported_obstacle	assumed_first_frame_not_map_validation
NaVi-collect-20260919-022341-193-a2b8792d	501	102798	0	0	no_supported_obstacle	assumed_first_frame_not_map_validation
NaVi-collect-20260919-022341-193-a2b8792d	502	102978	0	0	no_supported_obstacle	assumed_first_frame_not_map_validation
NaVi-collect-20260919-022341-193-a2b8792d	503	103226	0	0	no_supported_obstacle	assumed_first_frame_not_map_validation
NaVi-collect-20260919-022341-193-a2b8792d	505	103649	0	0	no_supported_obstacle	assumed_first_frame_not_map_validation
NaVi-collect-20260919-022341-193-a2b8792d	506	103862	0	0	no_supported_obstacle	assumed_first_frame_not_map_validation
NaVi-collect-20260919-022341-193-a2b8792d	507	104075	0	0	no_supported_obstacle	assumed_first_frame_not_map_validation
NaVi-collect-20260919-022341-193-a2b8792d	508	104320	0	0	no_supported_obstacle	assumed_first_frame_not_map_validation
NaVi-collect-20260919-022341-193-a2b8792d	509	104546	0	0	no_supported_obstacle	assumed_first_frame_not_map_validation
NaVi-collect-20260919-022341-193-a2b8792d	511	104993	0	0	no_supported_obstacle	assumed_first_frame_not_map_validation
NaVi-collect-20260919-022341-193-a2b8792d	512	105228	0	0	no_supported_obstacle	assumed_first_frame_not_map_validation
NaVi-collect-20260919-022341-193-a2b8792d	513	105463	0	0	no_supported_obstacle	assumed_first_frame_not_map_validation
NaVi-collect-20260919-022341-193-a2b8792d	514	105653	0	0	no_supported_obstacle	assumed_first_frame_not_map_validation
NaVi-collect-20260919-022341-193-a2b8792d	515	105853	0	0	no_supported_obstacle	assumed_first_frame_not_map_validation
NaVi-collect-20260919-022341-193-a2b8792d	517	106308	0	0	no_supported_obstacle	assumed_first_frame_not_map_validation
NaVi-collect-20260919-022341-193-a2b8792d	518	106486	0	0	no_supported_obstacle	assumed_first_frame_not_map_validation
NaVi-collect-20260919-022341-193-a2b8792d	519	106731	0	0	no_supported_obstacle	assumed_first_frame_not_map_validation
NaVi-collect-20260919-022341-193-a2b8792d	520	106960	0	0	no_supported_obstacle	assumed_first_frame_not_map_validation
NaVi-collect-20260919-022341-193-a2b8792d	522	107396	0	0	no_supported_obstacle	assumed_first_frame_not_map_validation
NaVi-collect-20260919-022341-193-a2b8792d	523	107621	0	0	no_supported_obstacle	assumed_first_frame_not_map_validation
NaVi-collect-20260919-022341-193-a2b8792d	524	107852	0	0	no_supported_obstacle	assumed_first_frame_not_map_validation
NaVi-collect-20260919-022341-193-a2b8792d	525	108058	0	0	no_supported_obstacle	assumed_first_frame_not_map_validation
NaVi-collect-20260919-022341-193-a2b8792d	527	108456	0	0	no_supported_obstacle	assumed_first_frame_not_map_validation
NaVi-collect-20260919-022341-193-a2b8792d	528	108651	0	0	no_supported_obstacle	assumed_first_frame_not_map_validation
NaVi-collect-20260919-022341-193-a2b8792d	529	108901	0	0	no_supported_obstacle	assumed_first_frame_not_map_validation
NaVi-collect-20260919-022341-193-a2b8792d	530	109132	0	0	no_supported_obstacle	assumed_first_frame_not_map_validation
NaVi-collect-20260919-022341-193-a2b8792d	531	109357	0	0	no_supported_obstacle	assumed_first_frame_not_map_validation
NaVi-collect-20260919-022341-193-a2b8792d	533	109785	0	0	no_supported_obstacle	assumed_first_frame_not_map_validation
NaVi-collect-20260919-022341-193-a2b8792d	535	110186	0	0	no_supported_obstacle	assumed_first_frame_not_map_validation
NaVi-collect-20260919-022341-193-a2b8792d	536	110405	0	0	no_supported_obstacle	assumed_first_frame_not_map_validation
NaVi-collect-20260919-022341-193-a2b8792d	537	110603	0	0	no_supported_obstacle	assumed_first_frame_not_map_validation
NaVi-collect-20260919-022341-193-a2b8792d	539	110991	0	0	no_supported_obstacle	assumed_first_frame_not_map_validation
NaVi-collect-20260919-022341-193-a2b8792d	540	111186	0	0	no_supported_obstacle	assumed_first_frame_not_map_validation
NaVi-collect-20260919-022341-193-a2b8792d	542	111589	0	0	no_supported_obstacle	assumed_first_frame_not_map_validation
NaVi-collect-20260919-022341-193-a2b8792d	543	111795	0	0	no_supported_obstacle	assumed_first_frame_not_map_validation
NaVi-collect-20260919-022341-193-a2b8792d	545	112189	0	0	no_supported_obstacle	assumed_first_frame_not_map_validation
NaVi-collect-20260919-022341-193-a2b8792d	546	112399	0	0	no_supported_obstacle	assumed_first_frame_not_map_validation
NaVi-collect-20260919-022341-193-a2b8792d	547	112596	0	0	no_supported_obstacle	assumed_first_frame_not_map_validation
NaVi-collect-20260919-022341-193-a2b8792d	549	112990	0	0	no_supported_obstacle	assumed_first_frame_not_map_validation
NaVi-collect-20260919-022341-193-a2b8792d	550	113193	0	0	no_supported_obstacle	assumed_first_frame_not_map_validation
NaVi-collect-20260919-022341-193-a2b8792d	552	113606	0	0	no_supported_obstacle	assumed_first_frame_not_map_validation
NaVi-collect-20260919-022341-193-a2b8792d	553	113803	0	0	no_supported_obstacle	assumed_first_frame_not_map_validation
NaVi-collect-20260919-022341-193-a2b8792d	554	113993	0	0	no_supported_obstacle	assumed_first_frame_not_map_validation
NaVi-collect-20260919-022341-193-a2b8792d	556	114434	0	0	no_supported_obstacle	assumed_first_frame_not_map_validation
NaVi-collect-20260919-022341-193-a2b8792d	557	114607	0	0	no_supported_obstacle	assumed_first_frame_not_map_validation
NaVi-collect-20260919-022341-193-a2b8792d	559	114999	0	0	no_supported_obstacle	assumed_first_frame_not_map_validation
NaVi-collect-20260919-022341-193-a2b8792d	560	115192	0	0	no_supported_obstacle	assumed_first_frame_not_map_validation
NaVi-collect-20260919-022341-193-a2b8792d	562	115612	0	0	no_supported_obstacle	assumed_first_frame_not_map_validation
NaVi-collect-20260919-022341-193-a2b8792d	563	115816	0	0	no_supported_obstacle	assumed_first_frame_not_map_validation
NaVi-collect-20260919-022341-193-a2b8792d	564	115998	0	0	no_supported_obstacle	assumed_first_frame_not_map_validation
NaVi-collect-20260919-022341-193-a2b8792d	566	116422	0	0	no_supported_obstacle	assumed_first_frame_not_map_validation
NaVi-collect-20260919-022341-193-a2b8792d	567	116622	0	0	no_supported_obstacle	assumed_first_frame_not_map_validation
NaVi-collect-20260919-022341-193-a2b8792d	569	117012	0	0	no_supported_obstacle	assumed_first_frame_not_map_validation
NaVi-collect-20260919-022341-193-a2b8792d	570	117220	0	0	no_supported_obstacle	assumed_first_frame_not_map_validation
NaVi-collect-20260919-022341-193-a2b8792d	572	117615	0	0	no_supported_obstacle	assumed_first_frame_not_map_validation
NaVi-collect-20260919-022341-193-a2b8792d	573	117829	0	0	no_supported_obstacle	assumed_first_frame_not_map_validation
NaVi-collect-20260919-022341-193-a2b8792d	574	118001	0	0	no_supported_obstacle	assumed_first_frame_not_map_validation
NaVi-collect-20260919-022341-193-a2b8792d	576	118426	0	0	no_supported_obstacle	assumed_first_frame_not_map_validation
NaVi-collect-20260919-022341-193-a2b8792d	577	118626	0	0	no_supported_obstacle	assumed_first_frame_not_map_validation
NaVi-collect-20260919-022341-193-a2b8792d	578	118810	0	0	no_supported_obstacle	assumed_first_frame_not_map_validation
NaVi-collect-20260919-022341-193-a2b8792d	580	119213	0	0	no_supported_obstacle	assumed_first_frame_not_map_validation
NaVi-collect-20260919-022341-193-a2b8792d	581	119430	0	0	no_supported_obstacle	assumed_first_frame_not_map_validation
NaVi-collect-20260919-022341-193-a2b8792d	583	119829	0	0	no_supported_obstacle	assumed_first_frame_not_map_validation
NaVi-collect-20260919-022341-193-a2b8792d	584	120040	0	0	no_supported_obstacle	assumed_first_frame_not_map_validation
NaVi-collect-20260919-022341-193-a2b8792d	586	120431	0	0	no_supported_obstacle	assumed_first_frame_not_map_validation
NaVi-collect-20260919-022341-193-a2b8792d	588	120819	0	0	no_supported_obstacle	assumed_first_frame_not_map_validation
NaVi-collect-20260919-022341-193-a2b8792d	589	121028	0	0	no_supported_obstacle	assumed_first_frame_not_map_validation
NaVi-collect-20260919-022341-193-a2b8792d	590	121222	0	0	no_supported_obstacle	assumed_first_frame_not_map_validation
NaVi-collect-20260919-022341-193-a2b8792d	592	121617	0	0	no_supported_obstacle	assumed_first_frame_not_map_validation
NaVi-collect-20260919-022341-193-a2b8792d	593	121833	0	0	no_supported_obstacle	assumed_first_frame_not_map_validation
NaVi-collect-20260919-022341-193-a2b8792d	594	122028	0	0	no_supported_obstacle	assumed_first_frame_not_map_validation
NaVi-collect-20260919-022341-193-a2b8792d	596	122442	0	0	no_supported_obstacle	assumed_first_frame_not_map_validation
NaVi-collect-20260919-022341-193-a2b8792d	597	122626	0	0	no_supported_obstacle	assumed_first_frame_not_map_validation
NaVi-collect-20260919-022341-193-a2b8792d	599	123042	0	0	no_supported_obstacle	assumed_first_frame_not_map_validation
NaVi-collect-20260919-022341-193-a2b8792d	600	123232	0	0	no_supported_obstacle	assumed_first_frame_not_map_validation
NaVi-collect-20260919-022341-193-a2b8792d	601	123430	0	0	no_supported_obstacle	assumed_first_frame_not_map_validation
NaVi-collect-20260919-022341-193-a2b8792d	603	123839	0	0	no_supported_obstacle	assumed_first_frame_not_map_validation
NaVi-collect-20260919-022341-193-a2b8792d	604	124034	0	0	no_supported_obstacle	assumed_first_frame_not_map_validation
NaVi-collect-20260919-022341-193-a2b8792d	606	124436	0	0	no_supported_obstacle	assumed_first_frame_not_map_validation
NaVi-collect-20260919-022341-193-a2b8792d	607	124649	0	0	no_supported_obstacle	assumed_first_frame_not_map_validation
NaVi-collect-20260919-022341-193-a2b8792d	609	125033	0	0	no_supported_obstacle	assumed_first_frame_not_map_validation
NaVi-collect-20260919-022341-193-a2b8792d	610	125222	0	0	no_supported_obstacle	assumed_first_frame_not_map_validation
NaVi-collect-20260919-022341-193-a2b8792d	611	125442	0	0	no_supported_obstacle	assumed_first_frame_not_map_validation
NaVi-collect-20260919-022341-193-a2b8792d	613	125832	0	0	no_supported_obstacle	assumed_first_frame_not_map_validation
NaVi-collect-20260919-022341-193-a2b8792d	614	126026	0	0	no_supported_obstacle	assumed_first_frame_not_map_validation
NaVi-collect-20260919-022341-193-a2b8792d	615	126255	0	0	no_supported_obstacle	assumed_first_frame_not_map_validation
NaVi-collect-20260919-022341-193-a2b8792d	617	126642	0	0	no_supported_obstacle	assumed_first_frame_not_map_validation
NaVi-collect-20260919-022341-193-a2b8792d	618	126840	0	0	no_supported_obstacle	assumed_first_frame_not_map_validation
NaVi-collect-20260919-022341-193-a2b8792d	619	127035	0	0	no_supported_obstacle	assumed_first_frame_not_map_validation
NaVi-collect-20260919-022341-193-a2b8792d	621	127438	0	0	no_supported_obstacle	assumed_first_frame_not_map_validation
NaVi-collect-20260919-022341-193-a2b8792d	622	127703	0	0	no_supported_obstacle	assumed_first_frame_not_map_validation
NaVi-collect-20260919-022341-193-a2b8792d	624	128047	0	0	no_supported_obstacle	assumed_first_frame_not_map_validation
NaVi-collect-20260919-022341-193-a2b8792d	625	128254	0	0	no_supported_obstacle	assumed_first_frame_not_map_validation
NaVi-collect-20260919-022341-193-a2b8792d	626	128483	0	0	no_supported_obstacle	assumed_first_frame_not_map_validation
NaVi-collect-20260919-022341-193-a2b8792d	628	128844	0	0	no_supported_obstacle	assumed_first_frame_not_map_validation
NaVi-collect-20260919-022341-193-a2b8792d	629	129045	0	0	no_supported_obstacle	assumed_first_frame_not_map_validation
NaVi-collect-20260919-022341-193-a2b8792d	630	129251	0	0	no_supported_obstacle	assumed_first_frame_not_map_validation
NaVi-collect-20260919-022341-193-a2b8792d	631	129446	0	0	no_supported_obstacle	assumed_first_frame_not_map_validation
NaVi-collect-20260919-022341-193-a2b8792d	633	129842	0	0	no_supported_obstacle	assumed_first_frame_not_map_validation
NaVi-collect-20260919-022341-193-a2b8792d	634	130052	0	0	no_supported_obstacle	assumed_first_frame_not_map_validation
NaVi-collect-20260919-022341-193-a2b8792d	635	130229	0	0	no_supported_obstacle	assumed_first_frame_not_map_validation
NaVi-collect-20260919-022341-193-a2b8792d	636	130450	0	0	no_supported_obstacle	assumed_first_frame_not_map_validation
NaVi-collect-20260919-022341-193-a2b8792d	637	130653	0	0	no_supported_obstacle	assumed_first_frame_not_map_validation
NaVi-collect-20260919-022341-193-a2b8792d	639	131043	0	0	no_supported_obstacle	assumed_first_frame_not_map_validation
NaVi-collect-20260919-022341-193-a2b8792d	640	131246	0	0	no_supported_obstacle	assumed_first_frame_not_map_validation
NaVi-collect-20260919-022341-193-a2b8792d	641	131444	0	0	no_supported_obstacle	assumed_first_frame_not_map_validation
NaVi-collect-20260919-022341-193-a2b8792d	643	131860	0	0	no_supported_obstacle	assumed_first_frame_not_map_validation
NaVi-collect-20260919-022341-193-a2b8792d	644	132055	0	0	no_supported_obstacle	assumed_first_frame_not_map_validation
NaVi-collect-20260919-022341-193-a2b8792d	645	132260	0	0	no_supported_obstacle	assumed_first_frame_not_map_validation
NaVi-collect-20260919-022341-193-a2b8792d	647	132649	0	0	no_supported_obstacle	assumed_first_frame_not_map_validation
NaVi-collect-20260919-022341-193-a2b8792d	648	132860	0	0	no_supported_obstacle	assumed_first_frame_not_map_validation
NaVi-collect-20260919-022341-193-a2b8792d	649	133050	0	0	no_supported_obstacle	assumed_first_frame_not_map_validation
NaVi-collect-20260919-022341-193-a2b8792d	651	133463	0	0	no_supported_obstacle	assumed_first_frame_not_map_validation
NaVi-collect-20260919-022341-193-a2b8792d	652	133676	0	0	no_supported_obstacle	assumed_first_frame_not_map_validation
NaVi-collect-20260919-022341-193-a2b8792d	653	133867	0	0	no_supported_obstacle	assumed_first_frame_not_map_validation
NaVi-collect-20260919-022341-193-a2b8792d	655	134263	0	0	no_supported_obstacle	assumed_first_frame_not_map_validation
NaVi-collect-20260919-022341-193-a2b8792d	656	134462	0	0	no_supported_obstacle	assumed_first_frame_not_map_validation
NaVi-collect-20260919-022341-193-a2b8792d	658	134864	0	0	no_supported_obstacle	assumed_first_frame_not_map_validation
NaVi-collect-20260919-022341-193-a2b8792d	659	135078	0	0	no_supported_obstacle	assumed_first_frame_not_map_validation
NaVi-collect-20260919-022341-193-a2b8792d	661	135463	0	0	no_supported_obstacle	assumed_first_frame_not_map_validation
NaVi-collect-20260919-022341-193-a2b8792d	662	135677	0	0	no_supported_obstacle	assumed_first_frame_not_map_validation
NaVi-collect-20260919-022341-193-a2b8792d	663	135884	0	0	no_supported_obstacle	assumed_first_frame_not_map_validation
NaVi-collect-20260919-022341-193-a2b8792d	665	136281	0	0	no_supported_obstacle	assumed_first_frame_not_map_validation
NaVi-collect-20260919-022341-193-a2b8792d	666	136465	0	0	no_supported_obstacle	assumed_first_frame_not_map_validation
NaVi-collect-20260919-022341-193-a2b8792d	668	136880	0	0	no_supported_obstacle	assumed_first_frame_not_map_validation
NaVi-collect-20260919-022341-193-a2b8792d	669	137070	0	0	no_supported_obstacle	assumed_first_frame_not_map_validation
NaVi-collect-20260919-022341-193-a2b8792d	671	137469	0	0	no_supported_obstacle	assumed_first_frame_not_map_validation
NaVi-collect-20260919-022341-193-a2b8792d	672	137686	0	0	no_supported_obstacle	assumed_first_frame_not_map_validation
NaVi-collect-20260919-022341-193-a2b8792d	674	138078	0	0	no_supported_obstacle	assumed_first_frame_not_map_validation
NaVi-collect-20260919-022341-193-a2b8792d	675	138290	0	0	no_supported_obstacle	assumed_first_frame_not_map_validation
NaVi-collect-20260919-022341-193-a2b8792d	676	138477	0	0	no_supported_obstacle	assumed_first_frame_not_map_validation
NaVi-collect-20260919-022341-193-a2b8792d	678	138872	0	0	no_supported_obstacle	assumed_first_frame_not_map_validation
NaVi-collect-20260919-022341-193-a2b8792d	679	139069	0	0	no_supported_obstacle	assumed_first_frame_not_map_validation
NaVi-collect-20260919-022341-193-a2b8792d	681	139485	0	0	no_supported_obstacle	assumed_first_frame_not_map_validation
NaVi-collect-20260919-022341-193-a2b8792d	682	139679	0	0	no_supported_obstacle	assumed_first_frame_not_map_validation
NaVi-collect-20260919-022341-193-a2b8792d	684	140075	0	0	no_supported_obstacle	assumed_first_frame_not_map_validation
NaVi-collect-20260919-022341-193-a2b8792d	685	140274	0	0	no_supported_obstacle	assumed_first_frame_not_map_validation
NaVi-collect-20260919-022341-193-a2b8792d	686	140476	0	0	no_supported_obstacle	assumed_first_frame_not_map_validation
NaVi-collect-20260919-022341-193-a2b8792d	688	140875	0	0	no_supported_obstacle	assumed_first_frame_not_map_validation
NaVi-collect-20260919-022341-193-a2b8792d	689	141085	0	0	no_supported_obstacle	assumed_first_frame_not_map_validation
NaVi-collect-20260919-022341-193-a2b8792d	690	141286	0	0	no_supported_obstacle	assumed_first_frame_not_map_validation
NaVi-collect-20260919-022341-193-a2b8792d	692	141695	0	0	no_supported_obstacle	assumed_first_frame_not_map_validation
NaVi-collect-20260919-022341-193-a2b8792d	693	141881	0	0	no_supported_obstacle	assumed_first_frame_not_map_validation
NaVi-collect-20260919-022341-193-a2b8792d	695	142305	0	0	no_supported_obstacle	assumed_first_frame_not_map_validation
NaVi-collect-20260919-022341-193-a2b8792d	696	142488	0	0	no_supported_obstacle	assumed_first_frame_not_map_validation
NaVi-collect-20260919-022341-193-a2b8792d	697	142702	0	0	no_supported_obstacle	assumed_first_frame_not_map_validation
NaVi-collect-20260919-022341-193-a2b8792d	699	143102	0	0	no_supported_obstacle	assumed_first_frame_not_map_validation
NaVi-collect-20260919-022341-193-a2b8792d	700	143302	0	0	no_supported_obstacle	assumed_first_frame_not_map_validation
NaVi-collect-20260919-022341-193-a2b8792d	701	143496	0	0	no_supported_obstacle	assumed_first_frame_not_map_validation
NaVi-collect-20260919-022341-193-a2b8792d	703	143892	0	0	no_supported_obstacle	assumed_first_frame_not_map_validation
NaVi-collect-20260919-022341-193-a2b8792d	704	144091	0	0	no_supported_obstacle	assumed_first_frame_not_map_validation
NaVi-collect-20260919-022341-193-a2b8792d	706	144496	0	0	no_supported_obstacle	assumed_first_frame_not_map_validation
NaVi-collect-20260919-022341-193-a2b8792d	707	144711	0	0	no_supported_obstacle	assumed_first_frame_not_map_validation
NaVi-collect-20260919-022341-193-a2b8792d	708	144908	0	0	no_supported_obstacle	assumed_first_frame_not_map_validation
NaVi-collect-20260919-022341-193-a2b8792d	710	145296	0	0	no_supported_obstacle	assumed_first_frame_not_map_validation
NaVi-collect-20260919-022341-193-a2b8792d	711	145495	0	0	no_supported_obstacle	assumed_first_frame_not_map_validation
NaVi-collect-20260919-022341-193-a2b8792d	712	145696	0	0	no_supported_obstacle	assumed_first_frame_not_map_validation
NaVi-collect-20260919-022341-193-a2b8792d	714	146103	0	0	no_supported_obstacle	assumed_first_frame_not_map_validation
NaVi-collect-20260919-022341-193-a2b8792d	715	146324	0	0	no_supported_obstacle	assumed_first_frame_not_map_validation
NaVi-collect-20260919-022341-193-a2b8792d	716	146494	0	0	no_supported_obstacle	assumed_first_frame_not_map_validation
NaVi-collect-20260919-022341-193-a2b8792d	718	146916	0	0	no_supported_obstacle	assumed_first_frame_not_map_validation
NaVi-collect-20260919-022341-193-a2b8792d	719	147108	0	0	no_supported_obstacle	assumed_first_frame_not_map_validation
NaVi-collect-20260919-022341-193-a2b8792d	720	147342	0	0	no_supported_obstacle	assumed_first_frame_not_map_validation
NaVi-collect-20260919-022341-193-a2b8792d	722	147763	0	0	no_supported_obstacle	assumed_first_frame_not_map_validation
NaVi-collect-20260919-022341-193-a2b8792d	723	147975	0	0	no_supported_obstacle	assumed_first_frame_not_map_validation
NaVi-collect-20260919-022341-193-a2b8792d	724	148170	0	0	no_supported_obstacle	assumed_first_frame_not_map_validation
NaVi-collect-20260919-022341-193-a2b8792d	726	148574	0	0	no_supported_obstacle	assumed_first_frame_not_map_validation
NaVi-collect-20260919-022341-193-a2b8792d	727	148824	0	0	no_supported_obstacle	assumed_first_frame_not_map_validation
NaVi-collect-20260919-022341-193-a2b8792d	728	149033	0	0	no_supported_obstacle	assumed_first_frame_not_map_validation
NaVi-collect-20260919-022341-193-a2b8792d	729	149276	0	0	no_supported_obstacle	assumed_first_frame_not_map_validation
NaVi-collect-20260919-022341-193-a2b8792d	730	149495	0	0	no_supported_obstacle	assumed_first_frame_not_map_validation
NaVi-collect-20260919-022341-193-a2b8792d	732	149896	0	0	no_supported_obstacle	assumed_first_frame_not_map_validation
NaVi-collect-20260919-022341-193-a2b8792d	733	150111	0	0	no_supported_obstacle	assumed_first_frame_not_map_validation
NaVi-collect-20260919-022341-193-a2b8792d	734	150335	0	0	no_supported_obstacle	assumed_first_frame_not_map_validation
NaVi-collect-20260919-022341-193-a2b8792d	736	150746	0	0	no_supported_obstacle	assumed_first_frame_not_map_validation
NaVi-collect-20260919-022341-193-a2b8792d	737	150967	0	0	no_supported_obstacle	assumed_first_frame_not_map_validation
NaVi-collect-20260919-022341-193-a2b8792d	738	151184	0	0	no_supported_obstacle	assumed_first_frame_not_map_validation
NaVi-collect-20260919-022341-193-a2b8792d	740	151612	0	0	no_supported_obstacle	assumed_first_frame_not_map_validation
NaVi-collect-20260919-022341-193-a2b8792d	741	151834	0	0	no_supported_obstacle	assumed_first_frame_not_map_validation
NaVi-collect-20260919-022341-193-a2b8792d	743	152262	0	0	no_supported_obstacle	assumed_first_frame_not_map_validation
NaVi-collect-20260919-022341-193-a2b8792d	744	152482	0	0	no_supported_obstacle	assumed_first_frame_not_map_validation
NaVi-collect-20260919-022341-193-a2b8792d	745	152712	0	0	no_supported_obstacle	assumed_first_frame_not_map_validation
NaVi-collect-20260919-022341-193-a2b8792d	747	153133	0	0	no_supported_obstacle	assumed_first_frame_not_map_validation
NaVi-collect-20260919-022341-193-a2b8792d	748	153339	0	0	no_supported_obstacle	assumed_first_frame_not_map_validation
NaVi-collect-20260919-022341-193-a2b8792d	749	153520	0	0	no_supported_obstacle	assumed_first_frame_not_map_validation
NaVi-collect-20260919-022341-193-a2b8792d	751	153934	0	0	no_supported_obstacle	assumed_first_frame_not_map_validation
NaVi-collect-20260919-022341-193-a2b8792d	752	154142	0	0	no_supported_obstacle	assumed_first_frame_not_map_validation
NaVi-collect-20260919-022341-193-a2b8792d	753	154388	0	0	no_supported_obstacle	assumed_first_frame_not_map_validation
NaVi-collect-20260919-022341-193-a2b8792d	755	154856	0	0	no_supported_obstacle	assumed_first_frame_not_map_validation
NaVi-collect-20260919-022341-193-a2b8792d	756	155069	0	0	no_supported_obstacle	assumed_first_frame_not_map_validation
NaVi-collect-20260919-022341-193-a2b8792d	757	155267	0	0	no_supported_obstacle	assumed_first_frame_not_map_validation
NaVi-collect-20260919-022341-193-a2b8792d	759	155659	0	0	no_supported_obstacle	assumed_first_frame_not_map_validation
NaVi-collect-20260919-022341-193-a2b8792d	760	155895	0	0	no_supported_obstacle	assumed_first_frame_not_map_validation
NaVi-collect-20260919-022341-193-a2b8792d	761	156117	0	0	no_supported_obstacle	assumed_first_frame_not_map_validation
NaVi-collect-20260919-022341-193-a2b8792d	762	156300	0	0	no_supported_obstacle	assumed_first_frame_not_map_validation
NaVi-collect-20260919-022341-193-a2b8792d	763	156538	0	0	no_supported_obstacle	assumed_first_frame_not_map_validation
NaVi-collect-20260919-022341-193-a2b8792d	765	156974	0	0	no_supported_obstacle	assumed_first_frame_not_map_validation
NaVi-collect-20260919-022341-193-a2b8792d	766	157199	0	0	no_supported_obstacle	assumed_first_frame_not_map_validation
NaVi-collect-20260919-022341-193-a2b8792d	768	157659	0	0	no_supported_obstacle	assumed_first_frame_not_map_validation
NaVi-collect-20260919-022341-193-a2b8792d	769	157869	0	0	no_supported_obstacle	assumed_first_frame_not_map_validation
NaVi-collect-20260919-022341-193-a2b8792d	770	158109	0	0	no_supported_obstacle	assumed_first_frame_not_map_validation
NaVi-collect-20260919-022341-193-a2b8792d	772	158529	0	0	no_supported_obstacle	assumed_first_frame_not_map_validation
NaVi-collect-20260919-022341-193-a2b8792d	773	158751	0	0	no_supported_obstacle	assumed_first_frame_not_map_validation
NaVi-collect-20260919-022341-193-a2b8792d	774	158930	0	0	no_supported_obstacle	assumed_first_frame_not_map_validation
NaVi-collect-20260919-022341-193-a2b8792d	776	159357	0	0	no_supported_obstacle	assumed_first_frame_not_map_validation
NaVi-collect-20260919-022341-193-a2b8792d	777	159535	0	0	no_supported_obstacle	assumed_first_frame_not_map_validation
NaVi-collect-20260919-022341-193-a2b8792d	779	159938	0	0	no_supported_obstacle	assumed_first_frame_not_map_validation
NaVi-collect-20260919-022341-193-a2b8792d	780	160148	0	0	no_supported_obstacle	assumed_first_frame_not_map_validation
NaVi-collect-20260919-022341-193-a2b8792d	782	160569	0	0	no_supported_obstacle	assumed_first_frame_not_map_validation
NaVi-collect-20260919-022341-193-a2b8792d	783	160753	0	0	no_supported_obstacle	assumed_first_frame_not_map_validation
NaVi-collect-20260919-022341-193-a2b8792d	785	161136	0	0	no_supported_obstacle	assumed_first_frame_not_map_validation
NaVi-collect-20260919-022341-193-a2b8792d	787	161553	0	0	no_supported_obstacle	assumed_first_frame_not_map_validation
NaVi-collect-20260919-022341-193-a2b8792d	789	161963	0	0	no_supported_obstacle	assumed_first_frame_not_map_validation
NaVi-collect-20260919-022341-193-a2b8792d	790	162140	0	0	no_supported_obstacle	assumed_first_frame_not_map_validation
NaVi-collect-20260919-022341-193-a2b8792d	791	162350	0	0	no_supported_obstacle	assumed_first_frame_not_map_validation
NaVi-collect-20260919-022341-193-a2b8792d	793	162748	0	0	no_supported_obstacle	assumed_first_frame_not_map_validation
NaVi-collect-20260919-022341-193-a2b8792d	795	163150	0	0	no_supported_obstacle	assumed_first_frame_not_map_validation
NaVi-collect-20260919-022341-193-a2b8792d	796	163371	0	0	no_supported_obstacle	assumed_first_frame_not_map_validation
NaVi-collect-20260919-022341-193-a2b8792d	797	163557	0	0	no_supported_obstacle	assumed_first_frame_not_map_validation
NaVi-collect-20260919-022341-193-a2b8792d	799	163950	0	0	no_supported_obstacle	assumed_first_frame_not_map_validation
NaVi-collect-20260919-022341-193-a2b8792d	800	164159	0	0	no_supported_obstacle	assumed_first_frame_not_map_validation
NaVi-collect-20260919-022341-193-a2b8792d	802	164552	0	0	no_supported_obstacle	assumed_first_frame_not_map_validation
NaVi-collect-20260919-022341-193-a2b8792d	804	164958	0	0	no_supported_obstacle	assumed_first_frame_not_map_validation
NaVi-collect-20260919-022341-193-a2b8792d	805	165156	0	0	no_supported_obstacle	assumed_first_frame_not_map_validation
NaVi-collect-20260919-022341-193-a2b8792d	807	165554	0	0	no_supported_obstacle	assumed_first_frame_not_map_validation
NaVi-collect-20260919-022341-193-a2b8792d	808	165787	0	0	no_supported_obstacle	assumed_first_frame_not_map_validation
NaVi-collect-20260919-022341-193-a2b8792d	810	166165	0	0	no_supported_obstacle	assumed_first_frame_not_map_validation
NaVi-collect-20260919-022341-193-a2b8792d	811	166371	0	0	no_supported_obstacle	assumed_first_frame_not_map_validation
NaVi-collect-20260919-022341-193-a2b8792d	813	166772	0	0	no_supported_obstacle	assumed_first_frame_not_map_validation
NaVi-collect-20260919-022341-193-a2b8792d	814	166968	0	0	no_supported_obstacle	assumed_first_frame_not_map_validation
NaVi-collect-20260919-022341-193-a2b8792d	816	167412	0	0	no_supported_obstacle	assumed_first_frame_not_map_validation
NaVi-collect-20260919-022341-193-a2b8792d	818	167757	0	0	no_supported_obstacle	assumed_first_frame_not_map_validation
NaVi-collect-20260919-022341-193-a2b8792d	819	167954	0	0	no_supported_obstacle	assumed_first_frame_not_map_validation
NaVi-collect-20260919-022341-193-a2b8792d	821	168375	0	0	no_supported_obstacle	assumed_first_frame_not_map_validation
NaVi-collect-20260919-022341-193-a2b8792d	822	168555	0	0	no_supported_obstacle	assumed_first_frame_not_map_validation
NaVi-collect-20260919-022341-193-a2b8792d	824	168990	0	0	no_supported_obstacle	assumed_first_frame_not_map_validation
NaVi-collect-20260919-022341-193-a2b8792d	825	169161	0	0	no_supported_obstacle	assumed_first_frame_not_map_validation
NaVi-collect-20260919-022341-193-a2b8792d	827	169560	0	0	no_supported_obstacle	assumed_first_frame_not_map_validation
NaVi-collect-20260919-022341-193-a2b8792d	828	169781	0	0	no_supported_obstacle	assumed_first_frame_not_map_validation
NaVi-collect-20260919-022341-193-a2b8792d	830	170182	0	0	no_supported_obstacle	assumed_first_frame_not_map_validation
NaVi-collect-20260919-022341-193-a2b8792d	832	170575	0	0	no_supported_obstacle	assumed_first_frame_not_map_validation
NaVi-collect-20260919-022341-193-a2b8792d	833	170801	0	0	no_supported_obstacle	assumed_first_frame_not_map_validation
NaVi-collect-20260919-022341-193-a2b8792d	835	171188	0	0	no_supported_obstacle	assumed_first_frame_not_map_validation
NaVi-collect-20260919-022341-193-a2b8792d	837	171587	0	0	no_supported_obstacle	assumed_first_frame_not_map_validation
NaVi-collect-20260919-022341-193-a2b8792d	838	171791	0	0	no_supported_obstacle	assumed_first_frame_not_map_validation
NaVi-collect-20260919-022341-193-a2b8792d	840	172181	0	0	no_supported_obstacle	assumed_first_frame_not_map_validation
NaVi-collect-20260919-022341-193-a2b8792d	842	172578	0	0	no_supported_obstacle	assumed_first_frame_not_map_validation
NaVi-collect-20260919-022341-193-a2b8792d	843	172799	0	0	no_supported_obstacle	assumed_first_frame_not_map_validation
NaVi-collect-20260919-022341-193-a2b8792d	845	173198	0	0	no_supported_obstacle	assumed_first_frame_not_map_validation
NaVi-collect-20260919-022341-193-a2b8792d	846	173376	0	0	no_supported_obstacle	assumed_first_frame_not_map_validation
NaVi-collect-20260919-022341-193-a2b8792d	848	173819	0	0	no_supported_obstacle	assumed_first_frame_not_map_validation
NaVi-collect-20260919-022341-193-a2b8792d	849	173995	0	0	no_supported_obstacle	assumed_first_frame_not_map_validation
NaVi-collect-20260919-022341-193-a2b8792d	851	174396	0	0	no_supported_obstacle	assumed_first_frame_not_map_validation
NaVi-collect-20260919-022341-193-a2b8792d	852	174595	0	0	no_supported_obstacle	assumed_first_frame_not_map_validation
NaVi-collect-20260919-022341-193-a2b8792d	854	175023	0	0	no_supported_obstacle	assumed_first_frame_not_map_validation
NaVi-collect-20260919-022341-193-a2b8792d	856	175384	0	0	no_supported_obstacle	assumed_first_frame_not_map_validation
NaVi-collect-20260919-022341-193-a2b8792d	857	175611	0	0	no_supported_obstacle	assumed_first_frame_not_map_validation
NaVi-collect-20260919-022341-193-a2b8792d	859	175995	0	0	no_supported_obstacle	assumed_first_frame_not_map_validation
NaVi-collect-20260919-022341-193-a2b8792d	860	176195	0	0	no_supported_obstacle	assumed_first_frame_not_map_validation
NaVi-collect-20260919-022341-193-a2b8792d	862	176583	0	0	no_supported_obstacle	assumed_first_frame_not_map_validation
NaVi-collect-20260919-022341-193-a2b8792d	863	176798	0	0	no_supported_obstacle	assumed_first_frame_not_map_validation
NaVi-collect-20260919-022341-193-a2b8792d	865	177196	0	0	no_supported_obstacle	assumed_first_frame_not_map_validation
NaVi-collect-20260919-022341-193-a2b8792d	867	177605	0	0	no_supported_obstacle	assumed_first_frame_not_map_validation
NaVi-collect-20260919-022341-193-a2b8792d	868	177786	0	0	no_supported_obstacle	assumed_first_frame_not_map_validation
NaVi-collect-20260919-022341-193-a2b8792d	870	178211	0	0	no_supported_obstacle	assumed_first_frame_not_map_validation
NaVi-collect-20260919-022341-193-a2b8792d	871	178392	0	0	no_supported_obstacle	assumed_first_frame_not_map_validation
NaVi-collect-20260919-022341-193-a2b8792d	873	178800	0	0	no_supported_obstacle	assumed_first_frame_not_map_validation
NaVi-collect-20260919-022341-193-a2b8792d	874	179015	0	0	no_supported_obstacle	assumed_first_frame_not_map_validation
NaVi-collect-20260919-022341-193-a2b8792d	875	179219	0	0	no_supported_obstacle	assumed_first_frame_not_map_validation
NaVi-collect-20260919-022341-193-a2b8792d	876	179404	0	0	no_supported_obstacle	assumed_first_frame_not_map_validation
NaVi-collect-20260919-022341-193-a2b8792d	877	179608	0	0	no_supported_obstacle	assumed_first_frame_not_map_validation
NaVi-collect-20260919-023430-697-4a81ff58	2	75	0	0	alignment_unavailable	assumed_first_frame_not_map_validation
NaVi-collect-20260919-023430-697-4a81ff58	3	278	0	0	alignment_unavailable	assumed_first_frame_not_map_validation
NaVi-collect-20260919-023430-697-4a81ff58	4	475	0	0	alignment_unavailable	assumed_first_frame_not_map_validation
NaVi-collect-20260919-023430-697-4a81ff58	5	659	0	0	alignment_unavailable	assumed_first_frame_not_map_validation
NaVi-collect-20260919-023430-697-4a81ff58	6	876	0	0	alignment_unavailable	assumed_first_frame_not_map_validation
NaVi-collect-20260919-023430-697-4a81ff58	7	1075	0	0	alignment_unavailable	assumed_first_frame_not_map_validation
NaVi-collect-20260919-023430-697-4a81ff58	8	1277	0	0	alignment_unavailable	assumed_first_frame_not_map_validation
NaVi-collect-20260919-023430-697-4a81ff58	9	1480	0	0	alignment_unavailable	assumed_first_frame_not_map_validation
NaVi-collect-20260919-023430-697-4a81ff58	10	1679	0	0	alignment_unavailable	assumed_first_frame_not_map_validation
NaVi-collect-20260919-023430-697-4a81ff58	11	1878	0	0	alignment_unavailable	assumed_first_frame_not_map_validation
NaVi-collect-20260919-023430-697-4a81ff58	12	2122	0	0	no_supported_obstacle	assumed_first_frame_not_map_validation
NaVi-collect-20260919-023430-697-4a81ff58	13	2300	0	0	no_supported_obstacle	assumed_first_frame_not_map_validation
NaVi-collect-20260919-023430-697-4a81ff58	14	2534	0	0	no_supported_obstacle	assumed_first_frame_not_map_validation
NaVi-collect-20260919-023430-697-4a81ff58	15	2734	0	0	no_supported_obstacle	assumed_first_frame_not_map_validation
NaVi-collect-20260919-023430-697-4a81ff58	16	2940	0	0	no_supported_obstacle	assumed_first_frame_not_map_validation
NaVi-collect-20260919-023430-697-4a81ff58	17	3142	0	0	no_supported_obstacle	assumed_first_frame_not_map_validation
NaVi-collect-20260919-023430-697-4a81ff58	18	3367	0	0	no_supported_obstacle	assumed_first_frame_not_map_validation
NaVi-collect-20260919-023430-697-4a81ff58	19	3573	0	0	no_supported_obstacle	assumed_first_frame_not_map_validation
NaVi-collect-20260919-023430-697-4a81ff58	20	3774	0	0	no_supported_obstacle	assumed_first_frame_not_map_validation
NaVi-collect-20260919-023430-697-4a81ff58	21	3969	0	0	no_supported_obstacle	assumed_first_frame_not_map_validation
NaVi-collect-20260919-023430-697-4a81ff58	22	4176	0	0	no_supported_obstacle	assumed_first_frame_not_map_validation
NaVi-collect-20260919-023430-697-4a81ff58	23	4376	0	0	no_supported_obstacle	assumed_first_frame_not_map_validation
NaVi-collect-20260919-023430-697-4a81ff58	24	4568	0	0	no_supported_obstacle	assumed_first_frame_not_map_validation
NaVi-collect-20260919-023430-697-4a81ff58	25	4777	0	0	no_supported_obstacle	assumed_first_frame_not_map_validation
NaVi-collect-20260919-023430-697-4a81ff58	26	4973	0	0	no_supported_obstacle	assumed_first_frame_not_map_validation
NaVi-collect-20260919-023430-697-4a81ff58	27	5175	0	0	no_supported_obstacle	assumed_first_frame_not_map_validation
NaVi-collect-20260919-023430-697-4a81ff58	28	5373	0	0	no_supported_obstacle	assumed_first_frame_not_map_validation
NaVi-collect-20260919-023430-697-4a81ff58	29	5573	0	0	no_supported_obstacle	assumed_first_frame_not_map_validation
NaVi-collect-20260919-023430-697-4a81ff58	30	5773	0	0	no_supported_obstacle	assumed_first_frame_not_map_validation
NaVi-collect-20260919-023430-697-4a81ff58	31	5987	0	0	no_supported_obstacle	assumed_first_frame_not_map_validation
NaVi-collect-20260919-023430-697-4a81ff58	32	6187	0	0	no_supported_obstacle	assumed_first_frame_not_map_validation
NaVi-collect-20260919-023430-697-4a81ff58	33	6387	0	0	no_supported_obstacle	assumed_first_frame_not_map_validation
NaVi-collect-20260919-023430-697-4a81ff58	34	6587	0	0	no_supported_obstacle	assumed_first_frame_not_map_validation
NaVi-collect-20260919-023430-697-4a81ff58	35	6787	0	0	no_supported_obstacle	assumed_first_frame_not_map_validation
NaVi-collect-20260919-023430-697-4a81ff58	36	6991	0	0	no_supported_obstacle	assumed_first_frame_not_map_validation
NaVi-collect-20260919-023430-697-4a81ff58	37	7174	0	0	no_supported_obstacle	assumed_first_frame_not_map_validation
NaVi-collect-20260919-023430-697-4a81ff58	38	7389	0	0	no_supported_obstacle	assumed_first_frame_not_map_validation
NaVi-collect-20260919-023430-697-4a81ff58	39	7591	0	0	no_supported_obstacle	assumed_first_frame_not_map_validation
NaVi-collect-20260919-023430-697-4a81ff58	40	7791	0	0	no_supported_obstacle	assumed_first_frame_not_map_validation
NaVi-collect-20260919-023430-697-4a81ff58	41	7990	0	0	no_supported_obstacle	assumed_first_frame_not_map_validation
NaVi-collect-20260919-023430-697-4a81ff58	42	8201	0	0	no_supported_obstacle	assumed_first_frame_not_map_validation
NaVi-collect-20260919-023430-697-4a81ff58	43	8397	0	0	no_supported_obstacle	assumed_first_frame_not_map_validation
NaVi-collect-20260919-023430-697-4a81ff58	44	8595	0	0	no_supported_obstacle	assumed_first_frame_not_map_validation
NaVi-collect-20260919-023430-697-4a81ff58	45	8790	0	0	no_supported_obstacle	assumed_first_frame_not_map_validation
NaVi-collect-20260919-023430-697-4a81ff58	46	9002	0	0	no_supported_obstacle	assumed_first_frame_not_map_validation
NaVi-collect-20260919-023430-697-4a81ff58	47	9229	0	0	no_supported_obstacle	assumed_first_frame_not_map_validation
NaVi-collect-20260919-023430-697-4a81ff58	48	9419	0	0	no_supported_obstacle	assumed_first_frame_not_map_validation
NaVi-collect-20260919-023430-697-4a81ff58	50	9788	0	0	no_supported_obstacle	assumed_first_frame_not_map_validation
NaVi-collect-20260919-023430-697-4a81ff58	51	10001	0	0	no_supported_obstacle	assumed_first_frame_not_map_validation
NaVi-collect-20260919-023430-697-4a81ff58	52	10238	0	0	no_supported_obstacle	assumed_first_frame_not_map_validation
NaVi-collect-20260919-023430-697-4a81ff58	53	10404	0	0	no_supported_obstacle	assumed_first_frame_not_map_validation
NaVi-collect-20260919-023430-697-4a81ff58	55	10799	0	0	no_supported_obstacle	assumed_first_frame_not_map_validation
NaVi-collect-20260919-023430-697-4a81ff58	56	11005	0	0	no_supported_obstacle	assumed_first_frame_not_map_validation
NaVi-collect-20260919-023430-697-4a81ff58	57	11202	0	0	no_supported_obstacle	assumed_first_frame_not_map_validation
NaVi-collect-20260919-023430-697-4a81ff58	58	11410	0	0	no_supported_obstacle	assumed_first_frame_not_map_validation
NaVi-collect-20260919-023430-697-4a81ff58	60	11811	0	0	no_supported_obstacle	assumed_first_frame_not_map_validation
NaVi-collect-20260919-023430-697-4a81ff58	61	12143	0	0	no_supported_obstacle	assumed_first_frame_not_map_validation
NaVi-collect-20260919-023430-697-4a81ff58	63	12506	0	0	no_supported_obstacle	assumed_first_frame_not_map_validation
NaVi-collect-20260919-023430-697-4a81ff58	65	12899	0	0	no_supported_obstacle	assumed_first_frame_not_map_validation
NaVi-collect-20260919-023430-697-4a81ff58	66	13101	0	0	no_supported_obstacle	assumed_first_frame_not_map_validation
NaVi-collect-20260919-023430-697-4a81ff58	67	13407	0	0	no_supported_obstacle	assumed_first_frame_not_map_validation
NaVi-collect-20260919-023430-697-4a81ff58	69	13723	0	0	no_supported_obstacle	assumed_first_frame_not_map_validation
NaVi-collect-20260919-023430-697-4a81ff58	70	13935	0	0	no_supported_obstacle	assumed_first_frame_not_map_validation
NaVi-collect-20260919-023430-697-4a81ff58	71	14132	0	0	no_supported_obstacle	assumed_first_frame_not_map_validation
NaVi-collect-20260919-023430-697-4a81ff58	72	14326	0	0	no_supported_obstacle	assumed_first_frame_not_map_validation
NaVi-collect-20260919-023430-697-4a81ff58	74	14762	0	0	no_supported_obstacle	assumed_first_frame_not_map_validation
NaVi-collect-20260919-023430-697-4a81ff58	75	14976	0	0	no_supported_obstacle	assumed_first_frame_not_map_validation
NaVi-collect-20260919-023430-697-4a81ff58	77	15367	0	0	no_supported_obstacle	assumed_first_frame_not_map_validation
NaVi-collect-20260919-023430-697-4a81ff58	78	15556	0	0	no_supported_obstacle	assumed_first_frame_not_map_validation
NaVi-collect-20260919-023430-697-4a81ff58	79	15849	0	0	no_supported_obstacle	assumed_first_frame_not_map_validation
NaVi-collect-20260919-023430-697-4a81ff58	81	16192	0	0	no_supported_obstacle	assumed_first_frame_not_map_validation
NaVi-collect-20260919-023430-697-4a81ff58	83	16608	0	0	no_supported_obstacle	assumed_first_frame_not_map_validation
NaVi-collect-20260919-023430-697-4a81ff58	84	16872	0	0	no_supported_obstacle	assumed_first_frame_not_map_validation
NaVi-collect-20260919-023430-697-4a81ff58	86	17248	0	0	no_supported_obstacle	assumed_first_frame_not_map_validation
NaVi-collect-20260919-023430-697-4a81ff58	87	17472	0	0	no_supported_obstacle	assumed_first_frame_not_map_validation
NaVi-collect-20260919-023430-697-4a81ff58	88	17685	0	0	no_supported_obstacle	assumed_first_frame_not_map_validation
NaVi-collect-20260919-023430-697-4a81ff58	90	18131	0	0	no_supported_obstacle	assumed_first_frame_not_map_validation
NaVi-collect-20260919-023430-697-4a81ff58	91	18324	0	0	no_supported_obstacle	assumed_first_frame_not_map_validation
NaVi-collect-20260919-023430-697-4a81ff58	92	18550	0	0	no_supported_obstacle	assumed_first_frame_not_map_validation
NaVi-collect-20260919-023430-697-4a81ff58	93	18773	0	0	no_supported_obstacle	assumed_first_frame_not_map_validation
NaVi-collect-20260919-023430-697-4a81ff58	94	18958	0	0	no_supported_obstacle	assumed_first_frame_not_map_validation
NaVi-collect-20260919-023430-697-4a81ff58	95	19154	0	0	no_supported_obstacle	assumed_first_frame_not_map_validation
NaVi-collect-20260919-023430-697-4a81ff58	96	19388	0	0	no_supported_obstacle	assumed_first_frame_not_map_validation
NaVi-collect-20260919-023430-697-4a81ff58	97	19611	0	0	no_supported_obstacle	assumed_first_frame_not_map_validation
NaVi-collect-20260919-023430-697-4a81ff58	98	19805	0	0	no_supported_obstacle	assumed_first_frame_not_map_validation
NaVi-collect-20260919-023430-697-4a81ff58	99	20063	0	0	no_supported_obstacle	assumed_first_frame_not_map_validation
NaVi-collect-20260919-023430-697-4a81ff58	100	20296	0	0	no_supported_obstacle	assumed_first_frame_not_map_validation
NaVi-collect-20260919-023430-697-4a81ff58	101	20506	0	0	no_supported_obstacle	assumed_first_frame_not_map_validation
NaVi-collect-20260919-023430-697-4a81ff58	102	20760	0	0	no_supported_obstacle	assumed_first_frame_not_map_validation
NaVi-collect-20260919-023430-697-4a81ff58	103	20943	0	0	no_supported_obstacle	assumed_first_frame_not_map_validation
NaVi-collect-20260919-023430-697-4a81ff58	104	21166	0	0	no_supported_obstacle	assumed_first_frame_not_map_validation
NaVi-collect-20260919-023430-697-4a81ff58	105	21381	0	0	no_supported_obstacle	assumed_first_frame_not_map_validation
NaVi-collect-20260919-023430-697-4a81ff58	106	21611	0	0	no_supported_obstacle	assumed_first_frame_not_map_validation
NaVi-collect-20260919-023430-697-4a81ff58	107	21870	0	0	no_supported_obstacle	assumed_first_frame_not_map_validation
NaVi-collect-20260919-023430-697-4a81ff58	108	22083	0	0	no_supported_obstacle	assumed_first_frame_not_map_validation
NaVi-collect-20260919-023430-697-4a81ff58	109	22297	0	0	no_supported_obstacle	assumed_first_frame_not_map_validation
NaVi-collect-20260919-023430-697-4a81ff58	110	22491	0	0	no_supported_obstacle	assumed_first_frame_not_map_validation
NaVi-collect-20260919-023430-697-4a81ff58	111	22742	0	0	no_supported_obstacle	assumed_first_frame_not_map_validation
NaVi-collect-20260919-023430-697-4a81ff58	112	22917	0	0	no_supported_obstacle	assumed_first_frame_not_map_validation
NaVi-collect-20260919-023430-697-4a81ff58	113	23123	0	0	no_supported_obstacle	assumed_first_frame_not_map_validation
NaVi-collect-20260919-023430-697-4a81ff58	114	23315	0	0	no_supported_obstacle	assumed_first_frame_not_map_validation
NaVi-collect-20260919-023430-697-4a81ff58	115	23511	0	0	no_supported_obstacle	assumed_first_frame_not_map_validation
NaVi-collect-20260919-023430-697-4a81ff58	116	23732	0	0	no_supported_obstacle	assumed_first_frame_not_map_validation
NaVi-collect-20260919-023430-697-4a81ff58	117	23949	0	0	no_supported_obstacle	assumed_first_frame_not_map_validation
NaVi-collect-20260919-023430-697-4a81ff58	118	24181	0	0	no_supported_obstacle	assumed_first_frame_not_map_validation
NaVi-collect-20260919-023430-697-4a81ff58	119	24428	0	0	no_supported_obstacle	assumed_first_frame_not_map_validation
NaVi-collect-20260919-023430-697-4a81ff58	120	24649	0	0	no_supported_obstacle	assumed_first_frame_not_map_validation
NaVi-collect-20260919-023430-697-4a81ff58	121	24853	0	0	no_supported_obstacle	assumed_first_frame_not_map_validation
NaVi-collect-20260919-023430-697-4a81ff58	122	25088	0	0	no_supported_obstacle	assumed_first_frame_not_map_validation
NaVi-collect-20260919-023430-697-4a81ff58	123	25332	0	0	no_supported_obstacle	assumed_first_frame_not_map_validation
NaVi-collect-20260919-023430-697-4a81ff58	124	25551	0	0	no_supported_obstacle	assumed_first_frame_not_map_validation
NaVi-collect-20260919-023430-697-4a81ff58	125	25747	0	0	no_supported_obstacle	assumed_first_frame_not_map_validation
NaVi-collect-20260919-023430-697-4a81ff58	126	25958	0	0	no_supported_obstacle	assumed_first_frame_not_map_validation
NaVi-collect-20260919-023430-697-4a81ff58	127	26155	0	0	no_supported_obstacle	assumed_first_frame_not_map_validation
NaVi-collect-20260919-023430-697-4a81ff58	128	26406	0	0	no_supported_obstacle	assumed_first_frame_not_map_validation
NaVi-collect-20260919-023430-697-4a81ff58	129	26589	0	0	no_supported_obstacle	assumed_first_frame_not_map_validation
NaVi-collect-20260919-023430-697-4a81ff58	130	26829	0	0	no_supported_obstacle	assumed_first_frame_not_map_validation
NaVi-collect-20260919-023430-697-4a81ff58	131	27053	0	0	no_supported_obstacle	assumed_first_frame_not_map_validation
NaVi-collect-20260919-023430-697-4a81ff58	132	27257	0	0	no_supported_obstacle	assumed_first_frame_not_map_validation
NaVi-collect-20260919-023430-697-4a81ff58	133	27489	0	0	no_supported_obstacle	assumed_first_frame_not_map_validation
NaVi-collect-20260919-023430-697-4a81ff58	134	27696	0	0	no_supported_obstacle	assumed_first_frame_not_map_validation
NaVi-collect-20260919-023430-697-4a81ff58	135	27914	0	0	no_supported_obstacle	assumed_first_frame_not_map_validation
NaVi-collect-20260919-023430-697-4a81ff58	136	28123	0	0	no_supported_obstacle	assumed_first_frame_not_map_validation
NaVi-collect-20260919-023430-697-4a81ff58	137	28314	0	0	no_supported_obstacle	assumed_first_frame_not_map_validation
NaVi-collect-20260919-023430-697-4a81ff58	138	28525	0	0	no_supported_obstacle	assumed_first_frame_not_map_validation
NaVi-collect-20260919-023430-697-4a81ff58	139	28748	0	0	no_supported_obstacle	assumed_first_frame_not_map_validation
NaVi-collect-20260919-023430-697-4a81ff58	140	28950	0	0	no_supported_obstacle	assumed_first_frame_not_map_validation
NaVi-collect-20260919-023430-697-4a81ff58	141	29158	0	0	no_supported_obstacle	assumed_first_frame_not_map_validation
NaVi-collect-20260919-023430-697-4a81ff58	142	29394	0	0	no_supported_obstacle	assumed_first_frame_not_map_validation
NaVi-collect-20260919-023430-697-4a81ff58	143	29638	0	0	no_supported_obstacle	assumed_first_frame_not_map_validation
NaVi-collect-20260919-023430-697-4a81ff58	144	29825	0	0	no_supported_obstacle	assumed_first_frame_not_map_validation
NaVi-collect-20260919-023430-697-4a81ff58	145	30055	0	0	no_supported_obstacle	assumed_first_frame_not_map_validation
NaVi-collect-20260919-023430-697-4a81ff58	146	30301	0	0	no_supported_obstacle	assumed_first_frame_not_map_validation
NaVi-collect-20260919-023430-697-4a81ff58	147	30527	0	0	no_supported_obstacle	assumed_first_frame_not_map_validation
NaVi-collect-20260919-023430-697-4a81ff58	148	30727	0	0	no_supported_obstacle	assumed_first_frame_not_map_validation
NaVi-collect-20260919-023430-697-4a81ff58	149	30956	0	0	no_supported_obstacle	assumed_first_frame_not_map_validation
NaVi-collect-20260919-023430-697-4a81ff58	150	31161	0	0	no_supported_obstacle	assumed_first_frame_not_map_validation
NaVi-collect-20260919-023430-697-4a81ff58	151	31386	0	0	no_supported_obstacle	assumed_first_frame_not_map_validation
NaVi-collect-20260919-023430-697-4a81ff58	152	31585	0	0	no_supported_obstacle	assumed_first_frame_not_map_validation
NaVi-collect-20260919-023430-697-4a81ff58	153	31820	0	0	no_supported_obstacle	assumed_first_frame_not_map_validation
NaVi-collect-20260919-023430-697-4a81ff58	154	32028	0	0	no_supported_obstacle	assumed_first_frame_not_map_validation
NaVi-collect-20260919-023430-697-4a81ff58	155	32231	0	0	no_supported_obstacle	assumed_first_frame_not_map_validation
NaVi-collect-20260919-023430-697-4a81ff58	156	32464	0	0	no_supported_obstacle	assumed_first_frame_not_map_validation
NaVi-collect-20260919-023430-697-4a81ff58	157	32662	0	0	no_supported_obstacle	assumed_first_frame_not_map_validation
NaVi-collect-20260919-023430-697-4a81ff58	158	32891	0	0	no_supported_obstacle	assumed_first_frame_not_map_validation
NaVi-collect-20260919-023430-697-4a81ff58	159	33099	0	0	no_supported_obstacle	assumed_first_frame_not_map_validation
NaVi-collect-20260919-023430-697-4a81ff58	160	33289	0	0	no_supported_obstacle	assumed_first_frame_not_map_validation
NaVi-collect-20260919-023430-697-4a81ff58	161	33487	0	0	no_supported_obstacle	assumed_first_frame_not_map_validation
NaVi-collect-20260919-023430-697-4a81ff58	162	33726	0	0	no_supported_obstacle	assumed_first_frame_not_map_validation
NaVi-collect-20260919-023430-697-4a81ff58	163	33936	0	0	no_supported_obstacle	assumed_first_frame_not_map_validation
NaVi-collect-20260919-023430-697-4a81ff58	164	34140	0	0	no_supported_obstacle	assumed_first_frame_not_map_validation
NaVi-collect-20260919-023430-697-4a81ff58	165	34409	0	0	no_supported_obstacle	assumed_first_frame_not_map_validation
NaVi-collect-20260919-023430-697-4a81ff58	166	34603	0	0	no_supported_obstacle	assumed_first_frame_not_map_validation
NaVi-collect-20260919-023430-697-4a81ff58	167	34820	0	0	no_supported_obstacle	assumed_first_frame_not_map_validation
NaVi-collect-20260919-023430-697-4a81ff58	168	35040	0	0	no_supported_obstacle	assumed_first_frame_not_map_validation
NaVi-collect-20260919-023430-697-4a81ff58	169	35182	0	0	no_supported_obstacle	assumed_first_frame_not_map_validation
NaVi-collect-20260919-023430-697-4a81ff58	170	35427	0	0	no_supported_obstacle	assumed_first_frame_not_map_validation
NaVi-collect-20260919-023430-697-4a81ff58	171	35632	0	0	no_supported_obstacle	assumed_first_frame_not_map_validation
NaVi-collect-20260919-023430-697-4a81ff58	172	35832	0	0	no_supported_obstacle	assumed_first_frame_not_map_validation
NaVi-collect-20260919-023430-697-4a81ff58	173	36038	0	0	no_supported_obstacle	assumed_first_frame_not_map_validation
NaVi-collect-20260919-023430-697-4a81ff58	174	36250	0	0	no_supported_obstacle	assumed_first_frame_not_map_validation
NaVi-collect-20260919-023430-697-4a81ff58	175	36433	0	0	no_supported_obstacle	assumed_first_frame_not_map_validation
NaVi-collect-20260919-023430-697-4a81ff58	177	36832	0	0	no_supported_obstacle	assumed_first_frame_not_map_validation
NaVi-collect-20260919-023430-697-4a81ff58	178	37032	0	0	no_supported_obstacle	assumed_first_frame_not_map_validation
NaVi-collect-20260919-023430-697-4a81ff58	179	37230	0	0	no_supported_obstacle	assumed_first_frame_not_map_validation
NaVi-collect-20260919-023430-697-4a81ff58	180	37429	0	0	no_supported_obstacle	assumed_first_frame_not_map_validation
NaVi-collect-20260919-023430-697-4a81ff58	181	37629	0	0	no_supported_obstacle	assumed_first_frame_not_map_validation
NaVi-collect-20260919-023430-697-4a81ff58	182	37833	0	0	no_supported_obstacle	assumed_first_frame_not_map_validation
NaVi-collect-20260919-023430-697-4a81ff58	184	38235	0	0	no_supported_obstacle	assumed_first_frame_not_map_validation
NaVi-collect-20260919-023430-697-4a81ff58	185	38436	0	0	no_supported_obstacle	assumed_first_frame_not_map_validation
NaVi-collect-20260919-023430-697-4a81ff58	186	38637	0	0	no_supported_obstacle	assumed_first_frame_not_map_validation
NaVi-collect-20260919-023430-697-4a81ff58	187	38828	0	0	no_supported_obstacle	assumed_first_frame_not_map_validation
NaVi-collect-20260919-023430-697-4a81ff58	188	39039	0	0	no_supported_obstacle	assumed_first_frame_not_map_validation
NaVi-collect-20260919-023430-697-4a81ff58	189	39257	0	0	no_supported_obstacle	assumed_first_frame_not_map_validation
NaVi-collect-20260919-023430-697-4a81ff58	190	39456	0	0	no_supported_obstacle	assumed_first_frame_not_map_validation
NaVi-collect-20260919-023430-697-4a81ff58	191	39636	0	0	no_supported_obstacle	assumed_first_frame_not_map_validation
NaVi-collect-20260919-023430-697-4a81ff58	192	39837	0	0	no_supported_obstacle	assumed_first_frame_not_map_validation
NaVi-collect-20260919-023430-697-4a81ff58	194	40241	0	0	no_supported_obstacle	assumed_first_frame_not_map_validation
NaVi-collect-20260919-023430-697-4a81ff58	195	40434	0	0	no_supported_obstacle	assumed_first_frame_not_map_validation
NaVi-collect-20260919-023430-697-4a81ff58	196	40662	0	0	no_supported_obstacle	assumed_first_frame_not_map_validation
NaVi-collect-20260919-023430-697-4a81ff58	197	40848	0	0	no_supported_obstacle	assumed_first_frame_not_map_validation
NaVi-collect-20260919-023430-697-4a81ff58	198	41034	0	0	no_supported_obstacle	assumed_first_frame_not_map_validation
NaVi-collect-20260919-023430-697-4a81ff58	199	41240	0	0	no_supported_obstacle	assumed_first_frame_not_map_validation
NaVi-collect-20260919-023430-697-4a81ff58	200	41460	0	0	no_supported_obstacle	assumed_first_frame_not_map_validation
NaVi-collect-20260919-023430-697-4a81ff58	201	41638	0	0	no_supported_obstacle	assumed_first_frame_not_map_validation
NaVi-collect-20260919-023430-697-4a81ff58	203	42042	0	0	no_supported_obstacle	assumed_first_frame_not_map_validation
NaVi-collect-20260919-023430-697-4a81ff58	204	42254	0	0	no_supported_obstacle	assumed_first_frame_not_map_validation
NaVi-collect-20260919-023430-697-4a81ff58	205	42451	0	0	no_supported_obstacle	assumed_first_frame_not_map_validation
NaVi-collect-20260919-023430-697-4a81ff58	206	42633	0	0	no_supported_obstacle	assumed_first_frame_not_map_validation
NaVi-collect-20260919-023430-697-4a81ff58	207	42851	0	0	no_supported_obstacle	assumed_first_frame_not_map_validation
NaVi-collect-20260919-023430-697-4a81ff58	208	43034	0	0	no_supported_obstacle	assumed_first_frame_not_map_validation
NaVi-collect-20260919-023430-697-4a81ff58	209	43248	0	0	no_supported_obstacle	assumed_first_frame_not_map_validation
NaVi-collect-20260919-023430-697-4a81ff58	211	43638	0	0	no_supported_obstacle	assumed_first_frame_not_map_validation
NaVi-collect-20260919-023430-697-4a81ff58	212	43858	0	0	no_supported_obstacle	assumed_first_frame_not_map_validation
NaVi-collect-20260919-023430-697-4a81ff58	213	44061	0	0	no_supported_obstacle	assumed_first_frame_not_map_validation
NaVi-collect-20260919-023430-697-4a81ff58	214	44251	0	0	no_supported_obstacle	assumed_first_frame_not_map_validation
NaVi-collect-20260919-023430-697-4a81ff58	215	44452	0	0	no_supported_obstacle	assumed_first_frame_not_map_validation
NaVi-collect-20260919-023430-697-4a81ff58	216	44659	0	0	no_supported_obstacle	assumed_first_frame_not_map_validation
NaVi-collect-20260919-023430-697-4a81ff58	217	44860	0	0	no_supported_obstacle	assumed_first_frame_not_map_validation
NaVi-collect-20260919-023430-697-4a81ff58	218	45068	0	0	no_supported_obstacle	assumed_first_frame_not_map_validation
NaVi-collect-20260919-023430-697-4a81ff58	219	45256	0	0	no_supported_obstacle	assumed_first_frame_not_map_validation
NaVi-collect-20260919-023430-697-4a81ff58	220	45456	0	0	no_supported_obstacle	assumed_first_frame_not_map_validation
NaVi-collect-20260919-023430-697-4a81ff58	222	45869	0	0	no_supported_obstacle	assumed_first_frame_not_map_validation
NaVi-collect-20260919-023430-697-4a81ff58	223	46070	0	0	no_supported_obstacle	assumed_first_frame_not_map_validation
NaVi-collect-20260919-023430-697-4a81ff58	224	46263	0	0	no_supported_obstacle	assumed_first_frame_not_map_validation
NaVi-collect-20260919-023430-697-4a81ff58	226	46670	0	0	no_supported_obstacle	assumed_first_frame_not_map_validation
NaVi-collect-20260919-023430-697-4a81ff58	227	46867	0	0	no_supported_obstacle	assumed_first_frame_not_map_validation
NaVi-collect-20260919-023430-697-4a81ff58	228	47073	0	0	no_supported_obstacle	assumed_first_frame_not_map_validation
NaVi-collect-20260919-023430-697-4a81ff58	230	47490	0	0	no_supported_obstacle	assumed_first_frame_not_map_validation
NaVi-collect-20260919-023430-697-4a81ff58	231	47668	0	0	no_supported_obstacle	assumed_first_frame_not_map_validation
NaVi-collect-20260919-023430-697-4a81ff58	232	47882	0	0	no_supported_obstacle	assumed_first_frame_not_map_validation
NaVi-collect-20260919-023430-697-4a81ff58	233	48084	0	0	no_supported_obstacle	assumed_first_frame_not_map_validation
NaVi-collect-20260919-023430-697-4a81ff58	235	48465	0	0	no_supported_obstacle	assumed_first_frame_not_map_validation
NaVi-collect-20260919-023430-697-4a81ff58	236	48668	0	0	no_supported_obstacle	assumed_first_frame_not_map_validation
NaVi-collect-20260919-023430-697-4a81ff58	237	48901	0	0	no_supported_obstacle	assumed_first_frame_not_map_validation
NaVi-collect-20260919-023430-697-4a81ff58	239	49284	0	0	no_supported_obstacle	assumed_first_frame_not_map_validation
NaVi-collect-20260919-023430-697-4a81ff58	240	49482	0	0	no_supported_obstacle	assumed_first_frame_not_map_validation
NaVi-collect-20260919-023430-697-4a81ff58	241	49667	0	0	no_supported_obstacle	assumed_first_frame_not_map_validation
NaVi-collect-20260919-023430-697-4a81ff58	243	50098	0	0	no_supported_obstacle	assumed_first_frame_not_map_validation
NaVi-collect-20260919-023430-697-4a81ff58	244	50298	0	0	no_supported_obstacle	assumed_first_frame_not_map_validation
NaVi-collect-20260919-023430-697-4a81ff58	245	50475	0	0	no_supported_obstacle	assumed_first_frame_not_map_validation
NaVi-collect-20260919-023430-697-4a81ff58	247	50909	0	0	no_supported_obstacle	assumed_first_frame_not_map_validation
NaVi-collect-20260919-023430-697-4a81ff58	248	51097	0	0	no_supported_obstacle	assumed_first_frame_not_map_validation
NaVi-collect-20260919-023430-697-4a81ff58	249	51291	0	0	no_supported_obstacle	assumed_first_frame_not_map_validation
NaVi-collect-20260919-023430-697-4a81ff58	250	51486	0	0	no_supported_obstacle	assumed_first_frame_not_map_validation
NaVi-collect-20260919-023430-697-4a81ff58	251	51688	0	0	no_supported_obstacle	assumed_first_frame_not_map_validation
NaVi-collect-20260919-023430-697-4a81ff58	253	52089	0	0	no_supported_obstacle	assumed_first_frame_not_map_validation
NaVi-collect-20260919-023430-697-4a81ff58	254	52284	0	0	no_supported_obstacle	assumed_first_frame_not_map_validation
NaVi-collect-20260919-023430-697-4a81ff58	255	52503	0	0	no_supported_obstacle	assumed_first_frame_not_map_validation
NaVi-collect-20260919-023430-697-4a81ff58	256	52688	0	0	no_supported_obstacle	assumed_first_frame_not_map_validation
NaVi-collect-20260919-023430-697-4a81ff58	257	52902	0	0	no_supported_obstacle	assumed_first_frame_not_map_validation
NaVi-collect-20260919-023430-697-4a81ff58	258	53091	0	0	no_supported_obstacle	assumed_first_frame_not_map_validation
NaVi-collect-20260919-023430-697-4a81ff58	259	53293	0	0	no_supported_obstacle	assumed_first_frame_not_map_validation
NaVi-collect-20260919-023430-697-4a81ff58	260	53505	0	0	no_supported_obstacle	assumed_first_frame_not_map_validation
NaVi-collect-20260919-023430-697-4a81ff58	261	53694	0	0	no_supported_obstacle	assumed_first_frame_not_map_validation
NaVi-collect-20260919-023430-697-4a81ff58	263	54103	0	0	no_supported_obstacle	assumed_first_frame_not_map_validation
NaVi-collect-20260919-023430-697-4a81ff58	264	54301	1	0	outside_sidewalk_or_mask_uncertain	assumed_first_frame_not_map_validation
NaVi-collect-20260919-023430-697-4a81ff58	265	54507	0	0	no_supported_obstacle	assumed_first_frame_not_map_validation
NaVi-collect-20260919-023430-697-4a81ff58	266	54699	0	0	no_supported_obstacle	assumed_first_frame_not_map_validation
NaVi-collect-20260919-023430-697-4a81ff58	267	54903	0	0	no_supported_obstacle	assumed_first_frame_not_map_validation
NaVi-collect-20260919-023430-697-4a81ff58	268	55120	0	0	no_supported_obstacle	assumed_first_frame_not_map_validation
NaVi-collect-20260919-023430-697-4a81ff58	269	55290	0	0	no_supported_obstacle	assumed_first_frame_not_map_validation
NaVi-collect-20260919-023430-697-4a81ff58	270	55498	0	0	no_supported_obstacle	assumed_first_frame_not_map_validation
NaVi-collect-20260919-023430-697-4a81ff58	271	55718	0	0	no_supported_obstacle	assumed_first_frame_not_map_validation
NaVi-collect-20260919-023430-697-4a81ff58	272	55902	0	0	no_supported_obstacle	assumed_first_frame_not_map_validation
NaVi-collect-20260919-023430-697-4a81ff58	274	56307	0	0	no_supported_obstacle	assumed_first_frame_not_map_validation
NaVi-collect-20260919-023430-697-4a81ff58	275	56493	0	0	no_supported_obstacle	assumed_first_frame_not_map_validation
NaVi-collect-20260919-023430-697-4a81ff58	276	56702	0	0	no_supported_obstacle	assumed_first_frame_not_map_validation
NaVi-collect-20260919-023430-697-4a81ff58	277	56900	0	0	no_supported_obstacle	assumed_first_frame_not_map_validation
NaVi-collect-20260919-023430-697-4a81ff58	278	57118	0	0	no_supported_obstacle	assumed_first_frame_not_map_validation
NaVi-collect-20260919-023430-697-4a81ff58	279	57318	0	0	no_supported_obstacle	assumed_first_frame_not_map_validation
NaVi-collect-20260919-023430-697-4a81ff58	280	57508	0	0	no_supported_obstacle	assumed_first_frame_not_map_validation
NaVi-collect-20260919-023430-697-4a81ff58	282	57899	0	0	no_supported_obstacle	assumed_first_frame_not_map_validation
NaVi-collect-20260919-023430-697-4a81ff58	283	58123	0	0	no_supported_obstacle	assumed_first_frame_not_map_validation
NaVi-collect-20260919-023430-697-4a81ff58	284	58320	0	0	no_supported_obstacle	assumed_first_frame_not_map_validation
NaVi-collect-20260919-023430-697-4a81ff58	285	58510	0	0	no_supported_obstacle	assumed_first_frame_not_map_validation
NaVi-collect-20260919-023430-697-4a81ff58	286	58726	0	0	no_supported_obstacle	assumed_first_frame_not_map_validation
NaVi-collect-20260919-023430-697-4a81ff58	287	58914	0	0	no_supported_obstacle	assumed_first_frame_not_map_validation
NaVi-collect-20260919-023430-697-4a81ff58	289	59312	0	0	no_supported_obstacle	assumed_first_frame_not_map_validation
NaVi-collect-20260919-023430-697-4a81ff58	290	59515	0	0	no_supported_obstacle	assumed_first_frame_not_map_validation
NaVi-collect-20260919-023430-697-4a81ff58	291	59727	0	0	no_supported_obstacle	assumed_first_frame_not_map_validation
NaVi-collect-20260919-023430-697-4a81ff58	292	59926	0	0	no_supported_obstacle	assumed_first_frame_not_map_validation
NaVi-collect-20260919-023430-697-4a81ff58	294	60343	0	0	no_supported_obstacle	assumed_first_frame_not_map_validation
NaVi-collect-20260919-023430-697-4a81ff58	296	60742	0	0	no_supported_obstacle	assumed_first_frame_not_map_validation
NaVi-collect-20260919-023430-697-4a81ff58	298	61159	1	0	outside_sidewalk_or_mask_uncertain	assumed_first_frame_not_map_validation
NaVi-collect-20260919-023430-697-4a81ff58	300	61531	1	0	outside_sidewalk_or_mask_uncertain	assumed_first_frame_not_map_validation
NaVi-collect-20260919-023430-697-4a81ff58	301	61731	1	0	outside_sidewalk_or_mask_uncertain	assumed_first_frame_not_map_validation
NaVi-collect-20260919-023430-697-4a81ff58	303	62120	1	0	outside_sidewalk_or_mask_uncertain	assumed_first_frame_not_map_validation
NaVi-collect-20260919-023430-697-4a81ff58	304	62339	0	0	no_supported_obstacle	assumed_first_frame_not_map_validation
NaVi-collect-20260919-023430-697-4a81ff58	306	62718	0	0	no_supported_obstacle	assumed_first_frame_not_map_validation
NaVi-collect-20260919-023430-697-4a81ff58	307	62927	0	0	no_supported_obstacle	assumed_first_frame_not_map_validation
NaVi-collect-20260919-023430-697-4a81ff58	308	63138	0	0	no_supported_obstacle	assumed_first_frame_not_map_validation
NaVi-collect-20260919-023430-697-4a81ff58	310	63520	0	0	no_supported_obstacle	assumed_first_frame_not_map_validation
NaVi-collect-20260919-023430-697-4a81ff58	311	63733	0	0	no_supported_obstacle	assumed_first_frame_not_map_validation
NaVi-collect-20260919-023430-697-4a81ff58	312	63933	0	0	no_supported_obstacle	assumed_first_frame_not_map_validation
NaVi-collect-20260919-023430-697-4a81ff58	314	64325	0	0	no_supported_obstacle	assumed_first_frame_not_map_validation
NaVi-collect-20260919-023430-697-4a81ff58	315	64527	1	0	outside_sidewalk_or_mask_uncertain	assumed_first_frame_not_map_validation
NaVi-collect-20260919-023430-697-4a81ff58	316	64730	1	0	outside_sidewalk_or_mask_uncertain	assumed_first_frame_not_map_validation
NaVi-collect-20260919-023430-697-4a81ff58	318	65123	0	0	no_supported_obstacle	assumed_first_frame_not_map_validation
NaVi-collect-20260919-023430-697-4a81ff58	319	65339	0	0	no_supported_obstacle	assumed_first_frame_not_map_validation
NaVi-collect-20260919-023430-697-4a81ff58	320	65533	0	0	no_supported_obstacle	assumed_first_frame_not_map_validation
NaVi-collect-20260919-023430-697-4a81ff58	322	65928	0	0	no_supported_obstacle	assumed_first_frame_not_map_validation
NaVi-collect-20260919-023430-697-4a81ff58	323	66134	0	0	no_supported_obstacle	assumed_first_frame_not_map_validation
NaVi-collect-20260919-023430-697-4a81ff58	324	66338	0	0	no_supported_obstacle	assumed_first_frame_not_map_validation
NaVi-collect-20260919-023430-697-4a81ff58	326	66730	0	0	no_supported_obstacle	assumed_first_frame_not_map_validation
NaVi-collect-20260919-023430-697-4a81ff58	327	66948	0	0	no_supported_obstacle	assumed_first_frame_not_map_validation
NaVi-collect-20260919-023430-697-4a81ff58	328	67140	0	0	no_supported_obstacle	assumed_first_frame_not_map_validation
NaVi-collect-20260919-023430-697-4a81ff58	330	67557	0	0	no_supported_obstacle	assumed_first_frame_not_map_validation
NaVi-collect-20260919-023430-697-4a81ff58	331	67748	1	0	outside_sidewalk_or_mask_uncertain	assumed_first_frame_not_map_validation
NaVi-collect-20260919-023430-697-4a81ff58	333	68137	0	0	no_supported_obstacle	assumed_first_frame_not_map_validation
NaVi-collect-20260919-023430-697-4a81ff58	334	68347	0	0	no_supported_obstacle	assumed_first_frame_not_map_validation
NaVi-collect-20260919-023430-697-4a81ff58	336	68733	0	0	no_supported_obstacle	assumed_first_frame_not_map_validation
NaVi-collect-20260919-023430-697-4a81ff58	337	68944	0	0	no_supported_obstacle	assumed_first_frame_not_map_validation
NaVi-collect-20260919-023430-697-4a81ff58	338	69142	0	0	no_supported_obstacle	assumed_first_frame_not_map_validation
NaVi-collect-20260919-023430-697-4a81ff58	339	69345	0	0	no_supported_obstacle	assumed_first_frame_not_map_validation
NaVi-collect-20260919-023430-697-4a81ff58	341	69756	0	0	no_supported_obstacle	assumed_first_frame_not_map_validation
NaVi-collect-20260919-023430-697-4a81ff58	342	69949	0	0	no_supported_obstacle	assumed_first_frame_not_map_validation
NaVi-collect-20260919-023430-697-4a81ff58	343	70140	0	0	no_supported_obstacle	assumed_first_frame_not_map_validation
NaVi-collect-20260919-023430-697-4a81ff58	345	70541	0	0	no_supported_obstacle	assumed_first_frame_not_map_validation
NaVi-collect-20260919-023430-697-4a81ff58	346	70747	0	0	no_supported_obstacle	assumed_first_frame_not_map_validation
NaVi-collect-20260919-023430-697-4a81ff58	347	70947	0	0	no_supported_obstacle	assumed_first_frame_not_map_validation
NaVi-collect-20260919-023430-697-4a81ff58	349	71363	0	0	no_supported_obstacle	assumed_first_frame_not_map_validation
NaVi-collect-20260919-023430-697-4a81ff58	350	71546	0	0	no_supported_obstacle	assumed_first_frame_not_map_validation
NaVi-collect-20260919-023430-697-4a81ff58	352	71953	0	0	no_supported_obstacle	assumed_first_frame_not_map_validation
NaVi-collect-20260919-023430-697-4a81ff58	353	72144	0	0	no_supported_obstacle	assumed_first_frame_not_map_validation
NaVi-collect-20260919-023430-697-4a81ff58	355	72546	0	0	no_supported_obstacle	assumed_first_frame_not_map_validation
NaVi-collect-20260919-023430-697-4a81ff58	356	72744	0	0	no_supported_obstacle	assumed_first_frame_not_map_validation
NaVi-collect-20260919-023430-697-4a81ff58	357	72948	0	0	no_supported_obstacle	assumed_first_frame_not_map_validation
NaVi-collect-20260919-023430-697-4a81ff58	359	73367	0	0	no_supported_obstacle	assumed_first_frame_not_map_validation
NaVi-collect-20260919-023430-697-4a81ff58	360	73555	0	0	no_supported_obstacle	assumed_first_frame_not_map_validation
NaVi-collect-20260919-023430-697-4a81ff58	361	73744	0	0	no_supported_obstacle	assumed_first_frame_not_map_validation
NaVi-collect-20260919-023430-697-4a81ff58	363	74155	0	0	no_supported_obstacle	assumed_first_frame_not_map_validation
NaVi-collect-20260919-023430-697-4a81ff58	364	74365	0	0	no_supported_obstacle	assumed_first_frame_not_map_validation
NaVi-collect-20260919-023430-697-4a81ff58	365	74556	0	0	no_supported_obstacle	assumed_first_frame_not_map_validation
NaVi-collect-20260919-023430-697-4a81ff58	367	74973	0	0	no_supported_obstacle	assumed_first_frame_not_map_validation
NaVi-collect-20260919-023430-697-4a81ff58	368	75149	0	0	no_supported_obstacle	assumed_first_frame_not_map_validation
NaVi-collect-20260919-023430-697-4a81ff58	370	75572	0	0	no_supported_obstacle	assumed_first_frame_not_map_validation
NaVi-collect-20260919-023430-697-4a81ff58	371	75776	0	0	no_supported_obstacle	assumed_first_frame_not_map_validation
NaVi-collect-20260919-023430-697-4a81ff58	373	76157	1	0	outside_sidewalk_or_mask_uncertain	assumed_first_frame_not_map_validation
NaVi-collect-20260919-023430-697-4a81ff58	374	76375	1	0	persistence_pending	assumed_first_frame_not_map_validation
NaVi-collect-20260919-023430-697-4a81ff58	375	76575	1	0	outside_sidewalk_or_mask_uncertain	assumed_first_frame_not_map_validation
NaVi-collect-20260919-023430-697-4a81ff58	377	76969	0	0	no_supported_obstacle	assumed_first_frame_not_map_validation
NaVi-collect-20260919-023430-697-4a81ff58	378	77174	0	0	no_supported_obstacle	assumed_first_frame_not_map_validation
NaVi-collect-20260919-023430-697-4a81ff58	380	77564	0	0	no_supported_obstacle	assumed_first_frame_not_map_validation
NaVi-collect-20260919-023430-697-4a81ff58	381	77777	0	0	no_supported_obstacle	assumed_first_frame_not_map_validation
NaVi-collect-20260919-023430-697-4a81ff58	382	78003	0	0	no_supported_obstacle	assumed_first_frame_not_map_validation
NaVi-collect-20260919-023430-697-4a81ff58	384	78371	0	0	no_supported_obstacle	assumed_first_frame_not_map_validation
NaVi-collect-20260919-023430-697-4a81ff58	385	78567	0	0	no_supported_obstacle	assumed_first_frame_not_map_validation
NaVi-collect-20260919-023430-697-4a81ff58	386	78798	0	0	no_supported_obstacle	assumed_first_frame_not_map_validation
NaVi-collect-20260919-023430-697-4a81ff58	388	79180	0	0	no_supported_obstacle	assumed_first_frame_not_map_validation
NaVi-collect-20260919-023430-697-4a81ff58	389	79391	0	0	no_supported_obstacle	assumed_first_frame_not_map_validation
NaVi-collect-20260919-023430-697-4a81ff58	390	79604	0	0	no_supported_obstacle	assumed_first_frame_not_map_validation
NaVi-collect-20260919-023430-697-4a81ff58	392	79988	0	0	no_supported_obstacle	assumed_first_frame_not_map_validation
NaVi-collect-20260919-023430-697-4a81ff58	393	80184	0	0	no_supported_obstacle	assumed_first_frame_not_map_validation
NaVi-collect-20260919-023430-697-4a81ff58	394	80369	0	0	no_supported_obstacle	assumed_first_frame_not_map_validation
NaVi-collect-20260919-023430-697-4a81ff58	396	80782	0	0	no_supported_obstacle	assumed_first_frame_not_map_validation
NaVi-collect-20260919-023430-697-4a81ff58	397	80980	0	0	no_supported_obstacle	assumed_first_frame_not_map_validation
NaVi-collect-20260919-023430-697-4a81ff58	398	81178	0	0	no_supported_obstacle	assumed_first_frame_not_map_validation
NaVi-collect-20260919-023430-697-4a81ff58	399	81379	0	0	no_supported_obstacle	assumed_first_frame_not_map_validation
NaVi-collect-20260919-023430-697-4a81ff58	401	81767	0	0	no_supported_obstacle	assumed_first_frame_not_map_validation
NaVi-collect-20260919-023430-697-4a81ff58	402	81982	0	0	no_supported_obstacle	assumed_first_frame_not_map_validation
NaVi-collect-20260919-023430-697-4a81ff58	403	82178	0	0	no_supported_obstacle	assumed_first_frame_not_map_validation
NaVi-collect-20260919-023430-697-4a81ff58	405	82581	0	0	no_supported_obstacle	assumed_first_frame_not_map_validation
NaVi-collect-20260919-023430-697-4a81ff58	406	82790	0	0	no_supported_obstacle	assumed_first_frame_not_map_validation
NaVi-collect-20260919-023430-697-4a81ff58	408	83189	0	0	no_supported_obstacle	assumed_first_frame_not_map_validation
NaVi-collect-20260919-023430-697-4a81ff58	409	83413	0	0	no_supported_obstacle	assumed_first_frame_not_map_validation
NaVi-collect-20260919-023430-697-4a81ff58	410	83601	0	0	no_supported_obstacle	assumed_first_frame_not_map_validation
NaVi-collect-20260919-023430-697-4a81ff58	412	83995	0	0	no_supported_obstacle	assumed_first_frame_not_map_validation
NaVi-collect-20260919-023430-697-4a81ff58	413	84187	0	0	no_supported_obstacle	assumed_first_frame_not_map_validation
NaVi-collect-20260919-023430-697-4a81ff58	415	84591	0	0	no_supported_obstacle	assumed_first_frame_not_map_validation
NaVi-collect-20260919-023430-697-4a81ff58	416	84792	0	0	no_supported_obstacle	assumed_first_frame_not_map_validation
NaVi-collect-20260919-023430-697-4a81ff58	417	84999	0	0	no_supported_obstacle	assumed_first_frame_not_map_validation
NaVi-collect-20260919-023430-697-4a81ff58	419	85410	0	0	no_supported_obstacle	assumed_first_frame_not_map_validation
NaVi-collect-20260919-023430-697-4a81ff58	420	85603	1	0	outside_sidewalk_or_mask_uncertain	assumed_first_frame_not_map_validation
NaVi-collect-20260919-023430-697-4a81ff58	421	85820	1	0	outside_sidewalk_or_mask_uncertain	assumed_first_frame_not_map_validation
NaVi-collect-20260919-023430-697-4a81ff58	423	86196	0	0	no_supported_obstacle	assumed_first_frame_not_map_validation
NaVi-collect-20260919-023430-697-4a81ff58	424	86401	0	0	no_supported_obstacle	assumed_first_frame_not_map_validation
NaVi-collect-20260919-023430-697-4a81ff58	426	86801	1	0	outside_sidewalk_or_mask_uncertain	assumed_first_frame_not_map_validation
NaVi-collect-20260919-023430-697-4a81ff58	427	87002	0	0	no_supported_obstacle	assumed_first_frame_not_map_validation
NaVi-collect-20260919-023430-697-4a81ff58	428	87190	1	0	outside_sidewalk_or_mask_uncertain	assumed_first_frame_not_map_validation
NaVi-collect-20260919-023430-697-4a81ff58	430	87592	0	0	no_supported_obstacle	assumed_first_frame_not_map_validation
NaVi-collect-20260919-023430-697-4a81ff58	431	87806	0	0	no_supported_obstacle	assumed_first_frame_not_map_validation
NaVi-collect-20260919-023430-697-4a81ff58	433	88191	0	0	no_supported_obstacle	assumed_first_frame_not_map_validation
NaVi-collect-20260919-023430-697-4a81ff58	434	88413	0	0	no_supported_obstacle	assumed_first_frame_not_map_validation
NaVi-collect-20260919-023430-697-4a81ff58	435	88603	0	0	no_supported_obstacle	assumed_first_frame_not_map_validation
NaVi-collect-20260919-023430-697-4a81ff58	437	89007	0	0	no_supported_obstacle	assumed_first_frame_not_map_validation
NaVi-collect-20260919-023430-697-4a81ff58	438	89213	0	0	no_supported_obstacle	assumed_first_frame_not_map_validation
NaVi-collect-20260919-023430-697-4a81ff58	440	89611	0	0	no_supported_obstacle	assumed_first_frame_not_map_validation
NaVi-collect-20260919-023430-697-4a81ff58	441	89800	0	0	no_supported_obstacle	assumed_first_frame_not_map_validation
NaVi-collect-20260919-023430-697-4a81ff58	443	90193	0	0	no_supported_obstacle	assumed_first_frame_not_map_validation
NaVi-collect-20260919-023430-697-4a81ff58	444	90417	0	0	no_supported_obstacle	assumed_first_frame_not_map_validation
NaVi-collect-20260919-023430-697-4a81ff58	445	90612	0	0	no_supported_obstacle	assumed_first_frame_not_map_validation
NaVi-collect-20260919-023430-697-4a81ff58	446	90800	0	0	no_supported_obstacle	assumed_first_frame_not_map_validation
NaVi-collect-20260919-023430-697-4a81ff58	448	91230	0	0	no_supported_obstacle	assumed_first_frame_not_map_validation
NaVi-collect-20260919-023430-697-4a81ff58	449	91443	0	0	no_supported_obstacle	assumed_first_frame_not_map_validation
NaVi-collect-20260919-023430-697-4a81ff58	450	91641	0	0	no_supported_obstacle	assumed_first_frame_not_map_validation
NaVi-collect-20260919-023430-697-4a81ff58	452	92060	0	0	no_supported_obstacle	assumed_first_frame_not_map_validation
NaVi-collect-20260919-023430-697-4a81ff58	453	92230	0	0	no_supported_obstacle	assumed_first_frame_not_map_validation
NaVi-collect-20260919-023430-697-4a81ff58	455	92631	0	0	no_supported_obstacle	assumed_first_frame_not_map_validation
NaVi-collect-20260919-023430-697-4a81ff58	456	92848	0	0	no_supported_obstacle	assumed_first_frame_not_map_validation
NaVi-collect-20260919-023430-697-4a81ff58	457	93050	0	0	no_supported_obstacle	assumed_first_frame_not_map_validation
NaVi-collect-20260919-023430-697-4a81ff58	459	93483	0	0	no_supported_obstacle	assumed_first_frame_not_map_validation
NaVi-collect-20260919-023430-697-4a81ff58	460	93634	0	0	no_supported_obstacle	assumed_first_frame_not_map_validation
NaVi-collect-20260919-023430-697-4a81ff58	461	93897	0	0	no_supported_obstacle	assumed_first_frame_not_map_validation
NaVi-collect-20260919-023430-697-4a81ff58	463	94280	0	0	no_supported_obstacle	assumed_first_frame_not_map_validation
NaVi-collect-20260919-023430-697-4a81ff58	464	94501	0	0	no_supported_obstacle	assumed_first_frame_not_map_validation
NaVi-collect-20260919-023430-697-4a81ff58	465	94732	0	0	no_supported_obstacle	assumed_first_frame_not_map_validation
NaVi-collect-20260919-023430-697-4a81ff58	466	94915	0	0	no_supported_obstacle	assumed_first_frame_not_map_validation
NaVi-collect-20260919-023430-697-4a81ff58	468	95347	0	0	no_supported_obstacle	assumed_first_frame_not_map_validation
NaVi-collect-20260919-023430-697-4a81ff58	469	95544	0	0	no_supported_obstacle	assumed_first_frame_not_map_validation
NaVi-collect-20260919-023430-697-4a81ff58	470	95793	0	0	no_supported_obstacle	assumed_first_frame_not_map_validation
NaVi-collect-20260919-023430-697-4a81ff58	471	95970	0	0	no_supported_obstacle	assumed_first_frame_not_map_validation
NaVi-collect-20260919-023430-697-4a81ff58	473	96375	0	0	no_supported_obstacle	assumed_first_frame_not_map_validation
NaVi-collect-20260919-023430-697-4a81ff58	474	96600	0	0	no_supported_obstacle	assumed_first_frame_not_map_validation
NaVi-collect-20260919-023430-697-4a81ff58	475	96815	0	0	no_supported_obstacle	assumed_first_frame_not_map_validation
NaVi-collect-20260919-023430-697-4a81ff58	476	97040	0	0	no_supported_obstacle	assumed_first_frame_not_map_validation
NaVi-collect-20260919-023430-697-4a81ff58	477	97280	0	0	no_supported_obstacle	assumed_first_frame_not_map_validation
NaVi-collect-20260919-023430-697-4a81ff58	479	97754	0	0	no_supported_obstacle	assumed_first_frame_not_map_validation
NaVi-collect-20260919-023430-697-4a81ff58	480	97973	0	0	no_supported_obstacle	assumed_first_frame_not_map_validation
NaVi-collect-20260919-023430-697-4a81ff58	481	98222	0	0	no_supported_obstacle	assumed_first_frame_not_map_validation
NaVi-collect-20260919-023430-697-4a81ff58	482	98451	0	0	no_supported_obstacle	assumed_first_frame_not_map_validation
NaVi-collect-20260919-023430-697-4a81ff58	483	98638	0	0	no_supported_obstacle	assumed_first_frame_not_map_validation
NaVi-collect-20260919-023430-697-4a81ff58	485	99086	0	0	no_supported_obstacle	assumed_first_frame_not_map_validation
NaVi-collect-20260919-023430-697-4a81ff58	486	99315	0	0	no_supported_obstacle	assumed_first_frame_not_map_validation
NaVi-collect-20260919-023430-697-4a81ff58	487	99517	0	0	no_supported_obstacle	assumed_first_frame_not_map_validation
NaVi-collect-20260919-023430-697-4a81ff58	488	99705	0	0	no_supported_obstacle	assumed_first_frame_not_map_validation
NaVi-collect-20260919-023430-697-4a81ff58	490	100140	0	0	no_supported_obstacle	assumed_first_frame_not_map_validation
NaVi-collect-20260919-023430-697-4a81ff58	491	100369	0	0	no_supported_obstacle	assumed_first_frame_not_map_validation
NaVi-collect-20260919-023430-697-4a81ff58	492	100581	0	0	no_supported_obstacle	assumed_first_frame_not_map_validation
NaVi-collect-20260919-023430-697-4a81ff58	493	100804	0	0	no_supported_obstacle	assumed_first_frame_not_map_validation
NaVi-collect-20260919-023430-697-4a81ff58	494	101040	0	0	no_supported_obstacle	assumed_first_frame_not_map_validation
NaVi-collect-20260919-023430-697-4a81ff58	496	101518	0	0	no_supported_obstacle	assumed_first_frame_not_map_validation
NaVi-collect-20260919-023430-697-4a81ff58	497	101709	0	0	no_supported_obstacle	assumed_first_frame_not_map_validation
NaVi-collect-20260919-023430-697-4a81ff58	499	102118	0	0	no_supported_obstacle	assumed_first_frame_not_map_validation
NaVi-collect-20260919-023430-697-4a81ff58	500	102305	0	0	no_supported_obstacle	assumed_first_frame_not_map_validation
NaVi-collect-20260919-023430-697-4a81ff58	501	102517	0	0	no_supported_obstacle	assumed_first_frame_not_map_validation
NaVi-collect-20260919-023430-697-4a81ff58	503	102917	0	0	no_supported_obstacle	assumed_first_frame_not_map_validation
NaVi-collect-20260919-023430-697-4a81ff58	504	103111	0	0	no_supported_obstacle	assumed_first_frame_not_map_validation
NaVi-collect-20260919-023430-697-4a81ff58	505	103348	0	0	no_supported_obstacle	assumed_first_frame_not_map_validation
NaVi-collect-20260919-023430-697-4a81ff58	506	103544	0	0	no_supported_obstacle	assumed_first_frame_not_map_validation
NaVi-collect-20260919-023430-697-4a81ff58	507	103778	0	0	no_supported_obstacle	assumed_first_frame_not_map_validation
NaVi-collect-20260919-023430-697-4a81ff58	508	104018	0	0	no_supported_obstacle	assumed_first_frame_not_map_validation
NaVi-collect-20260919-023430-697-4a81ff58	510	104438	0	0	no_supported_obstacle	assumed_first_frame_not_map_validation
NaVi-collect-20260919-023430-697-4a81ff58	511	104643	0	0	no_supported_obstacle	assumed_first_frame_not_map_validation
NaVi-collect-20260919-023430-697-4a81ff58	512	104840	0	0	no_supported_obstacle	assumed_first_frame_not_map_validation
NaVi-collect-20260919-023430-697-4a81ff58	514	105251	0	0	no_supported_obstacle	assumed_first_frame_not_map_validation
NaVi-collect-20260919-023430-697-4a81ff58	515	105447	0	0	no_supported_obstacle	assumed_first_frame_not_map_validation
NaVi-collect-20260919-023430-697-4a81ff58	517	105866	0	0	no_supported_obstacle	assumed_first_frame_not_map_validation
NaVi-collect-20260919-023430-697-4a81ff58	518	106048	0	0	no_supported_obstacle	assumed_first_frame_not_map_validation
NaVi-collect-20260919-023430-697-4a81ff58	519	106273	0	0	no_supported_obstacle	assumed_first_frame_not_map_validation
NaVi-collect-20260919-023430-697-4a81ff58	521	106657	0	0	no_supported_obstacle	assumed_first_frame_not_map_validation
NaVi-collect-20260919-023430-697-4a81ff58	522	106867	0	0	no_supported_obstacle	assumed_first_frame_not_map_validation
NaVi-collect-20260919-023430-697-4a81ff58	524	107257	0	0	no_supported_obstacle	assumed_first_frame_not_map_validation
NaVi-collect-20260919-023430-697-4a81ff58	525	107462	0	0	no_supported_obstacle	assumed_first_frame_not_map_validation
NaVi-collect-20260919-023430-697-4a81ff58	527	107864	0	0	no_supported_obstacle	assumed_first_frame_not_map_validation
NaVi-collect-20260919-023430-697-4a81ff58	528	108045	0	0	no_supported_obstacle	assumed_first_frame_not_map_validation
NaVi-collect-20260919-023430-697-4a81ff58	530	108450	0	0	no_supported_obstacle	assumed_first_frame_not_map_validation
NaVi-collect-20260919-023430-697-4a81ff58	531	108647	0	0	no_supported_obstacle	assumed_first_frame_not_map_validation
NaVi-collect-20260919-023430-697-4a81ff58	532	108878	0	0	no_supported_obstacle	assumed_first_frame_not_map_validation
NaVi-collect-20260919-023430-697-4a81ff58	534	109277	0	0	no_supported_obstacle	assumed_first_frame_not_map_validation
NaVi-collect-20260919-023430-697-4a81ff58	535	109478	0	0	no_supported_obstacle	assumed_first_frame_not_map_validation
NaVi-collect-20260919-023430-697-4a81ff58	536	109667	0	0	no_supported_obstacle	assumed_first_frame_not_map_validation
NaVi-collect-20260919-023430-697-4a81ff58	538	110076	0	0	no_supported_obstacle	assumed_first_frame_not_map_validation
NaVi-collect-20260919-023430-697-4a81ff58	539	110263	0	0	no_supported_obstacle	assumed_first_frame_not_map_validation
NaVi-collect-20260919-023430-697-4a81ff58	540	110475	0	0	no_supported_obstacle	assumed_first_frame_not_map_validation
NaVi-collect-20260919-023430-697-4a81ff58	542	110866	0	0	no_supported_obstacle	assumed_first_frame_not_map_validation
NaVi-collect-20260919-023430-697-4a81ff58	543	111087	0	0	no_supported_obstacle	assumed_first_frame_not_map_validation
NaVi-collect-20260919-023430-697-4a81ff58	545	111481	0	0	no_supported_obstacle	assumed_first_frame_not_map_validation
NaVi-collect-20260919-023430-697-4a81ff58	546	111698	0	0	no_supported_obstacle	assumed_first_frame_not_map_validation
NaVi-collect-20260919-023430-697-4a81ff58	548	112054	0	0	no_supported_obstacle	assumed_first_frame_not_map_validation
NaVi-collect-20260919-023430-697-4a81ff58	549	112275	0	0	no_supported_obstacle	assumed_first_frame_not_map_validation
NaVi-collect-20260919-023430-697-4a81ff58	550	112481	0	0	no_supported_obstacle	assumed_first_frame_not_map_validation
NaVi-collect-20260919-023430-697-4a81ff58	551	112675	0	0	no_supported_obstacle	assumed_first_frame_not_map_validation
NaVi-collect-20260919-023430-697-4a81ff58	553	113094	0	0	no_supported_obstacle	assumed_first_frame_not_map_validation
NaVi-collect-20260919-023430-697-4a81ff58	554	113274	0	0	no_supported_obstacle	assumed_first_frame_not_map_validation
NaVi-collect-20260919-023430-697-4a81ff58	556	113683	0	0	no_supported_obstacle	assumed_first_frame_not_map_validation
NaVi-collect-20260919-023430-697-4a81ff58	557	113869	0	0	no_supported_obstacle	assumed_first_frame_not_map_validation
NaVi-collect-20260919-023430-697-4a81ff58	559	114278	0	0	no_supported_obstacle	assumed_first_frame_not_map_validation
NaVi-collect-20260919-023430-697-4a81ff58	560	114476	0	0	no_supported_obstacle	assumed_first_frame_not_map_validation
NaVi-collect-20260919-023430-697-4a81ff58	561	114671	0	0	no_supported_obstacle	assumed_first_frame_not_map_validation
NaVi-collect-20260919-023430-697-4a81ff58	563	115090	0	0	no_supported_obstacle	assumed_first_frame_not_map_validation
NaVi-collect-20260919-023430-697-4a81ff58	564	115271	0	0	no_supported_obstacle	assumed_first_frame_not_map_validation
NaVi-collect-20260919-023430-697-4a81ff58	565	115479	0	0	no_supported_obstacle	assumed_first_frame_not_map_validation
NaVi-collect-20260919-023430-697-4a81ff58	566	115673	0	0	no_supported_obstacle	assumed_first_frame_not_map_validation
NaVi-collect-20260919-023430-697-4a81ff58	568	116106	0	0	no_supported_obstacle	assumed_first_frame_not_map_validation
NaVi-collect-20260919-023430-697-4a81ff58	569	116289	0	0	no_supported_obstacle	assumed_first_frame_not_map_validation
NaVi-collect-20260919-023430-697-4a81ff58	570	116486	0	0	no_supported_obstacle	assumed_first_frame_not_map_validation
NaVi-collect-20260919-023430-697-4a81ff58	572	116898	0	0	no_supported_obstacle	assumed_first_frame_not_map_validation
NaVi-collect-20260919-023430-697-4a81ff58	573	117088	0	0	no_supported_obstacle	assumed_first_frame_not_map_validation
NaVi-collect-20260919-023430-697-4a81ff58	575	117487	0	0	no_supported_obstacle	assumed_first_frame_not_map_validation
NaVi-collect-20260919-023430-697-4a81ff58	576	117673	0	0	no_supported_obstacle	assumed_first_frame_not_map_validation
NaVi-collect-20260919-023430-697-4a81ff58	577	117879	0	0	no_supported_obstacle	assumed_first_frame_not_map_validation
NaVi-collect-20260919-023430-697-4a81ff58	579	118302	0	0	no_supported_obstacle	assumed_first_frame_not_map_validation
NaVi-collect-20260919-023430-697-4a81ff58	580	118490	0	0	no_supported_obstacle	assumed_first_frame_not_map_validation
NaVi-collect-20260919-023430-697-4a81ff58	582	118893	0	0	no_supported_obstacle	assumed_first_frame_not_map_validation
NaVi-collect-20260919-023430-697-4a81ff58	583	119105	0	0	no_supported_obstacle	assumed_first_frame_not_map_validation
NaVi-collect-20260919-023430-697-4a81ff58	584	119302	0	0	no_supported_obstacle	assumed_first_frame_not_map_validation
NaVi-collect-20260919-023430-697-4a81ff58	586	119693	0	0	no_supported_obstacle	assumed_first_frame_not_map_validation
NaVi-collect-20260919-023430-697-4a81ff58	587	119906	0	0	no_supported_obstacle	assumed_first_frame_not_map_validation
NaVi-collect-20260919-023430-697-4a81ff58	589	120319	0	0	no_supported_obstacle	assumed_first_frame_not_map_validation
NaVi-collect-20260919-023430-697-4a81ff58	590	120572	0	0	no_supported_obstacle	assumed_first_frame_not_map_validation
NaVi-collect-20260919-023430-697-4a81ff58	592	120894	0	0	no_supported_obstacle	assumed_first_frame_not_map_validation
NaVi-collect-20260919-023430-697-4a81ff58	593	121121	0	0	no_supported_obstacle	assumed_first_frame_not_map_validation
NaVi-collect-20260919-023430-697-4a81ff58	595	121506	0	0	no_supported_obstacle	assumed_first_frame_not_map_validation
NaVi-collect-20260919-023430-697-4a81ff58	596	121738	0	0	no_supported_obstacle	assumed_first_frame_not_map_validation
NaVi-collect-20260919-023430-697-4a81ff58	598	122108	0	0	no_supported_obstacle	assumed_first_frame_not_map_validation
NaVi-collect-20260919-023430-697-4a81ff58	599	122306	0	0	no_supported_obstacle	assumed_first_frame_not_map_validation
NaVi-collect-20260919-023430-697-4a81ff58	600	122498	0	0	no_supported_obstacle	assumed_first_frame_not_map_validation
NaVi-collect-20260919-023430-697-4a81ff58	602	122905	0	0	no_supported_obstacle	assumed_first_frame_not_map_validation
NaVi-collect-20260919-023430-697-4a81ff58	603	123104	0	0	no_supported_obstacle	assumed_first_frame_not_map_validation
NaVi-collect-20260919-023430-697-4a81ff58	605	123503	0	0	no_supported_obstacle	assumed_first_frame_not_map_validation
NaVi-collect-20260919-023430-697-4a81ff58	606	123703	0	0	no_supported_obstacle	assumed_first_frame_not_map_validation
NaVi-collect-20260919-023430-697-4a81ff58	608	124114	0	0	no_supported_obstacle	assumed_first_frame_not_map_validation
NaVi-collect-20260919-023430-697-4a81ff58	609	124313	0	0	no_supported_obstacle	assumed_first_frame_not_map_validation
NaVi-collect-20260919-023430-697-4a81ff58	611	124706	0	0	no_supported_obstacle	assumed_first_frame_not_map_validation
NaVi-collect-20260919-023430-697-4a81ff58	612	124909	0	0	no_supported_obstacle	assumed_first_frame_not_map_validation
NaVi-collect-20260919-023430-697-4a81ff58	613	125120	0	0	no_supported_obstacle	assumed_first_frame_not_map_validation
NaVi-collect-20260919-023430-697-4a81ff58	615	125523	0	0	no_supported_obstacle	assumed_first_frame_not_map_validation
NaVi-collect-20260919-023430-697-4a81ff58	616	125703	0	0	no_supported_obstacle	assumed_first_frame_not_map_validation
NaVi-collect-20260919-023430-697-4a81ff58	618	126126	0	0	no_supported_obstacle	assumed_first_frame_not_map_validation
NaVi-collect-20260919-023430-697-4a81ff58	619	126302	0	0	no_supported_obstacle	assumed_first_frame_not_map_validation
NaVi-collect-20260919-023430-697-4a81ff58	620	126534	0	0	no_supported_obstacle	assumed_first_frame_not_map_validation
NaVi-collect-20260919-023430-697-4a81ff58	622	126918	0	0	no_supported_obstacle	assumed_first_frame_not_map_validation
NaVi-collect-20260919-023430-697-4a81ff58	623	127136	0	0	no_supported_obstacle	assumed_first_frame_not_map_validation
NaVi-collect-20260919-023430-697-4a81ff58	624	127312	0	0	no_supported_obstacle	assumed_first_frame_not_map_validation
NaVi-collect-20260919-023430-697-4a81ff58	626	127704	0	0	no_supported_obstacle	assumed_first_frame_not_map_validation
NaVi-collect-20260919-023430-697-4a81ff58	627	127930	0	0	no_supported_obstacle	assumed_first_frame_not_map_validation
NaVi-collect-20260919-023430-697-4a81ff58	628	128122	0	0	no_supported_obstacle	assumed_first_frame_not_map_validation
NaVi-collect-20260919-023430-697-4a81ff58	630	128517	0	0	no_supported_obstacle	assumed_first_frame_not_map_validation
NaVi-collect-20260919-023430-697-4a81ff58	631	128732	0	0	no_supported_obstacle	assumed_first_frame_not_map_validation
NaVi-collect-20260919-023430-697-4a81ff58	633	129148	0	0	no_supported_obstacle	assumed_first_frame_not_map_validation
NaVi-collect-20260919-023430-697-4a81ff58	635	129531	0	0	no_supported_obstacle	assumed_first_frame_not_map_validation
NaVi-collect-20260919-023430-697-4a81ff58	636	129720	0	0	no_supported_obstacle	assumed_first_frame_not_map_validation
NaVi-collect-20260919-023430-697-4a81ff58	637	129944	0	0	no_supported_obstacle	assumed_first_frame_not_map_validation
NaVi-collect-20260919-023430-697-4a81ff58	639	130324	0	0	no_supported_obstacle	assumed_first_frame_not_map_validation
NaVi-collect-20260919-023430-697-4a81ff58	640	130520	0	0	no_supported_obstacle	assumed_first_frame_not_map_validation
NaVi-collect-20260919-023430-697-4a81ff58	641	130729	0	0	no_supported_obstacle	assumed_first_frame_not_map_validation
NaVi-collect-20260919-023430-697-4a81ff58	643	131135	0	0	no_supported_obstacle	assumed_first_frame_not_map_validation
NaVi-collect-20260919-023430-697-4a81ff58	644	131327	0	0	no_supported_obstacle	assumed_first_frame_not_map_validation
NaVi-collect-20260919-023430-697-4a81ff58	645	131543	0	0	no_supported_obstacle	assumed_first_frame_not_map_validation
NaVi-collect-20260919-023430-697-4a81ff58	647	131931	0	0	no_supported_obstacle	assumed_first_frame_not_map_validation
NaVi-collect-20260919-023430-697-4a81ff58	648	132152	0	0	no_supported_obstacle	assumed_first_frame_not_map_validation
NaVi-collect-20260919-023430-697-4a81ff58	649	132397	0	0	no_supported_obstacle	assumed_first_frame_not_map_validation
NaVi-collect-20260919-023430-697-4a81ff58	651	132768	0	0	no_supported_obstacle	assumed_first_frame_not_map_validation
NaVi-collect-20260919-023430-697-4a81ff58	652	132994	0	0	no_supported_obstacle	assumed_first_frame_not_map_validation
NaVi-collect-20260919-023430-697-4a81ff58	654	133357	0	0	no_supported_obstacle	assumed_first_frame_not_map_validation
NaVi-collect-20260919-023430-697-4a81ff58	655	133583	0	0	no_supported_obstacle	assumed_first_frame_not_map_validation
NaVi-collect-20260919-023430-697-4a81ff58	657	133956	0	0	no_supported_obstacle	assumed_first_frame_not_map_validation
NaVi-collect-20260919-023430-697-4a81ff58	658	134177	0	0	no_supported_obstacle	assumed_first_frame_not_map_validation
NaVi-collect-20260919-023430-697-4a81ff58	659	134374	0	0	no_supported_obstacle	assumed_first_frame_not_map_validation
NaVi-collect-20260919-023430-697-4a81ff58	661	134770	0	0	no_supported_obstacle	assumed_first_frame_not_map_validation
NaVi-collect-20260919-023430-697-4a81ff58	662	134984	0	0	no_supported_obstacle	assumed_first_frame_not_map_validation
NaVi-collect-20260919-023430-697-4a81ff58	664	135385	0	0	no_supported_obstacle	assumed_first_frame_not_map_validation
NaVi-collect-20260919-023430-697-4a81ff58	665	135585	0	0	no_supported_obstacle	assumed_first_frame_not_map_validation
NaVi-collect-20260919-023430-697-4a81ff58	667	135976	0	0	no_supported_obstacle	assumed_first_frame_not_map_validation
NaVi-collect-20260919-023430-697-4a81ff58	668	136176	0	0	no_supported_obstacle	assumed_first_frame_not_map_validation
NaVi-collect-20260919-023430-697-4a81ff58	669	136395	0	0	no_supported_obstacle	assumed_first_frame_not_map_validation
NaVi-collect-20260919-023430-697-4a81ff58	671	136790	0	0	no_supported_obstacle	assumed_first_frame_not_map_validation
NaVi-collect-20260919-023430-697-4a81ff58	672	136987	0	0	no_supported_obstacle	assumed_first_frame_not_map_validation
NaVi-collect-20260919-023430-697-4a81ff58	674	137387	0	0	no_supported_obstacle	assumed_first_frame_not_map_validation
NaVi-collect-20260919-023430-697-4a81ff58	675	137578	0	0	no_supported_obstacle	assumed_first_frame_not_map_validation
NaVi-collect-20260919-023430-697-4a81ff58	677	137980	0	0	no_supported_obstacle	assumed_first_frame_not_map_validation
NaVi-collect-20260919-023430-697-4a81ff58	678	138180	0	0	no_supported_obstacle	assumed_first_frame_not_map_validation
NaVi-collect-20260919-023430-697-4a81ff58	679	138379	0	0	no_supported_obstacle	assumed_first_frame_not_map_validation
NaVi-collect-20260919-023430-697-4a81ff58	681	138791	0	0	no_supported_obstacle	assumed_first_frame_not_map_validation
NaVi-collect-20260919-023430-697-4a81ff58	682	138978	0	0	no_supported_obstacle	assumed_first_frame_not_map_validation
NaVi-collect-20260919-023430-697-4a81ff58	684	139383	0	0	no_supported_obstacle	assumed_first_frame_not_map_validation
NaVi-collect-20260919-023430-697-4a81ff58	685	139588	0	0	no_supported_obstacle	assumed_first_frame_not_map_validation
NaVi-collect-20260919-023430-697-4a81ff58	687	139993	0	0	no_supported_obstacle	assumed_first_frame_not_map_validation
NaVi-collect-20260919-023430-697-4a81ff58	688	140206	0	0	no_supported_obstacle	assumed_first_frame_not_map_validation
NaVi-collect-20260919-023430-697-4a81ff58	690	140590	0	0	no_supported_obstacle	assumed_first_frame_not_map_validation
NaVi-collect-20260919-023430-697-4a81ff58	691	140804	0	0	no_supported_obstacle	assumed_first_frame_not_map_validation
NaVi-collect-20260919-023430-697-4a81ff58	693	141213	0	0	no_supported_obstacle	assumed_first_frame_not_map_validation
NaVi-collect-20260919-023430-697-4a81ff58	694	141395	0	0	no_supported_obstacle	assumed_first_frame_not_map_validation
NaVi-collect-20260919-023430-697-4a81ff58	695	141600	0	0	no_supported_obstacle	assumed_first_frame_not_map_validation
NaVi-collect-20260919-023430-697-4a81ff58	697	142008	0	0	no_supported_obstacle	assumed_first_frame_not_map_validation
NaVi-collect-20260919-023430-697-4a81ff58	698	142211	0	0	no_supported_obstacle	assumed_first_frame_not_map_validation
NaVi-collect-20260919-023430-697-4a81ff58	699	142386	0	0	no_supported_obstacle	assumed_first_frame_not_map_validation
NaVi-collect-20260919-023430-697-4a81ff58	701	142819	0	0	no_supported_obstacle	assumed_first_frame_not_map_validation
NaVi-collect-20260919-023430-697-4a81ff58	702	143017	0	0	no_supported_obstacle	assumed_first_frame_not_map_validation
NaVi-collect-20260919-023430-697-4a81ff58	704	143470	0	0	no_supported_obstacle	assumed_first_frame_not_map_validation
NaVi-collect-20260919-023430-697-4a81ff58	705	143691	0	0	no_supported_obstacle	assumed_first_frame_not_map_validation
NaVi-collect-20260919-023430-697-4a81ff58	706	143881	0	0	no_supported_obstacle	assumed_first_frame_not_map_validation
NaVi-collect-20260919-023430-697-4a81ff58	707	144099	0	0	no_supported_obstacle	assumed_first_frame_not_map_validation
NaVi-collect-20260919-023430-697-4a81ff58	708	144320	0	0	no_supported_obstacle	assumed_first_frame_not_map_validation
NaVi-collect-20260919-023430-697-4a81ff58	710	144796	0	0	no_supported_obstacle	assumed_first_frame_not_map_validation
NaVi-collect-20260919-023430-697-4a81ff58	711	144992	0	0	no_supported_obstacle	assumed_first_frame_not_map_validation
NaVi-collect-20260919-023430-697-4a81ff58	713	145406	0	0	no_supported_obstacle	assumed_first_frame_not_map_validation
NaVi-collect-20260919-023430-697-4a81ff58	714	145590	0	0	no_supported_obstacle	assumed_first_frame_not_map_validation
NaVi-collect-20260919-023430-697-4a81ff58	715	145836	0	0	no_supported_obstacle	assumed_first_frame_not_map_validation
NaVi-collect-20260919-023430-697-4a81ff58	716	146026	0	0	no_supported_obstacle	assumed_first_frame_not_map_validation
NaVi-collect-20260919-023430-697-4a81ff58	718	146471	0	0	no_supported_obstacle	assumed_first_frame_not_map_validation
NaVi-collect-20260919-023430-697-4a81ff58	719	146703	0	0	no_supported_obstacle	assumed_first_frame_not_map_validation
NaVi-collect-20260919-023430-697-4a81ff58	720	146902	0	0	no_supported_obstacle	assumed_first_frame_not_map_validation
NaVi-collect-20260919-023430-697-4a81ff58	722	147328	0	0	no_supported_obstacle	assumed_first_frame_not_map_validation
NaVi-collect-20260919-023430-697-4a81ff58	723	147535	0	0	no_supported_obstacle	assumed_first_frame_not_map_validation
NaVi-collect-20260919-023430-697-4a81ff58	724	147734	0	0	no_supported_obstacle	assumed_first_frame_not_map_validation
NaVi-collect-20260919-023430-697-4a81ff58	726	148172	0	0	no_supported_obstacle	assumed_first_frame_not_map_validation
NaVi-collect-20260919-023430-697-4a81ff58	727	148405	0	0	no_supported_obstacle	assumed_first_frame_not_map_validation
NaVi-collect-20260919-023430-697-4a81ff58	728	148607	0	0	no_supported_obstacle	assumed_first_frame_not_map_validation
NaVi-collect-20260919-023430-697-4a81ff58	730	148989	0	0	no_supported_obstacle	assumed_first_frame_not_map_validation
NaVi-collect-20260919-023430-697-4a81ff58	731	149217	0	0	no_supported_obstacle	assumed_first_frame_not_map_validation
NaVi-collect-20260919-023430-697-4a81ff58	732	149397	0	0	no_supported_obstacle	assumed_first_frame_not_map_validation
NaVi-collect-20260919-023430-697-4a81ff58	734	149822	0	0	no_supported_obstacle	assumed_first_frame_not_map_validation
NaVi-collect-20260919-023430-697-4a81ff58	735	150022	0	0	no_supported_obstacle	assumed_first_frame_not_map_validation
NaVi-collect-20260919-023430-697-4a81ff58	737	150470	0	0	no_supported_obstacle	assumed_first_frame_not_map_validation
NaVi-collect-20260919-023430-697-4a81ff58	738	150699	0	0	no_supported_obstacle	assumed_first_frame_not_map_validation
NaVi-collect-20260919-023430-697-4a81ff58	739	150915	0	0	no_supported_obstacle	assumed_first_frame_not_map_validation
NaVi-collect-20260919-023430-697-4a81ff58	741	151325	0	0	no_supported_obstacle	assumed_first_frame_not_map_validation
NaVi-collect-20260919-023430-697-4a81ff58	742	151524	0	0	no_supported_obstacle	assumed_first_frame_not_map_validation
NaVi-collect-20260919-023430-697-4a81ff58	743	151739	0	0	no_supported_obstacle	assumed_first_frame_not_map_validation
NaVi-collect-20260919-023430-697-4a81ff58	745	152149	0	0	no_supported_obstacle	assumed_first_frame_not_map_validation
NaVi-collect-20260919-023430-697-4a81ff58	746	152417	0	0	no_supported_obstacle	assumed_first_frame_not_map_validation
NaVi-collect-20260919-023430-697-4a81ff58	748	152861	0	0	no_supported_obstacle	assumed_first_frame_not_map_validation
NaVi-collect-20260919-023430-697-4a81ff58	750	153276	0	0	no_supported_obstacle	assumed_first_frame_not_map_validation
NaVi-collect-20260919-023430-697-4a81ff58	751	153508	0	0	no_supported_obstacle	assumed_first_frame_not_map_validation
NaVi-collect-20260919-023430-697-4a81ff58	752	153730	0	0	no_supported_obstacle	assumed_first_frame_not_map_validation
NaVi-collect-20260919-023430-697-4a81ff58	754	154132	0	0	no_supported_obstacle	assumed_first_frame_not_map_validation
NaVi-collect-20260919-023430-697-4a81ff58	755	154340	0	0	no_supported_obstacle	assumed_first_frame_not_map_validation
NaVi-collect-20260919-023430-697-4a81ff58	756	154543	0	0	no_supported_obstacle	assumed_first_frame_not_map_validation
NaVi-collect-20260919-023430-697-4a81ff58	758	154940	0	0	no_supported_obstacle	assumed_first_frame_not_map_validation
NaVi-collect-20260919-023430-697-4a81ff58	759	155147	0	0	no_supported_obstacle	assumed_first_frame_not_map_validation
NaVi-collect-20260919-023430-697-4a81ff58	761	155530	0	0	no_supported_obstacle	assumed_first_frame_not_map_validation
NaVi-collect-20260919-023430-697-4a81ff58	762	155738	0	0	no_supported_obstacle	assumed_first_frame_not_map_validation
NaVi-collect-20260919-023430-697-4a81ff58	764	156145	0	0	no_supported_obstacle	assumed_first_frame_not_map_validation
NaVi-collect-20260919-023430-697-4a81ff58	765	156335	0	0	no_supported_obstacle	assumed_first_frame_not_map_validation
NaVi-collect-20260919-023430-697-4a81ff58	766	156566	0	0	no_supported_obstacle	assumed_first_frame_not_map_validation
NaVi-collect-20260919-023430-697-4a81ff58	768	156948	0	0	no_supported_obstacle	assumed_first_frame_not_map_validation
NaVi-collect-20260919-023430-697-4a81ff58	769	157149	0	0	no_supported_obstacle	assumed_first_frame_not_map_validation
NaVi-collect-20260919-023430-697-4a81ff58	770	157354	0	0	no_supported_obstacle	assumed_first_frame_not_map_validation
NaVi-collect-20260919-023430-697-4a81ff58	772	157776	0	0	no_supported_obstacle	assumed_first_frame_not_map_validation
NaVi-collect-20260919-023430-697-4a81ff58	774	158150	0	0	no_supported_obstacle	assumed_first_frame_not_map_validation
NaVi-collect-20260919-023430-697-4a81ff58	775	158381	0	0	no_supported_obstacle	assumed_first_frame_not_map_validation
NaVi-collect-20260919-023430-697-4a81ff58	776	158573	0	0	no_supported_obstacle	assumed_first_frame_not_map_validation
NaVi-collect-20260919-023430-697-4a81ff58	777	158777	0	0	no_supported_obstacle	assumed_first_frame_not_map_validation
NaVi-collect-20260919-023430-697-4a81ff58	779	159165	0	0	no_supported_obstacle	assumed_first_frame_not_map_validation
NaVi-collect-20260919-023430-697-4a81ff58	780	159373	0	0	no_supported_obstacle	assumed_first_frame_not_map_validation
NaVi-collect-20260919-023430-697-4a81ff58	781	159601	0	0	no_supported_obstacle	assumed_first_frame_not_map_validation
NaVi-collect-20260919-023430-697-4a81ff58	783	159978	0	0	no_supported_obstacle	assumed_first_frame_not_map_validation
NaVi-collect-20260919-023430-697-4a81ff58	784	160180	0	0	no_supported_obstacle	assumed_first_frame_not_map_validation
NaVi-collect-20260919-023430-697-4a81ff58	786	160581	0	0	no_supported_obstacle	assumed_first_frame_not_map_validation
NaVi-collect-20260919-023430-697-4a81ff58	787	160787	0	0	no_supported_obstacle	assumed_first_frame_not_map_validation
NaVi-collect-20260919-023430-697-4a81ff58	789	161186	0	0	no_supported_obstacle	assumed_first_frame_not_map_validation
NaVi-collect-20260919-023430-697-4a81ff58	790	161399	0	0	no_supported_obstacle	assumed_first_frame_not_map_validation
NaVi-collect-20260919-023430-697-4a81ff58	791	161596	0	0	no_supported_obstacle	assumed_first_frame_not_map_validation
NaVi-collect-20260919-023430-697-4a81ff58	793	161994	0	0	no_supported_obstacle	assumed_first_frame_not_map_validation
NaVi-collect-20260919-023430-697-4a81ff58	794	162199	0	0	no_supported_obstacle	assumed_first_frame_not_map_validation
NaVi-collect-20260919-023430-697-4a81ff58	796	162590	0	0	no_supported_obstacle	assumed_first_frame_not_map_validation
NaVi-collect-20260919-023430-697-4a81ff58	797	162831	0	0	no_supported_obstacle	assumed_first_frame_not_map_validation
NaVi-collect-20260919-023430-697-4a81ff58	799	163203	0	0	no_supported_obstacle	assumed_first_frame_not_map_validation
NaVi-collect-20260919-023430-697-4a81ff58	800	163391	0	0	no_supported_obstacle	assumed_first_frame_not_map_validation
NaVi-collect-20260919-023430-697-4a81ff58	802	163796	0	0	no_supported_obstacle	assumed_first_frame_not_map_validation
NaVi-collect-20260919-023430-697-4a81ff58	803	163989	0	0	no_supported_obstacle	assumed_first_frame_not_map_validation
NaVi-collect-20260919-023430-697-4a81ff58	805	164404	0	0	no_supported_obstacle	assumed_first_frame_not_map_validation
NaVi-collect-20260919-023430-697-4a81ff58	806	164591	0	0	no_supported_obstacle	assumed_first_frame_not_map_validation
NaVi-collect-20260919-023430-697-4a81ff58	807	164796	0	0	no_supported_obstacle	assumed_first_frame_not_map_validation
NaVi-collect-20260919-023430-697-4a81ff58	809	165206	0	0	no_supported_obstacle	assumed_first_frame_not_map_validation
NaVi-collect-20260919-023430-697-4a81ff58	810	165391	0	0	no_supported_obstacle	assumed_first_frame_not_map_validation
NaVi-collect-20260919-023430-697-4a81ff58	812	165799	0	0	no_supported_obstacle	assumed_first_frame_not_map_validation
NaVi-collect-20260919-023430-697-4a81ff58	813	166011	0	0	no_supported_obstacle	assumed_first_frame_not_map_validation
NaVi-collect-20260919-023430-697-4a81ff58	814	166205	0	0	no_supported_obstacle	assumed_first_frame_not_map_validation
NaVi-collect-20260919-023430-697-4a81ff58	816	166624	0	0	no_supported_obstacle	assumed_first_frame_not_map_validation
NaVi-collect-20260919-023430-697-4a81ff58	817	166793	0	0	no_supported_obstacle	assumed_first_frame_not_map_validation
NaVi-collect-20260919-023430-697-4a81ff58	819	167261	0	0	no_supported_obstacle	assumed_first_frame_not_map_validation
NaVi-collect-20260919-023430-697-4a81ff58	821	167615	0	0	no_supported_obstacle	assumed_first_frame_not_map_validation
NaVi-collect-20260919-023430-697-4a81ff58	822	167866	0	0	no_supported_obstacle	assumed_first_frame_not_map_validation
NaVi-collect-20260919-023430-697-4a81ff58	824	168214	0	0	no_supported_obstacle	assumed_first_frame_not_map_validation
NaVi-collect-20260919-023430-697-4a81ff58	825	168417	0	0	no_supported_obstacle	assumed_first_frame_not_map_validation
NaVi-collect-20260919-023430-697-4a81ff58	827	168821	0	0	no_supported_obstacle	assumed_first_frame_not_map_validation
NaVi-collect-20260919-023430-697-4a81ff58	828	169003	0	0	no_supported_obstacle	assumed_first_frame_not_map_validation
NaVi-collect-20260919-023430-697-4a81ff58	830	169427	0	0	no_supported_obstacle	assumed_first_frame_not_map_validation
NaVi-collect-20260919-023430-697-4a81ff58	832	169832	0	0	no_supported_obstacle	assumed_first_frame_not_map_validation
NaVi-collect-20260919-023430-697-4a81ff58	833	170058	0	0	no_supported_obstacle	assumed_first_frame_not_map_validation
NaVi-collect-20260919-023430-697-4a81ff58	835	170419	0	0	no_supported_obstacle	assumed_first_frame_not_map_validation
NaVi-collect-20260919-023430-697-4a81ff58	836	170619	0	0	no_supported_obstacle	assumed_first_frame_not_map_validation
NaVi-collect-20260919-023430-697-4a81ff58	838	171018	0	0	no_supported_obstacle	assumed_first_frame_not_map_validation
NaVi-collect-20260919-023430-697-4a81ff58	840	171421	0	0	no_supported_obstacle	assumed_first_frame_not_map_validation
NaVi-collect-20260919-023430-697-4a81ff58	841	171628	0	0	no_supported_obstacle	assumed_first_frame_not_map_validation
NaVi-collect-20260919-023430-697-4a81ff58	842	171850	0	0	no_supported_obstacle	assumed_first_frame_not_map_validation
NaVi-collect-20260919-023430-697-4a81ff58	844	172217	0	0	no_supported_obstacle	assumed_first_frame_not_map_validation
NaVi-collect-20260919-023430-697-4a81ff58	845	172419	0	0	no_supported_obstacle	assumed_first_frame_not_map_validation
NaVi-collect-20260919-023430-697-4a81ff58	846	172629	0	0	no_supported_obstacle	assumed_first_frame_not_map_validation
NaVi-collect-20260919-023430-697-4a81ff58	848	173096	0	0	no_supported_obstacle	assumed_first_frame_not_map_validation
NaVi-collect-20260919-023430-697-4a81ff58	849	173288	0	0	no_supported_obstacle	assumed_first_frame_not_map_validation
NaVi-collect-20260919-023430-697-4a81ff58	851	173720	0	0	no_supported_obstacle	assumed_first_frame_not_map_validation
NaVi-collect-20260919-023430-697-4a81ff58	852	173952	0	0	no_supported_obstacle	assumed_first_frame_not_map_validation
NaVi-collect-20260919-023430-697-4a81ff58	854	174454	0	0	no_supported_obstacle	assumed_first_frame_not_map_validation
NaVi-collect-20260919-023430-697-4a81ff58	855	174625	0	0	no_supported_obstacle	assumed_first_frame_not_map_validation
NaVi-collect-20260919-023430-697-4a81ff58	857	175043	0	0	no_supported_obstacle	assumed_first_frame_not_map_validation
NaVi-collect-20260919-023430-697-4a81ff58	858	175281	0	0	no_supported_obstacle	assumed_first_frame_not_map_validation
NaVi-collect-20260919-023430-697-4a81ff58	860	175724	0	0	no_supported_obstacle	assumed_first_frame_not_map_validation
NaVi-collect-20260919-023430-697-4a81ff58	861	175935	0	0	no_supported_obstacle	assumed_first_frame_not_map_validation
NaVi-collect-20260919-023430-697-4a81ff58	863	176326	0	0	no_supported_obstacle	assumed_first_frame_not_map_validation
NaVi-collect-20260919-023430-697-4a81ff58	864	176524	0	0	no_supported_obstacle	assumed_first_frame_not_map_validation
NaVi-collect-20260919-023430-697-4a81ff58	866	176989	0	0	no_supported_obstacle	assumed_first_frame_not_map_validation
NaVi-collect-20260919-023430-697-4a81ff58	867	177236	0	0	no_supported_obstacle	assumed_first_frame_not_map_validation
NaVi-collect-20260919-023430-697-4a81ff58	868	177432	0	0	no_supported_obstacle	assumed_first_frame_not_map_validation
NaVi-collect-20260919-023430-697-4a81ff58	870	177866	0	0	no_supported_obstacle	assumed_first_frame_not_map_validation
NaVi-collect-20260919-023430-697-4a81ff58	872	178264	0	0	no_supported_obstacle	assumed_first_frame_not_map_validation
NaVi-collect-20260919-023430-697-4a81ff58	873	178509	0	0	no_supported_obstacle	assumed_first_frame_not_map_validation
NaVi-collect-20260919-023430-697-4a81ff58	874	178700	0	0	no_supported_obstacle	assumed_first_frame_not_map_validation
NaVi-collect-20260919-023430-697-4a81ff58	876	179117	0	0	no_supported_obstacle	assumed_first_frame_not_map_validation
NaVi-collect-20260919-023430-697-4a81ff58	877	179342	0	0	no_supported_obstacle	assumed_first_frame_not_map_validation
NaVi-collect-20260919-023430-697-4a81ff58	879	179761	0	0	no_supported_obstacle	assumed_first_frame_not_map_validation
NaVi-collect-20260919-023430-697-4a81ff58	880	179978	0	0	no_supported_obstacle	assumed_first_frame_not_map_validation
NaVi-collect-20260919-024105-060-5a85f57b	2	101	0	0	alignment_unavailable	assumed_first_frame_not_map_validation
NaVi-collect-20260919-024105-060-5a85f57b	3	301	0	0	alignment_unavailable	assumed_first_frame_not_map_validation
NaVi-collect-20260919-024105-060-5a85f57b	4	484	0	0	alignment_unavailable	assumed_first_frame_not_map_validation
NaVi-collect-20260919-024105-060-5a85f57b	5	684	1	0	alignment_unavailable	assumed_first_frame_not_map_validation
NaVi-collect-20260919-024105-060-5a85f57b	6	887	1	0	alignment_unavailable	assumed_first_frame_not_map_validation
NaVi-collect-20260919-024105-060-5a85f57b	7	1108	1	0	insufficient_depth_samples	assumed_first_frame_not_map_validation
NaVi-collect-20260919-024105-060-5a85f57b	8	1344	1	0	insufficient_depth_samples	assumed_first_frame_not_map_validation
NaVi-collect-20260919-024105-060-5a85f57b	9	1552	1	0	insufficient_depth_samples	assumed_first_frame_not_map_validation
NaVi-collect-20260919-024105-060-5a85f57b	10	1747	1	0	insufficient_depth_samples	assumed_first_frame_not_map_validation
NaVi-collect-20260919-024105-060-5a85f57b	11	1986	1	0	insufficient_depth_samples	assumed_first_frame_not_map_validation
NaVi-collect-20260919-024105-060-5a85f57b	12	2167	1	0	insufficient_depth_samples	assumed_first_frame_not_map_validation
NaVi-collect-20260919-024105-060-5a85f57b	13	2362	1	0	insufficient_depth_samples	assumed_first_frame_not_map_validation
NaVi-collect-20260919-024105-060-5a85f57b	14	2562	1	0	insufficient_depth_samples	assumed_first_frame_not_map_validation
NaVi-collect-20260919-024105-060-5a85f57b	15	2761	1	0	insufficient_depth_samples	assumed_first_frame_not_map_validation
NaVi-collect-20260919-024105-060-5a85f57b	16	2983	1	0	insufficient_depth_samples	assumed_first_frame_not_map_validation
NaVi-collect-20260919-024105-060-5a85f57b	17	3170	1	0	insufficient_depth_samples	assumed_first_frame_not_map_validation
NaVi-collect-20260919-024105-060-5a85f57b	18	3359	1	0	insufficient_depth_samples	assumed_first_frame_not_map_validation
NaVi-collect-20260919-024105-060-5a85f57b	19	3560	1	0	insufficient_depth_samples	assumed_first_frame_not_map_validation
NaVi-collect-20260919-024105-060-5a85f57b	20	3766	1	0	insufficient_depth_samples	assumed_first_frame_not_map_validation
NaVi-collect-20260919-024105-060-5a85f57b	21	3962	1	0	insufficient_depth_samples	assumed_first_frame_not_map_validation
NaVi-collect-20260919-024105-060-5a85f57b	22	4161	0	0	no_supported_obstacle	assumed_first_frame_not_map_validation
NaVi-collect-20260919-024105-060-5a85f57b	23	4370	0	0	no_supported_obstacle	assumed_first_frame_not_map_validation
NaVi-collect-20260919-024105-060-5a85f57b	24	4567	0	0	no_supported_obstacle	assumed_first_frame_not_map_validation
NaVi-collect-20260919-024105-060-5a85f57b	25	4781	0	0	no_supported_obstacle	assumed_first_frame_not_map_validation
NaVi-collect-20260919-024105-060-5a85f57b	26	4971	0	0	no_supported_obstacle	assumed_first_frame_not_map_validation
NaVi-collect-20260919-024105-060-5a85f57b	27	5173	0	0	no_supported_obstacle	assumed_first_frame_not_map_validation
NaVi-collect-20260919-024105-060-5a85f57b	28	5394	0	0	no_supported_obstacle	assumed_first_frame_not_map_validation
NaVi-collect-20260919-024105-060-5a85f57b	29	5581	0	0	no_supported_obstacle	assumed_first_frame_not_map_validation
NaVi-collect-20260919-024105-060-5a85f57b	31	5992	0	0	no_supported_obstacle	assumed_first_frame_not_map_validation
NaVi-collect-20260919-024105-060-5a85f57b	32	6189	0	0	no_supported_obstacle	assumed_first_frame_not_map_validation
NaVi-collect-20260919-024105-060-5a85f57b	33	6403	0	0	no_supported_obstacle	assumed_first_frame_not_map_validation
NaVi-collect-20260919-024105-060-5a85f57b	34	6597	0	0	no_supported_obstacle	assumed_first_frame_not_map_validation
NaVi-collect-20260919-024105-060-5a85f57b	35	6799	0	0	no_supported_obstacle	assumed_first_frame_not_map_validation
NaVi-collect-20260919-024105-060-5a85f57b	37	7188	0	0	no_supported_obstacle	assumed_first_frame_not_map_validation
NaVi-collect-20260919-024105-060-5a85f57b	38	7437	0	0	no_supported_obstacle	assumed_first_frame_not_map_validation
NaVi-collect-20260919-024105-060-5a85f57b	39	7615	0	0	no_supported_obstacle	assumed_first_frame_not_map_validation
NaVi-collect-20260919-024105-060-5a85f57b	40	7813	0	0	no_supported_obstacle	assumed_first_frame_not_map_validation
NaVi-collect-20260919-024105-060-5a85f57b	41	8027	0	0	no_supported_obstacle	assumed_first_frame_not_map_validation
NaVi-collect-20260919-024105-060-5a85f57b	42	8246	0	0	no_supported_obstacle	assumed_first_frame_not_map_validation
NaVi-collect-20260919-024105-060-5a85f57b	43	8422	0	0	no_supported_obstacle	assumed_first_frame_not_map_validation
NaVi-collect-20260919-024105-060-5a85f57b	45	8815	0	0	no_supported_obstacle	assumed_first_frame_not_map_validation
NaVi-collect-20260919-024105-060-5a85f57b	46	9039	0	0	no_supported_obstacle	assumed_first_frame_not_map_validation
NaVi-collect-20260919-024105-060-5a85f57b	47	9219	0	0	no_supported_obstacle	assumed_first_frame_not_map_validation
NaVi-collect-20260919-024105-060-5a85f57b	48	9421	0	0	no_supported_obstacle	assumed_first_frame_not_map_validation
NaVi-collect-20260919-024105-060-5a85f57b	49	9620	0	0	no_supported_obstacle	assumed_first_frame_not_map_validation
NaVi-collect-20260919-024105-060-5a85f57b	50	9817	0	0	no_supported_obstacle	assumed_first_frame_not_map_validation
NaVi-collect-20260919-024105-060-5a85f57b	51	10038	0	0	no_supported_obstacle	assumed_first_frame_not_map_validation
NaVi-collect-20260919-024105-060-5a85f57b	53	10426	0	0	no_supported_obstacle	assumed_first_frame_not_map_validation
NaVi-collect-20260919-024105-060-5a85f57b	54	10618	0	0	no_supported_obstacle	assumed_first_frame_not_map_validation
NaVi-collect-20260919-024105-060-5a85f57b	55	10822	0	0	no_supported_obstacle	assumed_first_frame_not_map_validation
NaVi-collect-20260919-024105-060-5a85f57b	56	11019	0	0	no_supported_obstacle	assumed_first_frame_not_map_validation
NaVi-collect-20260919-024105-060-5a85f57b	57	11220	0	0	no_supported_obstacle	assumed_first_frame_not_map_validation
NaVi-collect-20260919-024105-060-5a85f57b	58	11422	0	0	no_supported_obstacle	assumed_first_frame_not_map_validation
NaVi-collect-20260919-024105-060-5a85f57b	59	11626	0	0	no_supported_obstacle	assumed_first_frame_not_map_validation
NaVi-collect-20260919-024105-060-5a85f57b	60	11822	0	0	no_supported_obstacle	assumed_first_frame_not_map_validation
NaVi-collect-20260919-024105-060-5a85f57b	61	12020	0	0	no_supported_obstacle	assumed_first_frame_not_map_validation
NaVi-collect-20260919-024105-060-5a85f57b	62	12218	0	0	no_supported_obstacle	assumed_first_frame_not_map_validation
NaVi-collect-20260919-024105-060-5a85f57b	63	12449	0	0	no_supported_obstacle	assumed_first_frame_not_map_validation
NaVi-collect-20260919-024105-060-5a85f57b	64	12641	0	0	no_supported_obstacle	assumed_first_frame_not_map_validation
NaVi-collect-20260919-024105-060-5a85f57b	65	12840	0	0	no_supported_obstacle	assumed_first_frame_not_map_validation
NaVi-collect-20260919-024105-060-5a85f57b	66	13058	0	0	no_supported_obstacle	assumed_first_frame_not_map_validation
NaVi-collect-20260919-024105-060-5a85f57b	67	13290	0	0	no_supported_obstacle	assumed_first_frame_not_map_validation
NaVi-collect-20260919-024105-060-5a85f57b	68	13526	0	0	no_supported_obstacle	assumed_first_frame_not_map_validation
NaVi-collect-20260919-024105-060-5a85f57b	69	13732	0	0	no_supported_obstacle	assumed_first_frame_not_map_validation
NaVi-collect-20260919-024105-060-5a85f57b	70	13956	0	0	no_supported_obstacle	assumed_first_frame_not_map_validation
NaVi-collect-20260919-024105-060-5a85f57b	71	14161	0	0	no_supported_obstacle	assumed_first_frame_not_map_validation
NaVi-collect-20260919-024105-060-5a85f57b	72	14357	0	0	no_supported_obstacle	assumed_first_frame_not_map_validation
NaVi-collect-20260919-024105-060-5a85f57b	73	14565	0	0	no_supported_obstacle	assumed_first_frame_not_map_validation
NaVi-collect-20260919-024105-060-5a85f57b	74	14772	0	0	no_supported_obstacle	assumed_first_frame_not_map_validation
NaVi-collect-20260919-024105-060-5a85f57b	75	15000	0	0	no_supported_obstacle	assumed_first_frame_not_map_validation
NaVi-collect-20260919-024105-060-5a85f57b	76	15193	0	0	no_supported_obstacle	assumed_first_frame_not_map_validation
NaVi-collect-20260919-024105-060-5a85f57b	77	15400	0	0	no_supported_obstacle	assumed_first_frame_not_map_validation
NaVi-collect-20260919-024105-060-5a85f57b	78	15599	0	0	no_supported_obstacle	assumed_first_frame_not_map_validation
NaVi-collect-20260919-024105-060-5a85f57b	79	15827	0	0	no_supported_obstacle	assumed_first_frame_not_map_validation
NaVi-collect-20260919-024105-060-5a85f57b	80	16057	0	0	no_supported_obstacle	assumed_first_frame_not_map_validation
NaVi-collect-20260919-024105-060-5a85f57b	81	16258	0	0	no_supported_obstacle	assumed_first_frame_not_map_validation
NaVi-collect-20260919-024105-060-5a85f57b	82	16459	0	0	no_supported_obstacle	assumed_first_frame_not_map_validation
NaVi-collect-20260919-024105-060-5a85f57b	83	16676	0	0	no_supported_obstacle	assumed_first_frame_not_map_validation
NaVi-collect-20260919-024105-060-5a85f57b	84	16898	0	0	no_supported_obstacle	assumed_first_frame_not_map_validation
NaVi-collect-20260919-024105-060-5a85f57b	85	17105	0	0	no_supported_obstacle	assumed_first_frame_not_map_validation
NaVi-collect-20260919-024105-060-5a85f57b	86	17293	0	0	no_supported_obstacle	assumed_first_frame_not_map_validation
NaVi-collect-20260919-024105-060-5a85f57b	87	17528	0	0	no_supported_obstacle	assumed_first_frame_not_map_validation
NaVi-collect-20260919-024105-060-5a85f57b	88	17734	0	0	no_supported_obstacle	assumed_first_frame_not_map_validation
NaVi-collect-20260919-024105-060-5a85f57b	89	17941	0	0	no_supported_obstacle	assumed_first_frame_not_map_validation
NaVi-collect-20260919-024105-060-5a85f57b	90	18158	0	0	no_supported_obstacle	assumed_first_frame_not_map_validation
NaVi-collect-20260919-024105-060-5a85f57b	91	18398	0	0	no_supported_obstacle	assumed_first_frame_not_map_validation
NaVi-collect-20260919-024105-060-5a85f57b	92	18627	0	0	no_supported_obstacle	assumed_first_frame_not_map_validation
NaVi-collect-20260919-024105-060-5a85f57b	93	18826	0	0	no_supported_obstacle	assumed_first_frame_not_map_validation
NaVi-collect-20260919-024105-060-5a85f57b	94	19078	0	0	no_supported_obstacle	assumed_first_frame_not_map_validation
NaVi-collect-20260919-024105-060-5a85f57b	95	19280	0	0	no_supported_obstacle	assumed_first_frame_not_map_validation
NaVi-collect-20260919-024105-060-5a85f57b	96	19460	0	0	no_supported_obstacle	assumed_first_frame_not_map_validation
NaVi-collect-20260919-024105-060-5a85f57b	97	19659	0	0	no_supported_obstacle	assumed_first_frame_not_map_validation
NaVi-collect-20260919-024105-060-5a85f57b	98	19898	0	0	no_supported_obstacle	assumed_first_frame_not_map_validation
NaVi-collect-20260919-024105-060-5a85f57b	99	20120	0	0	no_supported_obstacle	assumed_first_frame_not_map_validation
NaVi-collect-20260919-024105-060-5a85f57b	100	20360	0	0	no_supported_obstacle	assumed_first_frame_not_map_validation
NaVi-collect-20260919-024105-060-5a85f57b	101	20568	0	0	no_supported_obstacle	assumed_first_frame_not_map_validation
NaVi-collect-20260919-024105-060-5a85f57b	102	20772	0	0	no_supported_obstacle	assumed_first_frame_not_map_validation
NaVi-collect-20260919-024105-060-5a85f57b	103	20947	0	0	no_supported_obstacle	assumed_first_frame_not_map_validation
NaVi-collect-20260919-024105-060-5a85f57b	104	21158	0	0	no_supported_obstacle	assumed_first_frame_not_map_validation
NaVi-collect-20260919-024105-060-5a85f57b	105	21398	0	0	no_supported_obstacle	assumed_first_frame_not_map_validation
NaVi-collect-20260919-024105-060-5a85f57b	106	21639	0	0	no_supported_obstacle	assumed_first_frame_not_map_validation
NaVi-collect-20260919-024105-060-5a85f57b	107	21864	0	0	no_supported_obstacle	assumed_first_frame_not_map_validation
NaVi-collect-20260919-024105-060-5a85f57b	108	22071	0	0	no_supported_obstacle	assumed_first_frame_not_map_validation
NaVi-collect-20260919-024105-060-5a85f57b	109	22254	0	0	no_supported_obstacle	assumed_first_frame_not_map_validation
NaVi-collect-20260919-024105-060-5a85f57b	110	22496	0	0	no_supported_obstacle	assumed_first_frame_not_map_validation
NaVi-collect-20260919-024105-060-5a85f57b	111	22729	0	0	no_supported_obstacle	assumed_first_frame_not_map_validation
NaVi-collect-20260919-024105-060-5a85f57b	112	22940	0	0	no_supported_obstacle	assumed_first_frame_not_map_validation
NaVi-collect-20260919-024105-060-5a85f57b	113	23139	0	0	no_supported_obstacle	assumed_first_frame_not_map_validation
NaVi-collect-20260919-024105-060-5a85f57b	114	23347	0	0	no_supported_obstacle	assumed_first_frame_not_map_validation
NaVi-collect-20260919-024105-060-5a85f57b	115	23539	0	0	no_supported_obstacle	assumed_first_frame_not_map_validation
NaVi-collect-20260919-024105-060-5a85f57b	116	23732	0	0	no_supported_obstacle	assumed_first_frame_not_map_validation
NaVi-collect-20260919-024105-060-5a85f57b	117	23960	0	0	no_supported_obstacle	assumed_first_frame_not_map_validation
NaVi-collect-20260919-024105-060-5a85f57b	118	24195	0	0	no_supported_obstacle	assumed_first_frame_not_map_validation
NaVi-collect-20260919-024105-060-5a85f57b	119	24425	0	0	no_supported_obstacle	assumed_first_frame_not_map_validation
NaVi-collect-20260919-024105-060-5a85f57b	120	24679	0	0	no_supported_obstacle	assumed_first_frame_not_map_validation
NaVi-collect-20260919-024105-060-5a85f57b	121	24938	0	0	no_supported_obstacle	assumed_first_frame_not_map_validation
NaVi-collect-20260919-024105-060-5a85f57b	122	25105	0	0	no_supported_obstacle	assumed_first_frame_not_map_validation
NaVi-collect-20260919-024105-060-5a85f57b	123	25322	0	0	no_supported_obstacle	assumed_first_frame_not_map_validation
NaVi-collect-20260919-024105-060-5a85f57b	124	25526	0	0	no_supported_obstacle	assumed_first_frame_not_map_validation
NaVi-collect-20260919-024105-060-5a85f57b	125	25725	0	0	no_supported_obstacle	assumed_first_frame_not_map_validation
NaVi-collect-20260919-024105-060-5a85f57b	126	25972	0	0	no_supported_obstacle	assumed_first_frame_not_map_validation
NaVi-collect-20260919-024105-060-5a85f57b	127	26205	0	0	no_supported_obstacle	assumed_first_frame_not_map_validation
NaVi-collect-20260919-024105-060-5a85f57b	128	26394	0	0	no_supported_obstacle	assumed_first_frame_not_map_validation
NaVi-collect-20260919-024105-060-5a85f57b	129	26599	0	0	no_supported_obstacle	assumed_first_frame_not_map_validation
NaVi-collect-20260919-024105-060-5a85f57b	130	26802	0	0	no_supported_obstacle	assumed_first_frame_not_map_validation
NaVi-collect-20260919-024105-060-5a85f57b	131	27005	0	0	no_supported_obstacle	assumed_first_frame_not_map_validation
NaVi-collect-20260919-024105-060-5a85f57b	132	27245	0	0	no_supported_obstacle	assumed_first_frame_not_map_validation
NaVi-collect-20260919-024105-060-5a85f57b	133	27432	0	0	no_supported_obstacle	assumed_first_frame_not_map_validation
NaVi-collect-20260919-024105-060-5a85f57b	134	27675	0	0	no_supported_obstacle	assumed_first_frame_not_map_validation
NaVi-collect-20260919-024105-060-5a85f57b	136	28094	0	0	no_supported_obstacle	assumed_first_frame_not_map_validation
NaVi-collect-20260919-024105-060-5a85f57b	137	28328	0	0	no_supported_obstacle	assumed_first_frame_not_map_validation
NaVi-collect-20260919-024105-060-5a85f57b	138	28557	0	0	no_supported_obstacle	assumed_first_frame_not_map_validation
NaVi-collect-20260919-024105-060-5a85f57b	139	28767	0	0	no_supported_obstacle	assumed_first_frame_not_map_validation
NaVi-collect-20260919-024105-060-5a85f57b	140	28966	0	0	no_supported_obstacle	assumed_first_frame_not_map_validation
NaVi-collect-20260919-024105-060-5a85f57b	141	29199	0	0	no_supported_obstacle	assumed_first_frame_not_map_validation
NaVi-collect-20260919-024105-060-5a85f57b	142	29402	0	0	no_supported_obstacle	assumed_first_frame_not_map_validation
NaVi-collect-20260919-024105-060-5a85f57b	143	29612	0	0	no_supported_obstacle	assumed_first_frame_not_map_validation
NaVi-collect-20260919-024105-060-5a85f57b	144	29836	0	0	no_supported_obstacle	assumed_first_frame_not_map_validation
NaVi-collect-20260919-024105-060-5a85f57b	145	30030	0	0	no_supported_obstacle	assumed_first_frame_not_map_validation
NaVi-collect-20260919-024105-060-5a85f57b	146	30234	0	0	no_supported_obstacle	assumed_first_frame_not_map_validation
NaVi-collect-20260919-024105-060-5a85f57b	147	30461	0	0	no_supported_obstacle	assumed_first_frame_not_map_validation
NaVi-collect-20260919-024105-060-5a85f57b	148	30697	0	0	no_supported_obstacle	assumed_first_frame_not_map_validation
NaVi-collect-20260919-024105-060-5a85f57b	149	30934	0	0	no_supported_obstacle	assumed_first_frame_not_map_validation
NaVi-collect-20260919-024105-060-5a85f57b	150	31165	0	0	no_supported_obstacle	assumed_first_frame_not_map_validation
NaVi-collect-20260919-024105-060-5a85f57b	151	31402	0	0	no_supported_obstacle	assumed_first_frame_not_map_validation
NaVi-collect-20260919-024105-060-5a85f57b	152	31606	0	0	no_supported_obstacle	assumed_first_frame_not_map_validation
NaVi-collect-20260919-024105-060-5a85f57b	153	31797	0	0	no_supported_obstacle	assumed_first_frame_not_map_validation
NaVi-collect-20260919-024105-060-5a85f57b	154	31996	0	0	no_supported_obstacle	assumed_first_frame_not_map_validation
NaVi-collect-20260919-024105-060-5a85f57b	155	32197	0	0	no_supported_obstacle	assumed_first_frame_not_map_validation
NaVi-collect-20260919-024105-060-5a85f57b	156	32398	0	0	no_supported_obstacle	assumed_first_frame_not_map_validation
NaVi-collect-20260919-024105-060-5a85f57b	157	32604	0	0	no_supported_obstacle	assumed_first_frame_not_map_validation
NaVi-collect-20260919-024105-060-5a85f57b	158	32813	0	0	no_supported_obstacle	assumed_first_frame_not_map_validation
NaVi-collect-20260919-024105-060-5a85f57b	159	32997	0	0	no_supported_obstacle	assumed_first_frame_not_map_validation
NaVi-collect-20260919-024105-060-5a85f57b	160	33217	0	0	no_supported_obstacle	assumed_first_frame_not_map_validation
NaVi-collect-20260919-024105-060-5a85f57b	161	33405	0	0	no_supported_obstacle	assumed_first_frame_not_map_validation
NaVi-collect-20260919-024105-060-5a85f57b	162	33604	0	0	no_supported_obstacle	assumed_first_frame_not_map_validation
NaVi-collect-20260919-024105-060-5a85f57b	163	33812	0	0	no_supported_obstacle	assumed_first_frame_not_map_validation
NaVi-collect-20260919-024105-060-5a85f57b	164	34001	0	0	no_supported_obstacle	assumed_first_frame_not_map_validation
NaVi-collect-20260919-024105-060-5a85f57b	165	34217	0	0	no_supported_obstacle	assumed_first_frame_not_map_validation
NaVi-collect-20260919-024105-060-5a85f57b	166	34414	0	0	no_supported_obstacle	assumed_first_frame_not_map_validation
NaVi-collect-20260919-024105-060-5a85f57b	168	34807	0	0	no_supported_obstacle	assumed_first_frame_not_map_validation
NaVi-collect-20260919-024105-060-5a85f57b	169	35018	0	0	no_supported_obstacle	assumed_first_frame_not_map_validation
NaVi-collect-20260919-024105-060-5a85f57b	170	35218	0	0	no_supported_obstacle	assumed_first_frame_not_map_validation
NaVi-collect-20260919-024105-060-5a85f57b	171	35428	0	0	no_supported_obstacle	assumed_first_frame_not_map_validation
NaVi-collect-20260919-024105-060-5a85f57b	172	35618	0	0	no_supported_obstacle	assumed_first_frame_not_map_validation
NaVi-collect-20260919-024105-060-5a85f57b	173	35817	0	0	no_supported_obstacle	assumed_first_frame_not_map_validation
NaVi-collect-20260919-024105-060-5a85f57b	175	36206	0	0	no_supported_obstacle	assumed_first_frame_not_map_validation
NaVi-collect-20260919-024105-060-5a85f57b	176	36412	0	0	no_supported_obstacle	assumed_first_frame_not_map_validation
NaVi-collect-20260919-024105-060-5a85f57b	177	36627	0	0	no_supported_obstacle	assumed_first_frame_not_map_validation
NaVi-collect-20260919-024105-060-5a85f57b	178	36821	0	0	no_supported_obstacle	assumed_first_frame_not_map_validation
NaVi-collect-20260919-024105-060-5a85f57b	179	37030	0	0	no_supported_obstacle	assumed_first_frame_not_map_validation
NaVi-collect-20260919-024105-060-5a85f57b	180	37219	0	0	no_supported_obstacle	assumed_first_frame_not_map_validation
NaVi-collect-20260919-024105-060-5a85f57b	181	37423	0	0	no_supported_obstacle	assumed_first_frame_not_map_validation
NaVi-collect-20260919-024105-060-5a85f57b	183	37830	0	0	no_supported_obstacle	assumed_first_frame_not_map_validation
NaVi-collect-20260919-024105-060-5a85f57b	184	38022	0	0	no_supported_obstacle	assumed_first_frame_not_map_validation
NaVi-collect-20260919-024105-060-5a85f57b	185	38224	0	0	no_supported_obstacle	assumed_first_frame_not_map_validation
NaVi-collect-20260919-024105-060-5a85f57b	186	38422	0	0	no_supported_obstacle	assumed_first_frame_not_map_validation
NaVi-collect-20260919-024105-060-5a85f57b	187	38636	0	0	no_supported_obstacle	assumed_first_frame_not_map_validation
NaVi-collect-20260919-024105-060-5a85f57b	188	38838	0	0	no_supported_obstacle	assumed_first_frame_not_map_validation
NaVi-collect-20260919-024105-060-5a85f57b	189	39015	0	0	no_supported_obstacle	assumed_first_frame_not_map_validation
NaVi-collect-20260919-024105-060-5a85f57b	190	39220	0	0	no_supported_obstacle	assumed_first_frame_not_map_validation
NaVi-collect-20260919-024105-060-5a85f57b	192	39627	0	0	no_supported_obstacle	assumed_first_frame_not_map_validation
NaVi-collect-20260919-024105-060-5a85f57b	193	39834	0	0	no_supported_obstacle	assumed_first_frame_not_map_validation
NaVi-collect-20260919-024105-060-5a85f57b	194	40032	0	0	no_supported_obstacle	assumed_first_frame_not_map_validation
NaVi-collect-20260919-024105-060-5a85f57b	195	40224	0	0	no_supported_obstacle	assumed_first_frame_not_map_validation
NaVi-collect-20260919-024105-060-5a85f57b	196	40437	0	0	no_supported_obstacle	assumed_first_frame_not_map_validation
NaVi-collect-20260919-024105-060-5a85f57b	197	40629	0	0	no_supported_obstacle	assumed_first_frame_not_map_validation
NaVi-collect-20260919-024105-060-5a85f57b	198	40826	0	0	no_supported_obstacle	assumed_first_frame_not_map_validation
NaVi-collect-20260919-024105-060-5a85f57b	199	41024	0	0	no_supported_obstacle	assumed_first_frame_not_map_validation
NaVi-collect-20260919-024105-060-5a85f57b	200	41232	0	0	no_supported_obstacle	assumed_first_frame_not_map_validation
NaVi-collect-20260919-024105-060-5a85f57b	201	41426	0	0	no_supported_obstacle	assumed_first_frame_not_map_validation
NaVi-collect-20260919-024105-060-5a85f57b	202	41637	0	0	no_supported_obstacle	assumed_first_frame_not_map_validation
NaVi-collect-20260919-024105-060-5a85f57b	204	42035	0	0	no_supported_obstacle	assumed_first_frame_not_map_validation
NaVi-collect-20260919-024105-060-5a85f57b	205	42235	0	0	no_supported_obstacle	assumed_first_frame_not_map_validation
NaVi-collect-20260919-024105-060-5a85f57b	206	42428	0	0	no_supported_obstacle	assumed_first_frame_not_map_validation
NaVi-collect-20260919-024105-060-5a85f57b	207	42641	0	0	no_supported_obstacle	assumed_first_frame_not_map_validation
NaVi-collect-20260919-024105-060-5a85f57b	208	42826	0	0	no_supported_obstacle	assumed_first_frame_not_map_validation
NaVi-collect-20260919-024105-060-5a85f57b	209	43035	0	0	no_supported_obstacle	assumed_first_frame_not_map_validation
NaVi-collect-20260919-024105-060-5a85f57b	210	43250	0	0	no_supported_obstacle	assumed_first_frame_not_map_validation
NaVi-collect-20260919-024105-060-5a85f57b	211	43457	0	0	no_supported_obstacle	assumed_first_frame_not_map_validation
NaVi-collect-20260919-024105-060-5a85f57b	212	43627	0	0	no_supported_obstacle	assumed_first_frame_not_map_validation
NaVi-collect-20260919-024105-060-5a85f57b	213	43847	0	0	no_supported_obstacle	assumed_first_frame_not_map_validation
NaVi-collect-20260919-024105-060-5a85f57b	214	44033	0	0	no_supported_obstacle	assumed_first_frame_not_map_validation
NaVi-collect-20260919-024204-341-339c8af2	2	88	0	0	alignment_unavailable	assumed_first_frame_not_map_validation
NaVi-collect-20260919-024204-341-339c8af2	3	301	0	0	alignment_unavailable	assumed_first_frame_not_map_validation
NaVi-collect-20260919-024204-341-339c8af2	4	486	0	0	alignment_unavailable	assumed_first_frame_not_map_validation
NaVi-collect-20260919-024204-341-339c8af2	5	687	0	0	alignment_unavailable	assumed_first_frame_not_map_validation
NaVi-collect-20260919-024204-341-339c8af2	6	888	0	0	alignment_unavailable	assumed_first_frame_not_map_validation
NaVi-collect-20260919-024204-341-339c8af2	7	1103	0	0	alignment_unavailable	assumed_first_frame_not_map_validation
NaVi-collect-20260919-024204-341-339c8af2	8	1335	0	0	no_supported_obstacle	assumed_first_frame_not_map_validation
NaVi-collect-20260919-024204-341-339c8af2	9	1528	0	0	no_supported_obstacle	assumed_first_frame_not_map_validation
NaVi-collect-20260919-024204-341-339c8af2	10	1726	0	0	no_supported_obstacle	assumed_first_frame_not_map_validation
NaVi-collect-20260919-024204-341-339c8af2	11	1920	0	0	no_supported_obstacle	assumed_first_frame_not_map_validation
NaVi-collect-20260919-024204-341-339c8af2	12	2155	0	0	no_supported_obstacle	assumed_first_frame_not_map_validation
NaVi-collect-20260919-024204-341-339c8af2	13	2418	0	0	no_supported_obstacle	assumed_first_frame_not_map_validation
NaVi-collect-20260919-024204-341-339c8af2	14	2644	0	0	no_supported_obstacle	assumed_first_frame_not_map_validation
NaVi-collect-20260919-024204-341-339c8af2	16	3080	0	0	no_supported_obstacle	assumed_first_frame_not_map_validation
NaVi-collect-20260919-024204-341-339c8af2	17	3278	0	0	no_supported_obstacle	assumed_first_frame_not_map_validation
NaVi-collect-20260919-024204-341-339c8af2	18	3511	0	0	no_supported_obstacle	assumed_first_frame_not_map_validation
NaVi-collect-20260919-024204-341-339c8af2	19	3744	0	0	no_supported_obstacle	assumed_first_frame_not_map_validation
NaVi-collect-20260919-024204-341-339c8af2	20	3951	0	0	no_supported_obstacle	assumed_first_frame_not_map_validation
NaVi-collect-20260919-024204-341-339c8af2	22	4369	0	0	no_supported_obstacle	assumed_first_frame_not_map_validation
NaVi-collect-20260919-024204-341-339c8af2	23	4582	0	0	no_supported_obstacle	assumed_first_frame_not_map_validation
NaVi-collect-20260919-024204-341-339c8af2	24	4784	0	0	no_supported_obstacle	assumed_first_frame_not_map_validation
NaVi-collect-20260919-024204-341-339c8af2	25	4980	0	0	no_supported_obstacle	assumed_first_frame_not_map_validation
NaVi-collect-20260919-024204-341-339c8af2	27	5463	0	0	no_supported_obstacle	assumed_first_frame_not_map_validation
NaVi-collect-20260919-024204-341-339c8af2	28	5680	0	0	no_supported_obstacle	assumed_first_frame_not_map_validation
NaVi-collect-20260919-024204-341-339c8af2	29	5950	0	0	no_supported_obstacle	assumed_first_frame_not_map_validation
NaVi-collect-20260919-024204-341-339c8af2	31	6367	0	0	no_supported_obstacle	assumed_first_frame_not_map_validation
NaVi-collect-20260919-024204-341-339c8af2	32	6581	0	0	no_supported_obstacle	assumed_first_frame_not_map_validation
NaVi-collect-20260919-024204-341-339c8af2	33	6743	0	0	no_supported_obstacle	assumed_first_frame_not_map_validation
NaVi-collect-20260919-024204-341-339c8af2	34	6970	0	0	no_supported_obstacle	assumed_first_frame_not_map_validation
NaVi-collect-20260919-024204-341-339c8af2	36	7415	0	0	no_supported_obstacle	assumed_first_frame_not_map_validation
NaVi-collect-20260919-024204-341-339c8af2	37	7654	0	0	no_supported_obstacle	assumed_first_frame_not_map_validation
NaVi-collect-20260919-024204-341-339c8af2	38	7846	0	0	no_supported_obstacle	assumed_first_frame_not_map_validation
NaVi-collect-20260919-024204-341-339c8af2	40	8292	0	0	no_supported_obstacle	assumed_first_frame_not_map_validation
NaVi-collect-20260919-024204-341-339c8af2	41	8468	0	0	no_supported_obstacle	assumed_first_frame_not_map_validation
NaVi-collect-20260919-024204-341-339c8af2	43	8883	0	0	no_supported_obstacle	assumed_first_frame_not_map_validation
NaVi-collect-20260919-024204-341-339c8af2	44	9153	0	0	no_supported_obstacle	assumed_first_frame_not_map_validation
NaVi-collect-20260919-024204-341-339c8af2	45	9334	0	0	no_supported_obstacle	assumed_first_frame_not_map_validation
NaVi-collect-20260919-024204-341-339c8af2	47	9761	0	0	no_supported_obstacle	assumed_first_frame_not_map_validation
NaVi-collect-20260919-024204-341-339c8af2	48	9966	0	0	no_supported_obstacle	assumed_first_frame_not_map_validation
NaVi-collect-20260919-024204-341-339c8af2	49	10193	0	0	no_supported_obstacle	assumed_first_frame_not_map_validation
NaVi-collect-20260919-024204-341-339c8af2	51	10642	0	0	no_supported_obstacle	assumed_first_frame_not_map_validation
NaVi-collect-20260919-024204-341-339c8af2	52	10850	0	0	no_supported_obstacle	assumed_first_frame_not_map_validation
NaVi-collect-20260919-024204-341-339c8af2	53	11050	0	0	no_supported_obstacle	assumed_first_frame_not_map_validation
NaVi-collect-20260919-024204-341-339c8af2	55	11488	0	0	no_supported_obstacle	assumed_first_frame_not_map_validation
NaVi-collect-20260919-024204-341-339c8af2	56	11693	0	0	no_supported_obstacle	assumed_first_frame_not_map_validation
NaVi-collect-20260919-024204-341-339c8af2	57	11873	0	0	no_supported_obstacle	assumed_first_frame_not_map_validation
NaVi-collect-20260919-024204-341-339c8af2	58	12127	0	0	no_supported_obstacle	assumed_first_frame_not_map_validation
NaVi-collect-20260919-024204-341-339c8af2	60	12518	0	0	no_supported_obstacle	assumed_first_frame_not_map_validation
NaVi-collect-20260919-024204-341-339c8af2	61	12707	0	0	no_supported_obstacle	assumed_first_frame_not_map_validation
NaVi-collect-20260919-024204-341-339c8af2	62	12943	0	0	no_supported_obstacle	assumed_first_frame_not_map_validation
NaVi-collect-20260919-024204-341-339c8af2	63	13188	0	0	no_supported_obstacle	assumed_first_frame_not_map_validation
NaVi-collect-20260919-024204-341-339c8af2	64	13402	0	0	no_supported_obstacle	assumed_first_frame_not_map_validation
NaVi-collect-20260919-024204-341-339c8af2	66	13811	0	0	no_supported_obstacle	assumed_first_frame_not_map_validation
NaVi-collect-20260919-024204-341-339c8af2	67	14004	0	0	no_supported_obstacle	assumed_first_frame_not_map_validation
NaVi-collect-20260919-024204-341-339c8af2	68	14256	0	0	no_supported_obstacle	assumed_first_frame_not_map_validation
NaVi-collect-20260919-024204-341-339c8af2	69	14461	0	0	no_supported_obstacle	assumed_first_frame_not_map_validation
NaVi-collect-20260919-024204-341-339c8af2	70	14647	0	0	no_supported_obstacle	assumed_first_frame_not_map_validation
NaVi-collect-20260919-024204-341-339c8af2	71	14880	0	0	no_supported_obstacle	assumed_first_frame_not_map_validation
NaVi-collect-20260919-024204-341-339c8af2	72	15080	0	0	no_supported_obstacle	assumed_first_frame_not_map_validation
NaVi-collect-20260919-024204-341-339c8af2	74	15514	0	0	no_supported_obstacle	assumed_first_frame_not_map_validation
NaVi-collect-20260919-024204-341-339c8af2	75	15739	0	0	no_supported_obstacle	assumed_first_frame_not_map_validation
NaVi-collect-20260919-024204-341-339c8af2	76	15979	0	0	no_supported_obstacle	assumed_first_frame_not_map_validation
NaVi-collect-20260919-024204-341-339c8af2	77	16210	0	0	no_supported_obstacle	assumed_first_frame_not_map_validation
NaVi-collect-20260919-024204-341-339c8af2	78	16381	0	0	no_supported_obstacle	assumed_first_frame_not_map_validation
NaVi-collect-20260919-024204-341-339c8af2	80	16776	0	0	no_supported_obstacle	assumed_first_frame_not_map_validation
NaVi-collect-20260919-024204-341-339c8af2	81	16980	0	0	no_supported_obstacle	assumed_first_frame_not_map_validation
NaVi-collect-20260919-024204-341-339c8af2	82	17190	0	0	no_supported_obstacle	assumed_first_frame_not_map_validation
NaVi-collect-20260919-024204-341-339c8af2	83	17384	0	0	no_supported_obstacle	assumed_first_frame_not_map_validation
NaVi-collect-20260919-024204-341-339c8af2	85	17782	0	0	no_supported_obstacle	assumed_first_frame_not_map_validation
NaVi-collect-20260919-024204-341-339c8af2	86	17978	0	0	no_supported_obstacle	assumed_first_frame_not_map_validation
NaVi-collect-20260919-024204-341-339c8af2	87	18191	0	0	no_supported_obstacle	assumed_first_frame_not_map_validation
NaVi-collect-20260919-024204-341-339c8af2	89	18583	0	0	no_supported_obstacle	assumed_first_frame_not_map_validation
NaVi-collect-20260919-024204-341-339c8af2	90	18794	0	0	no_supported_obstacle	assumed_first_frame_not_map_validation
NaVi-collect-20260919-024204-341-339c8af2	91	18997	0	0	no_supported_obstacle	assumed_first_frame_not_map_validation
NaVi-collect-20260919-024204-341-339c8af2	93	19395	0	0	no_supported_obstacle	assumed_first_frame_not_map_validation
NaVi-collect-20260919-024204-341-339c8af2	94	19588	0	0	no_supported_obstacle	assumed_first_frame_not_map_validation
NaVi-collect-20260919-024204-341-339c8af2	96	19995	0	0	no_supported_obstacle	assumed_first_frame_not_map_validation
NaVi-collect-20260919-024204-341-339c8af2	97	20185	0	0	no_supported_obstacle	assumed_first_frame_not_map_validation
NaVi-collect-20260919-024204-341-339c8af2	98	20399	0	0	no_supported_obstacle	assumed_first_frame_not_map_validation
NaVi-collect-20260919-024204-341-339c8af2	100	20780	0	0	no_supported_obstacle	assumed_first_frame_not_map_validation
NaVi-collect-20260919-024204-341-339c8af2	101	20997	0	0	no_supported_obstacle	assumed_first_frame_not_map_validation
NaVi-collect-20260919-024204-341-339c8af2	103	21400	0	0	no_supported_obstacle	assumed_first_frame_not_map_validation
NaVi-collect-20260919-024204-341-339c8af2	104	21596	0	0	no_supported_obstacle	assumed_first_frame_not_map_validation
NaVi-collect-20260919-024204-341-339c8af2	105	21795	0	0	no_supported_obstacle	assumed_first_frame_not_map_validation
NaVi-collect-20260919-024204-341-339c8af2	106	21999	0	0	no_supported_obstacle	assumed_first_frame_not_map_validation
NaVi-collect-20260919-024204-341-339c8af2	108	22396	0	0	no_supported_obstacle	assumed_first_frame_not_map_validation
NaVi-collect-20260919-024204-341-339c8af2	109	22598	0	0	no_supported_obstacle	assumed_first_frame_not_map_validation
NaVi-collect-20260919-024204-341-339c8af2	110	22799	0	0	no_supported_obstacle	assumed_first_frame_not_map_validation
NaVi-collect-20260919-024204-341-339c8af2	111	23001	0	0	no_supported_obstacle	assumed_first_frame_not_map_validation
NaVi-collect-20260919-024204-341-339c8af2	113	23403	0	0	no_supported_obstacle	assumed_first_frame_not_map_validation
NaVi-collect-20260919-024204-341-339c8af2	114	23601	0	0	no_supported_obstacle	assumed_first_frame_not_map_validation
NaVi-collect-20260919-024204-341-339c8af2	115	23814	0	0	no_supported_obstacle	assumed_first_frame_not_map_validation
NaVi-collect-20260919-024204-341-339c8af2	117	24203	0	0	no_supported_obstacle	assumed_first_frame_not_map_validation
NaVi-collect-20260919-024204-341-339c8af2	118	24421	0	0	no_supported_obstacle	assumed_first_frame_not_map_validation
NaVi-collect-20260919-024204-341-339c8af2	119	24610	0	0	no_supported_obstacle	assumed_first_frame_not_map_validation
NaVi-collect-20260919-024204-341-339c8af2	121	25001	0	0	no_supported_obstacle	assumed_first_frame_not_map_validation
NaVi-collect-20260919-024204-341-339c8af2	122	25220	0	0	no_supported_obstacle	assumed_first_frame_not_map_validation
NaVi-collect-20260919-024204-341-339c8af2	123	25412	0	0	no_supported_obstacle	assumed_first_frame_not_map_validation
NaVi-collect-20260919-024204-341-339c8af2	124	25618	0	0	no_supported_obstacle	assumed_first_frame_not_map_validation
NaVi-collect-20260919-024204-341-339c8af2	126	26008	0	0	no_supported_obstacle	assumed_first_frame_not_map_validation
NaVi-collect-20260919-024204-341-339c8af2	127	26239	0	0	no_supported_obstacle	assumed_first_frame_not_map_validation
NaVi-collect-20260919-024204-341-339c8af2	129	26603	0	0	no_supported_obstacle	assumed_first_frame_not_map_validation
NaVi-collect-20260919-024204-341-339c8af2	130	26822	0	0	no_supported_obstacle	assumed_first_frame_not_map_validation
NaVi-collect-20260919-024204-341-339c8af2	131	27018	0	0	no_supported_obstacle	assumed_first_frame_not_map_validation
NaVi-collect-20260919-024204-341-339c8af2	132	27225	0	0	no_supported_obstacle	assumed_first_frame_not_map_validation
NaVi-collect-20260919-024204-341-339c8af2	133	27432	0	0	no_supported_obstacle	assumed_first_frame_not_map_validation
NaVi-collect-20260919-024204-341-339c8af2	135	27820	0	0	no_supported_obstacle	assumed_first_frame_not_map_validation
NaVi-collect-20260919-024204-341-339c8af2	136	28020	0	0	no_supported_obstacle	assumed_first_frame_not_map_validation
NaVi-collect-20260919-024204-341-339c8af2	137	28209	0	0	no_supported_obstacle	assumed_first_frame_not_map_validation
NaVi-collect-20260919-024204-341-339c8af2	138	28439	0	0	no_supported_obstacle	assumed_first_frame_not_map_validation
NaVi-collect-20260919-024204-341-339c8af2	140	28814	0	0	no_supported_obstacle	assumed_first_frame_not_map_validation
NaVi-collect-20260919-024204-341-339c8af2	141	29021	0	0	no_supported_obstacle	assumed_first_frame_not_map_validation
NaVi-collect-20260919-024204-341-339c8af2	142	29231	0	0	no_supported_obstacle	assumed_first_frame_not_map_validation
NaVi-collect-20260919-024204-341-339c8af2	144	29631	0	0	no_supported_obstacle	assumed_first_frame_not_map_validation
NaVi-collect-20260919-024204-341-339c8af2	145	29810	1	0	insufficient_depth_samples	assumed_first_frame_not_map_validation
NaVi-collect-20260919-024204-341-339c8af2	146	30031	0	0	no_supported_obstacle	assumed_first_frame_not_map_validation
NaVi-collect-20260919-024204-341-339c8af2	147	30238	1	0	insufficient_depth_samples	assumed_first_frame_not_map_validation
NaVi-collect-20260919-024204-341-339c8af2	149	30621	0	0	no_supported_obstacle	assumed_first_frame_not_map_validation
NaVi-collect-20260919-024204-341-339c8af2	150	30824	0	0	no_supported_obstacle	assumed_first_frame_not_map_validation
NaVi-collect-20260919-024204-341-339c8af2	151	31034	0	0	no_supported_obstacle	assumed_first_frame_not_map_validation
NaVi-collect-20260919-024204-341-339c8af2	153	31428	0	0	no_supported_obstacle	assumed_first_frame_not_map_validation
NaVi-collect-20260919-024204-341-339c8af2	154	31637	1	0	outside_sidewalk_or_mask_uncertain	assumed_first_frame_not_map_validation
NaVi-collect-20260919-024204-341-339c8af2	156	32031	0	0	no_supported_obstacle	assumed_first_frame_not_map_validation
NaVi-collect-20260919-024204-341-339c8af2	157	32225	0	0	no_supported_obstacle	assumed_first_frame_not_map_validation
NaVi-collect-20260919-024204-341-339c8af2	158	32433	0	0	no_supported_obstacle	assumed_first_frame_not_map_validation
NaVi-collect-20260919-024204-341-339c8af2	160	32823	0	0	no_supported_obstacle	assumed_first_frame_not_map_validation
NaVi-collect-20260919-024204-341-339c8af2	161	33034	0	0	no_supported_obstacle	assumed_first_frame_not_map_validation
NaVi-collect-20260919-024204-341-339c8af2	162	33230	0	0	no_supported_obstacle	assumed_first_frame_not_map_validation
NaVi-collect-20260919-024204-341-339c8af2	163	33425	0	0	no_supported_obstacle	assumed_first_frame_not_map_validation
NaVi-collect-20260919-024204-341-339c8af2	164	33662	0	0	no_supported_obstacle	assumed_first_frame_not_map_validation
NaVi-collect-20260919-024204-341-339c8af2	165	33836	0	0	no_supported_obstacle	assumed_first_frame_not_map_validation
NaVi-collect-20260919-024204-341-339c8af2	166	34032	0	0	no_supported_obstacle	assumed_first_frame_not_map_validation
NaVi-collect-20260919-024204-341-339c8af2	167	34232	0	0	no_supported_obstacle	assumed_first_frame_not_map_validation
NaVi-collect-20260919-024204-341-339c8af2	168	34437	0	0	no_supported_obstacle	assumed_first_frame_not_map_validation
NaVi-collect-20260919-024204-341-339c8af2	169	34640	0	0	no_supported_obstacle	assumed_first_frame_not_map_validation
NaVi-collect-20260919-024204-341-339c8af2	170	34828	0	0	no_supported_obstacle	assumed_first_frame_not_map_validation
NaVi-collect-20260919-024204-341-339c8af2	171	35049	0	0	no_supported_obstacle	assumed_first_frame_not_map_validation
NaVi-collect-20260919-024204-341-339c8af2	172	35247	0	0	no_supported_obstacle	assumed_first_frame_not_map_validation
NaVi-collect-20260919-024204-341-339c8af2	173	35428	0	0	no_supported_obstacle	assumed_first_frame_not_map_validation
NaVi-collect-20260919-024204-341-339c8af2	174	35629	0	0	no_supported_obstacle	assumed_first_frame_not_map_validation
NaVi-collect-20260919-024204-341-339c8af2	175	35838	0	0	no_supported_obstacle	assumed_first_frame_not_map_validation
NaVi-collect-20260919-024204-341-339c8af2	176	36048	0	0	no_supported_obstacle	assumed_first_frame_not_map_validation
NaVi-collect-20260919-024204-341-339c8af2	177	36251	0	0	no_supported_obstacle	assumed_first_frame_not_map_validation
NaVi-collect-20260919-024204-341-339c8af2	178	36427	0	0	no_supported_obstacle	assumed_first_frame_not_map_validation
NaVi-collect-20260919-024204-341-339c8af2	179	36637	0	0	no_supported_obstacle	assumed_first_frame_not_map_validation
NaVi-collect-20260919-024204-341-339c8af2	180	36832	0	0	no_supported_obstacle	assumed_first_frame_not_map_validation
NaVi-collect-20260919-024204-341-339c8af2	181	37054	0	0	no_supported_obstacle	assumed_first_frame_not_map_validation
NaVi-collect-20260919-024204-341-339c8af2	182	37246	0	0	no_supported_obstacle	assumed_first_frame_not_map_validation
NaVi-collect-20260919-024204-341-339c8af2	183	37450	0	0	no_supported_obstacle	assumed_first_frame_not_map_validation
NaVi-collect-20260919-024204-341-339c8af2	184	37638	0	0	no_supported_obstacle	assumed_first_frame_not_map_validation
NaVi-collect-20260919-024204-341-339c8af2	185	37837	0	0	no_supported_obstacle	assumed_first_frame_not_map_validation
NaVi-collect-20260919-024204-341-339c8af2	186	38048	0	0	no_supported_obstacle	assumed_first_frame_not_map_validation
NaVi-collect-20260919-024204-341-339c8af2	187	38248	0	0	no_supported_obstacle	assumed_first_frame_not_map_validation
NaVi-collect-20260919-024204-341-339c8af2	188	38450	0	0	no_supported_obstacle	assumed_first_frame_not_map_validation
NaVi-collect-20260919-024204-341-339c8af2	189	38649	0	0	no_supported_obstacle	assumed_first_frame_not_map_validation
NaVi-collect-20260919-024204-341-339c8af2	190	38853	0	0	no_supported_obstacle	assumed_first_frame_not_map_validation
NaVi-collect-20260919-024204-341-339c8af2	191	39060	0	0	no_supported_obstacle	assumed_first_frame_not_map_validation
NaVi-collect-20260919-024204-341-339c8af2	192	39233	0	0	no_supported_obstacle	assumed_first_frame_not_map_validation
NaVi-collect-20260919-024204-341-339c8af2	193	39456	0	0	no_supported_obstacle	assumed_first_frame_not_map_validation
NaVi-collect-20260919-024204-341-339c8af2	194	39659	0	0	no_supported_obstacle	assumed_first_frame_not_map_validation
NaVi-collect-20260919-024204-341-339c8af2	195	39854	0	0	no_supported_obstacle	assumed_first_frame_not_map_validation
NaVi-collect-20260919-024204-341-339c8af2	196	40053	0	0	no_supported_obstacle	assumed_first_frame_not_map_validation
NaVi-collect-20260919-024204-341-339c8af2	197	40252	0	0	no_supported_obstacle	assumed_first_frame_not_map_validation
NaVi-collect-20260919-024204-341-339c8af2	198	40469	0	0	no_supported_obstacle	assumed_first_frame_not_map_validation
NaVi-collect-20260919-024204-341-339c8af2	199	40654	0	0	no_supported_obstacle	assumed_first_frame_not_map_validation
NaVi-collect-20260919-024204-341-339c8af2	200	40852	0	0	no_supported_obstacle	assumed_first_frame_not_map_validation
NaVi-collect-20260919-024204-341-339c8af2	201	41051	0	0	no_supported_obstacle	assumed_first_frame_not_map_validation
NaVi-collect-20260919-024204-341-339c8af2	202	41270	0	0	no_supported_obstacle	assumed_first_frame_not_map_validation
NaVi-collect-20260919-024204-341-339c8af2	203	41471	0	0	no_supported_obstacle	assumed_first_frame_not_map_validation
NaVi-collect-20260919-024204-341-339c8af2	204	41654	0	0	no_supported_obstacle	assumed_first_frame_not_map_validation
NaVi-collect-20260919-024204-341-339c8af2	205	41858	0	0	no_supported_obstacle	assumed_first_frame_not_map_validation
NaVi-collect-20260919-024204-341-339c8af2	206	42053	0	0	no_supported_obstacle	assumed_first_frame_not_map_validation
NaVi-collect-20260919-024204-341-339c8af2	207	42254	0	0	no_supported_obstacle	assumed_first_frame_not_map_validation
NaVi-collect-20260919-024204-341-339c8af2	208	42474	0	0	no_supported_obstacle	assumed_first_frame_not_map_validation
NaVi-collect-20260919-024204-341-339c8af2	209	42661	0	0	no_supported_obstacle	assumed_first_frame_not_map_validation
NaVi-collect-20260919-024204-341-339c8af2	210	42862	0	0	no_supported_obstacle	assumed_first_frame_not_map_validation
NaVi-collect-20260919-024204-341-339c8af2	211	43078	0	0	no_supported_obstacle	assumed_first_frame_not_map_validation
NaVi-collect-20260919-024204-341-339c8af2	212	43258	0	0	no_supported_obstacle	assumed_first_frame_not_map_validation
NaVi-collect-20260919-024204-341-339c8af2	213	43457	0	0	no_supported_obstacle	assumed_first_frame_not_map_validation
NaVi-collect-20260919-024204-341-339c8af2	214	43662	0	0	no_supported_obstacle	assumed_first_frame_not_map_validation
NaVi-collect-20260919-024204-341-339c8af2	215	43861	0	0	no_supported_obstacle	assumed_first_frame_not_map_validation
NaVi-collect-20260919-024204-341-339c8af2	216	44084	0	0	no_supported_obstacle	assumed_first_frame_not_map_validation
NaVi-collect-20260919-024204-341-339c8af2	217	44268	0	0	no_supported_obstacle	assumed_first_frame_not_map_validation
NaVi-collect-20260919-024204-341-339c8af2	218	44472	0	0	no_supported_obstacle	assumed_first_frame_not_map_validation
NaVi-collect-20260919-024204-341-339c8af2	219	44661	0	0	no_supported_obstacle	assumed_first_frame_not_map_validation
NaVi-collect-20260919-024204-341-339c8af2	220	44866	0	0	no_supported_obstacle	assumed_first_frame_not_map_validation
NaVi-collect-20260919-024204-341-339c8af2	221	45072	0	0	no_supported_obstacle	assumed_first_frame_not_map_validation
NaVi-collect-20260919-024204-341-339c8af2	222	45258	0	0	no_supported_obstacle	assumed_first_frame_not_map_validation
NaVi-collect-20260919-024204-341-339c8af2	223	45460	0	0	no_supported_obstacle	assumed_first_frame_not_map_validation
NaVi-collect-20260919-024204-341-339c8af2	224	45676	0	0	no_supported_obstacle	assumed_first_frame_not_map_validation
NaVi-collect-20260919-024204-341-339c8af2	225	45873	0	0	no_supported_obstacle	assumed_first_frame_not_map_validation
NaVi-collect-20260919-024204-341-339c8af2	226	46071	0	0	no_supported_obstacle	assumed_first_frame_not_map_validation
NaVi-collect-20260919-024204-341-339c8af2	227	46292	0	0	no_supported_obstacle	assumed_first_frame_not_map_validation
NaVi-collect-20260919-024204-341-339c8af2	228	46488	0	0	no_supported_obstacle	assumed_first_frame_not_map_validation
NaVi-collect-20260919-024204-341-339c8af2	230	46875	0	0	no_supported_obstacle	assumed_first_frame_not_map_validation
NaVi-collect-20260919-024204-341-339c8af2	231	47076	0	0	no_supported_obstacle	assumed_first_frame_not_map_validation
NaVi-collect-20260919-024204-341-339c8af2	232	47274	0	0	no_supported_obstacle	assumed_first_frame_not_map_validation
NaVi-collect-20260919-024204-341-339c8af2	233	47476	0	0	no_supported_obstacle	assumed_first_frame_not_map_validation
NaVi-collect-20260919-024204-341-339c8af2	234	47673	0	0	no_supported_obstacle	assumed_first_frame_not_map_validation
NaVi-collect-20260919-024204-341-339c8af2	235	47888	0	0	no_supported_obstacle	assumed_first_frame_not_map_validation
NaVi-collect-20260919-024204-341-339c8af2	237	48280	0	0	no_supported_obstacle	assumed_first_frame_not_map_validation
NaVi-collect-20260919-024204-341-339c8af2	238	48477	0	0	no_supported_obstacle	assumed_first_frame_not_map_validation
NaVi-collect-20260919-024204-341-339c8af2	239	48680	0	0	no_supported_obstacle	assumed_first_frame_not_map_validation
NaVi-collect-20260919-024204-341-339c8af2	240	48890	0	0	no_supported_obstacle	assumed_first_frame_not_map_validation
NaVi-collect-20260919-024204-341-339c8af2	242	49277	0	0	no_supported_obstacle	assumed_first_frame_not_map_validation
NaVi-collect-20260919-024204-341-339c8af2	243	49480	0	0	no_supported_obstacle	assumed_first_frame_not_map_validation
NaVi-collect-20260919-024204-341-339c8af2	244	49681	0	0	no_supported_obstacle	assumed_first_frame_not_map_validation
NaVi-collect-20260919-024204-341-339c8af2	245	49890	0	0	no_supported_obstacle	assumed_first_frame_not_map_validation
NaVi-collect-20260919-024204-341-339c8af2	247	50282	0	0	no_supported_obstacle	assumed_first_frame_not_map_validation
NaVi-collect-20260919-024204-341-339c8af2	248	50478	0	0	no_supported_obstacle	assumed_first_frame_not_map_validation
NaVi-collect-20260919-024204-341-339c8af2	249	50679	0	0	no_supported_obstacle	assumed_first_frame_not_map_validation
NaVi-collect-20260919-024204-341-339c8af2	250	50906	0	0	no_supported_obstacle	assumed_first_frame_not_map_validation
NaVi-collect-20260919-024204-341-339c8af2	252	51281	0	0	no_supported_obstacle	assumed_first_frame_not_map_validation
NaVi-collect-20260919-024204-341-339c8af2	253	51481	0	0	no_supported_obstacle	assumed_first_frame_not_map_validation
NaVi-collect-20260919-024204-341-339c8af2	254	51699	0	0	no_supported_obstacle	assumed_first_frame_not_map_validation
NaVi-collect-20260919-024204-341-339c8af2	255	51889	0	0	no_supported_obstacle	assumed_first_frame_not_map_validation
NaVi-collect-20260919-024204-341-339c8af2	257	52286	0	0	no_supported_obstacle	assumed_first_frame_not_map_validation
NaVi-collect-20260919-024204-341-339c8af2	258	52482	0	0	no_supported_obstacle	assumed_first_frame_not_map_validation
NaVi-collect-20260919-024204-341-339c8af2	259	52688	0	0	no_supported_obstacle	assumed_first_frame_not_map_validation
NaVi-collect-20260919-024204-341-339c8af2	260	52881	0	0	no_supported_obstacle	assumed_first_frame_not_map_validation
NaVi-collect-20260919-024204-341-339c8af2	261	53096	0	0	no_supported_obstacle	assumed_first_frame_not_map_validation
NaVi-collect-20260919-024204-341-339c8af2	262	53291	0	0	no_supported_obstacle	assumed_first_frame_not_map_validation
NaVi-collect-20260919-024204-341-339c8af2	263	53498	0	0	no_supported_obstacle	assumed_first_frame_not_map_validation
NaVi-collect-20260919-024204-341-339c8af2	264	53682	0	0	no_supported_obstacle	assumed_first_frame_not_map_validation
NaVi-collect-20260919-024204-341-339c8af2	265	53954	0	0	no_supported_obstacle	assumed_first_frame_not_map_validation
NaVi-collect-20260919-024204-341-339c8af2	267	54298	0	0	no_supported_obstacle	assumed_first_frame_not_map_validation
NaVi-collect-20260919-024204-341-339c8af2	268	54497	0	0	no_supported_obstacle	assumed_first_frame_not_map_validation
NaVi-collect-20260919-024204-341-339c8af2	269	54700	0	0	no_supported_obstacle	assumed_first_frame_not_map_validation
NaVi-collect-20260919-024204-341-339c8af2	270	54901	0	0	no_supported_obstacle	assumed_first_frame_not_map_validation
NaVi-collect-20260919-024204-341-339c8af2	271	55102	0	0	no_supported_obstacle	assumed_first_frame_not_map_validation
NaVi-collect-20260919-024204-341-339c8af2	272	55307	0	0	no_supported_obstacle	assumed_first_frame_not_map_validation
NaVi-collect-20260919-024204-341-339c8af2	273	55506	0	0	no_supported_obstacle	assumed_first_frame_not_map_validation
NaVi-collect-20260919-024204-341-339c8af2	274	55687	0	0	no_supported_obstacle	assumed_first_frame_not_map_validation
NaVi-collect-20260919-024204-341-339c8af2	276	56106	0	0	no_supported_obstacle	assumed_first_frame_not_map_validation
NaVi-collect-20260919-024204-341-339c8af2	277	56317	0	0	no_supported_obstacle	assumed_first_frame_not_map_validation
NaVi-collect-20260919-024204-341-339c8af2	278	56534	0	0	no_supported_obstacle	assumed_first_frame_not_map_validation
NaVi-collect-20260919-024204-341-339c8af2	279	56779	0	0	no_supported_obstacle	assumed_first_frame_not_map_validation
NaVi-collect-20260919-024204-341-339c8af2	281	57200	0	0	no_supported_obstacle	assumed_first_frame_not_map_validation
NaVi-collect-20260919-024204-341-339c8af2	282	57405	0	0	no_supported_obstacle	assumed_first_frame_not_map_validation
NaVi-collect-20260919-024204-341-339c8af2	283	57601	0	0	no_supported_obstacle	assumed_first_frame_not_map_validation
NaVi-collect-20260919-024204-341-339c8af2	284	57811	0	0	no_supported_obstacle	assumed_first_frame_not_map_validation
NaVi-collect-20260919-024204-341-339c8af2	285	58026	0	0	no_supported_obstacle	assumed_first_frame_not_map_validation
NaVi-collect-20260919-024204-341-339c8af2	286	58280	0	0	no_supported_obstacle	assumed_first_frame_not_map_validation
NaVi-collect-20260919-024204-341-339c8af2	287	58501	0	0	no_supported_obstacle	assumed_first_frame_not_map_validation
NaVi-collect-20260919-024204-341-339c8af2	289	58928	0	0	no_supported_obstacle	assumed_first_frame_not_map_validation
NaVi-collect-20260919-024204-341-339c8af2	290	59160	0	0	no_supported_obstacle	assumed_first_frame_not_map_validation
NaVi-collect-20260919-024204-341-339c8af2	291	59376	0	0	no_supported_obstacle	assumed_first_frame_not_map_validation
NaVi-collect-20260919-024204-341-339c8af2	293	59756	0	0	no_supported_obstacle	assumed_first_frame_not_map_validation
NaVi-collect-20260919-024204-341-339c8af2	294	59974	0	0	no_supported_obstacle	assumed_first_frame_not_map_validation
NaVi-collect-20260919-024204-341-339c8af2	295	60284	0	0	no_supported_obstacle	assumed_first_frame_not_map_validation
NaVi-collect-20260919-024204-341-339c8af2	296	60439	0	0	no_supported_obstacle	assumed_first_frame_not_map_validation
NaVi-collect-20260919-024204-341-339c8af2	298	60871	0	0	no_supported_obstacle	assumed_first_frame_not_map_validation
NaVi-collect-20260919-024204-341-339c8af2	299	61097	0	0	no_supported_obstacle	assumed_first_frame_not_map_validation
NaVi-collect-20260919-024204-341-339c8af2	301	61506	0	0	no_supported_obstacle	assumed_first_frame_not_map_validation
NaVi-collect-20260919-024204-341-339c8af2	302	61709	0	0	no_supported_obstacle	assumed_first_frame_not_map_validation
NaVi-collect-20260919-024204-341-339c8af2	303	61935	0	0	no_supported_obstacle	assumed_first_frame_not_map_validation
NaVi-collect-20260919-024204-341-339c8af2	304	62127	0	0	no_supported_obstacle	assumed_first_frame_not_map_validation
NaVi-collect-20260919-024204-341-339c8af2	305	62368	0	0	no_supported_obstacle	assumed_first_frame_not_map_validation
NaVi-collect-20260919-024204-341-339c8af2	306	62614	0	0	no_supported_obstacle	assumed_first_frame_not_map_validation
NaVi-collect-20260919-024204-341-339c8af2	307	62832	0	0	no_supported_obstacle	assumed_first_frame_not_map_validation
NaVi-collect-20260919-024204-341-339c8af2	308	63076	0	0	no_supported_obstacle	assumed_first_frame_not_map_validation
NaVi-collect-20260919-024204-341-339c8af2	309	63296	0	0	no_supported_obstacle	assumed_first_frame_not_map_validation
NaVi-collect-20260919-024204-341-339c8af2	311	63697	0	0	no_supported_obstacle	assumed_first_frame_not_map_validation
NaVi-collect-20260919-024204-341-339c8af2	312	63948	0	0	no_supported_obstacle	assumed_first_frame_not_map_validation
NaVi-collect-20260919-024204-341-339c8af2	313	64129	0	0	no_supported_obstacle	assumed_first_frame_not_map_validation
NaVi-collect-20260919-024204-341-339c8af2	314	64362	0	0	no_supported_obstacle	assumed_first_frame_not_map_validation
NaVi-collect-20260919-024204-341-339c8af2	315	64594	0	0	no_supported_obstacle	assumed_first_frame_not_map_validation
NaVi-collect-20260919-024204-341-339c8af2	317	65047	0	0	no_supported_obstacle	assumed_first_frame_not_map_validation
NaVi-collect-20260919-024204-341-339c8af2	318	65229	0	0	no_supported_obstacle	assumed_first_frame_not_map_validation
NaVi-collect-20260919-024204-341-339c8af2	320	65645	0	0	no_supported_obstacle	assumed_first_frame_not_map_validation
NaVi-collect-20260919-024204-341-339c8af2	321	65832	0	0	no_supported_obstacle	assumed_first_frame_not_map_validation
NaVi-collect-20260919-024204-341-339c8af2	322	66061	0	0	no_supported_obstacle	assumed_first_frame_not_map_validation
NaVi-collect-20260919-024204-341-339c8af2	324	66438	0	0	no_supported_obstacle	assumed_first_frame_not_map_validation
NaVi-collect-20260919-024204-341-339c8af2	325	66631	0	0	no_supported_obstacle	assumed_first_frame_not_map_validation
NaVi-collect-20260919-024204-341-339c8af2	327	67037	0	0	no_supported_obstacle	assumed_first_frame_not_map_validation
NaVi-collect-20260919-024204-341-339c8af2	328	67258	0	0	no_supported_obstacle	assumed_first_frame_not_map_validation
NaVi-collect-20260919-024204-341-339c8af2	329	67432	0	0	no_supported_obstacle	assumed_first_frame_not_map_validation
NaVi-collect-20260919-024204-341-339c8af2	330	67673	0	0	no_supported_obstacle	assumed_first_frame_not_map_validation
NaVi-collect-20260919-024204-341-339c8af2	331	67869	0	0	no_supported_obstacle	assumed_first_frame_not_map_validation
NaVi-collect-20260919-024204-341-339c8af2	333	68278	0	0	no_supported_obstacle	assumed_first_frame_not_map_validation
NaVi-collect-20260919-024204-341-339c8af2	334	68479	0	0	no_supported_obstacle	assumed_first_frame_not_map_validation
NaVi-collect-20260919-024204-341-339c8af2	335	68684	0	0	no_supported_obstacle	assumed_first_frame_not_map_validation
NaVi-collect-20260919-024204-341-339c8af2	336	68908	0	0	no_supported_obstacle	assumed_first_frame_not_map_validation
NaVi-collect-20260919-024204-341-339c8af2	338	69286	0	0	no_supported_obstacle	assumed_first_frame_not_map_validation
NaVi-collect-20260919-024204-341-339c8af2	339	69489	0	0	no_supported_obstacle	assumed_first_frame_not_map_validation
NaVi-collect-20260919-024204-341-339c8af2	340	69685	0	0	no_supported_obstacle	assumed_first_frame_not_map_validation
NaVi-collect-20260919-024204-341-339c8af2	341	69893	0	0	no_supported_obstacle	assumed_first_frame_not_map_validation
NaVi-collect-20260919-024204-341-339c8af2	343	70282	0	0	no_supported_obstacle	assumed_first_frame_not_map_validation
NaVi-collect-20260919-024204-341-339c8af2	344	70489	0	0	no_supported_obstacle	assumed_first_frame_not_map_validation
NaVi-collect-20260919-024204-341-339c8af2	345	70688	0	0	no_supported_obstacle	assumed_first_frame_not_map_validation
NaVi-collect-20260919-024204-341-339c8af2	346	70893	0	0	no_supported_obstacle	assumed_first_frame_not_map_validation
NaVi-collect-20260919-024204-341-339c8af2	348	71286	0	0	no_supported_obstacle	assumed_first_frame_not_map_validation
NaVi-collect-20260919-024204-341-339c8af2	349	71490	0	0	no_supported_obstacle	assumed_first_frame_not_map_validation
NaVi-collect-20260919-024204-341-339c8af2	350	71687	0	0	no_supported_obstacle	assumed_first_frame_not_map_validation
NaVi-collect-20260919-024204-341-339c8af2	352	72093	0	0	no_supported_obstacle	assumed_first_frame_not_map_validation
NaVi-collect-20260919-024204-341-339c8af2	353	72278	0	0	no_supported_obstacle	assumed_first_frame_not_map_validation
NaVi-collect-20260919-024204-341-339c8af2	354	72488	0	0	no_supported_obstacle	assumed_first_frame_not_map_validation
NaVi-collect-20260919-024204-341-339c8af2	355	72698	0	0	no_supported_obstacle	assumed_first_frame_not_map_validation
NaVi-collect-20260919-024204-341-339c8af2	356	72899	0	0	no_supported_obstacle	assumed_first_frame_not_map_validation
NaVi-collect-20260919-024204-341-339c8af2	357	73088	0	0	no_supported_obstacle	assumed_first_frame_not_map_validation
NaVi-collect-20260919-024204-341-339c8af2	359	73551	0	0	no_supported_obstacle	assumed_first_frame_not_map_validation
NaVi-collect-20260919-024204-341-339c8af2	360	73790	0	0	no_supported_obstacle	assumed_first_frame_not_map_validation
NaVi-collect-20260919-024204-341-339c8af2	361	73994	0	0	no_supported_obstacle	assumed_first_frame_not_map_validation
NaVi-collect-20260919-024204-341-339c8af2	362	74194	0	0	no_supported_obstacle	assumed_first_frame_not_map_validation
NaVi-collect-20260919-024204-341-339c8af2	363	74421	0	0	no_supported_obstacle	assumed_first_frame_not_map_validation
NaVi-collect-20260919-024204-341-339c8af2	364	74655	0	0	no_supported_obstacle	assumed_first_frame_not_map_validation
NaVi-collect-20260919-024204-341-339c8af2	365	74853	0	0	no_supported_obstacle	assumed_first_frame_not_map_validation
NaVi-collect-20260919-024204-341-339c8af2	367	75333	0	0	no_supported_obstacle	assumed_first_frame_not_map_validation
NaVi-collect-20260919-024204-341-339c8af2	368	75553	0	0	no_supported_obstacle	assumed_first_frame_not_map_validation
NaVi-collect-20260919-024204-341-339c8af2	369	75757	0	0	no_supported_obstacle	assumed_first_frame_not_map_validation
NaVi-collect-20260919-024204-341-339c8af2	370	75993	0	0	no_supported_obstacle	assumed_first_frame_not_map_validation
NaVi-collect-20260919-024204-341-339c8af2	372	76417	0	0	no_supported_obstacle	assumed_first_frame_not_map_validation
NaVi-collect-20260919-024204-341-339c8af2	373	76601	0	0	no_supported_obstacle	assumed_first_frame_not_map_validation
NaVi-collect-20260919-024204-341-339c8af2	375	76983	0	0	no_supported_obstacle	assumed_first_frame_not_map_validation
NaVi-collect-20260919-024204-341-339c8af2	376	77228	0	0	no_supported_obstacle	assumed_first_frame_not_map_validation
NaVi-collect-20260919-024204-341-339c8af2	377	77459	0	0	no_supported_obstacle	assumed_first_frame_not_map_validation
NaVi-collect-20260919-024204-341-339c8af2	379	77894	0	0	no_supported_obstacle	assumed_first_frame_not_map_validation
NaVi-collect-20260919-024204-341-339c8af2	380	78073	0	0	no_supported_obstacle	assumed_first_frame_not_map_validation
NaVi-collect-20260919-024204-341-339c8af2	382	78478	0	0	no_supported_obstacle	assumed_first_frame_not_map_validation
NaVi-collect-20260919-024204-341-339c8af2	383	78733	0	0	no_supported_obstacle	assumed_first_frame_not_map_validation
NaVi-collect-20260919-024204-341-339c8af2	385	79099	0	0	no_supported_obstacle	assumed_first_frame_not_map_validation
NaVi-collect-20260919-024204-341-339c8af2	386	79340	0	0	no_supported_obstacle	assumed_first_frame_not_map_validation
NaVi-collect-20260919-024204-341-339c8af2	387	79590	0	0	no_supported_obstacle	assumed_first_frame_not_map_validation
NaVi-collect-20260919-024204-341-339c8af2	389	80039	0	0	no_supported_obstacle	assumed_first_frame_not_map_validation
NaVi-collect-20260919-024204-341-339c8af2	390	80274	0	0	no_supported_obstacle	assumed_first_frame_not_map_validation
NaVi-collect-20260919-024204-341-339c8af2	392	80666	0	0	no_supported_obstacle	assumed_first_frame_not_map_validation
NaVi-collect-20260919-024204-341-339c8af2	393	80920	0	0	no_supported_obstacle	assumed_first_frame_not_map_validation
NaVi-collect-20260919-024204-341-339c8af2	394	81123	0	0	no_supported_obstacle	assumed_first_frame_not_map_validation
NaVi-collect-20260919-024204-341-339c8af2	396	81512	0	0	no_supported_obstacle	assumed_first_frame_not_map_validation
NaVi-collect-20260919-024204-341-339c8af2	398	81892	0	0	no_supported_obstacle	assumed_first_frame_not_map_validation
NaVi-collect-20260919-024204-341-339c8af2	399	82113	0	0	no_supported_obstacle	assumed_first_frame_not_map_validation
NaVi-collect-20260919-024204-341-339c8af2	401	82519	0	0	no_supported_obstacle	assumed_first_frame_not_map_validation
NaVi-collect-20260919-024204-341-339c8af2	402	82727	0	0	no_supported_obstacle	assumed_first_frame_not_map_validation
NaVi-collect-20260919-024204-341-339c8af2	403	82950	0	0	no_supported_obstacle	assumed_first_frame_not_map_validation
NaVi-collect-20260919-024204-341-339c8af2	405	83407	0	0	no_supported_obstacle	assumed_first_frame_not_map_validation
NaVi-collect-20260919-024204-341-339c8af2	406	83639	0	0	no_supported_obstacle	assumed_first_frame_not_map_validation
NaVi-collect-20260919-024204-341-339c8af2	407	83848	0	0	no_supported_obstacle	assumed_first_frame_not_map_validation
NaVi-collect-20260919-024204-341-339c8af2	409	84256	0	0	no_supported_obstacle	assumed_first_frame_not_map_validation
NaVi-collect-20260919-024204-341-339c8af2	410	84493	0	0	no_supported_obstacle	assumed_first_frame_not_map_validation
NaVi-collect-20260919-024204-341-339c8af2	411	84695	0	0	no_supported_obstacle	assumed_first_frame_not_map_validation
NaVi-collect-20260919-024204-341-339c8af2	413	85121	0	0	no_supported_obstacle	assumed_first_frame_not_map_validation
NaVi-collect-20260919-024204-341-339c8af2	414	85326	0	0	no_supported_obstacle	assumed_first_frame_not_map_validation
NaVi-collect-20260919-024204-341-339c8af2	415	85555	0	0	no_supported_obstacle	assumed_first_frame_not_map_validation
NaVi-collect-20260919-024204-341-339c8af2	417	85961	0	0	no_supported_obstacle	assumed_first_frame_not_map_validation
NaVi-collect-20260919-024204-341-339c8af2	418	86257	0	0	no_supported_obstacle	assumed_first_frame_not_map_validation
NaVi-collect-20260919-024204-341-339c8af2	420	86599	0	0	no_supported_obstacle	assumed_first_frame_not_map_validation
NaVi-collect-20260919-024204-341-339c8af2	421	86825	0	0	no_supported_obstacle	assumed_first_frame_not_map_validation
NaVi-collect-20260919-024204-341-339c8af2	422	87057	0	0	no_supported_obstacle	assumed_first_frame_not_map_validation
NaVi-collect-20260919-024204-341-339c8af2	423	87256	0	0	no_supported_obstacle	assumed_first_frame_not_map_validation
NaVi-collect-20260919-024204-341-339c8af2	425	87694	0	0	no_supported_obstacle	assumed_first_frame_not_map_validation
NaVi-collect-20260919-024204-341-339c8af2	426	87892	0	0	no_supported_obstacle	assumed_first_frame_not_map_validation
NaVi-collect-20260919-024204-341-339c8af2	427	88099	0	0	no_supported_obstacle	assumed_first_frame_not_map_validation
NaVi-collect-20260919-024204-341-339c8af2	429	88561	0	0	no_supported_obstacle	assumed_first_frame_not_map_validation
NaVi-collect-20260919-024204-341-339c8af2	430	88760	0	0	no_supported_obstacle	assumed_first_frame_not_map_validation
NaVi-collect-20260919-024204-341-339c8af2	431	88989	0	0	no_supported_obstacle	assumed_first_frame_not_map_validation
NaVi-collect-20260919-024204-341-339c8af2	433	89414	0	0	no_supported_obstacle	assumed_first_frame_not_map_validation
NaVi-collect-20260919-024204-341-339c8af2	434	89594	0	0	no_supported_obstacle	assumed_first_frame_not_map_validation
NaVi-collect-20260919-024204-341-339c8af2	435	89827	0	0	no_supported_obstacle	assumed_first_frame_not_map_validation
NaVi-collect-20260919-024204-341-339c8af2	437	90264	0	0	no_supported_obstacle	assumed_first_frame_not_map_validation
NaVi-collect-20260919-024204-341-339c8af2	438	90494	0	0	no_supported_obstacle	assumed_first_frame_not_map_validation
NaVi-collect-20260919-024204-341-339c8af2	439	90700	0	0	no_supported_obstacle	assumed_first_frame_not_map_validation
NaVi-collect-20260919-024204-341-339c8af2	441	91132	0	0	no_supported_obstacle	assumed_first_frame_not_map_validation
NaVi-collect-20260919-024204-341-339c8af2	442	91377	0	0	no_supported_obstacle	assumed_first_frame_not_map_validation
NaVi-collect-20260919-024204-341-339c8af2	443	91589	0	0	no_supported_obstacle	assumed_first_frame_not_map_validation
NaVi-collect-20260919-024204-341-339c8af2	445	92005	0	0	no_supported_obstacle	assumed_first_frame_not_map_validation
NaVi-collect-20260919-024204-341-339c8af2	446	92203	0	0	no_supported_obstacle	assumed_first_frame_not_map_validation
NaVi-collect-20260919-024204-341-339c8af2	447	92394	0	0	no_supported_obstacle	assumed_first_frame_not_map_validation
NaVi-collect-20260919-024204-341-339c8af2	449	92834	0	0	no_supported_obstacle	assumed_first_frame_not_map_validation
NaVi-collect-20260919-024204-341-339c8af2	450	93050	0	0	no_supported_obstacle	assumed_first_frame_not_map_validation
NaVi-collect-20260919-024204-341-339c8af2	452	93431	0	0	no_supported_obstacle	assumed_first_frame_not_map_validation
NaVi-collect-20260919-024204-341-339c8af2	453	93665	0	0	no_supported_obstacle	assumed_first_frame_not_map_validation
NaVi-collect-20260919-024204-341-339c8af2	455	94097	0	0	no_supported_obstacle	assumed_first_frame_not_map_validation
NaVi-collect-20260919-024204-341-339c8af2	456	94334	0	0	no_supported_obstacle	assumed_first_frame_not_map_validation
NaVi-collect-20260919-024204-341-339c8af2	458	94720	0	0	no_supported_obstacle	assumed_first_frame_not_map_validation
NaVi-collect-20260919-024204-341-339c8af2	459	94940	0	0	no_supported_obstacle	assumed_first_frame_not_map_validation
NaVi-collect-20260919-024204-341-339c8af2	460	95166	0	0	no_supported_obstacle	assumed_first_frame_not_map_validation
NaVi-collect-20260919-024204-341-339c8af2	461	95387	0	0	no_supported_obstacle	assumed_first_frame_not_map_validation
NaVi-collect-20260919-024204-341-339c8af2	462	95632	0	0	no_supported_obstacle	assumed_first_frame_not_map_validation
NaVi-collect-20260919-024204-341-339c8af2	464	96071	0	0	no_supported_obstacle	assumed_first_frame_not_map_validation
NaVi-collect-20260919-024204-341-339c8af2	465	96270	0	0	no_supported_obstacle	assumed_first_frame_not_map_validation
NaVi-collect-20260919-024204-341-339c8af2	467	96666	0	0	no_supported_obstacle	assumed_first_frame_not_map_validation
NaVi-collect-20260919-024204-341-339c8af2	469	97060	0	0	no_supported_obstacle	assumed_first_frame_not_map_validation
NaVi-collect-20260919-024204-341-339c8af2	470	97270	0	0	no_supported_obstacle	assumed_first_frame_not_map_validation
NaVi-collect-20260919-024204-341-339c8af2	472	97696	0	0	no_supported_obstacle	assumed_first_frame_not_map_validation
NaVi-collect-20260919-024204-341-339c8af2	473	97867	0	0	no_supported_obstacle	assumed_first_frame_not_map_validation
NaVi-collect-20260919-024204-341-339c8af2	475	98269	0	0	no_supported_obstacle	assumed_first_frame_not_map_validation
NaVi-collect-20260919-024204-341-339c8af2	476	98468	0	0	no_supported_obstacle	assumed_first_frame_not_map_validation
NaVi-collect-20260919-024204-341-339c8af2	477	98716	0	0	no_supported_obstacle	assumed_first_frame_not_map_validation
NaVi-collect-20260919-024204-341-339c8af2	479	99130	0	0	no_supported_obstacle	assumed_first_frame_not_map_validation
NaVi-collect-20260919-024204-341-339c8af2	480	99372	0	0	no_supported_obstacle	assumed_first_frame_not_map_validation
NaVi-collect-20260919-024204-341-339c8af2	482	99799	0	0	no_supported_obstacle	assumed_first_frame_not_map_validation
NaVi-collect-20260919-024204-341-339c8af2	483	100019	0	0	no_supported_obstacle	assumed_first_frame_not_map_validation
NaVi-collect-20260919-024204-341-339c8af2	485	100419	0	0	no_supported_obstacle	assumed_first_frame_not_map_validation
NaVi-collect-20260919-024204-341-339c8af2	486	100669	0	0	no_supported_obstacle	assumed_first_frame_not_map_validation
NaVi-collect-20260919-024204-341-339c8af2	487	100862	0	0	no_supported_obstacle	assumed_first_frame_not_map_validation
NaVi-collect-20260919-024204-341-339c8af2	489	101303	0	0	no_supported_obstacle	assumed_first_frame_not_map_validation
NaVi-collect-20260919-024204-341-339c8af2	490	101489	0	0	no_supported_obstacle	assumed_first_frame_not_map_validation
NaVi-collect-20260919-024204-341-339c8af2	492	101915	0	0	no_supported_obstacle	assumed_first_frame_not_map_validation
NaVi-collect-20260919-024204-341-339c8af2	493	102153	0	0	no_supported_obstacle	assumed_first_frame_not_map_validation
NaVi-collect-20260919-024204-341-339c8af2	494	102364	0	0	no_supported_obstacle	assumed_first_frame_not_map_validation
NaVi-collect-20260919-024204-341-339c8af2	496	102777	0	0	no_supported_obstacle	assumed_first_frame_not_map_validation
NaVi-collect-20260919-024204-341-339c8af2	498	103198	0	0	no_supported_obstacle	assumed_first_frame_not_map_validation
NaVi-collect-20260919-024204-341-339c8af2	499	103397	0	0	no_supported_obstacle	assumed_first_frame_not_map_validation
NaVi-collect-20260919-024204-341-339c8af2	500	103632	0	0	no_supported_obstacle	assumed_first_frame_not_map_validation
NaVi-collect-20260919-024204-341-339c8af2	502	104034	0	0	no_supported_obstacle	assumed_first_frame_not_map_validation
NaVi-collect-20260919-024204-341-339c8af2	504	104479	0	0	no_supported_obstacle	assumed_first_frame_not_map_validation
NaVi-collect-20260919-024204-341-339c8af2	505	104668	0	0	no_supported_obstacle	assumed_first_frame_not_map_validation
NaVi-collect-20260919-024204-341-339c8af2	507	105062	0	0	no_supported_obstacle	assumed_first_frame_not_map_validation
NaVi-collect-20260919-024204-341-339c8af2	508	105306	0	0	no_supported_obstacle	assumed_first_frame_not_map_validation
NaVi-collect-20260919-024204-341-339c8af2	509	105503	0	0	no_supported_obstacle	assumed_first_frame_not_map_validation
NaVi-collect-20260919-024204-341-339c8af2	510	105748	0	0	no_supported_obstacle	assumed_first_frame_not_map_validation
NaVi-collect-20260919-024204-341-339c8af2	512	106162	0	0	no_supported_obstacle	assumed_first_frame_not_map_validation
NaVi-collect-20260919-024204-341-339c8af2	513	106434	0	0	no_supported_obstacle	assumed_first_frame_not_map_validation
NaVi-collect-20260919-024204-341-339c8af2	515	106827	0	0	no_supported_obstacle	assumed_first_frame_not_map_validation
NaVi-collect-20260919-024204-341-339c8af2	516	107039	0	0	no_supported_obstacle	assumed_first_frame_not_map_validation
NaVi-collect-20260919-024204-341-339c8af2	517	107272	0	0	no_supported_obstacle	assumed_first_frame_not_map_validation
NaVi-collect-20260919-024204-341-339c8af2	519	107726	0	0	no_supported_obstacle	assumed_first_frame_not_map_validation
NaVi-collect-20260919-024204-341-339c8af2	520	107942	0	0	no_supported_obstacle	assumed_first_frame_not_map_validation
NaVi-collect-20260919-024204-341-339c8af2	521	108187	0	0	no_supported_obstacle	assumed_first_frame_not_map_validation
NaVi-collect-20260919-024204-341-339c8af2	522	108396	0	0	no_supported_obstacle	assumed_first_frame_not_map_validation
NaVi-collect-20260919-024204-341-339c8af2	523	108661	0	0	no_supported_obstacle	assumed_first_frame_not_map_validation
NaVi-collect-20260919-024204-341-339c8af2	525	109034	0	0	no_supported_obstacle	assumed_first_frame_not_map_validation
NaVi-collect-20260919-024204-341-339c8af2	527	109437	0	0	no_supported_obstacle	assumed_first_frame_not_map_validation
NaVi-collect-20260919-024204-341-339c8af2	528	109663	0	0	no_supported_obstacle	assumed_first_frame_not_map_validation
NaVi-collect-20260919-024204-341-339c8af2	529	109920	0	0	no_supported_obstacle	assumed_first_frame_not_map_validation
NaVi-collect-20260919-024204-341-339c8af2	530	110107	0	0	no_supported_obstacle	assumed_first_frame_not_map_validation
NaVi-collect-20260919-024204-341-339c8af2	532	110531	0	0	no_supported_obstacle	assumed_first_frame_not_map_validation
NaVi-collect-20260919-024204-341-339c8af2	533	110731	0	0	no_supported_obstacle	assumed_first_frame_not_map_validation
NaVi-collect-20260919-024204-341-339c8af2	534	110964	0	0	no_supported_obstacle	assumed_first_frame_not_map_validation
NaVi-collect-20260919-024204-341-339c8af2	535	111169	0	0	no_supported_obstacle	assumed_first_frame_not_map_validation
NaVi-collect-20260919-024204-341-339c8af2	537	111596	0	0	no_supported_obstacle	assumed_first_frame_not_map_validation
NaVi-collect-20260919-024204-341-339c8af2	538	111837	0	0	no_supported_obstacle	assumed_first_frame_not_map_validation
NaVi-collect-20260919-024204-341-339c8af2	539	112054	0	0	no_supported_obstacle	assumed_first_frame_not_map_validation
NaVi-collect-20260919-024204-341-339c8af2	540	112247	0	0	no_supported_obstacle	assumed_first_frame_not_map_validation
NaVi-collect-20260919-024204-341-339c8af2	542	112742	0	0	no_supported_obstacle	assumed_first_frame_not_map_validation
NaVi-collect-20260919-024204-341-339c8af2	543	112894	0	0	no_supported_obstacle	assumed_first_frame_not_map_validation
NaVi-collect-20260919-024204-341-339c8af2	545	113300	0	0	no_supported_obstacle	assumed_first_frame_not_map_validation
NaVi-collect-20260919-024204-341-339c8af2	546	113535	0	0	no_supported_obstacle	assumed_first_frame_not_map_validation
NaVi-collect-20260919-024204-341-339c8af2	547	113767	0	0	no_supported_obstacle	assumed_first_frame_not_map_validation
NaVi-collect-20260919-024204-341-339c8af2	548	114103	0	0	no_supported_obstacle	assumed_first_frame_not_map_validation
NaVi-collect-20260919-024204-341-339c8af2	549	114240	0	0	no_supported_obstacle	assumed_first_frame_not_map_validation
NaVi-collect-20260919-024204-341-339c8af2	551	114683	1	0	persistence_pending	assumed_first_frame_not_map_validation
NaVi-collect-20260919-024204-341-339c8af2	552	114874	0	0	no_supported_obstacle	assumed_first_frame_not_map_validation
NaVi-collect-20260919-024204-341-339c8af2	553	115072	0	0	no_supported_obstacle	assumed_first_frame_not_map_validation
NaVi-collect-20260919-024204-341-339c8af2	555	115526	0	0	no_supported_obstacle	assumed_first_frame_not_map_validation
NaVi-collect-20260919-024204-341-339c8af2	556	115759	0	0	no_supported_obstacle	assumed_first_frame_not_map_validation
NaVi-collect-20260919-024204-341-339c8af2	557	115983	0	0	no_supported_obstacle	assumed_first_frame_not_map_validation
NaVi-collect-20260919-024204-341-339c8af2	560	116600	0	0	no_supported_obstacle	assumed_first_frame_not_map_validation
NaVi-collect-20260919-024204-341-339c8af2	561	116779	0	0	no_supported_obstacle	assumed_first_frame_not_map_validation
NaVi-collect-20260919-024204-341-339c8af2	563	117159	1	0	persistence_pending	assumed_first_frame_not_map_validation
NaVi-collect-20260919-024204-341-339c8af2	564	117393	1	0	persistence_pending	assumed_first_frame_not_map_validation
NaVi-collect-20260919-024204-341-339c8af2	565	117596	2	0	moving_object	assumed_first_frame_not_map_validation
NaVi-collect-20260919-024204-341-339c8af2	567	118027	2	0	outside_sidewalk_or_mask_uncertain	assumed_first_frame_not_map_validation
NaVi-collect-20260919-024204-341-339c8af2	568	118296	2	0	outside_sidewalk_or_mask_uncertain	assumed_first_frame_not_map_validation
NaVi-collect-20260919-024204-341-339c8af2	569	118505	2	0	outside_sidewalk_or_mask_uncertain	assumed_first_frame_not_map_validation
NaVi-collect-20260919-024204-341-339c8af2	570	118738	2	0	outside_sidewalk_or_mask_uncertain	assumed_first_frame_not_map_validation
NaVi-collect-20260919-024204-341-339c8af2	572	119202	2	0	outside_sidewalk_or_mask_uncertain	assumed_first_frame_not_map_validation
NaVi-collect-20260919-024204-341-339c8af2	573	119395	2	0	outside_sidewalk_or_mask_uncertain	assumed_first_frame_not_map_validation
NaVi-collect-20260919-024204-341-339c8af2	575	119822	1	0	outside_sidewalk_or_mask_uncertain	assumed_first_frame_not_map_validation
NaVi-collect-20260919-024204-341-339c8af2	576	119999	2	0	outside_sidewalk_or_mask_uncertain	assumed_first_frame_not_map_validation
NaVi-collect-20260919-024204-341-339c8af2	578	120493	2	0	outside_sidewalk_or_mask_uncertain	assumed_first_frame_not_map_validation
NaVi-collect-20260919-024204-341-339c8af2	579	120632	2	0	outside_sidewalk_or_mask_uncertain	assumed_first_frame_not_map_validation
NaVi-collect-20260919-024204-341-339c8af2	581	121029	1	0	insufficient_depth_samples	assumed_first_frame_not_map_validation
NaVi-collect-20260919-024204-341-339c8af2	582	121243	0	0	no_supported_obstacle	assumed_first_frame_not_map_validation
NaVi-collect-20260919-024204-341-339c8af2	584	121663	0	0	no_supported_obstacle	assumed_first_frame_not_map_validation
NaVi-collect-20260919-024204-341-339c8af2	585	121919	0	0	no_supported_obstacle	assumed_first_frame_not_map_validation
NaVi-collect-20260919-024204-341-339c8af2	587	122381	0	0	no_supported_obstacle	assumed_first_frame_not_map_validation
NaVi-collect-20260919-024204-341-339c8af2	588	122595	0	0	no_supported_obstacle	assumed_first_frame_not_map_validation
NaVi-collect-20260919-024204-341-339c8af2	590	123001	0	0	no_supported_obstacle	assumed_first_frame_not_map_validation
NaVi-collect-20260919-024204-341-339c8af2	591	123245	0	0	no_supported_obstacle	assumed_first_frame_not_map_validation
NaVi-collect-20260919-024204-341-339c8af2	593	123667	0	0	no_supported_obstacle	assumed_first_frame_not_map_validation
NaVi-collect-20260919-024204-341-339c8af2	594	123879	0	0	no_supported_obstacle	assumed_first_frame_not_map_validation
NaVi-collect-20260919-024204-341-339c8af2	596	124295	0	0	no_supported_obstacle	assumed_first_frame_not_map_validation
NaVi-collect-20260919-024204-341-339c8af2	597	124542	0	0	no_supported_obstacle	assumed_first_frame_not_map_validation
NaVi-collect-20260919-024204-341-339c8af2	599	124972	0	0	no_supported_obstacle	assumed_first_frame_not_map_validation
NaVi-collect-20260919-024204-341-339c8af2	600	125206	1	0	insufficient_depth_samples	assumed_first_frame_not_map_validation
NaVi-collect-20260919-024204-341-339c8af2	601	125362	1	0	insufficient_depth_samples	assumed_first_frame_not_map_validation
NaVi-collect-20260919-024204-341-339c8af2	603	125769	0	0	no_supported_obstacle	assumed_first_frame_not_map_validation
NaVi-collect-20260919-024204-341-339c8af2	604	125997	0	0	no_supported_obstacle	assumed_first_frame_not_map_validation
NaVi-collect-20260919-024204-341-339c8af2	606	126385	1	0	insufficient_depth_samples	assumed_first_frame_not_map_validation
NaVi-collect-20260919-024204-341-339c8af2	608	126777	0	0	no_supported_obstacle	assumed_first_frame_not_map_validation
NaVi-collect-20260919-024204-341-339c8af2	609	127035	1	0	insufficient_depth_samples	assumed_first_frame_not_map_validation
NaVi-collect-20260919-024204-341-339c8af2	611	127384	0	0	no_supported_obstacle	assumed_first_frame_not_map_validation
NaVi-collect-20260919-024204-341-339c8af2	612	127584	0	0	no_supported_obstacle	assumed_first_frame_not_map_validation
NaVi-collect-20260919-024204-341-339c8af2	614	127980	0	0	no_supported_obstacle	assumed_first_frame_not_map_validation
NaVi-collect-20260919-024204-341-339c8af2	615	128192	0	0	no_supported_obstacle	assumed_first_frame_not_map_validation
NaVi-collect-20260919-024204-341-339c8af2	617	128581	0	0	no_supported_obstacle	assumed_first_frame_not_map_validation
NaVi-collect-20260919-024204-341-339c8af2	618	128784	0	0	no_supported_obstacle	assumed_first_frame_not_map_validation
NaVi-collect-20260919-024204-341-339c8af2	620	129209	2	0	insufficient_depth_samples	assumed_first_frame_not_map_validation
NaVi-collect-20260919-024204-341-339c8af2	621	129401	1	0	insufficient_depth_samples	assumed_first_frame_not_map_validation
NaVi-collect-20260919-024204-341-339c8af2	622	129620	0	0	no_supported_obstacle	assumed_first_frame_not_map_validation
NaVi-collect-20260919-024204-341-339c8af2	624	130024	1	0	outside_sidewalk_or_mask_uncertain	assumed_first_frame_not_map_validation
NaVi-collect-20260919-024204-341-339c8af2	626	130430	0	0	no_supported_obstacle	assumed_first_frame_not_map_validation
NaVi-collect-20260919-024204-341-339c8af2	627	130652	0	0	no_supported_obstacle	assumed_first_frame_not_map_validation
NaVi-collect-20260919-024204-341-339c8af2	629	131027	0	0	no_supported_obstacle	assumed_first_frame_not_map_validation
NaVi-collect-20260919-024204-341-339c8af2	630	131257	0	0	no_supported_obstacle	assumed_first_frame_not_map_validation
NaVi-collect-20260919-024204-341-339c8af2	632	131624	0	0	no_supported_obstacle	assumed_first_frame_not_map_validation
NaVi-collect-20260919-024204-341-339c8af2	633	131860	0	0	no_supported_obstacle	assumed_first_frame_not_map_validation
NaVi-collect-20260919-024204-341-339c8af2	635	132286	0	0	no_supported_obstacle	assumed_first_frame_not_map_validation
NaVi-collect-20260919-024204-341-339c8af2	636	132490	0	0	no_supported_obstacle	assumed_first_frame_not_map_validation
NaVi-collect-20260919-024204-341-339c8af2	638	132955	0	0	no_supported_obstacle	assumed_first_frame_not_map_validation
NaVi-collect-20260919-024204-341-339c8af2	639	133202	0	0	no_supported_obstacle	assumed_first_frame_not_map_validation
NaVi-collect-20260919-024204-341-339c8af2	641	133619	0	0	no_supported_obstacle	assumed_first_frame_not_map_validation
NaVi-collect-20260919-024204-341-339c8af2	642	133866	0	0	no_supported_obstacle	assumed_first_frame_not_map_validation
NaVi-collect-20260919-024204-341-339c8af2	643	134096	0	0	no_supported_obstacle	assumed_first_frame_not_map_validation
NaVi-collect-20260919-024204-341-339c8af2	644	134311	0	0	no_supported_obstacle	assumed_first_frame_not_map_validation
NaVi-collect-20260919-024204-341-339c8af2	646	134725	0	0	no_supported_obstacle	assumed_first_frame_not_map_validation
NaVi-collect-20260919-024204-341-339c8af2	647	134922	0	0	no_supported_obstacle	assumed_first_frame_not_map_validation
NaVi-collect-20260919-024204-341-339c8af2	649	135363	0	0	no_supported_obstacle	assumed_first_frame_not_map_validation
NaVi-collect-20260919-024204-341-339c8af2	650	135687	0	0	no_supported_obstacle	assumed_first_frame_not_map_validation
NaVi-collect-20260919-024204-341-339c8af2	652	136091	0	0	no_supported_obstacle	assumed_first_frame_not_map_validation
NaVi-collect-20260919-024204-341-339c8af2	653	136296	0	0	no_supported_obstacle	assumed_first_frame_not_map_validation
NaVi-collect-20260919-024204-341-339c8af2	655	136675	0	0	no_supported_obstacle	assumed_first_frame_not_map_validation
NaVi-collect-20260919-024204-341-339c8af2	656	136895	0	0	no_supported_obstacle	assumed_first_frame_not_map_validation
NaVi-collect-20260919-024204-341-339c8af2	658	137326	0	0	no_supported_obstacle	assumed_first_frame_not_map_validation
NaVi-collect-20260919-024204-341-339c8af2	659	137525	0	0	no_supported_obstacle	assumed_first_frame_not_map_validation
NaVi-collect-20260919-024204-341-339c8af2	660	137777	0	0	no_supported_obstacle	assumed_first_frame_not_map_validation
NaVi-collect-20260919-024204-341-339c8af2	662	138204	0	0	no_supported_obstacle	assumed_first_frame_not_map_validation
NaVi-collect-20260919-024204-341-339c8af2	663	138426	0	0	no_supported_obstacle	assumed_first_frame_not_map_validation
NaVi-collect-20260919-024204-341-339c8af2	664	138657	0	0	no_supported_obstacle	assumed_first_frame_not_map_validation
NaVi-collect-20260919-024204-341-339c8af2	666	139106	0	0	no_supported_obstacle	assumed_first_frame_not_map_validation
NaVi-collect-20260919-024204-341-339c8af2	667	139299	0	0	no_supported_obstacle	assumed_first_frame_not_map_validation
NaVi-collect-20260919-024204-341-339c8af2	669	139725	0	0	no_supported_obstacle	assumed_first_frame_not_map_validation
NaVi-collect-20260919-024204-341-339c8af2	670	139912	0	0	no_supported_obstacle	assumed_first_frame_not_map_validation
NaVi-collect-20260919-024204-341-339c8af2	671	140153	0	0	no_supported_obstacle	assumed_first_frame_not_map_validation
NaVi-collect-20260919-024204-341-339c8af2	673	140579	0	0	no_supported_obstacle	assumed_first_frame_not_map_validation
NaVi-collect-20260919-024204-341-339c8af2	674	140821	0	0	no_supported_obstacle	assumed_first_frame_not_map_validation
NaVi-collect-20260919-024204-341-339c8af2	675	141034	0	0	no_supported_obstacle	assumed_first_frame_not_map_validation
NaVi-collect-20260919-024204-341-339c8af2	677	141483	0	0	no_supported_obstacle	assumed_first_frame_not_map_validation
NaVi-collect-20260919-024204-341-339c8af2	678	141698	0	0	no_supported_obstacle	assumed_first_frame_not_map_validation
NaVi-collect-20260919-024204-341-339c8af2	679	141898	0	0	no_supported_obstacle	assumed_first_frame_not_map_validation
NaVi-collect-20260919-024204-341-339c8af2	680	142116	0	0	no_supported_obstacle	assumed_first_frame_not_map_validation
NaVi-collect-20260919-024204-341-339c8af2	682	142552	0	0	no_supported_obstacle	assumed_first_frame_not_map_validation
NaVi-collect-20260919-024204-341-339c8af2	683	142749	0	0	no_supported_obstacle	assumed_first_frame_not_map_validation
NaVi-collect-20260919-024204-341-339c8af2	684	142952	0	0	no_supported_obstacle	assumed_first_frame_not_map_validation
NaVi-collect-20260919-024204-341-339c8af2	686	143388	0	0	no_supported_obstacle	assumed_first_frame_not_map_validation
NaVi-collect-20260919-024204-341-339c8af2	687	143585	0	0	no_supported_obstacle	assumed_first_frame_not_map_validation
NaVi-collect-20260919-024204-341-339c8af2	688	143788	0	0	no_supported_obstacle	assumed_first_frame_not_map_validation
NaVi-collect-20260919-024204-341-339c8af2	690	144230	0	0	no_supported_obstacle	assumed_first_frame_not_map_validation
NaVi-collect-20260919-024204-341-339c8af2	691	144452	0	0	no_supported_obstacle	assumed_first_frame_not_map_validation
NaVi-collect-20260919-024204-341-339c8af2	692	144686	0	0	no_supported_obstacle	assumed_first_frame_not_map_validation
NaVi-collect-20260919-024204-341-339c8af2	693	144924	0	0	no_supported_obstacle	assumed_first_frame_not_map_validation
NaVi-collect-20260919-024204-341-339c8af2	694	145121	0	0	no_supported_obstacle	assumed_first_frame_not_map_validation
NaVi-collect-20260919-024204-341-339c8af2	696	145633	0	0	no_supported_obstacle	assumed_first_frame_not_map_validation
NaVi-collect-20260919-024204-341-339c8af2	698	146066	0	0	no_supported_obstacle	assumed_first_frame_not_map_validation
NaVi-collect-20260919-024204-341-339c8af2	700	146536	0	0	no_supported_obstacle	assumed_first_frame_not_map_validation
NaVi-collect-20260919-024204-341-339c8af2	702	146980	0	0	no_supported_obstacle	assumed_first_frame_not_map_validation
NaVi-collect-20260919-024204-341-339c8af2	704	147336	0	0	no_supported_obstacle	assumed_first_frame_not_map_validation
NaVi-collect-20260919-024204-341-339c8af2	705	147548	0	0	no_supported_obstacle	assumed_first_frame_not_map_validation
NaVi-collect-20260919-024204-341-339c8af2	707	147920	0	0	no_supported_obstacle	assumed_first_frame_not_map_validation
NaVi-collect-20260919-024204-341-339c8af2	708	148144	0	0	no_supported_obstacle	assumed_first_frame_not_map_validation
NaVi-collect-20260919-024204-341-339c8af2	710	148537	0	0	no_supported_obstacle	assumed_first_frame_not_map_validation
NaVi-collect-20260919-024204-341-339c8af2	711	148726	0	0	no_supported_obstacle	assumed_first_frame_not_map_validation
NaVi-collect-20260919-024204-341-339c8af2	713	149142	0	0	no_supported_obstacle	assumed_first_frame_not_map_validation
NaVi-collect-20260919-024204-341-339c8af2	714	149339	0	0	no_supported_obstacle	assumed_first_frame_not_map_validation
NaVi-collect-20260919-024204-341-339c8af2	716	149742	0	0	no_supported_obstacle	assumed_first_frame_not_map_validation
NaVi-collect-20260919-024204-341-339c8af2	717	149945	0	0	no_supported_obstacle	assumed_first_frame_not_map_validation
NaVi-collect-20260919-024204-341-339c8af2	719	150342	0	0	no_supported_obstacle	assumed_first_frame_not_map_validation
NaVi-collect-20260919-024204-341-339c8af2	721	150743	0	0	no_supported_obstacle	assumed_first_frame_not_map_validation
NaVi-collect-20260919-024204-341-339c8af2	722	150938	0	0	no_supported_obstacle	assumed_first_frame_not_map_validation
NaVi-collect-20260919-024204-341-339c8af2	724	151340	0	0	no_supported_obstacle	assumed_first_frame_not_map_validation
NaVi-collect-20260919-024204-341-339c8af2	725	151543	0	0	no_supported_obstacle	assumed_first_frame_not_map_validation
NaVi-collect-20260919-024204-341-339c8af2	727	152006	0	0	no_supported_obstacle	assumed_first_frame_not_map_validation
NaVi-collect-20260919-024204-341-339c8af2	728	152231	0	0	no_supported_obstacle	assumed_first_frame_not_map_validation
NaVi-collect-20260919-024204-341-339c8af2	731	152890	0	0	no_supported_obstacle	assumed_first_frame_not_map_validation
NaVi-collect-20260919-024204-341-339c8af2	733	153298	0	0	no_supported_obstacle	assumed_first_frame_not_map_validation
NaVi-collect-20260919-024204-341-339c8af2	735	153667	0	0	no_supported_obstacle	assumed_first_frame_not_map_validation
NaVi-collect-20260919-024204-341-339c8af2	736	153856	0	0	no_supported_obstacle	assumed_first_frame_not_map_validation
NaVi-collect-20260919-024204-341-339c8af2	738	154247	0	0	no_supported_obstacle	assumed_first_frame_not_map_validation
NaVi-collect-20260919-024204-341-339c8af2	739	154451	0	0	no_supported_obstacle	assumed_first_frame_not_map_validation
NaVi-collect-20260919-024204-341-339c8af2	741	154853	0	0	no_supported_obstacle	assumed_first_frame_not_map_validation
NaVi-collect-20260919-024204-341-339c8af2	742	155069	0	0	no_supported_obstacle	assumed_first_frame_not_map_validation
NaVi-collect-20260919-024204-341-339c8af2	744	155453	0	0	no_supported_obstacle	assumed_first_frame_not_map_validation
NaVi-collect-20260919-024204-341-339c8af2	746	155847	0	0	no_supported_obstacle	assumed_first_frame_not_map_validation
NaVi-collect-20260919-024204-341-339c8af2	747	156124	0	0	no_supported_obstacle	assumed_first_frame_not_map_validation
NaVi-collect-20260919-024204-341-339c8af2	749	156452	0	0	no_supported_obstacle	assumed_first_frame_not_map_validation
NaVi-collect-20260919-024204-341-339c8af2	750	156668	0	0	no_supported_obstacle	assumed_first_frame_not_map_validation
NaVi-collect-20260919-024204-341-339c8af2	752	157054	0	0	no_supported_obstacle	assumed_first_frame_not_map_validation
NaVi-collect-20260919-024204-341-339c8af2	753	157275	0	0	no_supported_obstacle	assumed_first_frame_not_map_validation
NaVi-collect-20260919-024204-341-339c8af2	755	157675	0	0	no_supported_obstacle	assumed_first_frame_not_map_validation
NaVi-collect-20260919-024204-341-339c8af2	756	157868	0	0	no_supported_obstacle	assumed_first_frame_not_map_validation
NaVi-collect-20260919-024204-341-339c8af2	758	158358	0	0	no_supported_obstacle	assumed_first_frame_not_map_validation
NaVi-collect-20260919-024204-341-339c8af2	759	158490	0	0	no_supported_obstacle	assumed_first_frame_not_map_validation
NaVi-collect-20260919-024204-341-339c8af2	761	158898	0	0	no_supported_obstacle	assumed_first_frame_not_map_validation
NaVi-collect-20260919-024204-341-339c8af2	762	159108	0	0	no_supported_obstacle	assumed_first_frame_not_map_validation
NaVi-collect-20260919-024204-341-339c8af2	764	159512	0	0	no_supported_obstacle	assumed_first_frame_not_map_validation
NaVi-collect-20260919-024204-341-339c8af2	765	159711	0	0	no_supported_obstacle	assumed_first_frame_not_map_validation
NaVi-collect-20260919-024204-341-339c8af2	767	160101	0	0	no_supported_obstacle	assumed_first_frame_not_map_validation
NaVi-collect-20260919-024204-341-339c8af2	768	160307	0	0	no_supported_obstacle	assumed_first_frame_not_map_validation
NaVi-collect-20260919-024204-341-339c8af2	770	160719	0	0	no_supported_obstacle	assumed_first_frame_not_map_validation
NaVi-collect-20260919-024204-341-339c8af2	771	160910	0	0	no_supported_obstacle	assumed_first_frame_not_map_validation
NaVi-collect-20260919-024204-341-339c8af2	773	161312	0	0	no_supported_obstacle	assumed_first_frame_not_map_validation
NaVi-collect-20260919-024204-341-339c8af2	774	161517	0	0	no_supported_obstacle	assumed_first_frame_not_map_validation
NaVi-collect-20260919-024204-341-339c8af2	776	161905	0	0	no_supported_obstacle	assumed_first_frame_not_map_validation
NaVi-collect-20260919-024204-341-339c8af2	777	162102	0	0	no_supported_obstacle	assumed_first_frame_not_map_validation
NaVi-collect-20260919-024204-341-339c8af2	778	162326	0	0	no_supported_obstacle	assumed_first_frame_not_map_validation
NaVi-collect-20260919-024204-341-339c8af2	780	162731	0	0	no_supported_obstacle	assumed_first_frame_not_map_validation
NaVi-collect-20260919-024204-341-339c8af2	781	162919	0	0	no_supported_obstacle	assumed_first_frame_not_map_validation
NaVi-collect-20260919-024204-341-339c8af2	783	163343	0	0	no_supported_obstacle	assumed_first_frame_not_map_validation
NaVi-collect-20260919-024204-341-339c8af2	785	163708	0	0	no_supported_obstacle	assumed_first_frame_not_map_validation
NaVi-collect-20260919-024204-341-339c8af2	786	163939	0	0	no_supported_obstacle	assumed_first_frame_not_map_validation
NaVi-collect-20260919-024204-341-339c8af2	788	164318	0	0	no_supported_obstacle	assumed_first_frame_not_map_validation
NaVi-collect-20260919-024204-341-339c8af2	789	164552	0	0	no_supported_obstacle	assumed_first_frame_not_map_validation
NaVi-collect-20260919-024204-341-339c8af2	791	164914	0	0	no_supported_obstacle	assumed_first_frame_not_map_validation
NaVi-collect-20260919-024204-341-339c8af2	792	165109	0	0	no_supported_obstacle	assumed_first_frame_not_map_validation
NaVi-collect-20260919-024204-341-339c8af2	793	165322	0	0	no_supported_obstacle	assumed_first_frame_not_map_validation
NaVi-collect-20260919-024204-341-339c8af2	796	165936	0	0	no_supported_obstacle	assumed_first_frame_not_map_validation
NaVi-collect-20260919-024204-341-339c8af2	797	166140	0	0	no_supported_obstacle	assumed_first_frame_not_map_validation
NaVi-collect-20260919-024204-341-339c8af2	799	166513	0	0	no_supported_obstacle	assumed_first_frame_not_map_validation
NaVi-collect-20260919-024204-341-339c8af2	800	166728	0	0	no_supported_obstacle	assumed_first_frame_not_map_validation
NaVi-collect-20260919-024204-341-339c8af2	801	166924	0	0	no_supported_obstacle	assumed_first_frame_not_map_validation
NaVi-collect-20260919-024204-341-339c8af2	803	167312	0	0	no_supported_obstacle	assumed_first_frame_not_map_validation
NaVi-collect-20260919-024204-341-339c8af2	805	167713	0	0	no_supported_obstacle	assumed_first_frame_not_map_validation
NaVi-collect-20260919-024204-341-339c8af2	806	167954	0	0	no_supported_obstacle	assumed_first_frame_not_map_validation
NaVi-collect-20260919-024204-341-339c8af2	807	168185	0	0	no_supported_obstacle	assumed_first_frame_not_map_validation
NaVi-collect-20260919-024204-341-339c8af2	809	168533	0	0	no_supported_obstacle	assumed_first_frame_not_map_validation
NaVi-collect-20260919-024204-341-339c8af2	811	168928	0	0	no_supported_obstacle	assumed_first_frame_not_map_validation
NaVi-collect-20260919-024204-341-339c8af2	812	169131	0	0	no_supported_obstacle	assumed_first_frame_not_map_validation
NaVi-collect-20260919-024204-341-339c8af2	813	169335	0	0	no_supported_obstacle	assumed_first_frame_not_map_validation
NaVi-collect-20260919-024204-341-339c8af2	815	169747	0	0	no_supported_obstacle	assumed_first_frame_not_map_validation
NaVi-collect-20260919-024204-341-339c8af2	817	170134	0	0	no_supported_obstacle	assumed_first_frame_not_map_validation
NaVi-collect-20260919-024204-341-339c8af2	818	170395	0	0	no_supported_obstacle	assumed_first_frame_not_map_validation
NaVi-collect-20260919-024204-341-339c8af2	820	170739	0	0	no_supported_obstacle	assumed_first_frame_not_map_validation
NaVi-collect-20260919-024204-341-339c8af2	821	170935	0	0	no_supported_obstacle	assumed_first_frame_not_map_validation
NaVi-collect-20260919-024204-341-339c8af2	823	171355	0	0	no_supported_obstacle	assumed_first_frame_not_map_validation
NaVi-collect-20260919-024204-341-339c8af2	825	171754	0	0	no_supported_obstacle	assumed_first_frame_not_map_validation
NaVi-collect-20260919-024204-341-339c8af2	826	171962	0	0	no_supported_obstacle	assumed_first_frame_not_map_validation
NaVi-collect-20260919-024204-341-339c8af2	827	172145	0	0	no_supported_obstacle	assumed_first_frame_not_map_validation
NaVi-collect-20260919-024204-341-339c8af2	829	172580	0	0	no_supported_obstacle	assumed_first_frame_not_map_validation
NaVi-collect-20260919-024204-341-339c8af2	830	172766	0	0	no_supported_obstacle	assumed_first_frame_not_map_validation
NaVi-collect-20260919-024204-341-339c8af2	832	173254	0	0	no_supported_obstacle	assumed_first_frame_not_map_validation
NaVi-collect-20260919-024204-341-339c8af2	834	173607	0	0	no_supported_obstacle	assumed_first_frame_not_map_validation
NaVi-collect-20260919-024204-341-339c8af2	835	173797	0	0	no_supported_obstacle	assumed_first_frame_not_map_validation
NaVi-collect-20260919-024204-341-339c8af2	836	174040	0	0	no_supported_obstacle	assumed_first_frame_not_map_validation
NaVi-collect-20260919-024204-341-339c8af2	838	174451	0	0	no_supported_obstacle	assumed_first_frame_not_map_validation
NaVi-collect-20260919-024204-341-339c8af2	839	174691	0	0	no_supported_obstacle	assumed_first_frame_not_map_validation
NaVi-collect-20260919-024204-341-339c8af2	840	174946	0	0	no_supported_obstacle	assumed_first_frame_not_map_validation
NaVi-collect-20260919-024204-341-339c8af2	842	175306	0	0	no_supported_obstacle	assumed_first_frame_not_map_validation
NaVi-collect-20260919-024204-341-339c8af2	843	175528	0	0	no_supported_obstacle	assumed_first_frame_not_map_validation
NaVi-collect-20260919-024204-341-339c8af2	845	175936	0	0	no_supported_obstacle	assumed_first_frame_not_map_validation
NaVi-collect-20260919-024204-341-339c8af2	846	176178	0	0	no_supported_obstacle	assumed_first_frame_not_map_validation
NaVi-collect-20260919-024204-341-339c8af2	848	176604	0	0	no_supported_obstacle	assumed_first_frame_not_map_validation
NaVi-collect-20260919-024204-341-339c8af2	849	176804	0	0	no_supported_obstacle	assumed_first_frame_not_map_validation
NaVi-collect-20260919-024204-341-339c8af2	850	177043	0	0	no_supported_obstacle	assumed_first_frame_not_map_validation
NaVi-collect-20260919-024204-341-339c8af2	851	177271	0	0	no_supported_obstacle	assumed_first_frame_not_map_validation
NaVi-collect-20260919-024204-341-339c8af2	853	177670	0	0	no_supported_obstacle	assumed_first_frame_not_map_validation
NaVi-collect-20260919-024204-341-339c8af2	854	177901	0	0	no_supported_obstacle	assumed_first_frame_not_map_validation
NaVi-collect-20260919-024204-341-339c8af2	856	178348	0	0	no_supported_obstacle	assumed_first_frame_not_map_validation
NaVi-collect-20260919-024204-341-339c8af2	857	178542	0	0	no_supported_obstacle	assumed_first_frame_not_map_validation
NaVi-collect-20260919-024204-341-339c8af2	858	178741	0	0	no_supported_obstacle	assumed_first_frame_not_map_validation
NaVi-collect-20260919-024204-341-339c8af2	860	179141	0	0	no_supported_obstacle	assumed_first_frame_not_map_validation
NaVi-collect-20260919-024204-341-339c8af2	861	179344	0	0	no_supported_obstacle	assumed_first_frame_not_map_validation
NaVi-collect-20260919-024204-341-339c8af2	863	179753	0	0	no_supported_obstacle	assumed_first_frame_not_map_validation
NaVi-collect-20260919-024204-341-339c8af2	864	179958	0	0	no_supported_obstacle	assumed_first_frame_not_map_validation
NaVi-collect-20260919-024719-670-dd86e6fb	5	54	0	0	alignment_unavailable	assumed_first_frame_not_map_validation
NaVi-collect-20260919-024719-670-dd86e6fb	6	203	0	0	alignment_unavailable	assumed_first_frame_not_map_validation
NaVi-collect-20260919-024719-670-dd86e6fb	7	414	0	0	alignment_unavailable	assumed_first_frame_not_map_validation
NaVi-collect-20260919-024719-670-dd86e6fb	8	588	1	0	alignment_unavailable	assumed_first_frame_not_map_validation
NaVi-collect-20260919-024719-670-dd86e6fb	9	788	1	0	alignment_unavailable	assumed_first_frame_not_map_validation
NaVi-collect-20260919-024719-670-dd86e6fb	10	1011	1	0	insufficient_depth_samples	assumed_first_frame_not_map_validation
NaVi-collect-20260919-024719-670-dd86e6fb	11	1213	1	0	insufficient_depth_samples	assumed_first_frame_not_map_validation
NaVi-collect-20260919-024719-670-dd86e6fb	12	1418	1	0	insufficient_depth_samples	assumed_first_frame_not_map_validation
NaVi-collect-20260919-024719-670-dd86e6fb	13	1621	0	0	no_supported_obstacle	assumed_first_frame_not_map_validation
NaVi-collect-20260919-024719-670-dd86e6fb	14	1824	0	0	no_supported_obstacle	assumed_first_frame_not_map_validation
NaVi-collect-20260919-024719-670-dd86e6fb	15	2015	0	0	no_supported_obstacle	assumed_first_frame_not_map_validation
NaVi-collect-20260919-024719-670-dd86e6fb	16	2228	0	0	no_supported_obstacle	assumed_first_frame_not_map_validation
NaVi-collect-20260919-024719-670-dd86e6fb	17	2416	0	0	no_supported_obstacle	assumed_first_frame_not_map_validation
NaVi-collect-20260919-024719-670-dd86e6fb	18	2616	0	0	no_supported_obstacle	assumed_first_frame_not_map_validation
NaVi-collect-20260919-024719-670-dd86e6fb	19	2817	0	0	no_supported_obstacle	assumed_first_frame_not_map_validation
NaVi-collect-20260919-024719-670-dd86e6fb	20	3017	0	0	no_supported_obstacle	assumed_first_frame_not_map_validation
NaVi-collect-20260919-024719-670-dd86e6fb	21	3220	0	0	no_supported_obstacle	assumed_first_frame_not_map_validation
NaVi-collect-20260919-024719-670-dd86e6fb	22	3418	0	0	no_supported_obstacle	assumed_first_frame_not_map_validation
NaVi-collect-20260919-024719-670-dd86e6fb	23	3618	0	0	no_supported_obstacle	assumed_first_frame_not_map_validation
NaVi-collect-20260919-024719-670-dd86e6fb	24	3827	0	0	no_supported_obstacle	assumed_first_frame_not_map_validation
NaVi-collect-20260919-024719-670-dd86e6fb	25	4021	0	0	no_supported_obstacle	assumed_first_frame_not_map_validation
NaVi-collect-20260919-024719-670-dd86e6fb	26	4223	0	0	no_supported_obstacle	assumed_first_frame_not_map_validation
NaVi-collect-20260919-024719-670-dd86e6fb	27	4419	0	0	no_supported_obstacle	assumed_first_frame_not_map_validation
NaVi-collect-20260919-024719-670-dd86e6fb	28	4623	0	0	no_supported_obstacle	assumed_first_frame_not_map_validation
NaVi-collect-20260919-024719-670-dd86e6fb	29	4825	0	0	no_supported_obstacle	assumed_first_frame_not_map_validation
NaVi-collect-20260919-024719-670-dd86e6fb	30	5021	0	0	no_supported_obstacle	assumed_first_frame_not_map_validation
NaVi-collect-20260919-024719-670-dd86e6fb	31	5220	0	0	no_supported_obstacle	assumed_first_frame_not_map_validation
NaVi-collect-20260919-024719-670-dd86e6fb	32	5435	0	0	no_supported_obstacle	assumed_first_frame_not_map_validation
NaVi-collect-20260919-024719-670-dd86e6fb	33	5623	0	0	no_supported_obstacle	assumed_first_frame_not_map_validation
NaVi-collect-20260919-024719-670-dd86e6fb	34	5838	0	0	no_supported_obstacle	assumed_first_frame_not_map_validation
NaVi-collect-20260919-024719-670-dd86e6fb	35	6022	0	0	no_supported_obstacle	assumed_first_frame_not_map_validation
NaVi-collect-20260919-024719-670-dd86e6fb	36	6226	0	0	no_supported_obstacle	assumed_first_frame_not_map_validation
NaVi-collect-20260919-024719-670-dd86e6fb	37	6435	0	0	no_supported_obstacle	assumed_first_frame_not_map_validation
NaVi-collect-20260919-024719-670-dd86e6fb	38	6644	0	0	no_supported_obstacle	assumed_first_frame_not_map_validation
NaVi-collect-20260919-024719-670-dd86e6fb	39	6852	0	0	no_supported_obstacle	assumed_first_frame_not_map_validation
NaVi-collect-20260919-024719-670-dd86e6fb	40	7033	0	0	no_supported_obstacle	assumed_first_frame_not_map_validation
NaVi-collect-20260919-024719-670-dd86e6fb	41	7243	0	0	no_supported_obstacle	assumed_first_frame_not_map_validation
NaVi-collect-20260919-024719-670-dd86e6fb	42	7444	0	0	no_supported_obstacle	assumed_first_frame_not_map_validation
NaVi-collect-20260919-024719-670-dd86e6fb	43	7642	0	0	no_supported_obstacle	assumed_first_frame_not_map_validation
NaVi-collect-20260919-024719-670-dd86e6fb	44	7842	0	0	no_supported_obstacle	assumed_first_frame_not_map_validation
NaVi-collect-20260919-024719-670-dd86e6fb	45	8044	0	0	no_supported_obstacle	assumed_first_frame_not_map_validation
NaVi-collect-20260919-024719-670-dd86e6fb	46	8239	0	0	no_supported_obstacle	assumed_first_frame_not_map_validation
NaVi-collect-20260919-024719-670-dd86e6fb	47	8443	0	0	no_supported_obstacle	assumed_first_frame_not_map_validation
NaVi-collect-20260919-024719-670-dd86e6fb	48	8641	0	0	no_supported_obstacle	assumed_first_frame_not_map_validation
NaVi-collect-20260919-024719-670-dd86e6fb	49	8843	0	0	no_supported_obstacle	assumed_first_frame_not_map_validation
NaVi-collect-20260919-024719-670-dd86e6fb	50	9042	0	0	no_supported_obstacle	assumed_first_frame_not_map_validation
NaVi-collect-20260919-024719-670-dd86e6fb	51	9241	0	0	no_supported_obstacle	assumed_first_frame_not_map_validation
NaVi-collect-20260919-024719-670-dd86e6fb	52	9443	0	0	no_supported_obstacle	assumed_first_frame_not_map_validation
NaVi-collect-20260919-024719-670-dd86e6fb	53	9642	0	0	no_supported_obstacle	assumed_first_frame_not_map_validation
NaVi-collect-20260919-024719-670-dd86e6fb	54	9843	0	0	no_supported_obstacle	assumed_first_frame_not_map_validation
NaVi-collect-20260919-024719-670-dd86e6fb	55	10042	0	0	no_supported_obstacle	assumed_first_frame_not_map_validation
NaVi-collect-20260919-024719-670-dd86e6fb	56	10261	0	0	no_supported_obstacle	assumed_first_frame_not_map_validation
NaVi-collect-20260919-024719-670-dd86e6fb	57	10460	0	0	no_supported_obstacle	assumed_first_frame_not_map_validation
NaVi-collect-20260919-024719-670-dd86e6fb	58	10664	0	0	no_supported_obstacle	assumed_first_frame_not_map_validation
NaVi-collect-20260919-024719-670-dd86e6fb	59	10844	0	0	no_supported_obstacle	assumed_first_frame_not_map_validation
NaVi-collect-20260919-024719-670-dd86e6fb	60	11044	0	0	no_supported_obstacle	assumed_first_frame_not_map_validation
NaVi-collect-20260919-024719-670-dd86e6fb	61	11263	0	0	no_supported_obstacle	assumed_first_frame_not_map_validation
NaVi-collect-20260919-024719-670-dd86e6fb	62	11444	0	0	no_supported_obstacle	assumed_first_frame_not_map_validation
NaVi-collect-20260919-024719-670-dd86e6fb	63	11645	0	0	no_supported_obstacle	assumed_first_frame_not_map_validation
NaVi-collect-20260919-024719-670-dd86e6fb	64	11863	0	0	no_supported_obstacle	assumed_first_frame_not_map_validation
NaVi-collect-20260919-024719-670-dd86e6fb	65	12063	0	0	no_supported_obstacle	assumed_first_frame_not_map_validation
NaVi-collect-20260919-024719-670-dd86e6fb	66	12275	0	0	no_supported_obstacle	assumed_first_frame_not_map_validation
NaVi-collect-20260919-024719-670-dd86e6fb	67	12466	0	0	no_supported_obstacle	assumed_first_frame_not_map_validation
NaVi-collect-20260919-024719-670-dd86e6fb	68	12666	0	0	no_supported_obstacle	assumed_first_frame_not_map_validation
NaVi-collect-20260919-024719-670-dd86e6fb	69	12867	0	0	no_supported_obstacle	assumed_first_frame_not_map_validation
NaVi-collect-20260919-024719-670-dd86e6fb	70	13064	0	0	no_supported_obstacle	assumed_first_frame_not_map_validation
NaVi-collect-20260919-024719-670-dd86e6fb	71	13263	0	0	no_supported_obstacle	assumed_first_frame_not_map_validation
NaVi-collect-20260919-024719-670-dd86e6fb	72	13472	0	0	no_supported_obstacle	assumed_first_frame_not_map_validation
NaVi-collect-20260919-024719-670-dd86e6fb	73	13663	0	0	no_supported_obstacle	assumed_first_frame_not_map_validation
NaVi-collect-20260919-024719-670-dd86e6fb	74	13866	0	0	no_supported_obstacle	assumed_first_frame_not_map_validation
NaVi-collect-20260919-024719-670-dd86e6fb	75	14067	0	0	no_supported_obstacle	assumed_first_frame_not_map_validation
NaVi-collect-20260919-024719-670-dd86e6fb	76	14267	0	0	no_supported_obstacle	assumed_first_frame_not_map_validation
NaVi-collect-20260919-024719-670-dd86e6fb	77	14466	0	0	no_supported_obstacle	assumed_first_frame_not_map_validation
NaVi-collect-20260919-024719-670-dd86e6fb	78	14698	0	0	no_supported_obstacle	assumed_first_frame_not_map_validation
NaVi-collect-20260919-024719-670-dd86e6fb	79	14897	0	0	no_supported_obstacle	assumed_first_frame_not_map_validation
NaVi-collect-20260919-024719-670-dd86e6fb	80	15097	0	0	no_supported_obstacle	assumed_first_frame_not_map_validation
NaVi-collect-20260919-024719-670-dd86e6fb	81	15298	0	0	no_supported_obstacle	assumed_first_frame_not_map_validation
NaVi-collect-20260919-024719-670-dd86e6fb	82	15502	0	0	no_supported_obstacle	assumed_first_frame_not_map_validation
NaVi-collect-20260919-024719-670-dd86e6fb	83	15699	0	0	no_supported_obstacle	assumed_first_frame_not_map_validation
NaVi-collect-20260919-024719-670-dd86e6fb	84	15900	0	0	no_supported_obstacle	assumed_first_frame_not_map_validation
NaVi-collect-20260919-024719-670-dd86e6fb	85	16100	0	0	no_supported_obstacle	assumed_first_frame_not_map_validation
NaVi-collect-20260919-024719-670-dd86e6fb	86	16307	0	0	no_supported_obstacle	assumed_first_frame_not_map_validation
NaVi-collect-20260919-024719-670-dd86e6fb	87	16510	0	0	no_supported_obstacle	assumed_first_frame_not_map_validation
NaVi-collect-20260919-024719-670-dd86e6fb	88	16702	0	0	no_supported_obstacle	assumed_first_frame_not_map_validation
NaVi-collect-20260919-024719-670-dd86e6fb	89	16936	0	0	no_supported_obstacle	assumed_first_frame_not_map_validation
NaVi-collect-20260919-024719-670-dd86e6fb	90	17135	0	0	no_supported_obstacle	assumed_first_frame_not_map_validation
NaVi-collect-20260919-024719-670-dd86e6fb	91	17336	0	0	no_supported_obstacle	assumed_first_frame_not_map_validation
NaVi-collect-20260919-024719-670-dd86e6fb	92	17569	0	0	no_supported_obstacle	assumed_first_frame_not_map_validation
NaVi-collect-20260919-024719-670-dd86e6fb	93	17769	0	0	no_supported_obstacle	assumed_first_frame_not_map_validation
NaVi-collect-20260919-024719-670-dd86e6fb	94	18003	0	0	no_supported_obstacle	assumed_first_frame_not_map_validation
NaVi-collect-20260919-024719-670-dd86e6fb	95	18239	0	0	no_supported_obstacle	assumed_first_frame_not_map_validation
NaVi-collect-20260919-024719-670-dd86e6fb	96	18470	0	0	no_supported_obstacle	assumed_first_frame_not_map_validation
NaVi-collect-20260919-024719-670-dd86e6fb	97	18700	0	0	no_supported_obstacle	assumed_first_frame_not_map_validation
NaVi-collect-20260919-024719-670-dd86e6fb	98	18904	0	0	no_supported_obstacle	assumed_first_frame_not_map_validation
NaVi-collect-20260919-024719-670-dd86e6fb	99	19104	0	0	no_supported_obstacle	assumed_first_frame_not_map_validation
NaVi-collect-20260919-024719-670-dd86e6fb	100	19341	0	0	no_supported_obstacle	assumed_first_frame_not_map_validation
NaVi-collect-20260919-024719-670-dd86e6fb	101	19576	0	0	no_supported_obstacle	assumed_first_frame_not_map_validation
NaVi-collect-20260919-024719-670-dd86e6fb	102	19782	0	0	no_supported_obstacle	assumed_first_frame_not_map_validation
NaVi-collect-20260919-024719-670-dd86e6fb	103	19971	0	0	no_supported_obstacle	assumed_first_frame_not_map_validation
NaVi-collect-20260919-024719-670-dd86e6fb	104	20214	0	0	no_supported_obstacle	assumed_first_frame_not_map_validation
NaVi-collect-20260919-024719-670-dd86e6fb	105	20425	0	0	no_supported_obstacle	assumed_first_frame_not_map_validation
NaVi-collect-20260919-024719-670-dd86e6fb	106	20669	0	0	no_supported_obstacle	assumed_first_frame_not_map_validation
NaVi-collect-20260919-024719-670-dd86e6fb	107	20872	0	0	no_supported_obstacle	assumed_first_frame_not_map_validation
NaVi-collect-20260919-024719-670-dd86e6fb	108	21073	0	0	no_supported_obstacle	assumed_first_frame_not_map_validation
NaVi-collect-20260919-024719-670-dd86e6fb	109	21305	0	0	no_supported_obstacle	assumed_first_frame_not_map_validation
NaVi-collect-20260919-024719-670-dd86e6fb	110	21549	0	0	no_supported_obstacle	assumed_first_frame_not_map_validation
NaVi-collect-20260919-024719-670-dd86e6fb	111	21777	0	0	no_supported_obstacle	assumed_first_frame_not_map_validation
NaVi-collect-20260919-024719-670-dd86e6fb	112	22009	0	0	no_supported_obstacle	assumed_first_frame_not_map_validation
NaVi-collect-20260919-024719-670-dd86e6fb	113	22216	0	0	no_supported_obstacle	assumed_first_frame_not_map_validation
NaVi-collect-20260919-024719-670-dd86e6fb	114	22393	0	0	no_supported_obstacle	assumed_first_frame_not_map_validation
NaVi-collect-20260919-024719-670-dd86e6fb	115	22638	0	0	no_supported_obstacle	assumed_first_frame_not_map_validation
NaVi-collect-20260919-024719-670-dd86e6fb	116	22842	0	0	no_supported_obstacle	assumed_first_frame_not_map_validation
NaVi-collect-20260919-024719-670-dd86e6fb	117	23046	0	0	no_supported_obstacle	assumed_first_frame_not_map_validation
NaVi-collect-20260919-024719-670-dd86e6fb	118	23283	0	0	no_supported_obstacle	assumed_first_frame_not_map_validation
NaVi-collect-20260919-024719-670-dd86e6fb	119	23474	0	0	no_supported_obstacle	assumed_first_frame_not_map_validation
NaVi-collect-20260919-024719-670-dd86e6fb	120	23691	0	0	no_supported_obstacle	assumed_first_frame_not_map_validation
NaVi-collect-20260919-024719-670-dd86e6fb	121	23872	0	0	no_supported_obstacle	assumed_first_frame_not_map_validation
NaVi-collect-20260919-024719-670-dd86e6fb	122	24083	0	0	no_supported_obstacle	assumed_first_frame_not_map_validation
NaVi-collect-20260919-024719-670-dd86e6fb	123	24314	0	0	no_supported_obstacle	assumed_first_frame_not_map_validation
NaVi-collect-20260919-024719-670-dd86e6fb	124	24505	0	0	no_supported_obstacle	assumed_first_frame_not_map_validation
NaVi-collect-20260919-024719-670-dd86e6fb	125	24710	0	0	no_supported_obstacle	assumed_first_frame_not_map_validation
NaVi-collect-20260919-024719-670-dd86e6fb	126	24922	0	0	no_supported_obstacle	assumed_first_frame_not_map_validation
NaVi-collect-20260919-024719-670-dd86e6fb	127	25159	0	0	no_supported_obstacle	assumed_first_frame_not_map_validation
NaVi-collect-20260919-024719-670-dd86e6fb	128	25361	0	0	no_supported_obstacle	assumed_first_frame_not_map_validation
NaVi-collect-20260919-024719-670-dd86e6fb	129	25561	0	0	no_supported_obstacle	assumed_first_frame_not_map_validation
NaVi-collect-20260919-024719-670-dd86e6fb	130	25793	0	0	no_supported_obstacle	assumed_first_frame_not_map_validation
NaVi-collect-20260919-024719-670-dd86e6fb	131	26043	0	0	no_supported_obstacle	assumed_first_frame_not_map_validation
NaVi-collect-20260919-024719-670-dd86e6fb	132	26255	0	0	no_supported_obstacle	assumed_first_frame_not_map_validation
NaVi-collect-20260919-024719-670-dd86e6fb	133	26489	0	0	no_supported_obstacle	assumed_first_frame_not_map_validation
NaVi-collect-20260919-024719-670-dd86e6fb	134	26723	0	0	no_supported_obstacle	assumed_first_frame_not_map_validation
NaVi-collect-20260919-024719-670-dd86e6fb	135	26971	0	0	no_supported_obstacle	assumed_first_frame_not_map_validation
NaVi-collect-20260919-024719-670-dd86e6fb	136	27160	0	0	no_supported_obstacle	assumed_first_frame_not_map_validation
NaVi-collect-20260919-024719-670-dd86e6fb	137	27365	0	0	no_supported_obstacle	assumed_first_frame_not_map_validation
NaVi-collect-20260919-024719-670-dd86e6fb	138	27571	0	0	no_supported_obstacle	assumed_first_frame_not_map_validation
NaVi-collect-20260919-024719-670-dd86e6fb	139	27760	0	0	no_supported_obstacle	assumed_first_frame_not_map_validation
NaVi-collect-20260919-024719-670-dd86e6fb	140	27993	0	0	no_supported_obstacle	assumed_first_frame_not_map_validation
NaVi-collect-20260919-024719-670-dd86e6fb	141	28196	0	0	no_supported_obstacle	assumed_first_frame_not_map_validation
NaVi-collect-20260919-024719-670-dd86e6fb	142	28394	0	0	no_supported_obstacle	assumed_first_frame_not_map_validation
NaVi-collect-20260919-024719-670-dd86e6fb	143	28598	0	0	no_supported_obstacle	assumed_first_frame_not_map_validation
NaVi-collect-20260919-024719-670-dd86e6fb	144	28830	0	0	no_supported_obstacle	assumed_first_frame_not_map_validation
NaVi-collect-20260919-024719-670-dd86e6fb	145	29030	0	0	no_supported_obstacle	assumed_first_frame_not_map_validation
NaVi-collect-20260919-024719-670-dd86e6fb	146	29261	0	0	no_supported_obstacle	assumed_first_frame_not_map_validation
NaVi-collect-20260919-024719-670-dd86e6fb	147	29463	0	0	no_supported_obstacle	assumed_first_frame_not_map_validation
NaVi-collect-20260919-024719-670-dd86e6fb	148	29707	0	0	no_supported_obstacle	assumed_first_frame_not_map_validation
NaVi-collect-20260919-024719-670-dd86e6fb	149	29895	0	0	no_supported_obstacle	assumed_first_frame_not_map_validation
NaVi-collect-20260919-024719-670-dd86e6fb	150	30105	0	0	no_supported_obstacle	assumed_first_frame_not_map_validation
NaVi-collect-20260919-024719-670-dd86e6fb	151	30332	0	0	no_supported_obstacle	assumed_first_frame_not_map_validation
NaVi-collect-20260919-024719-670-dd86e6fb	152	30528	0	0	no_supported_obstacle	assumed_first_frame_not_map_validation
NaVi-collect-20260919-024719-670-dd86e6fb	153	30733	0	0	no_supported_obstacle	assumed_first_frame_not_map_validation
NaVi-collect-20260919-024719-670-dd86e6fb	154	30968	0	0	no_supported_obstacle	assumed_first_frame_not_map_validation
NaVi-collect-20260919-024719-670-dd86e6fb	155	31164	0	0	no_supported_obstacle	assumed_first_frame_not_map_validation
NaVi-collect-20260919-024719-670-dd86e6fb	156	31367	0	0	no_supported_obstacle	assumed_first_frame_not_map_validation
NaVi-collect-20260919-024719-670-dd86e6fb	157	31563	0	0	no_supported_obstacle	assumed_first_frame_not_map_validation
NaVi-collect-20260919-024719-670-dd86e6fb	158	31764	0	0	no_supported_obstacle	assumed_first_frame_not_map_validation
NaVi-collect-20260919-024719-670-dd86e6fb	159	31966	0	0	no_supported_obstacle	assumed_first_frame_not_map_validation
NaVi-collect-20260919-024719-670-dd86e6fb	160	32174	0	0	no_supported_obstacle	assumed_first_frame_not_map_validation
NaVi-collect-20260919-024719-670-dd86e6fb	161	32365	0	0	no_supported_obstacle	assumed_first_frame_not_map_validation
NaVi-collect-20260919-024719-670-dd86e6fb	162	32582	0	0	no_supported_obstacle	assumed_first_frame_not_map_validation
NaVi-collect-20260919-024719-670-dd86e6fb	163	32767	0	0	no_supported_obstacle	assumed_first_frame_not_map_validation
NaVi-collect-20260919-024719-670-dd86e6fb	164	32969	0	0	no_supported_obstacle	assumed_first_frame_not_map_validation
NaVi-collect-20260919-024719-670-dd86e6fb	165	33169	0	0	no_supported_obstacle	assumed_first_frame_not_map_validation
NaVi-collect-20260919-024719-670-dd86e6fb	166	33369	0	0	no_supported_obstacle	assumed_first_frame_not_map_validation
NaVi-collect-20260919-024719-670-dd86e6fb	167	33569	0	0	no_supported_obstacle	assumed_first_frame_not_map_validation
NaVi-collect-20260919-024719-670-dd86e6fb	168	33767	0	0	no_supported_obstacle	assumed_first_frame_not_map_validation
NaVi-collect-20260919-024719-670-dd86e6fb	169	33969	0	0	no_supported_obstacle	assumed_first_frame_not_map_validation
NaVi-collect-20260919-024719-670-dd86e6fb	170	34185	0	0	no_supported_obstacle	assumed_first_frame_not_map_validation
NaVi-collect-20260919-024719-670-dd86e6fb	171	34371	0	0	no_supported_obstacle	assumed_first_frame_not_map_validation
NaVi-collect-20260919-024719-670-dd86e6fb	172	34567	0	0	no_supported_obstacle	assumed_first_frame_not_map_validation
NaVi-collect-20260919-024719-670-dd86e6fb	173	34768	0	0	no_supported_obstacle	assumed_first_frame_not_map_validation
NaVi-collect-20260919-024719-670-dd86e6fb	174	34973	0	0	no_supported_obstacle	assumed_first_frame_not_map_validation
NaVi-collect-20260919-024719-670-dd86e6fb	175	35188	0	0	no_supported_obstacle	assumed_first_frame_not_map_validation
NaVi-collect-20260919-024719-670-dd86e6fb	176	35386	0	0	no_supported_obstacle	assumed_first_frame_not_map_validation
NaVi-collect-20260919-024719-670-dd86e6fb	177	35586	0	0	no_supported_obstacle	assumed_first_frame_not_map_validation
NaVi-collect-20260919-024719-670-dd86e6fb	178	35787	0	0	no_supported_obstacle	assumed_first_frame_not_map_validation
NaVi-collect-20260919-024719-670-dd86e6fb	179	35984	0	0	no_supported_obstacle	assumed_first_frame_not_map_validation
NaVi-collect-20260919-024719-670-dd86e6fb	180	36192	0	0	no_supported_obstacle	assumed_first_frame_not_map_validation
NaVi-collect-20260919-024719-670-dd86e6fb	181	36386	0	0	no_supported_obstacle	assumed_first_frame_not_map_validation
NaVi-collect-20260919-024719-670-dd86e6fb	182	36613	0	0	no_supported_obstacle	assumed_first_frame_not_map_validation
NaVi-collect-20260919-024719-670-dd86e6fb	183	36778	0	0	no_supported_obstacle	assumed_first_frame_not_map_validation
NaVi-collect-20260919-024719-670-dd86e6fb	184	36977	0	0	no_supported_obstacle	assumed_first_frame_not_map_validation
NaVi-collect-20260919-024719-670-dd86e6fb	185	37193	0	0	no_supported_obstacle	assumed_first_frame_not_map_validation
NaVi-collect-20260919-024719-670-dd86e6fb	186	37390	0	0	no_supported_obstacle	assumed_first_frame_not_map_validation
NaVi-collect-20260919-024719-670-dd86e6fb	187	37590	0	0	no_supported_obstacle	assumed_first_frame_not_map_validation
NaVi-collect-20260919-024719-670-dd86e6fb	188	37795	0	0	no_supported_obstacle	assumed_first_frame_not_map_validation
NaVi-collect-20260919-024719-670-dd86e6fb	189	37998	0	0	no_supported_obstacle	assumed_first_frame_not_map_validation
NaVi-collect-20260919-024719-670-dd86e6fb	191	38389	0	0	no_supported_obstacle	assumed_first_frame_not_map_validation
NaVi-collect-20260919-024719-670-dd86e6fb	192	38589	0	0	no_supported_obstacle	assumed_first_frame_not_map_validation
NaVi-collect-20260919-024719-670-dd86e6fb	193	38802	0	0	no_supported_obstacle	assumed_first_frame_not_map_validation
NaVi-collect-20260919-024719-670-dd86e6fb	194	38988	0	0	no_supported_obstacle	assumed_first_frame_not_map_validation
NaVi-collect-20260919-024719-670-dd86e6fb	195	39190	0	0	no_supported_obstacle	assumed_first_frame_not_map_validation
NaVi-collect-20260919-024719-670-dd86e6fb	196	39388	0	0	no_supported_obstacle	assumed_first_frame_not_map_validation
NaVi-collect-20260919-024719-670-dd86e6fb	197	39591	0	0	no_supported_obstacle	assumed_first_frame_not_map_validation
NaVi-collect-20260919-024719-670-dd86e6fb	198	39791	0	0	no_supported_obstacle	assumed_first_frame_not_map_validation
NaVi-collect-20260919-024719-670-dd86e6fb	199	40000	0	0	no_supported_obstacle	assumed_first_frame_not_map_validation
NaVi-collect-20260919-024719-670-dd86e6fb	200	40202	0	0	no_supported_obstacle	assumed_first_frame_not_map_validation
NaVi-collect-20260919-024719-670-dd86e6fb	201	40403	0	0	no_supported_obstacle	assumed_first_frame_not_map_validation
NaVi-collect-20260919-024719-670-dd86e6fb	203	40807	0	0	no_supported_obstacle	assumed_first_frame_not_map_validation
NaVi-collect-20260919-024719-670-dd86e6fb	204	41022	0	0	no_supported_obstacle	assumed_first_frame_not_map_validation
NaVi-collect-20260919-024719-670-dd86e6fb	205	41200	0	0	no_supported_obstacle	assumed_first_frame_not_map_validation
NaVi-collect-20260919-024719-670-dd86e6fb	206	41419	0	0	no_supported_obstacle	assumed_first_frame_not_map_validation
NaVi-collect-20260919-024719-670-dd86e6fb	207	41613	0	0	no_supported_obstacle	assumed_first_frame_not_map_validation
NaVi-collect-20260919-024719-670-dd86e6fb	209	42020	0	0	no_supported_obstacle	assumed_first_frame_not_map_validation
NaVi-collect-20260919-024719-670-dd86e6fb	210	42236	0	0	no_supported_obstacle	assumed_first_frame_not_map_validation
NaVi-collect-20260919-024719-670-dd86e6fb	211	42403	0	0	no_supported_obstacle	assumed_first_frame_not_map_validation
NaVi-collect-20260919-024719-670-dd86e6fb	212	42609	0	0	no_supported_obstacle	assumed_first_frame_not_map_validation
NaVi-collect-20260919-024719-670-dd86e6fb	213	42800	0	0	no_supported_obstacle	assumed_first_frame_not_map_validation
NaVi-collect-20260919-024719-670-dd86e6fb	214	43026	0	0	no_supported_obstacle	assumed_first_frame_not_map_validation
NaVi-collect-20260919-024719-670-dd86e6fb	216	43420	0	0	no_supported_obstacle	assumed_first_frame_not_map_validation
NaVi-collect-20260919-024719-670-dd86e6fb	217	43604	1	0	insufficient_depth_samples	assumed_first_frame_not_map_validation
NaVi-collect-20260919-024719-670-dd86e6fb	218	43805	0	0	no_supported_obstacle	assumed_first_frame_not_map_validation
NaVi-collect-20260919-024719-670-dd86e6fb	219	44022	0	0	no_supported_obstacle	assumed_first_frame_not_map_validation
NaVi-collect-20260919-024719-670-dd86e6fb	220	44211	0	0	no_supported_obstacle	assumed_first_frame_not_map_validation
NaVi-collect-20260919-024719-670-dd86e6fb	221	44419	1	0	insufficient_depth_samples	assumed_first_frame_not_map_validation
NaVi-collect-20260919-024719-670-dd86e6fb	222	44606	0	0	no_supported_obstacle	assumed_first_frame_not_map_validation
NaVi-collect-20260919-024719-670-dd86e6fb	224	45020	0	0	no_supported_obstacle	assumed_first_frame_not_map_validation
NaVi-collect-20260919-024719-670-dd86e6fb	225	45211	1	0	outside_sidewalk_or_mask_uncertain	assumed_first_frame_not_map_validation
NaVi-collect-20260919-024719-670-dd86e6fb	226	45421	0	0	no_supported_obstacle	assumed_first_frame_not_map_validation
NaVi-collect-20260919-024719-670-dd86e6fb	227	45627	1	0	outside_sidewalk_or_mask_uncertain	assumed_first_frame_not_map_validation
NaVi-collect-20260919-024719-670-dd86e6fb	229	46024	1	0	outside_sidewalk_or_mask_uncertain	assumed_first_frame_not_map_validation
NaVi-collect-20260919-024719-670-dd86e6fb	230	46226	0	0	no_supported_obstacle	assumed_first_frame_not_map_validation
NaVi-collect-20260919-024719-670-dd86e6fb	231	46425	1	0	persistence_pending	assumed_first_frame_not_map_validation
NaVi-collect-20260919-024719-670-dd86e6fb	232	46623	1	0	outside_sidewalk_or_mask_uncertain	assumed_first_frame_not_map_validation
NaVi-collect-20260919-024719-670-dd86e6fb	234	47025	1	0	outside_sidewalk_or_mask_uncertain	assumed_first_frame_not_map_validation
NaVi-collect-20260919-024719-670-dd86e6fb	235	47243	0	0	no_supported_obstacle	assumed_first_frame_not_map_validation
NaVi-collect-20260919-024719-670-dd86e6fb	236	47433	0	0	no_supported_obstacle	assumed_first_frame_not_map_validation
NaVi-collect-20260919-024719-670-dd86e6fb	238	47825	0	0	no_supported_obstacle	assumed_first_frame_not_map_validation
NaVi-collect-20260919-024719-670-dd86e6fb	239	48043	1	0	outside_sidewalk_or_mask_uncertain	assumed_first_frame_not_map_validation
NaVi-collect-20260919-024719-670-dd86e6fb	240	48227	0	0	no_supported_obstacle	assumed_first_frame_not_map_validation
NaVi-collect-20260919-024719-670-dd86e6fb	241	48428	0	0	no_supported_obstacle	assumed_first_frame_not_map_validation
NaVi-collect-20260919-024719-670-dd86e6fb	243	48828	0	0	no_supported_obstacle	assumed_first_frame_not_map_validation
NaVi-collect-20260919-024719-670-dd86e6fb	244	49029	1	0	outside_sidewalk_or_mask_uncertain	assumed_first_frame_not_map_validation
NaVi-collect-20260919-024719-670-dd86e6fb	245	49243	0	0	no_supported_obstacle	assumed_first_frame_not_map_validation
NaVi-collect-20260919-024719-670-dd86e6fb	246	49442	1	0	outside_sidewalk_or_mask_uncertain	assumed_first_frame_not_map_validation
NaVi-collect-20260919-024719-670-dd86e6fb	247	49650	0	0	no_supported_obstacle	assumed_first_frame_not_map_validation
NaVi-collect-20260919-024719-670-dd86e6fb	249	50084	0	0	no_supported_obstacle	assumed_first_frame_not_map_validation
NaVi-collect-20260919-024719-670-dd86e6fb	250	50286	0	0	no_supported_obstacle	assumed_first_frame_not_map_validation
NaVi-collect-20260919-024719-670-dd86e6fb	251	50482	1	0	outside_sidewalk_or_mask_uncertain	assumed_first_frame_not_map_validation
NaVi-collect-20260919-024719-670-dd86e6fb	253	50887	0	0	no_supported_obstacle	assumed_first_frame_not_map_validation
NaVi-collect-20260919-024719-670-dd86e6fb	254	51086	0	0	no_supported_obstacle	assumed_first_frame_not_map_validation
NaVi-collect-20260919-024719-670-dd86e6fb	255	51288	0	0	no_supported_obstacle	assumed_first_frame_not_map_validation
NaVi-collect-20260919-024719-670-dd86e6fb	256	51488	0	0	no_supported_obstacle	assumed_first_frame_not_map_validation
NaVi-collect-20260919-024719-670-dd86e6fb	258	51901	0	0	no_supported_obstacle	assumed_first_frame_not_map_validation
NaVi-collect-20260919-024719-670-dd86e6fb	259	52085	0	0	no_supported_obstacle	assumed_first_frame_not_map_validation
NaVi-collect-20260919-024719-670-dd86e6fb	261	52508	0	0	no_supported_obstacle	assumed_first_frame_not_map_validation
NaVi-collect-20260919-024719-670-dd86e6fb	262	52685	0	0	no_supported_obstacle	assumed_first_frame_not_map_validation
NaVi-collect-20260919-024719-670-dd86e6fb	263	52878	0	0	no_supported_obstacle	assumed_first_frame_not_map_validation
NaVi-collect-20260919-024719-670-dd86e6fb	265	53308	0	0	no_supported_obstacle	assumed_first_frame_not_map_validation
NaVi-collect-20260919-024719-670-dd86e6fb	266	53485	0	0	no_supported_obstacle	assumed_first_frame_not_map_validation
NaVi-collect-20260919-024719-670-dd86e6fb	268	53888	0	0	no_supported_obstacle	assumed_first_frame_not_map_validation
NaVi-collect-20260919-024719-670-dd86e6fb	269	54090	0	0	no_supported_obstacle	assumed_first_frame_not_map_validation
NaVi-collect-20260919-024719-670-dd86e6fb	270	54299	0	0	no_supported_obstacle	assumed_first_frame_not_map_validation
NaVi-collect-20260919-024719-670-dd86e6fb	272	54707	0	0	no_supported_obstacle	assumed_first_frame_not_map_validation
NaVi-collect-20260919-024719-670-dd86e6fb	273	54896	0	0	no_supported_obstacle	assumed_first_frame_not_map_validation
NaVi-collect-20260919-024719-670-dd86e6fb	274	55099	0	0	no_supported_obstacle	assumed_first_frame_not_map_validation
NaVi-collect-20260919-024719-670-dd86e6fb	275	55288	0	0	no_supported_obstacle	assumed_first_frame_not_map_validation
NaVi-collect-20260919-024719-670-dd86e6fb	277	55702	0	0	no_supported_obstacle	assumed_first_frame_not_map_validation
NaVi-collect-20260919-024719-670-dd86e6fb	278	55891	0	0	no_supported_obstacle	assumed_first_frame_not_map_validation
NaVi-collect-20260919-024719-670-dd86e6fb	279	56108	0	0	no_supported_obstacle	assumed_first_frame_not_map_validation
NaVi-collect-20260919-024719-670-dd86e6fb	281	56508	0	0	no_supported_obstacle	assumed_first_frame_not_map_validation
NaVi-collect-20260919-024719-670-dd86e6fb	282	56695	0	0	no_supported_obstacle	assumed_first_frame_not_map_validation
NaVi-collect-20260919-024719-670-dd86e6fb	284	57092	0	0	no_supported_obstacle	assumed_first_frame_not_map_validation
NaVi-collect-20260919-024719-670-dd86e6fb	285	57308	0	0	no_supported_obstacle	assumed_first_frame_not_map_validation
NaVi-collect-20260919-024719-670-dd86e6fb	286	57515	0	0	no_supported_obstacle	assumed_first_frame_not_map_validation
NaVi-collect-20260919-024719-670-dd86e6fb	288	57937	0	0	no_supported_obstacle	assumed_first_frame_not_map_validation
NaVi-collect-20260919-024719-670-dd86e6fb	289	58099	0	0	no_supported_obstacle	assumed_first_frame_not_map_validation
NaVi-collect-20260919-024719-670-dd86e6fb	290	58321	1	0	outside_sidewalk_or_mask_uncertain	assumed_first_frame_not_map_validation
NaVi-collect-20260919-024719-670-dd86e6fb	292	58719	0	0	no_supported_obstacle	assumed_first_frame_not_map_validation
NaVi-collect-20260919-024719-670-dd86e6fb	293	58909	0	0	no_supported_obstacle	assumed_first_frame_not_map_validation
NaVi-collect-20260919-024719-670-dd86e6fb	294	59102	1	0	outside_sidewalk_or_mask_uncertain	assumed_first_frame_not_map_validation
NaVi-collect-20260919-024719-670-dd86e6fb	296	59505	0	0	no_supported_obstacle	assumed_first_frame_not_map_validation
NaVi-collect-20260919-024719-670-dd86e6fb	297	59742	0	0	no_supported_obstacle	assumed_first_frame_not_map_validation
NaVi-collect-20260919-024719-670-dd86e6fb	298	59914	0	0	no_supported_obstacle	assumed_first_frame_not_map_validation
NaVi-collect-20260919-024719-670-dd86e6fb	299	60109	0	0	no_supported_obstacle	assumed_first_frame_not_map_validation
NaVi-collect-20260919-024719-670-dd86e6fb	301	60681	0	0	no_supported_obstacle	assumed_first_frame_not_map_validation
NaVi-collect-20260919-024719-670-dd86e6fb	303	61002	0	0	no_supported_obstacle	assumed_first_frame_not_map_validation
NaVi-collect-20260919-024719-670-dd86e6fb	304	61211	0	0	no_supported_obstacle	assumed_first_frame_not_map_validation
NaVi-collect-20260919-024719-670-dd86e6fb	305	61430	0	0	no_supported_obstacle	assumed_first_frame_not_map_validation
NaVi-collect-20260919-024719-670-dd86e6fb	307	61815	0	0	no_supported_obstacle	assumed_first_frame_not_map_validation
NaVi-collect-20260919-024719-670-dd86e6fb	308	62015	0	0	no_supported_obstacle	assumed_first_frame_not_map_validation
NaVi-collect-20260919-024719-670-dd86e6fb	309	62211	0	0	no_supported_obstacle	assumed_first_frame_not_map_validation
NaVi-collect-20260919-024719-670-dd86e6fb	310	62418	0	0	no_supported_obstacle	assumed_first_frame_not_map_validation
NaVi-collect-20260919-024719-670-dd86e6fb	311	62613	0	0	no_supported_obstacle	assumed_first_frame_not_map_validation
NaVi-collect-20260919-024719-670-dd86e6fb	312	62818	0	0	no_supported_obstacle	assumed_first_frame_not_map_validation
NaVi-collect-20260919-024719-670-dd86e6fb	313	63015	0	0	no_supported_obstacle	assumed_first_frame_not_map_validation
NaVi-collect-20260919-024719-670-dd86e6fb	314	63223	0	0	no_supported_obstacle	assumed_first_frame_not_map_validation
NaVi-collect-20260919-024719-670-dd86e6fb	315	63413	0	0	no_supported_obstacle	assumed_first_frame_not_map_validation
NaVi-collect-20260919-024719-670-dd86e6fb	316	63637	0	0	no_supported_obstacle	assumed_first_frame_not_map_validation
NaVi-collect-20260919-024719-670-dd86e6fb	317	63813	0	0	no_supported_obstacle	assumed_first_frame_not_map_validation
NaVi-collect-20260919-024719-670-dd86e6fb	319	64214	0	0	no_supported_obstacle	assumed_first_frame_not_map_validation
NaVi-collect-20260919-024719-670-dd86e6fb	320	64433	0	0	no_supported_obstacle	assumed_first_frame_not_map_validation
NaVi-collect-20260919-024719-670-dd86e6fb	321	64616	0	0	no_supported_obstacle	assumed_first_frame_not_map_validation
NaVi-collect-20260919-024719-670-dd86e6fb	322	64840	0	0	no_supported_obstacle	assumed_first_frame_not_map_validation
NaVi-collect-20260919-024719-670-dd86e6fb	323	65016	0	0	no_supported_obstacle	assumed_first_frame_not_map_validation
NaVi-collect-20260919-024719-670-dd86e6fb	325	65416	0	0	no_supported_obstacle	assumed_first_frame_not_map_validation
NaVi-collect-20260919-024719-670-dd86e6fb	326	65639	0	0	no_supported_obstacle	assumed_first_frame_not_map_validation
NaVi-collect-20260919-024719-670-dd86e6fb	327	65825	0	0	no_supported_obstacle	assumed_first_frame_not_map_validation
NaVi-collect-20260919-024719-670-dd86e6fb	328	66022	0	0	no_supported_obstacle	assumed_first_frame_not_map_validation
NaVi-collect-20260919-024719-670-dd86e6fb	329	66268	0	0	no_supported_obstacle	assumed_first_frame_not_map_validation
NaVi-collect-20260919-024719-670-dd86e6fb	331	66634	0	0	no_supported_obstacle	assumed_first_frame_not_map_validation
NaVi-collect-20260919-024719-670-dd86e6fb	332	66820	0	0	no_supported_obstacle	assumed_first_frame_not_map_validation
NaVi-collect-20260919-024719-670-dd86e6fb	333	67024	0	0	no_supported_obstacle	assumed_first_frame_not_map_validation
NaVi-collect-20260919-024719-670-dd86e6fb	335	67433	0	0	no_supported_obstacle	assumed_first_frame_not_map_validation
NaVi-collect-20260919-024719-670-dd86e6fb	336	67636	0	0	no_supported_obstacle	assumed_first_frame_not_map_validation
NaVi-collect-20260919-024719-670-dd86e6fb	338	68033	0	0	no_supported_obstacle	assumed_first_frame_not_map_validation
NaVi-collect-20260919-024719-670-dd86e6fb	339	68258	0	0	no_supported_obstacle	assumed_first_frame_not_map_validation
NaVi-collect-20260919-024719-670-dd86e6fb	340	68423	0	0	no_supported_obstacle	assumed_first_frame_not_map_validation
NaVi-collect-20260919-024719-670-dd86e6fb	342	68836	0	0	no_supported_obstacle	assumed_first_frame_not_map_validation
NaVi-collect-20260919-024719-670-dd86e6fb	343	69028	0	0	no_supported_obstacle	assumed_first_frame_not_map_validation
NaVi-collect-20260919-024719-670-dd86e6fb	345	69441	0	0	no_supported_obstacle	assumed_first_frame_not_map_validation
NaVi-collect-20260919-024719-670-dd86e6fb	346	69637	0	0	no_supported_obstacle	assumed_first_frame_not_map_validation
NaVi-collect-20260919-024719-670-dd86e6fb	347	69831	0	0	no_supported_obstacle	assumed_first_frame_not_map_validation
NaVi-collect-20260919-024719-670-dd86e6fb	349	70247	0	0	no_supported_obstacle	assumed_first_frame_not_map_validation
NaVi-collect-20260919-024719-670-dd86e6fb	350	70442	0	0	no_supported_obstacle	assumed_first_frame_not_map_validation
NaVi-collect-20260919-024719-670-dd86e6fb	351	70639	0	0	no_supported_obstacle	assumed_first_frame_not_map_validation
NaVi-collect-20260919-024719-670-dd86e6fb	353	71058	0	0	no_supported_obstacle	assumed_first_frame_not_map_validation
NaVi-collect-20260919-024719-670-dd86e6fb	354	71242	0	0	no_supported_obstacle	assumed_first_frame_not_map_validation
NaVi-collect-20260919-024719-670-dd86e6fb	356	71650	0	0	no_supported_obstacle	assumed_first_frame_not_map_validation
NaVi-collect-20260919-024719-670-dd86e6fb	357	71847	0	0	no_supported_obstacle	assumed_first_frame_not_map_validation
NaVi-collect-20260919-024719-670-dd86e6fb	359	72292	0	0	no_supported_obstacle	assumed_first_frame_not_map_validation
NaVi-collect-20260919-024719-670-dd86e6fb	360	72480	0	0	no_supported_obstacle	assumed_first_frame_not_map_validation
NaVi-collect-20260919-024719-670-dd86e6fb	361	72743	0	0	no_supported_obstacle	assumed_first_frame_not_map_validation
NaVi-collect-20260919-024719-670-dd86e6fb	363	73145	0	0	no_supported_obstacle	assumed_first_frame_not_map_validation
NaVi-collect-20260919-024719-670-dd86e6fb	364	73379	0	0	no_supported_obstacle	assumed_first_frame_not_map_validation
NaVi-collect-20260919-024719-670-dd86e6fb	365	73541	0	0	no_supported_obstacle	assumed_first_frame_not_map_validation
NaVi-collect-20260919-024719-670-dd86e6fb	366	73763	0	0	no_supported_obstacle	assumed_first_frame_not_map_validation
NaVi-collect-20260919-024719-670-dd86e6fb	368	74175	0	0	no_supported_obstacle	assumed_first_frame_not_map_validation
NaVi-collect-20260919-024719-670-dd86e6fb	369	74413	0	0	no_supported_obstacle	assumed_first_frame_not_map_validation
NaVi-collect-20260919-024719-670-dd86e6fb	371	74786	0	0	no_supported_obstacle	assumed_first_frame_not_map_validation
NaVi-collect-20260919-024719-670-dd86e6fb	372	75015	0	0	no_supported_obstacle	assumed_first_frame_not_map_validation
NaVi-collect-20260919-024719-670-dd86e6fb	374	75408	0	0	no_supported_obstacle	assumed_first_frame_not_map_validation
NaVi-collect-20260919-024719-670-dd86e6fb	375	75648	0	0	no_supported_obstacle	assumed_first_frame_not_map_validation
NaVi-collect-20260919-024719-670-dd86e6fb	376	75882	0	0	no_supported_obstacle	assumed_first_frame_not_map_validation
NaVi-collect-20260919-024719-670-dd86e6fb	377	76112	0	0	no_supported_obstacle	assumed_first_frame_not_map_validation
NaVi-collect-20260919-024719-670-dd86e6fb	378	76314	0	0	no_supported_obstacle	assumed_first_frame_not_map_validation
NaVi-collect-20260919-024719-670-dd86e6fb	380	76716	0	0	no_supported_obstacle	assumed_first_frame_not_map_validation
NaVi-collect-20260919-024719-670-dd86e6fb	381	76947	0	0	no_supported_obstacle	assumed_first_frame_not_map_validation
NaVi-collect-20260919-024719-670-dd86e6fb	382	77185	0	0	no_supported_obstacle	assumed_first_frame_not_map_validation
NaVi-collect-20260919-024719-670-dd86e6fb	384	77585	0	0	no_supported_obstacle	assumed_first_frame_not_map_validation
NaVi-collect-20260919-024719-670-dd86e6fb	385	77793	0	0	no_supported_obstacle	assumed_first_frame_not_map_validation
NaVi-collect-20260919-024719-670-dd86e6fb	387	78260	0	0	no_supported_obstacle	assumed_first_frame_not_map_validation
NaVi-collect-20260919-024719-670-dd86e6fb	388	78445	0	0	no_supported_obstacle	assumed_first_frame_not_map_validation
NaVi-collect-20260919-024719-670-dd86e6fb	389	78692	0	0	no_supported_obstacle	assumed_first_frame_not_map_validation
NaVi-collect-20260919-024719-670-dd86e6fb	390	78903	0	0	no_supported_obstacle	assumed_first_frame_not_map_validation
NaVi-collect-20260919-024719-670-dd86e6fb	391	79153	0	0	no_supported_obstacle	assumed_first_frame_not_map_validation
NaVi-collect-20260919-024719-670-dd86e6fb	392	79410	0	0	no_supported_obstacle	assumed_first_frame_not_map_validation
NaVi-collect-20260919-024719-670-dd86e6fb	393	79619	0	0	no_supported_obstacle	assumed_first_frame_not_map_validation
NaVi-collect-20260919-024719-670-dd86e6fb	395	80054	0	0	no_supported_obstacle	assumed_first_frame_not_map_validation
NaVi-collect-20260919-024719-670-dd86e6fb	396	80253	0	0	no_supported_obstacle	assumed_first_frame_not_map_validation
NaVi-collect-20260919-024719-670-dd86e6fb	397	80484	0	0	no_supported_obstacle	assumed_first_frame_not_map_validation
NaVi-collect-20260919-024719-670-dd86e6fb	398	80720	0	0	no_supported_obstacle	assumed_first_frame_not_map_validation
NaVi-collect-20260919-024719-670-dd86e6fb	399	80933	0	0	no_supported_obstacle	assumed_first_frame_not_map_validation
NaVi-collect-20260919-024719-670-dd86e6fb	401	81338	0	0	no_supported_obstacle	assumed_first_frame_not_map_validation
NaVi-collect-20260919-024719-670-dd86e6fb	402	81620	0	0	no_supported_obstacle	assumed_first_frame_not_map_validation
NaVi-collect-20260919-024719-670-dd86e6fb	403	81808	0	0	no_supported_obstacle	assumed_first_frame_not_map_validation
NaVi-collect-20260919-024719-670-dd86e6fb	404	82035	0	0	no_supported_obstacle	assumed_first_frame_not_map_validation
NaVi-collect-20260919-024719-670-dd86e6fb	405	82292	0	0	no_supported_obstacle	assumed_first_frame_not_map_validation
NaVi-collect-20260919-024719-670-dd86e6fb	406	82491	0	0	no_supported_obstacle	assumed_first_frame_not_map_validation
NaVi-collect-20260919-024719-670-dd86e6fb	408	82919	0	0	no_supported_obstacle	assumed_first_frame_not_map_validation
NaVi-collect-20260919-024719-670-dd86e6fb	409	83154	0	0	no_supported_obstacle	assumed_first_frame_not_map_validation
NaVi-collect-20260919-024719-670-dd86e6fb	410	83384	0	0	no_supported_obstacle	assumed_first_frame_not_map_validation
NaVi-collect-20260919-024719-670-dd86e6fb	411	83620	0	0	no_supported_obstacle	assumed_first_frame_not_map_validation
NaVi-collect-20260919-024719-670-dd86e6fb	412	83832	0	0	no_supported_obstacle	assumed_first_frame_not_map_validation
NaVi-collect-20260919-024719-670-dd86e6fb	414	84224	0	0	no_supported_obstacle	assumed_first_frame_not_map_validation
NaVi-collect-20260919-024719-670-dd86e6fb	415	84427	0	0	no_supported_obstacle	assumed_first_frame_not_map_validation
NaVi-collect-20260919-024719-670-dd86e6fb	417	84820	0	0	no_supported_obstacle	assumed_first_frame_not_map_validation
NaVi-collect-20260919-024719-670-dd86e6fb	418	85022	0	0	no_supported_obstacle	assumed_first_frame_not_map_validation
NaVi-collect-20260919-024719-670-dd86e6fb	419	85221	0	0	no_supported_obstacle	assumed_first_frame_not_map_validation
NaVi-collect-20260919-024719-670-dd86e6fb	421	85628	0	0	no_supported_obstacle	assumed_first_frame_not_map_validation
NaVi-collect-20260919-024719-670-dd86e6fb	422	85831	0	0	no_supported_obstacle	assumed_first_frame_not_map_validation
NaVi-collect-20260919-024719-670-dd86e6fb	423	86027	0	0	no_supported_obstacle	assumed_first_frame_not_map_validation
NaVi-collect-20260919-024719-670-dd86e6fb	425	86433	0	0	no_supported_obstacle	assumed_first_frame_not_map_validation
NaVi-collect-20260919-024719-670-dd86e6fb	426	86626	0	0	no_supported_obstacle	assumed_first_frame_not_map_validation
NaVi-collect-20260919-024719-670-dd86e6fb	427	86810	0	0	no_supported_obstacle	assumed_first_frame_not_map_validation
NaVi-collect-20260919-024719-670-dd86e6fb	429	87237	0	0	no_supported_obstacle	assumed_first_frame_not_map_validation
NaVi-collect-20260919-024719-670-dd86e6fb	430	87437	0	0	no_supported_obstacle	assumed_first_frame_not_map_validation
NaVi-collect-20260919-024719-670-dd86e6fb	431	87625	0	0	no_supported_obstacle	assumed_first_frame_not_map_validation
NaVi-collect-20260919-024719-670-dd86e6fb	433	88024	0	0	no_supported_obstacle	assumed_first_frame_not_map_validation
NaVi-collect-20260919-024719-670-dd86e6fb	434	88233	0	0	no_supported_obstacle	assumed_first_frame_not_map_validation
NaVi-collect-20260919-024719-670-dd86e6fb	435	88435	0	0	no_supported_obstacle	assumed_first_frame_not_map_validation
NaVi-collect-20260919-024719-670-dd86e6fb	437	88847	0	0	no_supported_obstacle	assumed_first_frame_not_map_validation
NaVi-collect-20260919-024719-670-dd86e6fb	438	89031	0	0	no_supported_obstacle	assumed_first_frame_not_map_validation
NaVi-collect-20260919-024719-670-dd86e6fb	439	89240	0	0	no_supported_obstacle	assumed_first_frame_not_map_validation
NaVi-collect-20260919-024719-670-dd86e6fb	441	89627	0	0	no_supported_obstacle	assumed_first_frame_not_map_validation
NaVi-collect-20260919-024719-670-dd86e6fb	442	89843	0	0	no_supported_obstacle	assumed_first_frame_not_map_validation
NaVi-collect-20260919-024719-670-dd86e6fb	443	90030	0	0	no_supported_obstacle	assumed_first_frame_not_map_validation
NaVi-collect-20260919-024719-670-dd86e6fb	445	90449	0	0	no_supported_obstacle	assumed_first_frame_not_map_validation
NaVi-collect-20260919-024719-670-dd86e6fb	446	90653	0	0	no_supported_obstacle	assumed_first_frame_not_map_validation
NaVi-collect-20260919-024719-670-dd86e6fb	448	91033	0	0	no_supported_obstacle	assumed_first_frame_not_map_validation
NaVi-collect-20260919-024719-670-dd86e6fb	449	91243	0	0	no_supported_obstacle	assumed_first_frame_not_map_validation
NaVi-collect-20260919-024719-670-dd86e6fb	450	91444	0	0	no_supported_obstacle	assumed_first_frame_not_map_validation
NaVi-collect-20260919-024719-670-dd86e6fb	452	91833	0	0	no_supported_obstacle	assumed_first_frame_not_map_validation
NaVi-collect-20260919-024719-670-dd86e6fb	453	92032	0	0	no_supported_obstacle	assumed_first_frame_not_map_validation
NaVi-collect-20260919-024719-670-dd86e6fb	455	92452	0	0	no_supported_obstacle	assumed_first_frame_not_map_validation
NaVi-collect-20260919-024719-670-dd86e6fb	456	92680	1	0	insufficient_depth_samples	assumed_first_frame_not_map_validation
NaVi-collect-20260919-024719-670-dd86e6fb	457	92846	0	0	no_supported_obstacle	assumed_first_frame_not_map_validation
NaVi-collect-20260919-024719-670-dd86e6fb	459	93277	0	0	no_supported_obstacle	assumed_first_frame_not_map_validation
NaVi-collect-20260919-024719-670-dd86e6fb	460	93467	0	0	no_supported_obstacle	assumed_first_frame_not_map_validation
NaVi-collect-20260919-024719-670-dd86e6fb	462	93850	0	0	no_supported_obstacle	assumed_first_frame_not_map_validation
NaVi-collect-20260919-024719-670-dd86e6fb	463	94081	0	0	no_supported_obstacle	assumed_first_frame_not_map_validation
NaVi-collect-20260919-024719-670-dd86e6fb	464	94237	0	0	no_supported_obstacle	assumed_first_frame_not_map_validation
NaVi-collect-20260919-024719-670-dd86e6fb	465	94446	0	0	no_supported_obstacle	assumed_first_frame_not_map_validation
NaVi-collect-20260919-024719-670-dd86e6fb	467	94847	0	0	no_supported_obstacle	assumed_first_frame_not_map_validation
NaVi-collect-20260919-024719-670-dd86e6fb	468	95053	0	0	no_supported_obstacle	assumed_first_frame_not_map_validation
NaVi-collect-20260919-024719-670-dd86e6fb	469	95253	1	0	insufficient_depth_samples	assumed_first_frame_not_map_validation
NaVi-collect-20260919-024719-670-dd86e6fb	471	95647	0	0	no_supported_obstacle	assumed_first_frame_not_map_validation
NaVi-collect-20260919-024719-670-dd86e6fb	472	95847	1	0	insufficient_depth_samples	assumed_first_frame_not_map_validation
NaVi-collect-20260919-024719-670-dd86e6fb	473	96066	1	0	insufficient_depth_samples	assumed_first_frame_not_map_validation
NaVi-collect-20260919-024719-670-dd86e6fb	475	96459	0	0	no_supported_obstacle	assumed_first_frame_not_map_validation
NaVi-collect-20260919-024719-670-dd86e6fb	476	96688	1	0	insufficient_depth_samples	assumed_first_frame_not_map_validation
NaVi-collect-20260919-024719-670-dd86e6fb	478	97090	0	0	no_supported_obstacle	assumed_first_frame_not_map_validation
NaVi-collect-20260919-024719-670-dd86e6fb	479	97286	0	0	no_supported_obstacle	assumed_first_frame_not_map_validation
NaVi-collect-20260919-024719-670-dd86e6fb	480	97482	1	0	insufficient_depth_samples	assumed_first_frame_not_map_validation
NaVi-collect-20260919-024719-670-dd86e6fb	482	97902	0	0	no_supported_obstacle	assumed_first_frame_not_map_validation
NaVi-collect-20260919-024719-670-dd86e6fb	483	98090	0	0	no_supported_obstacle	assumed_first_frame_not_map_validation
NaVi-collect-20260919-024719-670-dd86e6fb	485	98489	0	0	no_supported_obstacle	assumed_first_frame_not_map_validation
NaVi-collect-20260919-024719-670-dd86e6fb	486	98705	0	0	no_supported_obstacle	assumed_first_frame_not_map_validation
NaVi-collect-20260919-024719-670-dd86e6fb	487	98906	0	0	no_supported_obstacle	assumed_first_frame_not_map_validation
NaVi-collect-20260919-024719-670-dd86e6fb	488	99108	0	0	no_supported_obstacle	assumed_first_frame_not_map_validation
NaVi-collect-20260919-024719-670-dd86e6fb	489	99310	0	0	no_supported_obstacle	assumed_first_frame_not_map_validation
NaVi-collect-20260919-024719-670-dd86e6fb	491	99694	0	0	no_supported_obstacle	assumed_first_frame_not_map_validation
NaVi-collect-20260919-024719-670-dd86e6fb	492	99937	0	0	no_supported_obstacle	assumed_first_frame_not_map_validation
NaVi-collect-20260919-024719-670-dd86e6fb	493	100087	0	0	no_supported_obstacle	assumed_first_frame_not_map_validation
NaVi-collect-20260919-024719-670-dd86e6fb	494	100289	0	0	no_supported_obstacle	assumed_first_frame_not_map_validation
NaVi-collect-20260919-024719-670-dd86e6fb	495	100505	0	0	no_supported_obstacle	assumed_first_frame_not_map_validation
NaVi-collect-20260919-024719-670-dd86e6fb	496	100679	0	0	no_supported_obstacle	assumed_first_frame_not_map_validation
NaVi-collect-20260919-024719-670-dd86e6fb	497	100886	0	0	no_supported_obstacle	assumed_first_frame_not_map_validation
NaVi-collect-20260919-024719-670-dd86e6fb	498	101090	0	0	no_supported_obstacle	assumed_first_frame_not_map_validation
NaVi-collect-20260919-024719-670-dd86e6fb	499	101288	0	0	no_supported_obstacle	assumed_first_frame_not_map_validation
NaVi-collect-20260919-024719-670-dd86e6fb	500	101475	0	0	no_supported_obstacle	assumed_first_frame_not_map_validation
NaVi-collect-20260919-024719-670-dd86e6fb	501	101687	0	0	no_supported_obstacle	assumed_first_frame_not_map_validation
NaVi-collect-20260919-024719-670-dd86e6fb	502	101879	0	0	no_supported_obstacle	assumed_first_frame_not_map_validation
NaVi-collect-20260919-024719-670-dd86e6fb	503	102086	0	0	no_supported_obstacle	assumed_first_frame_not_map_validation
NaVi-collect-20260919-024719-670-dd86e6fb	504	102294	0	0	no_supported_obstacle	assumed_first_frame_not_map_validation
NaVi-collect-20260919-024719-670-dd86e6fb	505	102487	0	0	no_supported_obstacle	assumed_first_frame_not_map_validation
NaVi-collect-20260919-024719-670-dd86e6fb	506	102693	0	0	no_supported_obstacle	assumed_first_frame_not_map_validation
NaVi-collect-20260919-024719-670-dd86e6fb	507	102912	0	0	no_supported_obstacle	assumed_first_frame_not_map_validation
NaVi-collect-20260919-024719-670-dd86e6fb	508	103081	0	0	no_supported_obstacle	assumed_first_frame_not_map_validation
NaVi-collect-20260919-024719-670-dd86e6fb	509	103277	0	0	no_supported_obstacle	assumed_first_frame_not_map_validation
NaVi-collect-20260919-024719-670-dd86e6fb	510	103486	0	0	no_supported_obstacle	assumed_first_frame_not_map_validation
NaVi-collect-20260919-024719-670-dd86e6fb	511	103695	0	0	no_supported_obstacle	assumed_first_frame_not_map_validation
NaVi-collect-20260919-024719-670-dd86e6fb	512	103886	0	0	no_supported_obstacle	assumed_first_frame_not_map_validation
NaVi-collect-20260919-024719-670-dd86e6fb	513	104100	0	0	no_supported_obstacle	assumed_first_frame_not_map_validation
NaVi-collect-20260919-024719-670-dd86e6fb	514	104280	0	0	no_supported_obstacle	assumed_first_frame_not_map_validation
NaVi-collect-20260919-024719-670-dd86e6fb	515	104504	0	0	no_supported_obstacle	assumed_first_frame_not_map_validation
NaVi-collect-20260919-024719-670-dd86e6fb	516	104705	0	0	no_supported_obstacle	assumed_first_frame_not_map_validation
NaVi-collect-20260919-024719-670-dd86e6fb	517	104890	0	0	no_supported_obstacle	assumed_first_frame_not_map_validation
NaVi-collect-20260919-024719-670-dd86e6fb	518	105099	0	0	no_supported_obstacle	assumed_first_frame_not_map_validation
NaVi-collect-20260919-024719-670-dd86e6fb	519	105281	0	0	no_supported_obstacle	assumed_first_frame_not_map_validation
NaVi-collect-20260919-024719-670-dd86e6fb	520	105495	0	0	no_supported_obstacle	assumed_first_frame_not_map_validation
NaVi-collect-20260919-024719-670-dd86e6fb	521	105685	0	0	no_supported_obstacle	assumed_first_frame_not_map_validation
NaVi-collect-20260919-024719-670-dd86e6fb	522	105899	0	0	no_supported_obstacle	assumed_first_frame_not_map_validation
NaVi-collect-20260919-024719-670-dd86e6fb	523	106105	0	0	no_supported_obstacle	assumed_first_frame_not_map_validation
NaVi-collect-20260919-024719-670-dd86e6fb	524	106309	0	0	no_supported_obstacle	assumed_first_frame_not_map_validation
NaVi-collect-20260919-024719-670-dd86e6fb	525	106516	0	0	no_supported_obstacle	assumed_first_frame_not_map_validation
NaVi-collect-20260919-024719-670-dd86e6fb	526	106722	0	0	no_supported_obstacle	assumed_first_frame_not_map_validation
NaVi-collect-20260919-024719-670-dd86e6fb	527	106940	0	0	no_supported_obstacle	assumed_first_frame_not_map_validation
NaVi-collect-20260919-024719-670-dd86e6fb	528	107112	0	0	no_supported_obstacle	assumed_first_frame_not_map_validation
NaVi-collect-20260919-024719-670-dd86e6fb	529	107340	0	0	no_supported_obstacle	assumed_first_frame_not_map_validation
NaVi-collect-20260919-024719-670-dd86e6fb	530	107512	0	0	no_supported_obstacle	assumed_first_frame_not_map_validation
NaVi-collect-20260919-024719-670-dd86e6fb	531	107725	0	0	no_supported_obstacle	assumed_first_frame_not_map_validation
NaVi-collect-20260919-024719-670-dd86e6fb	532	107930	0	0	no_supported_obstacle	assumed_first_frame_not_map_validation
NaVi-collect-20260919-024719-670-dd86e6fb	533	108145	0	0	no_supported_obstacle	assumed_first_frame_not_map_validation
NaVi-collect-20260919-024719-670-dd86e6fb	534	108317	0	0	no_supported_obstacle	assumed_first_frame_not_map_validation
NaVi-collect-20260919-024719-670-dd86e6fb	536	108731	0	0	no_supported_obstacle	assumed_first_frame_not_map_validation
NaVi-collect-20260919-024719-670-dd86e6fb	537	108917	0	0	no_supported_obstacle	assumed_first_frame_not_map_validation
NaVi-collect-20260919-024719-670-dd86e6fb	538	109153	0	0	no_supported_obstacle	assumed_first_frame_not_map_validation
NaVi-collect-20260919-024719-670-dd86e6fb	539	109342	0	0	no_supported_obstacle	assumed_first_frame_not_map_validation
NaVi-collect-20260919-024719-670-dd86e6fb	541	109732	0	0	no_supported_obstacle	assumed_first_frame_not_map_validation
NaVi-collect-20260919-024719-670-dd86e6fb	542	109942	0	0	no_supported_obstacle	assumed_first_frame_not_map_validation
NaVi-collect-20260919-024719-670-dd86e6fb	543	110134	0	0	no_supported_obstacle	assumed_first_frame_not_map_validation
NaVi-collect-20260919-024719-670-dd86e6fb	545	110532	0	0	no_supported_obstacle	assumed_first_frame_not_map_validation
NaVi-collect-20260919-024719-670-dd86e6fb	546	110734	0	0	no_supported_obstacle	assumed_first_frame_not_map_validation
NaVi-collect-20260919-024719-670-dd86e6fb	547	110943	0	0	no_supported_obstacle	assumed_first_frame_not_map_validation
NaVi-collect-20260919-024719-670-dd86e6fb	548	111145	0	0	no_supported_obstacle	assumed_first_frame_not_map_validation
NaVi-collect-20260919-024719-670-dd86e6fb	549	111345	0	0	no_supported_obstacle	assumed_first_frame_not_map_validation
NaVi-collect-20260919-024719-670-dd86e6fb	551	111753	0	0	no_supported_obstacle	assumed_first_frame_not_map_validation
NaVi-collect-20260919-024719-670-dd86e6fb	552	111935	0	0	no_supported_obstacle	assumed_first_frame_not_map_validation
NaVi-collect-20260919-024719-670-dd86e6fb	554	112337	0	0	no_supported_obstacle	assumed_first_frame_not_map_validation
NaVi-collect-20260919-024719-670-dd86e6fb	555	112535	0	0	no_supported_obstacle	assumed_first_frame_not_map_validation
NaVi-collect-20260919-024719-670-dd86e6fb	556	112746	0	0	no_supported_obstacle	assumed_first_frame_not_map_validation
NaVi-collect-20260919-024719-670-dd86e6fb	557	112940	0	0	no_supported_obstacle	assumed_first_frame_not_map_validation
NaVi-collect-20260919-024719-670-dd86e6fb	559	113348	0	0	no_supported_obstacle	assumed_first_frame_not_map_validation
NaVi-collect-20260919-024719-670-dd86e6fb	560	113545	0	0	no_supported_obstacle	assumed_first_frame_not_map_validation
NaVi-collect-20260919-024719-670-dd86e6fb	561	113752	0	0	no_supported_obstacle	assumed_first_frame_not_map_validation
NaVi-collect-20260919-024719-670-dd86e6fb	563	114165	0	0	no_supported_obstacle	assumed_first_frame_not_map_validation
NaVi-collect-20260919-024719-670-dd86e6fb	564	114339	0	0	no_supported_obstacle	assumed_first_frame_not_map_validation
NaVi-collect-20260919-024719-670-dd86e6fb	565	114571	0	0	no_supported_obstacle	assumed_first_frame_not_map_validation
NaVi-collect-20260919-024719-670-dd86e6fb	567	114941	0	0	no_supported_obstacle	assumed_first_frame_not_map_validation
NaVi-collect-20260919-024719-670-dd86e6fb	568	115137	0	0	no_supported_obstacle	assumed_first_frame_not_map_validation
NaVi-collect-20260919-024719-670-dd86e6fb	569	115340	0	0	no_supported_obstacle	assumed_first_frame_not_map_validation
NaVi-collect-20260919-024719-670-dd86e6fb	571	115739	0	0	no_supported_obstacle	assumed_first_frame_not_map_validation
NaVi-collect-20260919-024719-670-dd86e6fb	572	115943	0	0	no_supported_obstacle	assumed_first_frame_not_map_validation
NaVi-collect-20260919-024719-670-dd86e6fb	573	116149	0	0	no_supported_obstacle	assumed_first_frame_not_map_validation
NaVi-collect-20260919-024719-670-dd86e6fb	574	116344	0	0	no_supported_obstacle	assumed_first_frame_not_map_validation
NaVi-collect-20260919-024719-670-dd86e6fb	575	116539	0	0	no_supported_obstacle	assumed_first_frame_not_map_validation
NaVi-collect-20260919-024719-670-dd86e6fb	577	116961	0	0	no_supported_obstacle	assumed_first_frame_not_map_validation
NaVi-collect-20260919-024719-670-dd86e6fb	578	117176	0	0	no_supported_obstacle	assumed_first_frame_not_map_validation
NaVi-collect-20260919-024719-670-dd86e6fb	579	117360	0	0	no_supported_obstacle	assumed_first_frame_not_map_validation
NaVi-collect-20260919-024719-670-dd86e6fb	580	117564	0	0	no_supported_obstacle	assumed_first_frame_not_map_validation
NaVi-collect-20260919-024719-670-dd86e6fb	581	117760	0	0	no_supported_obstacle	assumed_first_frame_not_map_validation
NaVi-collect-20260919-024719-670-dd86e6fb	582	117962	0	0	no_supported_obstacle	assumed_first_frame_not_map_validation
NaVi-collect-20260919-024719-670-dd86e6fb	584	118362	0	0	no_supported_obstacle	assumed_first_frame_not_map_validation
NaVi-collect-20260919-024719-670-dd86e6fb	585	118569	0	0	no_supported_obstacle	assumed_first_frame_not_map_validation
NaVi-collect-20260919-024719-670-dd86e6fb	586	118756	0	0	no_supported_obstacle	assumed_first_frame_not_map_validation
NaVi-collect-20260919-024719-670-dd86e6fb	587	118989	0	0	no_supported_obstacle	assumed_first_frame_not_map_validation
NaVi-collect-20260919-024719-670-dd86e6fb	589	119403	0	0	no_supported_obstacle	assumed_first_frame_not_map_validation
NaVi-collect-20260919-024719-670-dd86e6fb	590	119577	0	0	no_supported_obstacle	assumed_first_frame_not_map_validation
NaVi-collect-20260919-024719-670-dd86e6fb	591	119785	0	0	no_supported_obstacle	assumed_first_frame_not_map_validation
NaVi-collect-20260919-024719-670-dd86e6fb	592	120034	0	0	no_supported_obstacle	assumed_first_frame_not_map_validation
NaVi-collect-20260919-024719-670-dd86e6fb	594	120480	0	0	no_supported_obstacle	assumed_first_frame_not_map_validation
NaVi-collect-20260919-024719-670-dd86e6fb	595	120710	0	0	no_supported_obstacle	assumed_first_frame_not_map_validation
NaVi-collect-20260919-024719-670-dd86e6fb	597	121112	0	0	no_supported_obstacle	assumed_first_frame_not_map_validation
NaVi-collect-20260919-024719-670-dd86e6fb	598	121363	0	0	no_supported_obstacle	assumed_first_frame_not_map_validation
NaVi-collect-20260919-024719-670-dd86e6fb	599	121594	0	0	no_supported_obstacle	assumed_first_frame_not_map_validation
NaVi-collect-20260919-024719-670-dd86e6fb	600	121808	0	0	no_supported_obstacle	assumed_first_frame_not_map_validation
NaVi-collect-20260919-024719-670-dd86e6fb	602	122219	0	0	no_supported_obstacle	assumed_first_frame_not_map_validation
NaVi-collect-20260919-024719-670-dd86e6fb	603	122422	0	0	no_supported_obstacle	assumed_first_frame_not_map_validation
NaVi-collect-20260919-024719-670-dd86e6fb	604	122663	0	0	no_supported_obstacle	assumed_first_frame_not_map_validation
NaVi-collect-20260919-024719-670-dd86e6fb	606	123055	0	0	no_supported_obstacle	assumed_first_frame_not_map_validation
NaVi-collect-20260919-024719-670-dd86e6fb	607	123300	0	0	no_supported_obstacle	assumed_first_frame_not_map_validation
NaVi-collect-20260919-024719-670-dd86e6fb	608	123557	0	0	no_supported_obstacle	assumed_first_frame_not_map_validation
NaVi-collect-20260919-024719-670-dd86e6fb	610	123962	0	0	no_supported_obstacle	assumed_first_frame_not_map_validation
NaVi-collect-20260919-024719-670-dd86e6fb	611	124148	0	0	no_supported_obstacle	assumed_first_frame_not_map_validation
NaVi-collect-20260919-024719-670-dd86e6fb	612	124382	0	0	no_supported_obstacle	assumed_first_frame_not_map_validation
NaVi-collect-20260919-024719-670-dd86e6fb	614	124832	0	0	no_supported_obstacle	assumed_first_frame_not_map_validation
NaVi-collect-20260919-024719-670-dd86e6fb	615	125012	0	0	no_supported_obstacle	assumed_first_frame_not_map_validation
NaVi-collect-20260919-024719-670-dd86e6fb	616	125259	0	0	no_supported_obstacle	assumed_first_frame_not_map_validation
NaVi-collect-20260919-024719-670-dd86e6fb	617	125529	0	0	no_supported_obstacle	assumed_first_frame_not_map_validation
NaVi-collect-20260919-024719-670-dd86e6fb	618	125715	0	0	no_supported_obstacle	assumed_first_frame_not_map_validation
NaVi-collect-20260919-024719-670-dd86e6fb	620	126159	0	0	no_supported_obstacle	assumed_first_frame_not_map_validation
NaVi-collect-20260919-024719-670-dd86e6fb	621	126360	0	0	no_supported_obstacle	assumed_first_frame_not_map_validation
NaVi-collect-20260919-024719-670-dd86e6fb	622	126595	0	0	no_supported_obstacle	assumed_first_frame_not_map_validation
NaVi-collect-20260919-024719-670-dd86e6fb	623	126822	0	0	no_supported_obstacle	assumed_first_frame_not_map_validation
NaVi-collect-20260919-024719-670-dd86e6fb	625	127225	0	0	no_supported_obstacle	assumed_first_frame_not_map_validation
NaVi-collect-20260919-024719-670-dd86e6fb	626	127451	0	0	no_supported_obstacle	assumed_first_frame_not_map_validation
NaVi-collect-20260919-024719-670-dd86e6fb	627	127661	0	0	no_supported_obstacle	assumed_first_frame_not_map_validation
NaVi-collect-20260919-024719-670-dd86e6fb	628	127891	0	0	no_supported_obstacle	assumed_first_frame_not_map_validation
NaVi-collect-20260919-024719-670-dd86e6fb	630	128296	0	0	no_supported_obstacle	assumed_first_frame_not_map_validation
NaVi-collect-20260919-024719-670-dd86e6fb	631	128486	0	0	no_supported_obstacle	assumed_first_frame_not_map_validation
NaVi-collect-20260919-024719-670-dd86e6fb	632	128711	0	0	no_supported_obstacle	assumed_first_frame_not_map_validation
NaVi-collect-20260919-024719-670-dd86e6fb	634	129105	0	0	no_supported_obstacle	assumed_first_frame_not_map_validation
NaVi-collect-20260919-024719-670-dd86e6fb	635	129323	0	0	no_supported_obstacle	assumed_first_frame_not_map_validation
NaVi-collect-20260919-024719-670-dd86e6fb	637	129718	0	0	no_supported_obstacle	assumed_first_frame_not_map_validation
NaVi-collect-20260919-024719-670-dd86e6fb	638	129912	0	0	no_supported_obstacle	assumed_first_frame_not_map_validation
NaVi-collect-20260919-024719-670-dd86e6fb	639	130099	0	0	no_supported_obstacle	assumed_first_frame_not_map_validation
NaVi-collect-20260919-024719-670-dd86e6fb	641	130513	0	0	no_supported_obstacle	assumed_first_frame_not_map_validation
NaVi-collect-20260919-024719-670-dd86e6fb	642	130706	0	0	no_supported_obstacle	assumed_first_frame_not_map_validation
NaVi-collect-20260919-024719-670-dd86e6fb	644	131106	0	0	no_supported_obstacle	assumed_first_frame_not_map_validation
NaVi-collect-20260919-024719-670-dd86e6fb	645	131289	0	0	no_supported_obstacle	assumed_first_frame_not_map_validation
NaVi-collect-20260919-024719-670-dd86e6fb	647	131698	0	0	no_supported_obstacle	assumed_first_frame_not_map_validation
NaVi-collect-20260919-024719-670-dd86e6fb	648	131905	0	0	no_supported_obstacle	assumed_first_frame_not_map_validation
NaVi-collect-20260919-024719-670-dd86e6fb	649	132112	0	0	no_supported_obstacle	assumed_first_frame_not_map_validation
NaVi-collect-20260919-024719-670-dd86e6fb	651	132518	0	0	no_supported_obstacle	assumed_first_frame_not_map_validation
NaVi-collect-20260919-024719-670-dd86e6fb	652	132714	0	0	no_supported_obstacle	assumed_first_frame_not_map_validation
NaVi-collect-20260919-024719-670-dd86e6fb	653	132912	0	0	no_supported_obstacle	assumed_first_frame_not_map_validation
NaVi-collect-20260919-024719-670-dd86e6fb	655	133320	0	0	no_supported_obstacle	assumed_first_frame_not_map_validation
NaVi-collect-20260919-024719-670-dd86e6fb	656	133507	0	0	no_supported_obstacle	assumed_first_frame_not_map_validation
NaVi-collect-20260919-024719-670-dd86e6fb	657	133710	0	0	no_supported_obstacle	assumed_first_frame_not_map_validation
NaVi-collect-20260919-024719-670-dd86e6fb	659	134110	0	0	no_supported_obstacle	assumed_first_frame_not_map_validation
NaVi-collect-20260919-024719-670-dd86e6fb	660	134336	0	0	no_supported_obstacle	assumed_first_frame_not_map_validation
NaVi-collect-20260919-024719-670-dd86e6fb	662	134724	0	0	no_supported_obstacle	assumed_first_frame_not_map_validation
NaVi-collect-20260919-024719-670-dd86e6fb	663	134937	0	0	no_supported_obstacle	assumed_first_frame_not_map_validation
NaVi-collect-20260919-024719-670-dd86e6fb	665	135347	0	0	no_supported_obstacle	assumed_first_frame_not_map_validation
NaVi-collect-20260919-024719-670-dd86e6fb	666	135542	0	0	no_supported_obstacle	assumed_first_frame_not_map_validation
NaVi-collect-20260919-024719-670-dd86e6fb	667	135753	0	0	no_supported_obstacle	assumed_first_frame_not_map_validation
NaVi-collect-20260919-024719-670-dd86e6fb	668	135979	0	0	no_supported_obstacle	assumed_first_frame_not_map_validation
NaVi-collect-20260919-024719-670-dd86e6fb	669	136208	0	0	no_supported_obstacle	assumed_first_frame_not_map_validation
NaVi-collect-20260919-024719-670-dd86e6fb	671	136613	0	0	no_supported_obstacle	assumed_first_frame_not_map_validation
NaVi-collect-20260919-024719-670-dd86e6fb	672	136835	0	0	no_supported_obstacle	assumed_first_frame_not_map_validation
NaVi-collect-20260919-024719-670-dd86e6fb	674	137247	0	0	no_supported_obstacle	assumed_first_frame_not_map_validation
NaVi-collect-20260919-024719-670-dd86e6fb	675	137425	0	0	no_supported_obstacle	assumed_first_frame_not_map_validation
NaVi-collect-20260919-024719-670-dd86e6fb	676	137623	0	0	no_supported_obstacle	assumed_first_frame_not_map_validation
NaVi-collect-20260919-024719-670-dd86e6fb	678	138047	0	0	no_supported_obstacle	assumed_first_frame_not_map_validation
NaVi-collect-20260919-024719-670-dd86e6fb	679	138262	0	0	no_supported_obstacle	assumed_first_frame_not_map_validation
NaVi-collect-20260919-024719-670-dd86e6fb	680	138451	0	0	no_supported_obstacle	assumed_first_frame_not_map_validation
NaVi-collect-20260919-024719-670-dd86e6fb	681	138682	0	0	no_supported_obstacle	assumed_first_frame_not_map_validation
NaVi-collect-20260919-024719-670-dd86e6fb	683	139081	0	0	no_supported_obstacle	assumed_first_frame_not_map_validation
NaVi-collect-20260919-024719-670-dd86e6fb	684	139291	0	0	no_supported_obstacle	assumed_first_frame_not_map_validation
NaVi-collect-20260919-024719-670-dd86e6fb	685	139489	0	0	no_supported_obstacle	assumed_first_frame_not_map_validation
NaVi-collect-20260919-024719-670-dd86e6fb	686	139723	0	0	no_supported_obstacle	assumed_first_frame_not_map_validation
NaVi-collect-20260919-024719-670-dd86e6fb	688	140179	0	0	no_supported_obstacle	assumed_first_frame_not_map_validation
NaVi-collect-20260919-024719-670-dd86e6fb	689	140380	0	0	no_supported_obstacle	assumed_first_frame_not_map_validation
NaVi-collect-20260919-024719-670-dd86e6fb	690	140613	0	0	no_supported_obstacle	assumed_first_frame_not_map_validation
NaVi-collect-20260919-024719-670-dd86e6fb	691	140846	0	0	no_supported_obstacle	assumed_first_frame_not_map_validation
NaVi-collect-20260919-024719-670-dd86e6fb	693	141289	0	0	no_supported_obstacle	assumed_first_frame_not_map_validation
NaVi-collect-20260919-024719-670-dd86e6fb	694	141481	0	0	no_supported_obstacle	assumed_first_frame_not_map_validation
NaVi-collect-20260919-024719-670-dd86e6fb	696	141927	0	0	no_supported_obstacle	assumed_first_frame_not_map_validation
NaVi-collect-20260919-024719-670-dd86e6fb	697	142122	0	0	no_supported_obstacle	assumed_first_frame_not_map_validation
NaVi-collect-20260919-024719-670-dd86e6fb	699	142585	0	0	no_supported_obstacle	assumed_first_frame_not_map_validation
NaVi-collect-20260919-024719-670-dd86e6fb	700	142854	0	0	no_supported_obstacle	assumed_first_frame_not_map_validation
NaVi-collect-20260919-024719-670-dd86e6fb	701	143010	0	0	no_supported_obstacle	assumed_first_frame_not_map_validation
NaVi-collect-20260919-024719-670-dd86e6fb	702	143256	0	0	no_supported_obstacle	assumed_first_frame_not_map_validation
NaVi-collect-20260919-024719-670-dd86e6fb	703	143476	0	0	no_supported_obstacle	assumed_first_frame_not_map_validation
NaVi-collect-20260919-024719-670-dd86e6fb	705	143951	0	0	no_supported_obstacle	assumed_first_frame_not_map_validation
NaVi-collect-20260919-024719-670-dd86e6fb	706	144157	0	0	no_supported_obstacle	assumed_first_frame_not_map_validation
NaVi-collect-20260919-024719-670-dd86e6fb	707	144344	0	0	no_supported_obstacle	assumed_first_frame_not_map_validation
NaVi-collect-20260919-024719-670-dd86e6fb	709	144752	0	0	no_supported_obstacle	assumed_first_frame_not_map_validation
NaVi-collect-20260919-024719-670-dd86e6fb	710	144981	0	0	no_supported_obstacle	assumed_first_frame_not_map_validation
NaVi-collect-20260919-024719-670-dd86e6fb	711	145222	0	0	no_supported_obstacle	assumed_first_frame_not_map_validation
NaVi-collect-20260919-024719-670-dd86e6fb	712	145455	0	0	no_supported_obstacle	assumed_first_frame_not_map_validation
NaVi-collect-20260919-024719-670-dd86e6fb	714	145880	0	0	no_supported_obstacle	assumed_first_frame_not_map_validation
NaVi-collect-20260919-024719-670-dd86e6fb	715	146079	0	0	no_supported_obstacle	assumed_first_frame_not_map_validation
NaVi-collect-20260919-024719-670-dd86e6fb	716	146317	0	0	no_supported_obstacle	assumed_first_frame_not_map_validation
NaVi-collect-20260919-024719-670-dd86e6fb	717	146480	0	0	no_supported_obstacle	assumed_first_frame_not_map_validation
NaVi-collect-20260919-024719-670-dd86e6fb	719	147007	0	0	no_supported_obstacle	assumed_first_frame_not_map_validation
NaVi-collect-20260919-024719-670-dd86e6fb	720	147241	0	0	no_supported_obstacle	assumed_first_frame_not_map_validation
NaVi-collect-20260919-024719-670-dd86e6fb	722	147627	0	0	no_supported_obstacle	assumed_first_frame_not_map_validation
NaVi-collect-20260919-024719-670-dd86e6fb	723	147841	0	0	no_supported_obstacle	assumed_first_frame_not_map_validation
NaVi-collect-20260919-024719-670-dd86e6fb	724	148080	0	0	no_supported_obstacle	assumed_first_frame_not_map_validation
NaVi-collect-20260919-024719-670-dd86e6fb	726	148479	0	0	no_supported_obstacle	assumed_first_frame_not_map_validation
NaVi-collect-20260919-024719-670-dd86e6fb	727	148681	0	0	no_supported_obstacle	assumed_first_frame_not_map_validation
NaVi-collect-20260919-024719-670-dd86e6fb	729	149124	0	0	no_supported_obstacle	assumed_first_frame_not_map_validation
NaVi-collect-20260919-024719-670-dd86e6fb	730	149348	0	0	no_supported_obstacle	assumed_first_frame_not_map_validation
NaVi-collect-20260919-024719-670-dd86e6fb	731	149566	0	0	no_supported_obstacle	assumed_first_frame_not_map_validation
NaVi-collect-20260919-024719-670-dd86e6fb	733	149973	0	0	no_supported_obstacle	assumed_first_frame_not_map_validation
NaVi-collect-20260919-024719-670-dd86e6fb	734	150231	0	0	no_supported_obstacle	assumed_first_frame_not_map_validation
NaVi-collect-20260919-024719-670-dd86e6fb	735	150436	0	0	no_supported_obstacle	assumed_first_frame_not_map_validation
NaVi-collect-20260919-024719-670-dd86e6fb	736	150661	0	0	no_supported_obstacle	assumed_first_frame_not_map_validation
NaVi-collect-20260919-024719-670-dd86e6fb	737	150855	0	0	no_supported_obstacle	assumed_first_frame_not_map_validation
NaVi-collect-20260919-024719-670-dd86e6fb	739	151324	0	0	no_supported_obstacle	assumed_first_frame_not_map_validation
NaVi-collect-20260919-024719-670-dd86e6fb	740	151533	0	0	no_supported_obstacle	assumed_first_frame_not_map_validation
NaVi-collect-20260919-024719-670-dd86e6fb	741	151753	0	0	no_supported_obstacle	assumed_first_frame_not_map_validation
NaVi-collect-20260919-024719-670-dd86e6fb	743	152180	0	0	no_supported_obstacle	assumed_first_frame_not_map_validation
NaVi-collect-20260919-024719-670-dd86e6fb	744	152394	0	0	no_supported_obstacle	assumed_first_frame_not_map_validation
NaVi-collect-20260919-024719-670-dd86e6fb	745	152586	0	0	no_supported_obstacle	assumed_first_frame_not_map_validation
NaVi-collect-20260919-024719-670-dd86e6fb	747	153047	0	0	no_supported_obstacle	assumed_first_frame_not_map_validation
NaVi-collect-20260919-024719-670-dd86e6fb	748	153283	0	0	no_supported_obstacle	assumed_first_frame_not_map_validation
NaVi-collect-20260919-024719-670-dd86e6fb	749	153518	0	0	no_supported_obstacle	assumed_first_frame_not_map_validation
NaVi-collect-20260919-024719-670-dd86e6fb	750	153748	0	0	no_supported_obstacle	assumed_first_frame_not_map_validation
NaVi-collect-20260919-024719-670-dd86e6fb	752	154182	0	0	no_supported_obstacle	assumed_first_frame_not_map_validation
NaVi-collect-20260919-024719-670-dd86e6fb	753	154428	0	0	no_supported_obstacle	assumed_first_frame_not_map_validation
NaVi-collect-20260919-024719-670-dd86e6fb	755	154824	0	0	no_supported_obstacle	assumed_first_frame_not_map_validation
NaVi-collect-20260919-024719-670-dd86e6fb	756	155060	0	0	no_supported_obstacle	assumed_first_frame_not_map_validation
NaVi-collect-20260919-024719-670-dd86e6fb	757	155281	0	0	no_supported_obstacle	assumed_first_frame_not_map_validation
NaVi-collect-20260919-024719-670-dd86e6fb	758	155529	0	0	no_supported_obstacle	assumed_first_frame_not_map_validation
NaVi-collect-20260919-024719-670-dd86e6fb	760	155957	0	0	no_supported_obstacle	assumed_first_frame_not_map_validation
NaVi-collect-20260919-024719-670-dd86e6fb	761	156180	0	0	no_supported_obstacle	assumed_first_frame_not_map_validation
NaVi-collect-20260919-024719-670-dd86e6fb	763	156612	0	0	no_supported_obstacle	assumed_first_frame_not_map_validation
NaVi-collect-20260919-024719-670-dd86e6fb	765	157015	0	0	no_supported_obstacle	assumed_first_frame_not_map_validation
NaVi-collect-20260919-024719-670-dd86e6fb	766	157230	0	0	no_supported_obstacle	assumed_first_frame_not_map_validation
NaVi-collect-20260919-024719-670-dd86e6fb	767	157461	0	0	no_supported_obstacle	assumed_first_frame_not_map_validation
NaVi-collect-20260919-024719-670-dd86e6fb	769	157890	0	0	no_supported_obstacle	assumed_first_frame_not_map_validation
NaVi-collect-20260919-024719-670-dd86e6fb	770	158095	0	0	no_supported_obstacle	assumed_first_frame_not_map_validation
NaVi-collect-20260919-024719-670-dd86e6fb	771	158293	0	0	no_supported_obstacle	assumed_first_frame_not_map_validation
NaVi-collect-20260919-024719-670-dd86e6fb	773	158720	0	0	no_supported_obstacle	assumed_first_frame_not_map_validation
NaVi-collect-20260919-024719-670-dd86e6fb	774	158917	0	0	no_supported_obstacle	assumed_first_frame_not_map_validation
NaVi-collect-20260919-024719-670-dd86e6fb	776	159385	0	0	no_supported_obstacle	assumed_first_frame_not_map_validation
NaVi-collect-20260919-024719-670-dd86e6fb	777	159587	0	0	no_supported_obstacle	assumed_first_frame_not_map_validation
NaVi-collect-20260919-024719-670-dd86e6fb	779	160071	0	0	no_supported_obstacle	assumed_first_frame_not_map_validation
NaVi-collect-20260919-024719-670-dd86e6fb	780	160261	0	0	no_supported_obstacle	assumed_first_frame_not_map_validation
NaVi-collect-20260919-024719-670-dd86e6fb	782	160704	0	0	no_supported_obstacle	assumed_first_frame_not_map_validation
NaVi-collect-20260919-024719-670-dd86e6fb	783	160935	0	0	no_supported_obstacle	assumed_first_frame_not_map_validation
NaVi-collect-20260919-024719-670-dd86e6fb	785	161385	0	0	no_supported_obstacle	assumed_first_frame_not_map_validation
NaVi-collect-20260919-024719-670-dd86e6fb	786	161608	0	0	no_supported_obstacle	assumed_first_frame_not_map_validation
NaVi-collect-20260919-024719-670-dd86e6fb	788	162015	0	0	no_supported_obstacle	assumed_first_frame_not_map_validation
NaVi-collect-20260919-024719-670-dd86e6fb	790	162381	0	0	no_supported_obstacle	assumed_first_frame_not_map_validation
NaVi-collect-20260919-024719-670-dd86e6fb	791	162592	0	0	no_supported_obstacle	assumed_first_frame_not_map_validation
NaVi-collect-20260919-024719-670-dd86e6fb	792	162820	0	0	no_supported_obstacle	assumed_first_frame_not_map_validation
NaVi-collect-20260919-024719-670-dd86e6fb	794	163259	0	0	no_supported_obstacle	assumed_first_frame_not_map_validation
NaVi-collect-20260919-024719-670-dd86e6fb	796	163606	0	0	no_supported_obstacle	assumed_first_frame_not_map_validation
NaVi-collect-20260919-024719-670-dd86e6fb	797	163875	0	0	no_supported_obstacle	assumed_first_frame_not_map_validation
NaVi-collect-20260919-024719-670-dd86e6fb	799	164307	0	0	no_supported_obstacle	assumed_first_frame_not_map_validation
NaVi-collect-20260919-024719-670-dd86e6fb	801	164711	0	0	no_supported_obstacle	assumed_first_frame_not_map_validation
NaVi-collect-20260919-024719-670-dd86e6fb	802	164926	0	0	no_supported_obstacle	assumed_first_frame_not_map_validation
NaVi-collect-20260919-024719-670-dd86e6fb	803	165165	0	0	no_supported_obstacle	assumed_first_frame_not_map_validation
NaVi-collect-20260919-024719-670-dd86e6fb	805	165631	0	0	no_supported_obstacle	assumed_first_frame_not_map_validation
NaVi-collect-20260919-024719-670-dd86e6fb	806	165831	0	0	no_supported_obstacle	assumed_first_frame_not_map_validation
NaVi-collect-20260919-024719-670-dd86e6fb	807	166047	0	0	no_supported_obstacle	assumed_first_frame_not_map_validation
NaVi-collect-20260919-024719-670-dd86e6fb	809	166493	0	0	no_supported_obstacle	assumed_first_frame_not_map_validation
NaVi-collect-20260919-024719-670-dd86e6fb	810	166720	0	0	no_supported_obstacle	assumed_first_frame_not_map_validation
NaVi-collect-20260919-024719-670-dd86e6fb	811	166951	0	0	no_supported_obstacle	assumed_first_frame_not_map_validation
NaVi-collect-20260919-024719-670-dd86e6fb	813	167348	0	0	no_supported_obstacle	assumed_first_frame_not_map_validation
NaVi-collect-20260919-024719-670-dd86e6fb	814	167549	0	0	no_supported_obstacle	assumed_first_frame_not_map_validation
NaVi-collect-20260919-024719-670-dd86e6fb	815	167789	0	0	no_supported_obstacle	assumed_first_frame_not_map_validation
NaVi-collect-20260919-024719-670-dd86e6fb	817	168269	0	0	no_supported_obstacle	assumed_first_frame_not_map_validation
NaVi-collect-20260919-024719-670-dd86e6fb	818	168494	0	0	no_supported_obstacle	assumed_first_frame_not_map_validation
NaVi-collect-20260919-024719-670-dd86e6fb	819	168721	0	0	no_supported_obstacle	assumed_first_frame_not_map_validation
NaVi-collect-20260919-024719-670-dd86e6fb	821	169127	0	0	no_supported_obstacle	assumed_first_frame_not_map_validation
NaVi-collect-20260919-024719-670-dd86e6fb	822	169332	0	0	no_supported_obstacle	assumed_first_frame_not_map_validation
NaVi-collect-20260919-024719-670-dd86e6fb	824	169753	0	0	no_supported_obstacle	assumed_first_frame_not_map_validation
NaVi-collect-20260919-024719-670-dd86e6fb	825	169948	0	0	no_supported_obstacle	assumed_first_frame_not_map_validation
NaVi-collect-20260919-024719-670-dd86e6fb	826	170120	0	0	no_supported_obstacle	assumed_first_frame_not_map_validation
NaVi-collect-20260919-024719-670-dd86e6fb	828	170582	0	0	no_supported_obstacle	assumed_first_frame_not_map_validation
NaVi-collect-20260919-024719-670-dd86e6fb	829	170818	0	0	no_supported_obstacle	assumed_first_frame_not_map_validation
NaVi-collect-20260919-024719-670-dd86e6fb	830	171056	0	0	no_supported_obstacle	assumed_first_frame_not_map_validation
NaVi-collect-20260919-024719-670-dd86e6fb	831	171286	0	0	no_supported_obstacle	assumed_first_frame_not_map_validation
NaVi-collect-20260919-024719-670-dd86e6fb	832	171544	0	0	no_supported_obstacle	assumed_first_frame_not_map_validation
NaVi-collect-20260919-024719-670-dd86e6fb	834	171958	0	0	no_supported_obstacle	assumed_first_frame_not_map_validation
NaVi-collect-20260919-024719-670-dd86e6fb	835	172169	0	0	no_supported_obstacle	assumed_first_frame_not_map_validation
NaVi-collect-20260919-024719-670-dd86e6fb	837	172593	0	0	no_supported_obstacle	assumed_first_frame_not_map_validation
NaVi-collect-20260919-024719-670-dd86e6fb	838	172820	0	0	no_supported_obstacle	assumed_first_frame_not_map_validation
NaVi-collect-20260919-024719-670-dd86e6fb	839	173056	0	0	no_supported_obstacle	assumed_first_frame_not_map_validation
NaVi-collect-20260919-024719-670-dd86e6fb	840	173279	1	0	persistence_pending	assumed_first_frame_not_map_validation
NaVi-collect-20260919-024719-670-dd86e6fb	842	173731	1	0	persistence_pending	assumed_first_frame_not_map_validation
NaVi-collect-20260919-024719-670-dd86e6fb	843	173935	1	0	moving_object	assumed_first_frame_not_map_validation
NaVi-collect-20260919-024719-670-dd86e6fb	845	174332	0	0	no_supported_obstacle	assumed_first_frame_not_map_validation
NaVi-collect-20260919-024719-670-dd86e6fb	846	174544	0	0	no_supported_obstacle	assumed_first_frame_not_map_validation
NaVi-collect-20260919-024719-670-dd86e6fb	847	174763	2	0	insufficient_depth_samples	assumed_first_frame_not_map_validation
NaVi-collect-20260919-024719-670-dd86e6fb	849	175253	1	0	insufficient_depth_samples	assumed_first_frame_not_map_validation
NaVi-collect-20260919-024719-670-dd86e6fb	850	175465	1	0	insufficient_depth_samples	assumed_first_frame_not_map_validation
NaVi-collect-20260919-024719-670-dd86e6fb	851	175678	1	0	insufficient_depth_samples	assumed_first_frame_not_map_validation
NaVi-collect-20260919-024719-670-dd86e6fb	853	176170	1	0	insufficient_depth_samples	assumed_first_frame_not_map_validation
NaVi-collect-20260919-024719-670-dd86e6fb	854	176388	0	0	no_supported_obstacle	assumed_first_frame_not_map_validation
NaVi-collect-20260919-024719-670-dd86e6fb	855	176623	0	0	no_supported_obstacle	assumed_first_frame_not_map_validation
NaVi-collect-20260919-024719-670-dd86e6fb	857	177161	0	0	no_supported_obstacle	assumed_first_frame_not_map_validation
NaVi-collect-20260919-024719-670-dd86e6fb	859	177558	0	0	no_supported_obstacle	assumed_first_frame_not_map_validation
NaVi-collect-20260919-024719-670-dd86e6fb	860	177746	0	0	no_supported_obstacle	assumed_first_frame_not_map_validation
NaVi-collect-20260919-024719-670-dd86e6fb	862	178151	0	0	no_supported_obstacle	assumed_first_frame_not_map_validation
NaVi-collect-20260919-024719-670-dd86e6fb	864	178575	0	0	no_supported_obstacle	assumed_first_frame_not_map_validation
NaVi-collect-20260919-024719-670-dd86e6fb	865	178773	0	0	no_supported_obstacle	assumed_first_frame_not_map_validation
NaVi-collect-20260919-024719-670-dd86e6fb	867	179162	0	0	no_supported_obstacle	assumed_first_frame_not_map_validation
NaVi-collect-20260919-024719-670-dd86e6fb	868	179376	0	0	no_supported_obstacle	assumed_first_frame_not_map_validation
NaVi-collect-20260919-024719-670-dd86e6fb	870	179773	0	0	no_supported_obstacle	assumed_first_frame_not_map_validation
NaVi-collect-20260919-024719-670-dd86e6fb	871	179995	0	0	no_supported_obstacle	assumed_first_frame_not_map_validation
